# mass [M_sun]  total_SF [M_sun]  r [kpc]  phi [rad]  z [kpc]
1.53289e+04	1.53289e+04	1.47252e+00	4.50760e+00	-9.64678e-03
4.28075e+04	5.81364e+04	1.92758e+00	4.67531e+00	9.15687e-03
7.10400e+04	1.29176e+05	3.20134e-01	3.14285e+00	-9.90913e-03
1.65820e+06	1.78738e+06	1.03911e+00	2.37022e+00	5.84457e-03
4.05675e+04	1.82794e+06	1.13943e+00	1.10090e+00	1.68738e-03
1.00328e+04	1.83798e+06	1.14293e+00	2.19928e-01	8.19733e-03
1.15266e+04	1.84950e+06	1.55486e+00	3.47653e+00	-5.75455e-03
1.35886e+04	1.86309e+06	3.46099e-01	2.29761e+00	-6.95226e-03
1.93965e+04	1.88249e+06	1.09516e+00	5.64152e+00	9.19898e-03
1.42844e+04	1.89677e+06	1.99101e+00	2.37772e+00	5.84548e-03
2.07688e+04	1.91754e+06	3.03984e-01	1.66385e+00	-1.01465e-03
1.27436e+04	1.93028e+06	3.00996e+00	4.67175e+00	4.35387e-04
5.76042e+04	1.98789e+06	1.00330e+00	4.51688e+00	-5.01443e-04
8.73464e+05	2.86135e+06	6.59651e-01	6.07003e+00	-9.82490e-03
1.00172e+04	2.87137e+06	1.18766e+00	2.24801e+00	1.34435e-03
1.26124e+04	2.88398e+06	3.08396e+00	3.40508e+00	9.41101e-03
1.28793e+04	2.89686e+06	1.76186e+00	3.79541e+00	-5.39328e-03
2.11246e+04	2.91799e+06	4.07760e+00	3.54321e+00	5.76728e-04
1.02073e+04	2.92819e+06	1.36494e+00	5.27466e+00	4.44993e-03
2.48142e+05	3.17633e+06	3.45869e+00	2.24589e-02	-3.45714e-03
1.17358e+05	3.29369e+06	1.69797e+00	2.88320e+00	-1.88450e-03
1.26376e+04	3.30633e+06	2.16524e+00	2.07229e+00	9.67647e-03
3.35137e+04	3.33984e+06	9.54274e-01	3.44386e-01	7.19051e-03
1.71085e+04	3.35695e+06	7.26010e-01	4.14529e+00	-7.88420e-03
1.82601e+04	3.37521e+06	5.66241e-01	5.01439e+00	-2.16105e-03
2.64499e+04	3.40166e+06	3.38532e+00	4.26353e-01	-5.79413e-04
1.72171e+04	3.41888e+06	1.12159e+00	1.96569e+00	7.64846e-03
2.64800e+04	3.44536e+06	1.06220e+00	2.20554e+00	-8.25584e-03
1.80216e+04	3.46338e+06	1.89682e+00	6.21766e-01	2.03916e-03
1.02593e+06	4.48931e+06	3.98148e+00	3.82721e+00	-3.66660e-03
1.15494e+04	4.50086e+06	3.66969e-01	1.63665e+00	-7.95144e-03
1.82234e+04	4.51908e+06	1.71962e+00	3.25943e+00	-1.30374e-03
1.24575e+04	4.53154e+06	2.30825e+00	3.03723e+00	-9.45029e-03
2.79824e+04	4.55952e+06	3.34032e+00	4.52922e+00	8.45444e-03
1.80713e+04	4.57759e+06	6.48001e-01	2.62880e+00	3.39198e-03
2.72447e+04	4.60484e+06	5.27858e-01	1.67003e+00	-7.18076e-03
1.46692e+04	4.61951e+06	6.96722e-01	3.40641e+00	-2.67216e-04
5.44791e+04	4.67398e+06	1.30411e+00	1.16393e+00	3.81161e-03
8.07962e+04	4.75478e+06	6.07868e-01	2.72250e+00	5.09016e-03
1.31660e+04	4.76795e+06	1.35746e+00	3.95762e+00	-8.01234e-04
9.42239e+04	4.86217e+06	1.74357e+00	5.89073e+00	7.74431e-03
1.29769e+04	4.87515e+06	2.52031e+00	3.55770e-01	1.12120e-03
2.64416e+04	4.90159e+06	5.78834e-01	2.02757e+00	4.01848e-03
1.32107e+04	4.91480e+06	2.04312e-01	3.09291e+00	-3.65287e-03
1.71143e+05	5.08594e+06	1.74437e+00	5.97059e+00	-9.70635e-03
1.09267e+04	5.09687e+06	3.59881e+00	2.80413e+00	-3.44697e-03
1.75581e+04	5.11443e+06	1.33564e+00	5.50209e+00	-2.07432e-03
2.28688e+04	5.13730e+06	1.48240e+00	4.67059e+00	-8.63434e-03
1.08261e+04	5.14812e+06	5.80276e-01	2.41133e+00	-9.92484e-03
4.88595e+04	5.19698e+06	2.34660e+00	1.59334e+00	3.51610e-03
4.61055e+04	5.24309e+06	7.76971e-01	2.15397e+00	2.00582e-03
1.15508e+04	5.25464e+06	1.09091e+00	5.42518e+00	8.75093e-03
1.81189e+04	5.27276e+06	3.46801e-01	1.73919e+00	4.82765e-04
1.13823e+05	5.38658e+06	5.57528e-01	1.80660e+00	-7.93009e-04
1.67333e+04	5.40331e+06	5.86638e-01	3.30927e-01	-8.06015e-03
1.26582e+04	5.41597e+06	2.39306e+00	2.40482e+00	7.16510e-03
1.52853e+04	5.43126e+06	1.43702e+00	5.54730e+00	7.58715e-04
2.57572e+04	5.45701e+06	2.26768e+00	5.87497e+00	7.29118e-03
5.99661e+04	5.51698e+06	9.90961e-01	3.78243e+00	-1.85101e-03
5.89976e+04	5.57598e+06	6.22180e-01	3.76311e+00	6.50683e-03
1.14131e+04	5.58739e+06	1.07942e+00	4.93559e+00	-2.26762e-03
1.65182e+04	5.60391e+06	2.19855e+00	5.41237e+00	-1.36052e-03
2.79782e+04	5.63189e+06	1.84255e+00	3.28906e+00	-4.92793e-03
1.13254e+04	5.64321e+06	2.70180e+00	3.74351e+00	8.94801e-04
2.24594e+04	5.66567e+06	2.56035e+00	4.19779e+00	-4.67011e-03
3.81126e+04	5.70378e+06	7.34250e-01	1.25375e+00	7.89354e-03
2.13987e+04	5.72518e+06	4.30292e-01	4.25675e+00	4.02083e-03
1.84279e+04	5.74361e+06	2.78793e+00	5.42130e+00	9.17485e-03
1.13670e+04	5.75498e+06	7.01161e-01	4.38476e-01	-8.85393e-03
1.87502e+05	5.94248e+06	1.76403e+00	4.19275e+00	3.85731e-03
9.28387e+05	6.87087e+06	6.89915e-01	4.96321e+00	1.28738e-03
7.20099e+04	6.94288e+06	3.39353e-01	3.71340e+00	9.95313e-03
8.61939e+04	7.02907e+06	2.45544e+00	4.89862e+00	-3.13393e-03
2.67980e+04	7.05587e+06	1.40528e+00	5.60464e+00	9.72686e-03
1.95442e+04	7.07541e+06	3.36029e+00	5.85232e+00	-4.67885e-03
1.19871e+04	7.08740e+06	1.14856e+00	4.16544e+00	4.80764e-03
1.07876e+04	7.09819e+06	1.30100e+00	1.51630e+00	8.46586e-03
1.60096e+04	7.11420e+06	3.36446e+00	4.50875e+00	5.55167e-03
1.96113e+05	7.31031e+06	1.74595e+00	6.23095e+00	7.56915e-03
1.06166e+04	7.32093e+06	1.70431e+00	1.05424e+00	2.88846e-03
2.49650e+04	7.34589e+06	4.96541e-01	2.78297e+00	7.87572e-03
7.06386e+04	7.41653e+06	2.40673e+00	3.91506e+00	2.81326e-03
3.66375e+05	7.78290e+06	3.87632e+00	1.98445e+00	-9.18512e-03
1.70835e+04	7.79999e+06	1.08200e+00	5.75353e+00	-6.99616e-03
1.73413e+04	7.81733e+06	1.73678e+00	5.34873e+00	8.13150e-03
3.92454e+04	7.85658e+06	7.79652e-01	2.21226e+00	8.43718e-03
1.18187e+04	7.86839e+06	1.77689e+00	4.55046e+00	4.15393e-03
1.48626e+04	7.88326e+06	1.22255e+00	7.99474e-01	-2.65338e-03
2.56824e+05	8.14008e+06	2.73468e+00	7.57304e-01	8.73111e-06
1.12777e+04	8.15136e+06	2.63047e+00	2.36239e+00	-1.58306e-03
2.15096e+04	8.17287e+06	3.15296e+00	1.22785e+00	-6.25492e-03
8.41734e+04	8.25704e+06	3.62726e+00	1.85735e+00	-9.83296e-04
3.46466e+04	8.29169e+06	4.42975e+00	3.85630e+00	-1.53855e-03
6.62504e+04	8.35794e+06	2.93366e+00	6.17822e+00	-9.99511e-03
6.21287e+04	8.42007e+06	1.68972e+00	5.86184e+00	7.22525e-03
3.41628e+04	8.45423e+06	2.15698e+00	1.27082e+00	-3.82083e-03
5.03584e+05	8.95781e+06	3.16461e-01	4.13959e+00	-1.41259e-03
1.54286e+04	8.97324e+06	5.90490e-01	3.43127e-01	7.96279e-03
8.56163e+04	9.05886e+06	1.83750e+00	1.30238e+00	1.37380e-03
4.03492e+04	9.09921e+06	2.52453e+00	5.59675e+00	1.59978e-03
3.88032e+04	9.13801e+06	9.36693e-01	4.27095e-01	7.19738e-03
1.18930e+04	9.14990e+06	1.67147e+00	5.27588e+00	-4.85759e-03
1.42708e+04	9.16418e+06	5.72026e-01	3.72517e-01	1.76711e-03
1.13125e+04	9.17549e+06	1.36211e+00	5.51359e+00	-4.74706e-03
6.11929e+04	9.23668e+06	2.82065e+00	3.06097e+00	-2.50825e-03
1.10543e+04	9.24774e+06	2.40219e+00	2.50899e-01	-9.78100e-03
1.86768e+05	9.43450e+06	1.15886e+00	2.32273e+00	3.23523e-03
1.29261e+04	9.44743e+06	1.59047e+00	3.65888e+00	-4.37506e-03
1.12664e+04	9.45870e+06	1.53120e+00	5.75052e+00	1.49970e-03
2.79082e+04	9.48660e+06	3.30316e+00	5.93208e+00	-5.81093e-03
4.31725e+04	9.52978e+06	1.63363e+00	2.38645e+00	8.28041e-03
6.46611e+04	9.59444e+06	5.62607e-01	5.35863e+00	3.17684e-03
3.62293e+04	9.63067e+06	2.06846e+00	2.21327e+00	-9.33942e-03
3.54840e+04	9.66615e+06	3.86531e-01	3.71316e+00	-5.01276e-03
2.03746e+04	9.68652e+06	3.45370e+00	3.26686e+00	2.59694e-03
3.08146e+04	9.71734e+06	1.87170e+00	5.33218e+00	5.69343e-03
8.17801e+04	9.79912e+06	1.40875e+00	4.66626e+00	3.84362e-03
1.87543e+04	9.81787e+06	1.86448e+00	5.92296e+00	1.49271e-03
5.23621e+05	1.03415e+07	1.81200e+00	3.84061e+00	-9.69553e-03
2.12623e+04	1.03628e+07	2.79678e+00	2.31340e-01	7.01263e-03
2.14637e+04	1.03842e+07	3.50028e+00	2.02123e+00	-1.16070e-03
1.63442e+04	1.04006e+07	1.88225e+00	3.01078e+00	6.61230e-03
1.60344e+04	1.04166e+07	1.79340e+00	3.05147e+00	7.88181e-03
1.12295e+04	1.04278e+07	1.06945e+00	5.13460e+00	2.63449e-03
1.43042e+04	1.04421e+07	1.78208e+00	6.02256e+00	-6.78305e-03
8.69715e+04	1.05291e+07	5.81023e-01	4.04085e+00	-6.86807e-03
1.90184e+04	1.05481e+07	4.32482e-01	3.14230e+00	-8.51636e-03
1.14842e+04	1.05596e+07	1.35676e+00	3.02097e-01	5.52845e-03
1.16786e+04	1.05713e+07	8.66272e-01	6.01390e+00	9.22416e-03
2.93608e+04	1.06006e+07	1.54744e+00	1.03203e+00	8.31939e-03
3.44366e+04	1.06351e+07	4.20661e-01	5.28143e-01	8.05706e-05
2.98557e+04	1.06649e+07	1.76587e-01	4.68954e+00	2.58535e-03
2.89959e+04	1.06939e+07	1.56866e+00	1.90676e+00	5.30110e-03
4.23992e+05	1.11179e+07	7.81886e-01	1.75763e+00	2.05781e-03
1.02552e+04	1.11282e+07	1.36745e+00	5.21115e+00	-6.84976e-03
3.22344e+04	1.11604e+07	3.67858e+00	5.69592e+00	-7.92713e-03
1.66848e+05	1.13273e+07	4.73578e-01	5.85008e-02	-7.78815e-03
2.16765e+04	1.13489e+07	2.31777e+00	3.44151e+00	9.02537e-03
2.54726e+05	1.16037e+07	7.12451e-01	4.59236e+00	3.54300e-04
1.42468e+04	1.16179e+07	1.07518e+00	4.30418e+00	3.32108e-03
3.39377e+04	1.16519e+07	5.76397e-01	5.73458e+00	-5.56327e-03
6.45892e+04	1.17164e+07	5.67745e-01	4.68094e+00	1.44064e-03
5.72794e+05	1.22892e+07	8.24731e-01	2.53097e+00	-8.79711e-03
1.33168e+04	1.23026e+07	1.54837e+00	3.12902e+00	-3.48630e-03
5.24174e+04	1.23550e+07	1.03581e+00	1.22309e+00	-8.56546e-03
4.82240e+05	1.28372e+07	2.10335e+00	3.83719e+00	-2.95938e-03
1.11219e+04	1.28483e+07	2.51442e+00	2.40589e+00	-4.67577e-03
1.81872e+05	1.30302e+07	1.91616e+00	4.23004e+00	-6.36350e-03
1.37258e+04	1.30439e+07	1.57274e+00	2.61382e+00	-3.44487e-03
1.17595e+04	1.30557e+07	3.57704e+00	4.67880e+00	4.58481e-03
5.10059e+04	1.31067e+07	2.06202e+00	5.89413e+00	8.06049e-03
1.50334e+04	1.31217e+07	2.05461e+00	6.08473e+00	-6.45609e-03
1.16477e+04	1.31334e+07	1.53313e+00	1.93585e-01	6.04554e-03
1.20237e+04	1.31454e+07	5.05954e-01	2.36379e+00	7.64886e-03
6.40549e+04	1.32095e+07	2.69469e-01	3.02170e+00	-1.96961e-03
2.30456e+04	1.32325e+07	1.07231e+00	3.28984e+00	3.11571e-03
1.04132e+04	1.32429e+07	4.30733e+00	5.18056e+00	-8.64769e-03
1.55520e+04	1.32585e+07	3.04716e+00	1.90501e+00	-9.67581e-03
1.25151e+05	1.33836e+07	4.10966e+00	4.73636e-01	-8.49578e-03
1.11138e+04	1.33947e+07	2.79414e-01	3.72898e+00	-1.19182e-03
1.69287e+04	1.34117e+07	2.47144e+00	1.99931e+00	7.80058e-03
1.65437e+04	1.34282e+07	5.32184e-01	2.07242e+00	-4.08197e-03
2.59839e+04	1.34542e+07	8.75467e-01	4.09785e+00	-9.56808e-03
2.90803e+04	1.34833e+07	1.22915e+00	1.26629e+00	-8.31081e-03
4.49281e+04	1.35282e+07	1.94091e+00	3.10362e+00	2.16719e-03
2.95864e+04	1.35578e+07	1.28180e+00	3.26171e+00	-7.42281e-03
2.21128e+04	1.35799e+07	1.23208e+00	3.92643e+00	8.80443e-03
2.18638e+04	1.36018e+07	2.42146e+00	4.48054e-01	-6.80491e-03
3.20638e+04	1.36338e+07	1.31532e+00	4.67470e+00	-9.61937e-04
2.03859e+04	1.36542e+07	2.81558e+00	4.52715e+00	2.04026e-03
7.91714e+04	1.37334e+07	1.46122e+00	3.36764e+00	-5.97920e-04
6.96330e+04	1.38030e+07	1.43006e+00	2.10405e+00	-8.25369e-05
1.03215e+04	1.38133e+07	9.82778e-01	2.18764e+00	2.95261e-03
1.07852e+04	1.38241e+07	3.41413e+00	1.60542e-01	1.13235e-03
2.59873e+04	1.38501e+07	6.30679e-01	2.72868e+00	7.48443e-03
2.78374e+05	1.41285e+07	5.39875e-01	5.73669e+00	2.64474e-03
1.47731e+04	1.41433e+07	2.86631e+00	1.02127e+00	3.24273e-03
1.12934e+05	1.42562e+07	2.66509e+00	1.67187e+00	3.40441e-03
8.43837e+04	1.43406e+07	2.43596e+00	3.07969e-01	7.16596e-04
2.24537e+04	1.43630e+07	3.15781e+00	3.08061e+00	2.14092e-03
1.33702e+04	1.43764e+07	7.54277e-01	1.55025e+00	-5.54193e-03
1.15632e+04	1.43880e+07	4.06466e-01	6.57262e-01	6.60807e-03
1.51686e+05	1.45396e+07	2.11465e-01	8.96400e-01	-5.56795e-03
1.39185e+04	1.45536e+07	6.60718e-01	2.70833e+00	7.11860e-03
1.21215e+04	1.45657e+07	1.39949e+00	2.39575e+00	1.52924e-03
1.16345e+04	1.45773e+07	2.02641e+00	5.51236e+00	-2.86649e-03
3.39088e+04	1.46112e+07	2.14684e+00	4.50340e+00	-7.53464e-03
1.18630e+04	1.46231e+07	1.04331e+00	4.48927e+00	6.28219e-03
1.25627e+04	1.46357e+07	9.79703e-01	1.09135e+00	4.84890e-03
1.19881e+04	1.46476e+07	2.34260e+00	9.82215e-01	-5.45986e-03
1.04965e+05	1.47526e+07	2.23165e+00	5.92663e+00	-9.41495e-03
5.29865e+04	1.48056e+07	8.80680e-01	3.49082e+00	-3.96756e-03
1.19418e+04	1.48175e+07	2.16889e+00	4.81030e+00	-7.63484e-03
1.16329e+04	1.48292e+07	9.66130e-01	4.50567e+00	-5.09696e-03
4.02797e+04	1.48694e+07	2.03464e+00	2.00037e+00	8.32617e-03
1.31344e+05	1.50008e+07	1.45974e+00	2.26539e+00	-8.25347e-03
2.43138e+04	1.50251e+07	1.19775e+00	6.07403e+00	-4.68328e-03
4.16042e+04	1.50667e+07	2.53837e+00	4.31412e-02	5.06174e-03
1.19225e+04	1.50786e+07	8.08846e-01	9.47417e-01	2.33822e-03
1.70560e+04	1.50957e+07	2.77667e+00	3.67716e+00	-2.76676e-03
3.34406e+04	1.51291e+07	2.43962e+00	2.17238e+00	2.84375e-03
7.79291e+05	1.59084e+07	6.28176e-01	3.81657e+00	7.73250e-03
5.89248e+04	1.59673e+07	1.38545e+00	5.24849e-01	3.25834e-03
1.09946e+04	1.59783e+07	7.41675e-01	1.29457e+00	9.05633e-03
3.93508e+04	1.60177e+07	2.12199e+00	4.39033e+00	1.94638e-03
5.16784e+04	1.60694e+07	7.43301e-01	2.28562e+00	1.30546e-03
8.17465e+05	1.68868e+07	5.29643e-01	1.49639e+00	-9.01465e-03
1.93925e+04	1.69062e+07	1.16358e+00	1.42986e+00	-8.03694e-03
1.06287e+04	1.69169e+07	1.27933e+00	5.65405e+00	4.01005e-03
6.60361e+05	1.75772e+07	3.26475e-01	5.39190e+00	2.19248e-03
1.65273e+04	1.75937e+07	1.82287e-01	2.84148e+00	-4.49227e-03
1.25512e+04	1.76063e+07	6.55426e-01	6.22233e+00	-7.01444e-03
7.35065e+04	1.76798e+07	1.01380e+00	3.56051e+00	5.04302e-03
1.53921e+04	1.76952e+07	8.33944e-01	5.24394e-01	8.38394e-03
2.12451e+04	1.77164e+07	1.74800e+00	2.58858e-01	-9.43024e-03
1.47835e+04	1.77312e+07	6.35656e-01	3.46600e+00	-5.50302e-03
9.97919e+05	1.87291e+07	5.75271e-01	6.00300e-01	-9.68976e-03
1.51924e+04	1.87443e+07	2.45241e+00	3.19864e+00	-8.37506e-03
1.97727e+04	1.87641e+07	1.83403e+00	5.55144e+00	6.30602e-03
1.03799e+04	1.87745e+07	1.20720e+00	1.02994e+00	2.35799e-03
3.58068e+04	1.88103e+07	1.34727e+00	2.96187e-01	6.46941e-03
2.18209e+04	1.88321e+07	1.36748e+00	1.11967e+00	-8.92869e-03
2.05704e+04	1.88527e+07	2.48099e+00	5.75534e+00	-7.24959e-03
4.72466e+04	1.88999e+07	5.75525e-01	1.81311e+00	2.64873e-03
1.46404e+04	1.89146e+07	6.33758e-02	8.85543e-01	-2.89303e-03
1.05822e+04	1.89251e+07	2.61418e+00	4.93973e-03	-4.81469e-04
4.75524e+04	1.89727e+07	3.07957e-01	3.22086e+00	-8.16154e-03
1.33088e+04	1.89860e+07	1.17964e+00	4.72470e+00	3.11930e-05
4.18959e+04	1.90279e+07	1.20036e+00	4.36019e+00	8.30333e-03
1.63972e+04	1.90443e+07	9.56570e-01	4.67562e+00	6.70170e-03
1.26602e+04	1.90570e+07	1.43839e+00	3.91651e+00	3.56470e-03
4.86345e+04	1.91056e+07	1.60494e+00	4.39407e+00	9.05065e-03
1.04439e+04	1.91160e+07	6.33279e-01	8.12462e-01	-8.16261e-03
1.57493e+04	1.91318e+07	1.56102e-01	5.67864e+00	7.42331e-03
1.05665e+04	1.91424e+07	3.43878e-01	3.55142e+00	-1.64976e-03
1.67160e+06	2.08140e+07	8.34038e-01	4.99013e-01	9.33375e-03
1.22883e+04	2.08262e+07	2.17837e-01	2.44404e+00	-6.65060e-03
3.39211e+04	2.08602e+07	8.73874e-01	5.08825e-02	7.63981e-03
1.68606e+04	2.08770e+07	1.36598e+00	4.99748e+00	4.75210e-03
1.17599e+04	2.08888e+07	1.57792e+00	4.59834e+00	4.96224e-04
1.54817e+05	2.10436e+07	2.24133e+00	2.35948e+00	4.17448e-03
2.80448e+04	2.10716e+07	2.12068e+00	1.70926e+00	-1.47659e-03
4.07720e+04	2.11124e+07	5.99858e-01	4.82031e+00	7.59791e-04
1.29597e+04	2.11254e+07	3.55967e+00	3.10142e+00	1.03902e-03
2.06091e+04	2.11460e+07	1.75211e+00	7.25516e-01	3.09637e-03
2.20857e+04	2.11681e+07	1.00150e+00	6.16072e+00	-8.49128e-03
1.07625e+04	2.11788e+07	8.81410e-01	4.37947e+00	2.22306e-03
2.67652e+04	2.12056e+07	1.33098e+00	1.07999e+00	7.89999e-03
1.04470e+04	2.12160e+07	4.42291e-01	4.45457e+00	-4.68704e-03
6.07133e+04	2.12768e+07	9.36340e-01	2.54129e+00	4.24226e-03
7.97651e+04	2.13565e+07	3.87944e+00	4.52789e+00	2.22942e-04
1.14482e+04	2.13680e+07	2.06935e+00	3.54525e+00	3.11284e-03
1.02460e+04	2.13782e+07	6.08605e-01	4.38637e+00	2.21955e-04
1.18339e+05	2.14966e+07	9.22012e-01	4.96065e+00	3.82596e-03
3.24231e+04	2.15290e+07	9.86348e-01	1.03042e+00	-6.40921e-04
5.64531e+04	2.15854e+07	3.33186e+00	1.35892e+00	-7.06457e-03
2.93598e+04	2.16148e+07	8.77643e-01	2.93311e+00	9.80206e-03
2.16111e+04	2.16364e+07	1.19429e+00	5.46688e+00	1.31031e-03
2.46883e+04	2.16611e+07	9.90282e-01	1.39169e+00	-2.84765e-03
1.86741e+04	2.16798e+07	6.28278e-01	5.64500e+00	2.60417e-03
4.47885e+04	2.17246e+07	4.09921e+00	5.80869e+00	5.71138e-03
1.06715e+04	2.17352e+07	2.25748e+00	1.80666e+00	3.01479e-04
5.82737e+04	2.17935e+07	3.08475e+00	2.46906e+00	2.04876e-03
1.11807e+04	2.18047e+07	5.70000e-01	5.13021e+00	9.27244e-03
2.04492e+04	2.18251e+07	4.15472e-01	2.65569e+00	-8.21388e-03
3.19765e+05	2.21449e+07	1.71437e+00	1.77622e+00	-4.26370e-03
2.39173e+04	2.21688e+07	5.00164e-01	5.63427e+00	8.10242e-03
9.06175e+04	2.22594e+07	2.08830e+00	4.58860e+00	-2.16792e-03
1.19064e+04	2.22713e+07	9.89873e-01	5.58676e+00	-3.62890e-03
3.69815e+04	2.23083e+07	1.67122e+00	5.77931e+00	1.28532e-04
6.09255e+04	2.23692e+07	1.01787e+00	4.33310e+00	-6.89758e-03
1.78693e+04	2.23871e+07	3.34719e-01	5.11383e+00	-7.37567e-03
2.05303e+04	2.24076e+07	4.27932e-01	4.90711e+00	-3.39042e-03
1.28612e+04	2.24205e+07	8.43896e-01	1.52013e+00	5.74008e-03
1.08616e+05	2.25291e+07	6.60486e-01	5.56894e+00	-9.46823e-04
1.18176e+05	2.26473e+07	1.95981e+00	4.44776e-01	-2.31880e-03
1.33572e+04	2.26607e+07	3.20409e-01	1.48777e+00	-3.34752e-03
7.59066e+04	2.27366e+07	9.16274e-01	2.30054e+00	-8.91889e-03
2.12890e+04	2.27579e+07	9.67419e-01	5.60276e+00	6.70863e-03
1.94999e+04	2.27774e+07	1.05409e+00	2.18280e+00	1.08035e-03
5.89964e+04	2.28363e+07	1.82200e+00	6.23468e+00	-4.48242e-03
1.16404e+04	2.28480e+07	9.54464e-01	1.31447e+00	-8.25118e-03
1.33553e+05	2.29815e+07	8.12395e-01	2.93128e+00	3.89310e-03
1.98822e+04	2.30014e+07	2.01754e+00	5.00326e+00	-9.32391e-03
2.14099e+04	2.30228e+07	3.35505e+00	7.16591e-01	-4.59647e-03
1.78058e+05	2.32009e+07	2.46409e+00	4.03135e+00	-5.34489e-03
9.86744e+04	2.32996e+07	1.24290e+00	1.43734e+00	9.13716e-03
1.72274e+04	2.33168e+07	6.40854e-01	1.30508e+00	3.48066e-03
1.20088e+04	2.33288e+07	2.68632e+00	5.18037e+00	7.68980e-03
2.11148e+05	2.35400e+07	1.39831e+00	2.96766e+00	3.56555e-03
2.36073e+04	2.35636e+07	2.58566e+00	2.53456e+00	9.66120e-03
5.01007e+04	2.36137e+07	1.58667e+00	3.48709e+00	9.75916e-03
2.88125e+04	2.36425e+07	2.75809e+00	3.88960e+00	8.06647e-03
1.65532e+04	2.36590e+07	8.16714e-02	5.22697e+00	6.27357e-03
1.90715e+04	2.36781e+07	9.91705e-01	3.03892e+00	6.01087e-04
1.36264e+04	2.36917e+07	1.86333e-01	5.24901e+00	-5.76405e-03
2.94593e+04	2.37212e+07	8.21244e-01	5.36880e+00	7.39381e-03
1.85911e+04	2.37398e+07	3.25329e+00	2.29218e+00	7.07542e-03
1.06062e+04	2.37504e+07	2.18476e+00	1.70983e+00	3.80016e-03
1.21578e+04	2.37625e+07	6.34282e-01	5.85757e+00	2.96634e-03
1.70135e+04	2.37795e+07	1.69474e+00	5.44366e+00	-3.03413e-03
1.10380e+04	2.37906e+07	3.86595e+00	2.00777e+00	-3.30782e-03
1.31693e+04	2.38038e+07	1.38195e+00	3.51874e+00	-5.80525e-03
2.44653e+04	2.38282e+07	1.12877e+00	3.33369e-01	5.99439e-03
4.08520e+04	2.38691e+07	1.10041e+00	4.95455e+00	2.18660e-03
4.12416e+04	2.39103e+07	8.06255e-01	6.07693e+00	-1.40842e-03
2.27131e+04	2.39330e+07	7.82543e-01	3.97532e+00	-7.27379e-03
6.08719e+04	2.39939e+07	2.22201e+00	5.70791e+00	-4.86300e-03
1.46323e+04	2.40085e+07	9.37288e-01	6.20195e+00	2.55760e-03
2.70523e+04	2.40356e+07	1.13061e+00	3.61049e+00	4.79020e-03
1.89526e+05	2.42251e+07	5.30512e-01	3.13647e+00	8.13232e-03
1.46040e+05	2.43712e+07	1.37173e+00	4.26777e+00	2.86008e-03
1.30764e+04	2.43842e+07	1.71454e+00	5.28935e+00	-8.23551e-03
1.04680e+04	2.43947e+07	2.72982e+00	4.48649e+00	-1.31075e-04
5.27647e+04	2.44475e+07	5.71394e-01	1.71657e+00	-2.52158e-03
9.69172e+04	2.45444e+07	5.67987e-01	1.72718e+00	-9.05087e-03
1.77873e+04	2.45622e+07	1.59217e+00	2.90014e+00	6.38275e-03
1.31224e+05	2.46934e+07	1.75771e+00	9.25754e-01	-6.72072e-03
1.15469e+04	2.47049e+07	2.64469e+00	2.70414e-01	7.81375e-03
1.54779e+04	2.47204e+07	1.75438e+00	6.08528e+00	-2.13541e-04
4.79897e+04	2.47684e+07	2.27131e+00	1.39843e+00	2.54387e-03
2.55181e+04	2.47939e+07	2.00911e+00	1.89383e+00	1.08189e-04
1.01775e+04	2.48041e+07	1.01191e+00	6.24025e-01	-4.88626e-03
1.16421e+04	2.48157e+07	7.82669e-01	4.27994e+00	-7.27159e-03
1.60738e+05	2.49765e+07	9.46185e-01	8.20012e-02	-3.78737e-03
1.66135e+04	2.49931e+07	9.58628e-01	3.78817e+00	-2.69037e-03
4.48434e+04	2.50379e+07	1.21997e+00	3.87838e+00	7.61134e-03
3.42413e+04	2.50722e+07	3.69593e+00	5.76222e-01	-2.33254e-04
1.85766e+04	2.50908e+07	1.24501e+00	8.38328e-01	9.08380e-03
1.13370e+04	2.51021e+07	2.34654e+00	2.78212e+00	-9.60795e-03
1.44372e+04	2.51165e+07	7.20508e-01	2.73770e+00	8.18866e-03
6.19823e+05	2.57364e+07	1.12023e+00	2.96666e+00	-5.86676e-03
5.44211e+04	2.57908e+07	7.74597e-01	2.00945e+00	-6.92857e-03
1.04919e+04	2.58013e+07	1.97763e+00	5.36903e+00	-6.41305e-03
3.89346e+05	2.61906e+07	2.36380e+00	5.36959e+00	-9.28818e-03
1.08427e+04	2.62015e+07	2.40087e+00	5.34517e+00	9.95242e-04
1.69699e+04	2.62184e+07	1.28680e+00	2.64514e+00	-2.81502e-03
2.36567e+04	2.62421e+07	5.99434e-01	2.91916e+00	6.30878e-03
7.16802e+04	2.63138e+07	8.16722e-01	4.78048e+00	-1.83677e-03
1.11325e+04	2.63249e+07	1.50670e+00	4.42394e+00	-1.71400e-03
2.13875e+04	2.63463e+07	9.07298e-01	1.65018e+00	5.48488e-03
2.16296e+04	2.63679e+07	1.01132e+00	5.22074e+00	2.50713e-03
1.73144e+04	2.63852e+07	4.29440e-01	5.27172e+00	1.35276e-03
1.68748e+04	2.64021e+07	1.03476e+00	5.08892e+00	7.66654e-03
1.99265e+04	2.64220e+07	9.00586e-01	6.26438e+00	6.36535e-03
1.02090e+04	2.64322e+07	1.30159e+00	4.82221e+00	5.32107e-03
2.03871e+04	2.64526e+07	7.91469e-01	1.43361e+00	9.03092e-03
2.53159e+04	2.64779e+07	1.95065e+00	3.79149e+00	-6.00798e-03
1.37867e+04	2.64917e+07	7.32880e-01	5.19716e-01	5.32055e-03
1.00457e+04	2.65018e+07	9.09871e-01	6.58971e-01	8.12171e-03
3.08701e+04	2.65326e+07	1.72471e+00	1.56690e+00	-5.18455e-05
3.39942e+04	2.65666e+07	2.27844e-01	2.72518e+00	-2.31507e-03
4.23153e+04	2.66089e+07	4.41313e-01	5.71444e+00	-2.16081e-03
2.34537e+04	2.66324e+07	1.31098e+00	4.00386e+00	6.53795e-03
4.85202e+04	2.66809e+07	5.71806e-01	3.45862e+00	-9.36796e-03
1.12843e+04	2.66922e+07	7.61801e-01	1.56806e+00	1.62792e-03
1.47600e+04	2.67070e+07	2.77258e+00	5.70256e+00	-7.57280e-03
1.80020e+04	2.67250e+07	9.15243e-01	4.39580e+00	-4.04211e-03
1.38275e+04	2.67388e+07	1.28396e+00	5.88390e+00	-4.71261e-03
1.72928e+04	2.67561e+07	1.23921e+00	1.05759e+00	3.67420e-04
2.20730e+04	2.67782e+07	1.86605e+00	3.51861e+00	6.94405e-03
1.48260e+04	2.67930e+07	1.75841e+00	4.12263e+00	-5.12481e-03
1.11320e+05	2.69043e+07	4.45236e-01	1.21524e+00	-5.88461e-03
2.72938e+05	2.71772e+07	9.92717e-01	2.65946e+00	-4.60594e-03
1.64293e+04	2.71937e+07	7.67882e-01	3.79156e+00	9.49594e-03
2.61762e+04	2.72199e+07	2.65655e+00	2.53912e+00	-5.66075e-03
1.79171e+05	2.73990e+07	2.89339e+00	6.09110e+00	2.38633e-03
1.20665e+05	2.75197e+07	1.13523e+00	1.43215e+00	7.34831e-03
1.54413e+04	2.75351e+07	3.34406e+00	2.46821e+00	-9.57433e-03
1.41640e+04	2.75493e+07	7.40916e-01	5.72043e-01	-4.52368e-03
1.15756e+04	2.75609e+07	8.30827e-01	3.87295e+00	-2.27889e-03
5.71309e+04	2.76180e+07	3.26646e-01	6.11782e+00	1.03556e-04
1.04852e+04	2.76285e+07	8.56128e-01	3.86406e+00	1.50628e-03
2.45508e+04	2.76530e+07	3.54923e+00	4.56919e+00	-5.60163e-03
3.56775e+04	2.76887e+07	1.13410e+00	5.77779e+00	-9.80155e-03
2.26071e+04	2.77113e+07	8.46980e-01	3.56909e+00	5.39377e-04
1.57371e+06	2.92850e+07	8.72111e-01	7.56483e-01	-7.52960e-04
1.97942e+04	2.93048e+07	2.00452e+00	1.88332e+00	-1.23580e-03
2.05462e+04	2.93254e+07	1.36064e+00	2.73283e+00	7.64609e-03
1.39035e+04	2.93393e+07	4.44590e-01	5.09908e+00	-3.79706e-03
1.84640e+04	2.93577e+07	7.84555e-01	2.81878e+00	-3.86214e-04
4.67704e+04	2.94045e+07	3.95609e+00	6.19295e+00	-3.12181e-03
1.78264e+04	2.94223e+07	1.74414e+00	5.99533e+00	8.98514e-03
1.13667e+04	2.94337e+07	1.92478e+00	2.58730e-01	5.91562e-04
1.38178e+05	2.95719e+07	5.21968e-01	3.04243e+00	-5.65067e-03
3.81853e+04	2.96101e+07	8.03000e-01	1.16350e+00	-9.69956e-03
1.22174e+04	2.96223e+07	1.41686e+00	5.00671e+00	-3.98618e-03
2.27239e+04	2.96450e+07	4.07726e-01	5.42854e+00	-3.24558e-03
1.13558e+05	2.97586e+07	4.51378e-01	1.25604e+00	-8.69368e-03
3.57877e+04	2.97944e+07	5.23448e-01	1.15635e+00	6.97682e-03
3.96512e+04	2.98340e+07	3.38943e-01	5.75888e-01	4.90026e-03
1.50252e+04	2.98490e+07	1.73647e+00	3.54556e+00	8.98713e-03
1.64975e+04	2.98655e+07	1.11300e+00	3.62184e+00	-1.20946e-03
1.54243e+04	2.98810e+07	2.12232e+00	6.71045e-01	5.00286e-03
1.23984e+04	2.98933e+07	2.07924e+00	5.23089e+00	6.81290e-03
1.54925e+04	2.99088e+07	8.13563e-01	5.50636e+00	-1.69996e-04
7.95376e+04	2.99884e+07	1.24334e+00	1.05945e-01	5.29634e-03
9.23891e+04	3.00808e+07	1.28695e+00	4.55413e+00	4.91646e-03
9.69939e+04	3.01778e+07	2.49775e+00	4.68819e+00	-7.33975e-04
1.16134e+04	3.01894e+07	8.02766e-01	5.68331e+00	2.28839e-03
1.75283e+04	3.02069e+07	3.43020e+00	5.93607e+00	-4.50776e-04
1.15020e+04	3.02184e+07	3.02060e+00	1.51259e+00	9.26511e-03
2.28905e+04	3.02413e+07	1.83797e-01	5.49007e+00	-9.84939e-03
9.29378e+04	3.03342e+07	3.04120e-01	4.41971e+00	-1.01842e-03
1.82842e+04	3.03525e+07	2.04763e+00	5.36470e+00	1.23936e-03
2.35509e+04	3.03761e+07	1.75927e-01	1.17886e+00	-1.58328e-03
5.61129e+04	3.04322e+07	2.82239e+00	5.65885e+00	7.37685e-04
2.54615e+04	3.04576e+07	1.21368e+00	2.33740e+00	1.97046e-03
1.57993e+04	3.04734e+07	1.51173e+00	2.17209e+00	3.40638e-03
1.65449e+04	3.04900e+07	1.63506e+00	8.29529e-01	7.31253e-03
6.08498e+04	3.05508e+07	1.34422e+00	5.05098e+00	-7.21836e-03
1.67656e+06	3.22274e+07	2.91446e+00	5.15037e+00	2.91636e-04
2.37034e+04	3.22511e+07	1.39001e+00	2.69818e-01	7.94892e-03
5.40729e+04	3.23052e+07	5.63268e-01	1.85836e+00	-5.13924e-03
8.71482e+04	3.23923e+07	1.83580e+00	2.37848e+00	7.43103e-03
2.17778e+05	3.26101e+07	6.39542e-01	3.54587e+00	6.82778e-03
4.45608e+04	3.26547e+07	9.33840e-01	5.97676e+00	-7.14299e-03
1.10481e+04	3.26657e+07	1.34397e+00	1.73540e+00	5.60771e-03
2.09734e+04	3.26867e+07	7.59205e-01	3.05579e+00	-7.45646e-03
1.01572e+04	3.26968e+07	8.80868e-01	1.40246e-01	5.01015e-03
5.83482e+04	3.27552e+07	3.07988e-02	5.45325e+00	-5.19603e-03
2.61657e+04	3.27813e+07	1.05898e+00	2.00078e+00	-8.26512e-05
1.02194e+04	3.27916e+07	8.77443e-01	4.33131e+00	8.65134e-03
3.18578e+04	3.28234e+07	1.05342e+00	3.40761e+00	-1.73029e-03
9.97045e+04	3.29231e+07	7.59349e-01	5.33845e+00	-8.79378e-03
1.27587e+04	3.29359e+07	3.64786e+00	2.57495e+00	5.87540e-04
1.26022e+04	3.29485e+07	1.78827e+00	1.05499e+00	-1.83773e-03
1.00279e+05	3.30488e+07	1.90621e+00	1.31770e+00	-6.03109e-03
1.26406e+04	3.30614e+07	8.25424e-01	3.01413e+00	5.29433e-03
1.03208e+04	3.30717e+07	3.20050e+00	5.03079e+00	7.82405e-03
1.77228e+04	3.30895e+07	1.18140e+00	4.62539e-01	4.02497e-03
2.24561e+04	3.31119e+07	1.61317e+00	1.11545e+00	-1.01103e-03
2.33348e+04	3.31352e+07	1.60196e-01	2.66881e+00	-9.81924e-03
1.11473e+04	3.31464e+07	3.27100e+00	6.17553e+00	-9.55435e-03
1.28735e+04	3.31593e+07	1.12022e+00	1.51104e+00	-1.36586e-05
7.29079e+04	3.32322e+07	5.95415e-01	1.28453e-01	9.01993e-03
6.26451e+04	3.32948e+07	5.04091e-01	1.77198e+00	-8.16478e-03
3.83963e+05	3.36788e+07	1.03130e+00	5.95088e+00	-4.44874e-03
1.02091e+04	3.36890e+07	1.14021e+00	5.22683e+00	5.97401e-03
1.85578e+04	3.37075e+07	3.04362e+00	4.25301e+00	7.28923e-03
1.24599e+04	3.37200e+07	8.90047e-01	2.07042e+00	-1.02543e-03
1.03536e+04	3.37304e+07	1.18719e+00	5.44362e-01	8.82122e-03
2.10986e+04	3.37515e+07	7.08150e-01	5.76950e+00	-9.28427e-03
1.09465e+04	3.37624e+07	1.70055e+00	5.94330e+00	-2.36763e-03
1.31724e+04	3.37756e+07	3.38884e+00	1.81564e+00	-5.21004e-05
3.15148e+04	3.38071e+07	5.60090e-01	2.95098e+00	-9.85112e-03
1.03560e+04	3.38175e+07	1.36067e+00	4.45572e+00	5.12246e-03
1.13801e+04	3.38288e+07	1.91075e+00	4.81325e+00	9.90819e-03
1.15217e+04	3.38404e+07	3.69952e+00	3.02231e+00	3.63630e-03
1.35800e+04	3.38539e+07	3.29280e-01	4.66825e-01	4.28333e-03
1.87909e+04	3.38727e+07	5.82874e-01	1.07891e+00	2.28565e-04
3.06898e+04	3.39034e+07	1.07018e+00	1.71553e+00	3.39928e-03
2.22985e+04	3.39257e+07	2.86503e+00	1.97020e+00	7.31510e-03
1.21239e+04	3.39378e+07	1.17734e+00	5.52600e+00	4.81439e-03
9.62831e+04	3.40341e+07	1.63947e+00	3.16787e+00	7.30017e-03
1.05020e+04	3.40446e+07	2.00290e+00	4.17408e+00	9.67581e-03
8.35670e+05	3.48803e+07	5.92677e-01	2.66306e+00	-2.20987e-03
2.51660e+04	3.49055e+07	2.81362e+00	4.55233e+00	9.53759e-03
1.18325e+04	3.49173e+07	4.01455e-01	2.59790e+00	-8.17345e-03
1.38375e+04	3.49311e+07	1.21754e+00	5.55339e+00	5.42499e-03
1.15540e+04	3.49427e+07	1.59408e+00	2.79591e+00	5.97440e-03
1.67393e+04	3.49594e+07	1.80822e+00	3.29937e+00	-4.93783e-03
1.52507e+04	3.49747e+07	1.15132e+00	2.14405e+00	6.92116e-03
1.31700e+04	3.49878e+07	1.07570e+00	1.19138e+00	-2.64689e-03
1.64729e+04	3.50043e+07	8.53834e-01	3.04547e+00	-4.53092e-04
4.44692e+04	3.50488e+07	2.17918e+00	3.43672e-01	9.38401e-03
2.90549e+04	3.50778e+07	1.33329e+00	5.29969e+00	8.67278e-03
1.99189e+04	3.50978e+07	1.12834e-01	6.13701e+00	2.11612e-03
1.18722e+04	3.51096e+07	6.33906e-01	2.88128e+00	8.66718e-03
6.11051e+04	3.51707e+07	1.48089e+00	3.67980e+00	-5.33426e-03
1.33019e+04	3.51840e+07	9.36790e-01	3.73750e+00	1.05874e-03
2.18050e+04	3.52058e+07	3.45460e+00	3.22001e+00	6.31222e-03
2.08922e+04	3.52267e+07	2.54890e+00	5.36898e-01	5.37692e-03
5.79824e+04	3.52847e+07	1.15436e+00	3.18325e+00	-8.74200e-04
3.55389e+05	3.56401e+07	1.22593e+00	2.93680e+00	1.82448e-03
4.99993e+04	3.56901e+07	1.49745e+00	5.06736e-01	8.84765e-04
2.34805e+04	3.57136e+07	1.06818e+00	3.36600e-01	-2.81353e-03
3.33087e+05	3.60467e+07	1.45075e+00	1.18676e+00	-3.90352e-03
3.32479e+04	3.60799e+07	3.78091e+00	3.21497e+00	5.86475e-03
1.14052e+04	3.60913e+07	1.49748e+00	8.01560e-01	5.74726e-03
1.03362e+04	3.61017e+07	8.89096e-01	1.01819e+00	-2.93110e-03
5.90412e+04	3.61607e+07	8.15230e-01	2.94696e+00	-3.43846e-03
1.47461e+04	3.61754e+07	5.70862e-01	4.52001e+00	9.09925e-03
1.12383e+04	3.61867e+07	5.06014e-01	2.41064e+00	9.13508e-03
4.27039e+05	3.66137e+07	4.06647e+00	3.77278e+00	7.95470e-03
1.57422e+04	3.66295e+07	1.11756e+00	2.31815e+00	-6.48883e-03
1.24161e+04	3.66419e+07	2.38906e+00	7.52979e-01	9.51553e-03
1.71131e+04	3.66590e+07	2.75570e+00	8.15578e-01	-2.56633e-04
1.05993e+04	3.66696e+07	1.17604e+00	1.95205e+00	-8.70340e-03
3.58622e+04	3.67055e+07	1.69828e+00	2.84629e-01	6.47636e-03
1.67282e+04	3.67222e+07	2.78535e+00	5.00732e+00	7.07440e-03
5.39309e+05	3.72615e+07	6.53742e-01	3.49704e+00	4.94629e-03
2.68096e+04	3.72883e+07	1.26811e+00	4.34648e+00	-1.85850e-03
1.63147e+04	3.73046e+07	2.31818e+00	2.58136e+00	-9.17976e-03
1.92279e+04	3.73238e+07	2.59708e+00	4.87980e+00	-6.88457e-03
2.27522e+04	3.73466e+07	5.89610e-01	4.23413e+00	9.24333e-03
1.58750e+04	3.73625e+07	2.57730e+00	5.80834e+00	8.89711e-03
4.74783e+05	3.78373e+07	1.65739e+00	2.68185e+00	9.84823e-03
1.06688e+04	3.78479e+07	2.47401e+00	4.40455e+00	5.87654e-04
4.68180e+04	3.78947e+07	9.65687e-01	2.00602e-01	3.14812e-04
1.05883e+04	3.79053e+07	3.56560e+00	4.16993e+00	5.96216e-04
1.54918e+04	3.79208e+07	1.00213e+00	2.45146e+00	3.96729e-03
1.09681e+04	3.79318e+07	1.92017e+00	1.01523e+00	-4.21606e-03
6.35630e+05	3.85674e+07	1.65175e+00	3.86309e+00	3.81614e-03
1.41953e+04	3.85816e+07	1.40437e+00	3.59608e+00	-4.47937e-03
1.31526e+04	3.85948e+07	6.48054e-01	2.82687e+00	8.75540e-04
4.49578e+04	3.86397e+07	8.81481e-01	1.04718e+00	7.00079e-03
1.19256e+05	3.87590e+07	1.63129e+00	3.40608e+00	9.06098e-04
1.08906e+04	3.87699e+07	1.58480e+00	2.21037e+00	4.41477e-03
3.42091e+04	3.88041e+07	1.05517e+00	4.43899e+00	4.53565e-03
1.98574e+04	3.88239e+07	4.57140e-01	4.99500e+00	-7.04817e-03
1.48687e+04	3.88388e+07	2.23114e+00	5.16592e+00	-2.46941e-03
1.80877e+04	3.88569e+07	1.05169e+00	5.08728e+00	-2.64570e-03
1.25714e+04	3.88695e+07	4.28051e+00	4.11971e+00	3.11715e-03
1.69297e+04	3.88864e+07	2.91732e-01	4.43600e+00	-3.93298e-03
2.54155e+05	3.91406e+07	2.14267e+00	6.12472e+00	7.99798e-03
1.42636e+04	3.91548e+07	1.80183e+00	3.80712e+00	-1.34030e-03
1.54905e+04	3.91703e+07	7.32627e-01	3.48951e+00	6.81990e-03
1.04855e+04	3.91808e+07	2.66144e+00	6.28683e-01	4.43603e-03
2.65875e+04	3.92074e+07	8.19035e-01	3.75212e+00	7.08142e-03
8.07933e+05	4.00153e+07	8.70349e-01	2.15078e+00	1.39009e-03
7.97461e+04	4.00951e+07	1.17693e+00	2.05504e+00	8.23666e-03
3.52390e+04	4.01303e+07	1.04351e+00	4.24688e+00	4.60031e-03
1.18460e+04	4.01421e+07	1.73858e+00	3.37327e+00	2.41260e-03
9.28833e+04	4.02350e+07	1.36844e+00	4.72685e+00	-8.11780e-03
2.63090e+04	4.02613e+07	2.08608e+00	6.19293e+00	-5.15495e-03
1.47616e+04	4.02761e+07	1.01403e+00	1.56615e+00	-8.66408e-03
1.45000e+04	4.02906e+07	3.52826e+00	3.78467e+00	2.54965e-03
1.84149e+05	4.04747e+07	1.78212e+00	5.58471e+00	-2.98408e-03
9.46588e+04	4.05694e+07	2.85431e+00	5.06410e+00	4.05101e-03
4.43146e+05	4.10126e+07	2.07673e+00	1.57125e+00	3.75685e-03
1.65289e+05	4.11778e+07	1.92397e+00	5.88787e+00	-9.96308e-04
7.22608e+04	4.12501e+07	1.67168e-01	5.57990e+00	3.70249e-03
1.51271e+04	4.12652e+07	2.59128e-01	3.65138e+00	-2.18405e-03
2.49100e+04	4.12901e+07	1.65257e+00	1.43744e-01	-1.00825e-04
1.48286e+04	4.13050e+07	1.56928e+00	3.72484e+00	9.61676e-03
1.01632e+04	4.13151e+07	1.91332e+00	6.20464e+00	3.52564e-03
2.59312e+04	4.13411e+07	2.16427e-01	6.05320e+00	5.73496e-03
2.05290e+04	4.13616e+07	4.26691e-01	3.09680e+00	3.81664e-03
1.55174e+04	4.13771e+07	2.61323e+00	1.61049e+00	9.27304e-03
1.05597e+04	4.13877e+07	1.51158e+00	4.54799e+00	7.21487e-03
1.61848e+04	4.14039e+07	7.71228e-01	8.80005e-01	-9.74693e-03
9.23828e+04	4.14962e+07	2.33860e+00	4.90746e+00	-4.26944e-03
2.01404e+04	4.15164e+07	2.60992e+00	4.30603e+00	-5.27072e-03
1.63084e+04	4.15327e+07	1.97561e+00	5.07112e+00	-8.93597e-03
2.36840e+04	4.15564e+07	1.23353e+00	7.97797e-01	-8.47672e-03
1.03435e+04	4.15667e+07	6.64685e-01	1.24611e+00	7.00262e-03
3.71307e+04	4.16038e+07	3.59956e+00	8.24319e-01	6.97325e-03
3.56739e+04	4.16395e+07	1.79830e+00	3.50047e-01	3.25256e-03
2.19483e+04	4.16615e+07	4.44906e+00	1.51681e+00	-4.07942e-03
4.31909e+04	4.17047e+07	9.72649e-01	8.15445e-01	8.31558e-03
3.92661e+04	4.17439e+07	6.45521e-01	9.47102e-01	4.96159e-03
1.71141e+04	4.17610e+07	1.13091e+00	7.19630e-01	8.96772e-03
1.08609e+04	4.17719e+07	2.81360e+00	3.46448e+00	-7.28571e-03
1.17093e+04	4.17836e+07	9.74664e-01	3.34149e+00	-2.95491e-03
2.29078e+04	4.18065e+07	3.43152e-01	4.83158e+00	-9.65940e-04
1.29773e+05	4.19363e+07	3.91677e-01	1.80331e+00	6.71622e-03
2.02978e+04	4.19566e+07	1.54064e+00	2.85448e+00	7.91324e-03
2.07012e+04	4.19773e+07	6.22496e-01	1.95065e+00	-2.13963e-03
1.50156e+04	4.19923e+07	8.65652e-01	2.74400e-01	-9.75742e-04
1.35801e+04	4.20059e+07	7.35208e-01	4.33656e+00	4.07265e-03
1.39798e+04	4.20199e+07	1.21087e+00	5.55109e+00	-9.46794e-03
2.97695e+04	4.20496e+07	1.27046e+00	3.54032e+00	-6.78573e-04
1.95488e+04	4.20692e+07	1.78760e+00	3.64480e+00	-5.97071e-03
1.47188e+04	4.20839e+07	2.68801e+00	2.79977e+00	5.97250e-03
3.62357e+04	4.21201e+07	1.44499e+00	1.24079e+00	3.34141e-03
1.05182e+05	4.22253e+07	3.63118e+00	5.69321e+00	-1.50597e-03
2.11144e+05	4.24365e+07	1.08622e+00	3.36393e+00	9.18409e-03
9.78596e+04	4.25343e+07	2.55374e+00	1.92539e+00	-1.36071e-03
1.81709e+05	4.27160e+07	1.84887e+00	1.19622e+00	-8.97421e-03
1.58529e+04	4.27319e+07	1.55717e+00	3.22441e+00	7.17870e-03
1.00278e+04	4.27419e+07	5.71041e-01	4.91289e+00	1.81155e-03
1.60782e+04	4.27580e+07	1.34482e+00	6.26926e+00	6.03879e-03
1.44400e+04	4.27724e+07	9.79433e-01	2.21813e+00	4.13816e-03
1.24801e+04	4.27849e+07	2.14773e+00	6.21764e+00	-5.75329e-03
1.21749e+04	4.27971e+07	5.66013e-01	4.67514e+00	-4.33290e-03
2.39878e+04	4.28211e+07	4.16501e-01	1.89566e+00	-3.22448e-03
1.95887e+04	4.28407e+07	1.26385e+00	1.02722e+00	-7.86925e-03
2.49089e+04	4.28656e+07	1.29512e+00	5.93188e+00	5.85398e-03
1.71808e+04	4.28827e+07	3.24843e+00	2.89218e+00	-6.03369e-04
6.45674e+04	4.29473e+07	1.98364e+00	1.90993e+00	-1.84919e-03
3.62768e+04	4.29836e+07	1.94874e+00	5.56388e+00	3.44584e-03
2.59158e+04	4.30095e+07	9.23299e-01	6.12973e+00	6.76391e-03
1.37065e+04	4.30232e+07	1.28989e+00	1.94485e+00	-1.78826e-05
1.41649e+04	4.30374e+07	2.59744e-01	4.99338e+00	6.59098e-03
1.40487e+04	4.30514e+07	9.14607e-01	3.34890e+00	-1.35686e-03
1.05138e+04	4.30619e+07	2.00602e+00	5.87621e+00	7.19942e-03
1.15525e+04	4.30735e+07	2.56279e+00	3.64922e+00	-8.20480e-03
1.13954e+04	4.30849e+07	1.48420e+00	2.67379e+00	8.64913e-03
1.94335e+04	4.31043e+07	3.19016e-01	5.02115e+00	2.07059e-03
1.03722e+04	4.31147e+07	1.09534e+00	3.32626e+00	-8.07752e-03
4.36779e+04	4.31584e+07	2.11883e+00	1.78558e+00	5.38707e-03
1.09492e+04	4.31693e+07	1.63052e+00	3.88784e+00	8.27608e-03
2.62872e+04	4.31956e+07	3.26327e-01	4.95151e+00	1.30970e-03
1.06206e+04	4.32062e+07	1.33021e+00	2.77929e+00	-7.95321e-04
1.61383e+04	4.32224e+07	1.77623e+00	4.52369e+00	-5.92976e-03
2.45440e+04	4.32469e+07	1.97674e-01	5.41746e+00	5.83696e-03
1.59290e+05	4.34062e+07	1.86761e+00	4.81577e+00	-3.84446e-03
1.58210e+04	4.34220e+07	1.36593e+00	3.85217e+00	-4.81588e-03
3.71352e+04	4.34592e+07	1.23613e+00	1.07640e+00	-5.30443e-03
5.48147e+04	4.35140e+07	1.28298e+00	3.08955e+00	7.21008e-03
5.60005e+04	4.35700e+07	2.60573e+00	1.90241e+00	8.46996e-03
4.11778e+04	4.36112e+07	2.16456e+00	3.51428e+00	-3.01324e-03
3.20192e+04	4.36432e+07	2.34442e+00	1.84180e+00	-6.47295e-03
1.05356e+04	4.36537e+07	1.27581e+00	5.95174e+00	-6.82831e-03
4.01692e+04	4.36939e+07	2.16824e+00	5.15534e+00	7.76825e-03
2.88024e+04	4.37227e+07	1.27024e+00	4.79288e+00	-1.30233e-03
1.09907e+04	4.37337e+07	1.06239e+00	2.99253e+00	1.80754e-03
9.65043e+04	4.38302e+07	1.93438e+00	5.78785e+00	-9.09485e-03
5.27201e+04	4.38829e+07	3.24237e+00	1.66266e+00	-2.49938e-03
2.74463e+04	4.39103e+07	7.72516e-01	4.97164e+00	-2.04765e-03
1.32835e+04	4.39236e+07	5.48712e-01	5.24190e+00	9.64355e-04
1.18457e+04	4.39355e+07	3.86142e-01	3.77978e+00	9.29680e-04
1.12271e+04	4.39467e+07	2.10578e+00	3.44434e+00	-1.69105e-03
1.18419e+04	4.39585e+07	2.84097e+00	5.15011e+00	9.29901e-05
1.98300e+04	4.39784e+07	1.80370e+00	6.16060e+00	-7.78491e-04
3.25930e+04	4.40110e+07	3.01620e+00	4.74277e+00	-4.43411e-03
1.06392e+04	4.40216e+07	2.03464e+00	2.56000e+00	-3.71050e-03
1.15369e+04	4.40331e+07	1.66442e+00	3.94216e+00	-2.98011e-03
1.54119e+04	4.40486e+07	1.13106e+00	4.48744e+00	-1.77728e-03
1.11412e+04	4.40597e+07	3.82625e-01	2.26790e+00	6.82433e-03
1.51732e+04	4.40749e+07	1.03967e+00	5.65232e+00	7.47452e-03
1.54422e+04	4.40903e+07	1.29791e+00	5.15880e+00	-6.41574e-03
1.99290e+04	4.41102e+07	1.44783e+00	4.48214e+00	6.19439e-03
1.05367e+04	4.41208e+07	5.43144e-01	5.03340e+00	3.31399e-03
1.46089e+04	4.41354e+07	1.50929e+00	4.87441e+00	-6.87160e-03
2.94113e+04	4.41648e+07	1.76193e+00	5.73443e+00	3.68847e-03
1.61029e+04	4.41809e+07	1.22121e+00	1.05990e+00	4.15733e-04
1.54985e+04	4.41964e+07	1.70340e+00	5.75885e+00	8.98235e-03
1.45016e+04	4.42109e+07	5.14454e-01	4.35802e+00	-3.03215e-03
1.09268e+04	4.42218e+07	1.56923e+00	2.96794e-01	-2.23086e-03
3.24976e+04	4.42543e+07	1.91462e+00	4.80368e+00	5.31945e-03
1.59773e+04	4.42703e+07	3.02103e+00	6.13295e+00	-8.20411e-03
1.12372e+05	4.43827e+07	7.61643e-01	5.51459e+00	-3.86576e-03
1.50317e+04	4.43977e+07	1.77205e+00	1.39759e+00	5.73246e-03
1.26765e+04	4.44104e+07	3.35491e+00	2.70354e+00	-5.99850e-05
1.04468e+05	4.45148e+07	2.75417e-01	3.14587e+00	8.26338e-03
6.27089e+04	4.45776e+07	1.04967e+00	4.52637e+00	9.97911e-03
1.12895e+04	4.45888e+07	2.25103e+00	4.03576e-02	4.60471e-03
1.45543e+04	4.46034e+07	1.32392e+00	3.92722e+00	1.44709e-03
3.19970e+04	4.46354e+07	3.58931e+00	3.90774e+00	6.50968e-03
5.70742e+04	4.46925e+07	4.36870e-01	3.46742e+00	5.71679e-03
4.83843e+04	4.47409e+07	1.74472e-01	5.07468e+00	9.62993e-03
2.10527e+04	4.47619e+07	3.19898e+00	5.98735e+00	-8.54597e-03
2.19392e+04	4.47838e+07	1.89930e+00	3.99035e-01	-3.28203e-03
1.24779e+04	4.47963e+07	2.10654e+00	4.37759e+00	-5.49179e-03
1.34264e+04	4.48097e+07	7.61344e-01	5.48559e+00	7.68071e-03
2.05696e+04	4.48303e+07	1.63106e-01	1.08629e+00	-4.59282e-04
2.12647e+04	4.48516e+07	1.48591e+00	2.18695e+00	1.22749e-03
1.28190e+04	4.48644e+07	1.12033e+00	2.57304e+00	-8.51915e-04
1.44888e+04	4.48789e+07	1.66409e+00	2.16434e+00	6.29273e-03
1.13374e+04	4.48902e+07	5.32237e-01	1.04296e+00	1.65840e-04
4.64235e+04	4.49367e+07	8.91537e-01	3.70355e+00	-9.07030e-03
1.07738e+04	4.49474e+07	5.77860e-01	4.89849e+00	-6.57269e-03
2.83531e+04	4.49758e+07	3.60617e+00	2.60906e+00	-1.79017e-03
1.32130e+04	4.49890e+07	2.00070e+00	6.25539e+00	4.11179e-03
2.26461e+05	4.52155e+07	1.78955e-01	5.63812e+00	-9.47777e-03
1.78721e+04	4.52333e+07	6.77439e-01	1.67488e+00	3.85686e-03
6.20282e+04	4.52954e+07	1.31701e+00	3.45812e+00	4.96995e-03
2.89800e+04	4.53243e+07	1.56312e-01	2.21128e+00	3.99035e-03
2.08471e+04	4.53452e+07	1.66116e-01	2.00365e-03	7.86231e-04
1.89217e+04	4.53641e+07	1.81300e+00	4.26416e+00	7.63784e-04
5.37591e+04	4.54179e+07	2.74224e+00	6.22554e+00	9.32279e-03
1.40642e+05	4.55585e+07	1.59170e-01	2.03529e+00	3.80818e-03
3.41270e+04	4.55926e+07	9.07621e-01	4.17560e+00	-9.03382e-03
5.28063e+04	4.56454e+07	8.91579e-01	4.48970e+00	5.20355e-03
1.37225e+04	4.56592e+07	8.86784e-01	5.66398e+00	9.47670e-03
1.59497e+04	4.56751e+07	5.44543e-01	2.21280e+00	7.70448e-03
2.06722e+04	4.56958e+07	1.88676e+00	4.54422e+00	-9.58497e-03
1.02001e+04	4.57060e+07	5.27987e-01	5.52038e+00	-4.90161e-03
1.09886e+04	4.57170e+07	2.03130e+00	2.56562e+00	-1.02873e-03
1.27866e+04	4.57298e+07	5.56898e-01	2.24686e+00	-5.41722e-03
1.36277e+04	4.57434e+07	3.54640e-01	2.88920e+00	2.40716e-03
5.87099e+04	4.58021e+07	1.15768e+00	2.62778e+00	-2.43263e-03
1.96297e+04	4.58217e+07	1.90841e+00	4.53683e+00	-1.65785e-03
1.98174e+04	4.58415e+07	2.96367e-01	1.02392e+00	4.95849e-03
2.97977e+04	4.58713e+07	6.09660e-01	3.52109e+00	-2.09949e-03
1.45138e+04	4.58859e+07	3.83013e-01	3.87655e+00	-5.60053e-03
1.22980e+04	4.58982e+07	1.29096e+00	2.66670e+00	-6.94760e-03
1.43209e+04	4.59125e+07	1.58063e+00	5.08418e+00	3.01427e-03
1.20923e+04	4.59246e+07	1.04102e+00	5.31963e+00	1.92591e-03
1.60022e+04	4.59406e+07	1.81479e-01	1.04464e+00	7.56153e-03
1.81674e+04	4.59587e+07	5.32066e-01	5.19177e+00	-7.33346e-03
1.14059e+04	4.59701e+07	1.12871e+00	5.39949e+00	-8.99815e-03
9.15452e+05	4.68856e+07	1.76965e+00	1.16800e+00	-6.79769e-03
1.75004e+04	4.69031e+07	1.33046e+00	6.65673e-01	-8.93708e-03
1.33194e+04	4.69164e+07	8.15516e-01	5.71045e-01	9.56304e-03
3.18454e+04	4.69483e+07	2.12781e+00	6.19606e+00	8.83755e-03
3.03666e+04	4.69786e+07	1.33255e+00	4.23772e+00	8.47021e-03
6.83247e+04	4.70469e+07	2.54826e+00	3.51864e+00	-1.10284e-03
1.32715e+04	4.70602e+07	3.12404e+00	2.98465e+00	-3.76584e-03
1.16618e+04	4.70719e+07	2.53277e+00	4.13914e+00	4.76745e-06
1.23605e+06	4.83079e+07	3.39769e+00	1.24693e+00	3.36449e-03
1.38761e+04	4.83218e+07	7.15930e-01	3.51639e+00	-3.19135e-03
2.82893e+04	4.83501e+07	2.69226e+00	1.99998e+00	-1.61881e-03
1.20808e+04	4.83622e+07	1.63223e+00	7.26531e-01	9.21168e-03
1.03080e+05	4.84653e+07	6.64991e-01	6.88493e-01	1.00668e-03
1.21905e+04	4.84775e+07	7.03674e-01	1.05242e+00	8.91563e-03
1.03637e+04	4.84878e+07	1.33160e+00	2.20076e+00	6.87001e-03
1.45455e+04	4.85024e+07	1.82947e+00	3.11646e-01	7.23186e-03
1.22375e+05	4.86247e+07	5.48405e-01	3.91717e+00	6.14446e-04
2.52541e+04	4.86500e+07	2.16653e+00	2.55940e+00	8.31653e-04
2.12198e+04	4.86712e+07	8.61135e-01	6.01280e+00	-6.37662e-03
1.34312e+04	4.86846e+07	4.56917e-01	3.01872e+00	-9.51759e-03
1.79134e+04	4.87026e+07	1.37928e+00	1.78225e+00	1.24887e-03
3.79826e+04	4.87405e+07	3.73336e+00	4.51671e+00	-4.31656e-03
4.62634e+04	4.87868e+07	8.66195e-01	4.68007e+00	-4.00364e-03
1.07606e+04	4.87976e+07	2.84280e+00	1.20114e+00	2.13814e-03
1.01000e+04	4.88077e+07	3.23670e+00	2.74278e+00	6.19521e-03
2.00655e+04	4.88277e+07	2.21520e+00	2.46620e-02	3.41157e-03
1.22905e+04	4.88400e+07	2.68138e+00	2.06628e+00	6.48249e-03
4.78929e+04	4.88879e+07	1.25236e+00	2.85482e+00	3.44100e-03
2.54095e+04	4.89133e+07	1.06034e+00	9.34811e-01	-2.02461e-03
4.19228e+04	4.89552e+07	7.27550e-01	6.11674e+00	1.71965e-03
4.82005e+04	4.90034e+07	9.09287e-01	1.51184e+00	6.09317e-03
1.54251e+04	4.90189e+07	1.23798e+00	2.13839e+00	6.15997e-03
3.81363e+04	4.90570e+07	1.16363e+00	1.16154e+00	3.22916e-03
1.12668e+04	4.90683e+07	8.77033e-01	2.93431e+00	9.38925e-03
2.03240e+04	4.90886e+07	2.25024e+00	5.51140e+00	7.90659e-03
1.52215e+05	4.92408e+07	2.27334e+00	3.60267e+00	-9.86469e-04
1.44516e+04	4.92553e+07	3.78024e-01	2.65417e+00	-8.60217e-05
1.00933e+04	4.92654e+07	4.65822e-01	2.10118e+00	-6.31914e-03
1.77651e+04	4.92831e+07	1.38260e+00	1.02223e+00	2.23956e-03
6.17720e+04	4.93449e+07	6.40199e-01	4.91802e+00	5.16443e-03
1.38523e+05	4.94834e+07	3.27949e+00	5.66449e-01	-4.30677e-03
4.24477e+04	4.95259e+07	2.23372e+00	5.06962e+00	9.54239e-03
6.10444e+04	4.95869e+07	1.08984e+00	1.59490e+00	-1.40274e-03
7.72615e+04	4.96642e+07	1.72372e+00	3.31724e-01	-4.20798e-03
2.64301e+05	4.99285e+07	2.88326e+00	8.15565e-01	1.67964e-03
2.00139e+04	4.99485e+07	1.74366e+00	8.26904e-01	-3.48444e-03
1.21916e+04	4.99607e+07	5.31373e-01	1.35208e+00	6.78726e-03
2.13572e+04	4.99820e+07	9.23512e-01	5.16987e+00	8.56856e-03
4.97530e+04	5.00318e+07	2.36956e-01	7.97935e-01	9.19625e-03
3.41137e+04	5.00659e+07	1.24602e+00	1.36930e+00	4.47425e-03
1.31662e+06	5.13825e+07	1.45878e+00	2.51343e+00	6.32880e-03
1.25331e+05	5.15079e+07	1.20267e+00	5.82265e+00	-6.59086e-03
1.01444e+04	5.15180e+07	2.39501e+00	3.04251e+00	-6.01493e-04
2.16020e+04	5.15396e+07	7.05845e-01	2.60259e-02	-4.31669e-03
1.29900e+04	5.15526e+07	1.37838e+00	3.28368e+00	-7.00081e-03
3.11626e+04	5.15837e+07	2.04700e+00	6.06193e-01	-3.51653e-03
1.34134e+04	5.15972e+07	2.66391e-01	5.09730e+00	-7.83080e-03
1.39522e+04	5.16111e+07	1.55372e+00	2.55759e+00	-8.91518e-03
4.83626e+04	5.16595e+07	5.37870e-01	6.25507e+00	1.37961e-03
1.32231e+05	5.17917e+07	1.53723e+00	2.03788e+00	-9.19060e-03
4.24150e+04	5.18341e+07	1.73678e+00	4.69479e+00	2.18998e-04
1.27639e+04	5.18469e+07	1.75629e+00	4.51839e+00	5.32545e-03
1.30129e+04	5.18599e+07	2.45696e-01	3.82261e+00	-2.49521e-03
1.74967e+05	5.20349e+07	2.09647e+00	1.61151e+00	4.14651e-03
1.44751e+04	5.20493e+07	2.59652e+00	6.69760e-01	-5.27212e-03
5.08868e+05	5.25582e+07	1.72878e+00	2.83135e+00	-4.14160e-03
1.07506e+04	5.25690e+07	1.70947e+00	4.08530e+00	9.24879e-03
1.65541e+05	5.27345e+07	2.70571e+00	2.28574e+00	6.50649e-03
2.53483e+04	5.27599e+07	2.34091e+00	4.76495e+00	8.35362e-03
2.81592e+04	5.27880e+07	1.40758e+00	1.22252e+00	-7.01273e-03
2.26549e+04	5.28107e+07	2.12493e+00	3.68703e+00	-8.52256e-03
1.06563e+04	5.28213e+07	1.53948e+00	2.74340e+00	4.49011e-03
1.44837e+04	5.28358e+07	3.62793e+00	2.78883e+00	-2.20325e-03
3.95776e+04	5.28754e+07	2.72064e+00	3.14846e+00	-8.14261e-03
1.95549e+04	5.28949e+07	5.49733e-01	5.47387e+00	3.11640e-03
1.29661e+04	5.29079e+07	1.15970e+00	3.02550e+00	-3.90474e-03
1.29238e+04	5.29208e+07	2.52038e-01	4.52837e+00	7.70600e-03
2.22692e+04	5.29431e+07	3.29834e+00	3.21739e+00	-7.23802e-03
1.51756e+04	5.29583e+07	7.04606e-01	4.96099e-01	7.32114e-03
1.44943e+04	5.29728e+07	1.43543e+00	5.10474e+00	-3.34391e-03
1.24413e+04	5.29852e+07	1.54895e+00	6.03692e+00	-5.22644e-03
1.25945e+04	5.29978e+07	2.18912e-01	2.02037e+00	9.04082e-03
6.25152e+04	5.30603e+07	5.21537e-01	1.61821e+00	-8.66843e-03
3.34039e+05	5.33944e+07	4.08144e-01	3.52305e+00	2.27472e-03
2.39219e+05	5.36336e+07	5.71356e-01	2.45399e+00	7.62494e-03
9.14675e+04	5.37250e+07	1.43096e+00	5.55972e+00	6.13087e-03
2.24419e+04	5.37475e+07	2.59308e+00	1.83413e+00	-1.89530e-03
1.46833e+05	5.38943e+07	4.29915e-01	4.68605e+00	-6.67515e-03
1.12463e+04	5.39056e+07	1.09746e+00	3.75589e+00	-9.86673e-03
1.50612e+04	5.39206e+07	8.13120e-01	5.76776e+00	-4.16243e-03
9.09473e+04	5.40116e+07	2.19813e+00	3.40837e-01	1.10249e-04
4.23401e+04	5.40539e+07	2.89698e+00	3.72945e+00	-2.46733e-03
1.97085e+04	5.40736e+07	6.98414e-01	1.91419e+00	-1.32734e-03
2.37223e+04	5.40973e+07	6.24277e-01	5.04080e+00	-8.37914e-03
1.10021e+04	5.41083e+07	1.61428e+00	5.00109e+00	-7.45938e-03
1.23081e+04	5.41207e+07	6.87742e-01	2.04665e+00	-8.61122e-03
1.68344e+04	5.41375e+07	1.72640e+00	5.25870e+00	-2.05489e-03
2.00643e+05	5.43381e+07	6.56474e-01	4.87411e+00	8.27066e-03
2.00053e+04	5.43581e+07	2.09320e+00	3.21913e-01	6.19898e-03
1.35637e+04	5.43717e+07	7.34645e-01	1.67306e+00	-6.03492e-03
2.12323e+04	5.43929e+07	1.46371e+00	1.82638e+00	-2.55211e-03
1.21696e+04	5.44051e+07	8.93986e-01	4.60581e+00	-3.66509e-03
4.05078e+05	5.48102e+07	2.04692e+00	1.25983e+00	6.12814e-03
1.16609e+04	5.48218e+07	1.69507e+00	3.95854e+00	-7.66088e-03
1.57563e+04	5.48376e+07	2.72642e-01	2.78034e+00	-1.28825e-03
1.82987e+04	5.48559e+07	4.47976e-01	9.94791e-01	7.76071e-03
1.17228e+04	5.48676e+07	1.47239e+00	9.63825e-01	8.75972e-03
1.89505e+04	5.48866e+07	1.55469e+00	1.61579e+00	9.79025e-03
1.13672e+04	5.48979e+07	4.42708e-01	2.17475e+00	6.67424e-03
1.85503e+04	5.49165e+07	9.21846e-01	3.86178e-01	5.62813e-03
4.82281e+04	5.49647e+07	1.54008e+00	2.37761e+00	7.54820e-03
1.00943e+04	5.49748e+07	1.27895e+00	4.91506e+00	-8.08419e-04
2.70817e+05	5.52456e+07	2.55581e+00	4.28871e+00	8.98069e-03
2.06610e+04	5.52663e+07	1.33752e+00	4.34818e+00	9.14427e-03
2.16043e+05	5.54823e+07	1.03563e+00	2.63611e+00	-1.03999e-03
2.50083e+04	5.55073e+07	1.05996e+00	7.06124e-01	4.04928e-04
1.05460e+04	5.55179e+07	9.31602e-01	5.34476e+00	-1.83095e-03
9.52460e+04	5.56131e+07	3.70142e+00	3.12718e+00	4.02090e-03
5.95976e+04	5.56727e+07	1.19018e+00	2.02632e+00	7.18072e-04
3.09567e+04	5.57037e+07	1.94101e+00	5.92231e+00	2.95316e-03
3.90953e+04	5.57428e+07	1.64929e+00	8.89134e-01	5.77709e-03
1.25422e+04	5.57553e+07	9.78074e-01	5.93167e+00	8.53155e-03
1.04860e+04	5.57658e+07	2.62314e+00	3.77631e+00	7.25082e-03
2.16815e+04	5.57875e+07	5.52029e-01	1.79980e+00	-2.23466e-04
1.30254e+04	5.58005e+07	1.07895e+00	3.84492e+00	4.95891e-03
1.06033e+04	5.58111e+07	3.46464e+00	1.57003e+00	2.99482e-03
1.37085e+04	5.58248e+07	8.85725e-01	4.23014e+00	-4.04219e-03
1.34037e+04	5.58382e+07	2.08090e+00	1.10440e+00	4.76358e-03
1.76210e+04	5.58559e+07	2.14051e-01	3.95239e+00	-9.74712e-03
1.65783e+04	5.58724e+07	1.74017e+00	3.65909e+00	8.39176e-03
1.44324e+04	5.58869e+07	7.94417e-01	4.04291e+00	-9.47298e-03
1.28078e+04	5.58997e+07	1.85521e+00	5.56804e+00	-1.11618e-03
1.29754e+05	5.60294e+07	1.68247e+00	5.53455e+00	-6.49566e-03
1.33814e+04	5.60428e+07	1.70975e+00	2.40065e+00	-6.64479e-03
1.40577e+04	5.60569e+07	8.17596e-01	1.03700e+00	-1.22922e-03
1.38821e+04	5.60707e+07	7.74599e-01	7.41564e-01	7.98805e-03
1.04036e+04	5.60811e+07	3.96532e-01	4.26356e+00	-3.47825e-03
1.97646e+04	5.61009e+07	7.94106e-01	5.44935e+00	-3.84585e-03
1.53141e+04	5.61162e+07	1.07993e+00	4.96911e+00	8.56341e-03
1.40465e+05	5.62567e+07	1.48297e+00	4.10819e+00	9.09830e-03
4.24905e+04	5.62992e+07	7.21038e-01	3.75474e-01	-5.47482e-03
6.80374e+04	5.63672e+07	4.26666e-01	5.33408e+00	4.74126e-03
1.52955e+04	5.63825e+07	5.88495e-01	5.01777e+00	-4.13878e-03
1.28449e+04	5.63954e+07	2.82838e+00	3.53398e-01	4.39168e-03
1.64661e+04	5.64118e+07	5.15089e-01	3.47126e+00	-4.61245e-03
2.23650e+04	5.64342e+07	9.77626e-01	6.07743e+00	-4.12431e-03
1.44908e+04	5.64487e+07	1.49628e+00	2.52747e+00	6.48078e-03
2.68713e+04	5.64756e+07	1.17816e+00	4.11491e+00	-1.19693e-03
1.70138e+04	5.64926e+07	1.89942e+00	3.29492e+00	9.50859e-03
1.80248e+04	5.65106e+07	4.03158e-02	5.95426e+00	2.58442e-04
1.96638e+04	5.65303e+07	1.57796e+00	1.71412e+00	-4.17541e-04
2.17022e+04	5.65520e+07	3.10817e-01	4.47822e-01	-5.76837e-03
5.92681e+04	5.66112e+07	7.07075e-01	1.67730e-01	9.46796e-03
4.73050e+04	5.66585e+07	1.57107e+00	3.08051e+00	9.78254e-03
7.58744e+05	5.74173e+07	1.40407e+00	1.34863e+00	-2.53719e-03
1.11425e+04	5.74284e+07	5.32362e-01	3.54301e+00	9.90712e-03
3.22524e+04	5.74607e+07	7.24507e-02	1.51719e+00	-5.88481e-04
2.42634e+04	5.74849e+07	7.99078e-01	1.86052e+00	4.57712e-03
2.43988e+04	5.75093e+07	2.17155e+00	2.22085e+00	4.90225e-03
2.00009e+04	5.75293e+07	1.75246e+00	1.06810e+00	6.82711e-03
1.77457e+04	5.75471e+07	2.43319e+00	5.45395e+00	-8.39630e-04
4.14126e+04	5.75885e+07	9.37381e-01	9.65492e-01	-2.72308e-03
5.39019e+04	5.76424e+07	3.06264e+00	3.69529e+00	-3.52236e-03
9.20253e+04	5.77344e+07	2.36083e-01	4.44229e+00	-9.37733e-03
1.21632e+04	5.77466e+07	3.60939e-01	4.38704e+00	-1.30949e-03
2.55723e+04	5.77722e+07	4.50385e-01	2.65845e+00	-2.76701e-03
2.38535e+04	5.77960e+07	6.51540e-01	1.73227e+00	8.37192e-03
1.34483e+04	5.78095e+07	1.92063e+00	4.66606e+00	-5.65037e-03
2.75033e+04	5.78370e+07	5.40420e-01	2.51430e+00	4.87447e-03
3.58258e+04	5.78728e+07	3.70985e-01	4.92276e-01	-9.03440e-03
1.54222e+04	5.78882e+07	1.78162e+00	4.88664e+00	-4.55400e-04
2.50063e+05	5.81383e+07	4.22034e-01	3.80778e+00	7.74792e-03
1.39236e+04	5.81522e+07	1.26191e+00	3.76199e+00	9.77389e-03
2.02756e+04	5.81725e+07	1.89332e+00	9.34527e-01	-7.77496e-03
4.76379e+04	5.82201e+07	2.27834e+00	5.53400e-01	-2.29488e-03
4.01774e+04	5.82603e+07	2.43797e-01	2.55776e+00	-8.39942e-03
1.18338e+04	5.82721e+07	4.45913e+00	5.95194e+00	-8.94247e-03
2.82116e+04	5.83003e+07	1.65471e+00	4.69578e+00	4.61538e-03
2.54297e+04	5.83258e+07	2.70989e+00	2.69431e+00	-4.21432e-03
1.11391e+05	5.84372e+07	1.11679e+00	2.59873e+00	9.11463e-03
1.23554e+04	5.84495e+07	3.79391e+00	3.63803e+00	7.49742e-03
1.17351e+04	5.84612e+07	8.34623e-01	5.60824e+00	-7.83777e-03
1.06549e+05	5.85678e+07	3.28394e+00	2.04375e+00	-4.98534e-04
1.25102e+04	5.85803e+07	1.00106e+00	5.89890e+00	-4.00146e-03
2.70079e+05	5.88504e+07	8.68197e-01	4.53068e+00	-3.74390e-03
1.97137e+04	5.88701e+07	1.33820e+00	5.74341e+00	6.50334e-03
1.56233e+04	5.88857e+07	2.01401e+00	2.66169e+00	-2.88737e-03
1.17666e+06	6.00624e+07	2.63443e-01	3.83929e-01	2.73126e-03
2.83306e+04	6.00907e+07	1.22675e+00	4.36430e+00	-2.50644e-03
4.94281e+04	6.01401e+07	2.79877e+00	6.26672e+00	-6.80595e-04
1.50399e+04	6.01552e+07	2.12512e+00	6.98866e-01	-9.49466e-03
1.12767e+04	6.01665e+07	1.83759e+00	6.13054e+00	3.57976e-03
4.70376e+04	6.02135e+07	2.52571e+00	3.38694e+00	-4.40562e-03
1.13749e+04	6.02249e+07	2.09558e-01	4.06765e+00	-2.48747e-04
4.46664e+04	6.02695e+07	1.80210e+00	2.87140e+00	2.34580e-03
2.90553e+04	6.02986e+07	4.36734e-01	3.63712e+00	-2.36126e-03
4.59093e+04	6.03445e+07	2.56794e+00	4.30407e+00	1.11796e-03
1.18682e+04	6.03564e+07	8.67162e-01	5.46472e+00	7.57832e-03
3.78427e+05	6.07348e+07	1.43116e+00	2.85637e+00	-4.71225e-03
1.36416e+05	6.08712e+07	3.52926e-01	1.48351e+00	-6.96216e-03
4.97576e+04	6.09210e+07	2.86608e+00	4.84034e+00	6.23975e-03
1.15790e+04	6.09325e+07	9.93884e-01	6.98801e-01	9.63933e-03
4.53502e+04	6.09779e+07	1.49800e+00	9.39285e-01	-5.22642e-03
2.12470e+04	6.09991e+07	8.04785e-01	1.88990e+00	8.76267e-03
1.39720e+04	6.10131e+07	1.10400e+00	3.72920e+00	-2.71662e-03
1.14424e+04	6.10246e+07	3.55818e+00	3.49064e+00	8.02888e-04
1.17874e+04	6.10363e+07	1.93664e+00	2.12701e+00	-2.82117e-04
1.26774e+05	6.11631e+07	7.07376e-01	9.85935e-01	-8.79563e-03
1.07699e+04	6.11739e+07	7.63728e-01	3.99028e+00	-9.04021e-03
1.72854e+04	6.11912e+07	9.03804e-01	5.95271e+00	6.10415e-03
5.41409e+04	6.12453e+07	2.98092e+00	4.88366e+00	-1.68849e-03
1.49965e+04	6.12603e+07	7.30491e-01	1.10298e+00	-8.72944e-03
2.10780e+04	6.12814e+07	3.53072e+00	2.07844e+00	-7.66730e-03
4.75793e+04	6.13290e+07	4.08094e+00	4.58224e+00	9.80746e-03
4.05262e+04	6.13695e+07	2.31545e+00	2.15789e+00	-5.89588e-03
3.49310e+04	6.14044e+07	5.39500e-01	1.92976e+00	9.09389e-03
1.41067e+04	6.14185e+07	1.17746e+00	1.50531e+00	4.60746e-03
2.26502e+04	6.14412e+07	1.63042e+00	5.75764e+00	-8.66820e-03
8.66574e+04	6.15278e+07	2.90131e+00	2.77485e+00	9.48432e-03
1.86630e+04	6.15465e+07	2.53819e+00	5.47116e+00	-5.97906e-03
7.20990e+04	6.16186e+07	1.97210e+00	4.74278e+00	-3.22341e-04
1.98423e+04	6.16384e+07	2.33263e+00	4.31762e+00	-1.56958e-03
1.92699e+04	6.16577e+07	1.40135e+00	5.73788e+00	-8.11884e-03
1.09997e+04	6.16687e+07	2.42857e+00	3.84631e+00	7.19172e-03
1.17940e+04	6.16805e+07	2.32410e+00	2.05888e+00	1.37120e-03
1.21130e+04	6.16926e+07	3.47334e+00	1.02687e+00	-7.71116e-03
1.81044e+04	6.17107e+07	2.89802e+00	1.76970e+00	5.95932e-03
1.51724e+04	6.17259e+07	1.70428e+00	4.30034e+00	-1.62994e-03
2.01001e+04	6.17460e+07	1.69259e-01	2.91767e+00	-2.34722e-03
5.65407e+04	6.18025e+07	1.60795e+00	5.96250e+00	-1.49971e-03
1.23165e+04	6.18149e+07	6.42828e-01	5.38121e+00	5.11833e-03
2.01093e+04	6.18350e+07	4.44846e-01	4.53796e+00	9.05591e-04
7.82039e+04	6.19132e+07	4.93233e-01	3.63314e+00	5.40701e-03
1.79875e+04	6.19312e+07	3.54298e-01	2.25885e+00	-2.09785e-03
1.31618e+04	6.19443e+07	1.05105e+00	1.84591e+00	-3.75330e-03
1.09651e+04	6.19553e+07	1.14318e+00	1.00411e+00	2.56803e-03
1.86389e+05	6.21417e+07	6.30302e-01	1.92395e+00	6.92817e-04
3.71572e+04	6.21788e+07	7.71734e-01	1.76719e+00	7.16471e-03
1.84764e+04	6.21973e+07	1.95716e+00	6.13150e+00	6.04160e-03
1.03762e+04	6.22077e+07	2.17161e-01	4.05755e+00	5.38584e-04
1.33371e+04	6.22210e+07	3.84271e-01	1.67185e+00	6.51577e-03
4.05497e+04	6.22616e+07	7.49838e-01	2.20049e+00	-6.85003e-03
2.07644e+04	6.22823e+07	4.13344e+00	5.46095e+00	-1.25738e-04
1.45484e+04	6.22969e+07	6.00291e-01	4.52637e+00	9.39957e-03
2.12223e+04	6.23181e+07	9.13841e-01	2.28118e+00	-4.70272e-03
4.45365e+04	6.23626e+07	2.09666e+00	3.44596e+00	5.66335e-03
2.66971e+05	6.26296e+07	8.31017e-01	4.24750e+00	-8.30502e-03
5.92457e+04	6.26889e+07	4.86847e-01	5.03436e+00	-4.87633e-03
1.86632e+04	6.27075e+07	1.00029e+00	3.34007e+00	5.42790e-03
5.29436e+04	6.27605e+07	2.66309e+00	4.53528e+00	-1.20745e-03
1.97833e+04	6.27802e+07	1.07888e+00	1.33710e+00	6.27723e-03
1.62589e+04	6.27965e+07	4.37116e-01	2.86201e+00	-4.41121e-03
2.52601e+04	6.28218e+07	1.53265e+00	2.33175e+00	5.84611e-03
9.46323e+04	6.29164e+07	9.24515e-01	3.13733e+00	-2.85992e-03
1.03654e+04	6.29268e+07	3.40162e+00	4.60651e+00	-5.57702e-03
1.64170e+04	6.29432e+07	8.59158e-01	6.04576e+00	9.35434e-03
2.33866e+05	6.31770e+07	1.75497e-01	1.86004e+00	6.90715e-04
4.32551e+04	6.32203e+07	3.06828e+00	3.00628e+00	5.31219e-03
1.84238e+04	6.32387e+07	2.19440e+00	4.64142e+00	5.96606e-03
3.50667e+05	6.35894e+07	5.13970e-01	2.50385e+00	5.38268e-03
6.73162e+04	6.36567e+07	6.94755e-01	1.11616e+00	1.86306e-03
1.78340e+04	6.36745e+07	7.53533e-01	4.91007e+00	1.26844e-03
1.47598e+04	6.36893e+07	6.01191e-01	1.35379e+00	-3.62297e-03
3.29378e+05	6.40187e+07	6.25048e-01	4.78286e+00	4.70741e-04
1.75621e+04	6.40362e+07	2.20677e+00	3.28133e+00	-3.04220e-03
7.70801e+04	6.41133e+07	7.78039e-01	4.56410e+00	6.12836e-03
3.15874e+04	6.41449e+07	1.01881e+00	3.88416e+00	-6.18738e-03
2.48915e+04	6.41698e+07	7.52624e-01	1.48792e+00	-6.20559e-04
1.73541e+04	6.41872e+07	8.51558e-01	4.35247e+00	-2.02618e-03
1.17843e+04	6.41989e+07	1.32259e+00	1.08550e+00	1.72877e-03
7.25171e+04	6.42715e+07	8.68598e-01	7.57514e-01	4.97027e-04
9.92057e+04	6.43707e+07	1.07392e+00	5.69035e+00	-3.99576e-03
5.97920e+04	6.44305e+07	1.18025e+00	2.59510e+00	8.39720e-03
1.52791e+04	6.44457e+07	1.55276e+00	5.66753e+00	-2.53903e-03
1.04805e+04	6.44562e+07	2.17022e+00	5.36069e+00	-3.11831e-03
9.51999e+04	6.45514e+07	9.54876e-01	3.42501e-01	4.78725e-03
1.91815e+04	6.45706e+07	7.73483e-01	6.11528e+00	4.06477e-03
2.79350e+04	6.45985e+07	1.63059e+00	1.43522e+00	-3.39055e-03
3.96508e+04	6.46382e+07	1.27185e+00	3.04307e+00	-8.50366e-03
6.02779e+04	6.46985e+07	2.22984e+00	5.16803e+00	6.57298e-03
1.19618e+04	6.47104e+07	1.99661e+00	5.70134e+00	-7.83811e-03
2.42625e+04	6.47347e+07	1.64527e+00	4.15782e+00	-9.76389e-03
2.34232e+04	6.47581e+07	6.81326e-01	1.02701e+00	-8.28108e-03
1.98019e+04	6.47779e+07	1.46077e+00	3.49857e+00	-4.37177e-03
1.89364e+04	6.47968e+07	2.65268e-01	1.72475e+00	8.96475e-04
1.64818e+04	6.48133e+07	3.28998e-01	2.85157e+00	-2.52702e-03
9.00919e+04	6.49034e+07	4.12648e+00	5.60101e+00	-6.32469e-03
1.26429e+04	6.49161e+07	1.22386e+00	3.85298e+00	-5.69239e-03
1.52604e+04	6.49313e+07	7.70704e-01	4.24745e+00	-3.49141e-03
2.53165e+04	6.49566e+07	3.14963e+00	6.17125e+00	-9.55527e-03
1.06263e+04	6.49673e+07	3.56653e+00	3.76386e+00	2.98427e-05
3.84440e+04	6.50057e+07	2.08146e+00	4.12880e+00	9.41611e-03
9.22219e+05	6.59279e+07	2.03963e+00	6.23798e+00	-2.45799e-03
2.33909e+04	6.59513e+07	3.98610e+00	3.48202e+00	3.23655e-04
2.53420e+04	6.59767e+07	1.42568e+00	1.99820e+00	-9.73311e-03
1.38608e+05	6.61153e+07	2.09301e+00	1.44771e+00	-1.10780e-03
7.09714e+04	6.61862e+07	2.36259e+00	3.96698e-01	7.93096e-03
1.32820e+04	6.61995e+07	1.34846e+00	3.23213e+00	-9.62107e-03
4.52614e+04	6.62448e+07	1.19275e+00	6.68478e-01	7.59499e-03
1.27845e+04	6.62576e+07	1.49228e+00	6.52150e-01	-4.89243e-03
1.81553e+05	6.64391e+07	1.52688e+00	2.74328e+00	-1.79860e-03
6.16920e+05	6.70560e+07	7.17551e-01	4.11943e+00	5.67954e-03
1.04116e+04	6.70665e+07	1.11875e+00	1.30122e+00	-8.25413e-03
1.02716e+04	6.70767e+07	4.01611e+00	2.70167e-01	5.57097e-03
1.41060e+04	6.70908e+07	2.34098e+00	1.87403e+00	-5.80542e-03
1.11977e+04	6.71020e+07	3.67938e+00	3.17659e+00	-8.98199e-03
1.03485e+04	6.71124e+07	1.37486e+00	5.15761e+00	-5.52411e-04
1.27576e+04	6.71251e+07	1.02003e+00	2.56519e+00	5.81597e-03
6.58277e+04	6.71910e+07	2.59013e+00	5.14092e+00	3.34042e-04
2.04857e+04	6.72114e+07	4.34090e-01	3.45442e+00	6.41267e-03
2.40866e+04	6.72355e+07	7.95425e-01	4.65622e+00	9.78817e-03
8.79846e+04	6.73235e+07	3.46373e+00	5.03830e+00	8.36999e-03
3.50089e+04	6.73585e+07	2.49102e+00	2.87931e+00	-7.34910e-04
1.21216e+04	6.73707e+07	1.38096e+00	6.23103e+00	-9.81296e-03
2.06447e+04	6.73913e+07	8.52757e-01	5.90469e+00	2.16639e-04
1.62393e+04	6.74075e+07	4.07616e+00	4.42570e+00	6.58563e-03
1.53847e+04	6.74229e+07	3.21827e+00	3.06952e+00	4.46139e-03
1.17886e+04	6.74347e+07	5.48382e-01	1.24351e+00	-1.58058e-04
3.97083e+05	6.78318e+07	1.51685e+00	4.70251e+00	8.37889e-03
8.12235e+04	6.79130e+07	2.87095e+00	4.79095e+00	6.79280e-03
1.39813e+04	6.79270e+07	3.37644e-01	5.60730e+00	-3.56639e-03
3.33385e+04	6.79603e+07	9.38106e-01	5.05620e+00	-8.26220e-03
1.15712e+06	6.91175e+07	2.11564e+00	7.01207e-01	-2.03364e-04
1.62592e+04	6.91337e+07	3.30713e-01	1.69323e+00	1.33514e-03
1.06147e+04	6.91443e+07	1.28184e+00	2.14170e+00	6.85683e-04
3.08500e+04	6.91752e+07	4.22311e-01	4.20743e+00	-6.07227e-04
1.87335e+04	6.91939e+07	3.71212e+00	3.88122e+00	-3.91300e-03
2.07572e+04	6.92147e+07	2.15841e+00	5.17263e-01	-8.25458e-04
3.57276e+04	6.92504e+07	3.03467e+00	5.90640e+00	5.99232e-03
1.95357e+04	6.92699e+07	2.55850e+00	2.56952e+00	2.96033e-03
1.53740e+05	6.94237e+07	9.63056e-01	5.75753e+00	-1.40182e-03
1.32770e+04	6.94370e+07	1.60487e+00	5.61805e+00	-6.45162e-03
7.34976e+04	6.95104e+07	8.63320e-01	1.93058e+00	-5.23959e-03
4.14230e+04	6.95519e+07	1.41600e-01	4.82592e+00	1.99376e-04
2.59749e+04	6.95778e+07	1.50248e+00	9.23992e-02	3.96292e-03
1.04114e+04	6.95883e+07	4.55470e-01	3.57005e+00	-1.67712e-04
3.71416e+05	6.99597e+07	3.96095e-01	6.06702e+00	3.72476e-03
1.09293e+04	6.99706e+07	1.57598e+00	3.20381e+00	-5.50827e-03
2.35774e+04	6.99942e+07	8.27234e-01	5.59895e-01	-2.32258e-03
1.17784e+04	7.00060e+07	5.13480e-01	5.69367e+00	1.67331e-03
1.14154e+04	7.00174e+07	3.58920e-01	2.92763e+00	-3.70826e-03
2.77416e+05	7.02948e+07	7.75690e-01	5.07569e+00	1.94589e-03
9.99027e+05	7.12938e+07	2.78010e+00	4.72371e+00	3.72307e-03
9.28309e+04	7.13866e+07	4.98989e-01	4.38750e+00	1.36518e-03
1.16016e+04	7.13983e+07	2.22403e+00	6.23189e+00	6.36469e-03
2.35016e+04	7.14218e+07	1.66282e+00	4.97860e+00	2.23813e-03
6.09182e+04	7.14827e+07	5.81457e-01	4.96646e+00	5.42258e-03
2.16077e+04	7.15043e+07	1.55231e-01	3.36863e+00	-6.47267e-03
2.66996e+04	7.15310e+07	8.60270e-01	4.37033e+00	-9.14360e-03
1.37806e+04	7.15448e+07	1.94511e+00	3.14826e+00	-4.17878e-03
7.54067e+04	7.16202e+07	1.36634e+00	5.04543e+00	-2.56722e-03
1.75200e+04	7.16377e+07	2.96180e+00	1.25796e+00	-1.21463e-03
1.44009e+04	7.16521e+07	1.36719e+00	3.49343e+00	9.74697e-03
1.23555e+04	7.16644e+07	1.78886e+00	7.90606e-01	9.05304e-03
1.23062e+05	7.17875e+07	5.08204e-01	2.21199e+00	-4.17136e-03
1.36605e+04	7.18012e+07	1.86163e+00	6.21398e+00	3.08148e-03
4.68424e+04	7.18480e+07	8.13066e-01	1.25601e+00	-7.21741e-03
1.49415e+04	7.18629e+07	2.99972e+00	1.45081e-01	3.36284e-03
5.02994e+05	7.23659e+07	8.58426e-01	4.22898e-01	5.01144e-03
1.78859e+04	7.23838e+07	3.15292e+00	2.61631e+00	-5.70877e-03
9.84625e+04	7.24823e+07	2.13870e+00	2.03579e+00	8.95514e-03
9.92479e+04	7.25815e+07	8.03113e-01	5.30926e+00	-4.05192e-04
3.23754e+04	7.26139e+07	7.10872e-01	4.07657e+00	-3.55088e-03
1.27709e+04	7.26267e+07	1.41595e+00	4.16394e+00	-9.11368e-03
1.11615e+05	7.27383e+07	2.23228e+00	5.99039e+00	1.85709e-03
1.11101e+04	7.27494e+07	4.23158e+00	4.01916e+00	-3.67850e-03
1.40330e+04	7.27634e+07	4.15916e+00	4.21345e+00	-6.52443e-03
1.05871e+04	7.27740e+07	1.31676e+00	3.32549e+00	4.48777e-03
3.44023e+04	7.28084e+07	8.76555e-01	1.12657e+00	5.42379e-03
1.14886e+04	7.28199e+07	1.62781e+00	5.05217e+00	-4.20150e-03
1.22700e+04	7.28322e+07	1.93349e+00	2.38185e+00	-6.14916e-03
1.40322e+04	7.28462e+07	1.24579e+00	3.12358e+00	-5.41491e-03
1.97388e+04	7.28660e+07	2.50012e-01	6.12678e+00	-8.56051e-03
1.50581e+04	7.28810e+07	1.16215e+00	3.10012e+00	9.12936e-03
2.17226e+05	7.30982e+07	1.79998e+00	5.76945e+00	-2.72583e-04
6.50108e+04	7.31633e+07	6.34063e-01	2.90119e+00	-4.92772e-03
1.08781e+04	7.31741e+07	1.90989e+00	2.51471e+00	3.28514e-03
1.03933e+04	7.31845e+07	1.09188e+00	3.45126e+00	-2.96008e-03
9.31750e+04	7.32777e+07	3.95541e-01	4.82613e+00	6.82285e-03
3.59836e+04	7.33137e+07	2.53950e+00	2.96392e+00	-1.99879e-03
2.25026e+04	7.33362e+07	1.82266e+00	1.91270e-01	8.92235e-03
3.42988e+04	7.33705e+07	4.29893e-01	1.65265e+00	-1.47158e-03
1.25211e+05	7.34957e+07	9.76950e-01	2.53309e-01	-9.23207e-03
1.74872e+04	7.35132e+07	9.59381e-01	1.72478e+00	6.49041e-03
3.84108e+04	7.35516e+07	1.75334e+00	5.31585e+00	4.04445e-04
2.10306e+04	7.35726e+07	1.38390e+00	2.33990e+00	3.96462e-03
1.08304e+05	7.36809e+07	6.46534e-01	2.69732e+00	2.79114e-03
1.33365e+04	7.36943e+07	5.44310e-01	5.10398e+00	-8.08574e-03
2.00836e+04	7.37144e+07	3.69097e+00	3.71195e+00	9.34564e-03
2.06433e+05	7.39208e+07	2.18661e+00	4.12908e+00	-9.86275e-03
1.01731e+04	7.39310e+07	9.34212e-01	3.10569e+00	1.84649e-03
1.03226e+04	7.39413e+07	3.31070e-01	2.81355e+00	-5.09959e-03
2.22383e+04	7.39635e+07	2.04130e+00	4.35992e+00	-7.06778e-03
5.50559e+04	7.40186e+07	3.86746e+00	5.06808e+00	8.63369e-04
7.49916e+04	7.40936e+07	5.78737e-01	2.07427e+00	6.24853e-03
1.79871e+04	7.41116e+07	8.01402e-01	7.23048e-01	-2.35652e-03
1.13823e+04	7.41229e+07	1.50923e+00	2.80335e+00	-9.92928e-04
1.73913e+04	7.41403e+07	1.39105e-01	3.11620e+00	-7.35911e-03
1.78437e+04	7.41582e+07	2.48462e+00	4.84992e+00	5.99130e-03
1.94318e+04	7.41776e+07	5.98323e-01	1.23872e-01	5.66261e-03
4.12765e+04	7.42189e+07	8.81469e-01	2.77815e+00	-3.86902e-03
1.01387e+04	7.42290e+07	4.19362e-01	3.29448e+00	4.41951e-03
2.21256e+05	7.44503e+07	1.30411e+00	2.31970e+00	9.75254e-03
1.53588e+04	7.44656e+07	1.56457e-02	6.01442e-01	6.81015e-03
1.37782e+04	7.44794e+07	2.28677e+00	1.94740e+00	2.96217e-03
5.03927e+05	7.49833e+07	1.80747e+00	1.99074e+00	1.40015e-03
1.80191e+04	7.50014e+07	8.83949e-01	2.37164e-01	8.43572e-03
1.08988e+04	7.50123e+07	1.31404e+00	5.72405e+00	-1.20339e-03
1.96759e+04	7.50319e+07	1.38739e+00	4.62769e+00	-9.23664e-03
1.46247e+04	7.50466e+07	9.89320e-01	1.64353e+00	-2.26591e-04
1.11956e+04	7.50578e+07	1.86259e+00	2.26031e+00	4.98676e-03
1.28613e+04	7.50706e+07	1.39440e+00	1.62511e-01	6.16683e-03
2.37662e+04	7.50944e+07	1.62582e+00	2.64568e+00	-8.69626e-03
2.71086e+04	7.51215e+07	1.69926e+00	5.54787e+00	-5.91783e-03
1.02771e+05	7.52243e+07	6.13162e-01	3.06625e+00	7.34714e-03
1.67331e+04	7.52410e+07	1.90246e+00	5.33817e+00	7.86516e-03
9.37057e+04	7.53347e+07	1.60547e+00	3.60315e+00	8.05904e-03
3.44881e+04	7.53692e+07	3.46726e+00	6.63917e-01	1.10926e-04
2.03475e+04	7.53895e+07	8.12805e-01	3.76128e+00	-7.76673e-04
2.45639e+05	7.56352e+07	3.06289e+00	1.38747e+00	9.42669e-03
1.50928e+04	7.56503e+07	1.69535e+00	6.25035e+00	-9.51876e-03
2.05737e+06	7.77076e+07	2.35216e+00	4.39423e+00	-7.47122e-03
2.27031e+04	7.77303e+07	1.46948e+00	3.50709e-01	-5.43934e-03
1.49941e+04	7.77453e+07	1.74035e+00	2.33033e+00	-2.92138e-03
1.03358e+04	7.77557e+07	1.16252e+00	4.46271e+00	-7.20334e-03
1.37589e+04	7.77694e+07	3.18101e+00	1.07483e+00	6.68680e-03
1.45422e+04	7.77840e+07	1.76862e+00	5.75109e+00	6.62604e-03
5.06112e+04	7.78346e+07	5.39408e-01	2.65580e+00	-8.42974e-03
1.82285e+04	7.78528e+07	3.90285e+00	5.17990e+00	8.43596e-03
2.15382e+05	7.80682e+07	3.67230e+00	1.77571e-01	-2.98108e-03
4.09233e+04	7.81091e+07	1.62685e+00	4.20875e+00	-8.34837e-03
2.30035e+05	7.83391e+07	4.63050e-01	1.72385e+00	5.78751e-04
1.19347e+04	7.83511e+07	4.81779e-01	5.99084e+00	-9.11044e-03
1.55051e+04	7.83666e+07	1.48712e-01	1.13543e+00	8.04047e-04
1.30808e+04	7.83797e+07	2.19795e+00	4.73112e+00	7.00379e-03
2.28976e+04	7.84026e+07	8.97361e-02	4.29352e-01	4.69132e-03
1.35353e+04	7.84161e+07	3.36887e+00	3.24260e+00	-4.97196e-03
2.91228e+04	7.84452e+07	8.43123e-01	3.68734e+00	5.92905e-03
2.82092e+04	7.84734e+07	5.39853e-01	3.67695e+00	6.01759e-03
1.12781e+04	7.84847e+07	1.23027e+00	1.46642e+00	8.74848e-03
3.85945e+04	7.85233e+07	8.59979e-01	2.21464e+00	-4.60266e-03
1.09417e+04	7.85342e+07	3.15131e+00	8.89247e-01	-9.31264e-03
6.42526e+04	7.85985e+07	1.24805e+00	1.94101e+00	-9.96911e-04
1.04412e+04	7.86089e+07	1.22965e+00	5.70261e-01	-3.23941e-04
2.41946e+04	7.86331e+07	1.44050e+00	3.48293e-01	2.97626e-04
2.59644e+05	7.88928e+07	1.40596e-01	1.69712e+00	6.31351e-03
2.66214e+04	7.89194e+07	5.91858e-01	2.57678e+00	1.75544e-03
1.61945e+04	7.89356e+07	4.99657e-01	5.42267e+00	7.19303e-03
2.18968e+04	7.89575e+07	3.45156e-01	5.21613e+00	5.69782e-03
8.17963e+04	7.90393e+07	1.77690e+00	3.24377e+00	-6.41241e-03
2.20787e+04	7.90614e+07	1.21058e+00	4.91781e+00	6.57113e-03
1.67469e+04	7.90781e+07	3.63662e+00	7.56196e-01	5.84220e-03
2.16341e+04	7.90997e+07	2.34205e+00	5.09371e+00	6.47798e-03
1.14856e+04	7.91112e+07	6.39167e-01	4.06571e+00	3.42110e-03
7.78483e+04	7.91891e+07	2.07919e+00	3.72122e+00	-7.74677e-04
1.06048e+04	7.91997e+07	2.86778e+00	2.07131e+00	7.62561e-03
3.46116e+04	7.92343e+07	3.35410e+00	3.68017e+00	-4.58280e-03
1.40849e+04	7.92484e+07	6.57562e-01	6.02984e+00	-6.18197e-03
1.27060e+04	7.92611e+07	2.96345e+00	2.54080e+00	-7.39084e-03
4.20710e+04	7.93032e+07	2.10795e+00	1.72076e+00	3.86947e-03
1.57336e+05	7.94605e+07	4.33435e+00	4.10897e+00	4.94386e-03
1.03382e+04	7.94708e+07	1.66093e+00	4.67094e+00	-1.52934e-03
1.63031e+04	7.94871e+07	5.17231e-01	2.40233e+00	-9.92058e-03
1.69229e+04	7.95041e+07	1.37992e+00	1.02934e+00	-7.66945e-04
1.67920e+04	7.95209e+07	1.27044e+00	1.71470e+00	-3.89192e-03
1.15741e+04	7.95324e+07	1.84048e+00	5.74216e+00	-8.46360e-03
4.10622e+04	7.95735e+07	8.35926e-01	1.41673e+00	1.61961e-03
4.04013e+04	7.96139e+07	1.50665e+00	7.74715e-01	-9.42646e-03
1.78674e+04	7.96318e+07	7.50308e-01	3.44207e+00	7.52387e-03
1.19479e+04	7.96437e+07	7.02805e-01	3.57106e+00	-3.69997e-05
1.80482e+04	7.96618e+07	1.11490e+00	1.27693e+00	4.09324e-03
1.14494e+04	7.96732e+07	3.12571e+00	3.19597e-01	-8.80606e-04
2.63796e+04	7.96996e+07	9.88153e-01	3.09421e+00	-9.87104e-03
7.73743e+05	8.04733e+07	1.15925e+00	4.42174e+00	-1.58917e-03
1.32299e+04	8.04866e+07	1.83188e+00	5.90142e-01	3.53221e-03
2.11049e+04	8.05077e+07	3.44212e+00	2.82719e+00	2.67560e-03
2.01521e+04	8.05278e+07	1.42307e+00	1.12105e+00	8.67223e-03
2.21261e+04	8.05499e+07	3.20163e+00	1.97062e+00	4.25835e-03
1.80503e+04	8.05680e+07	3.44360e+00	4.64626e-01	9.51759e-03
1.70143e+04	8.05850e+07	1.35523e+00	5.67969e-01	-2.29703e-03
1.10803e+04	8.05961e+07	2.86326e+00	5.40590e+00	-6.58215e-03
3.20478e+04	8.06281e+07	1.35011e+00	4.97473e+00	-7.41324e-03
2.47801e+05	8.08759e+07	4.10943e-01	2.57622e+00	1.86228e-03
1.37412e+04	8.08897e+07	1.37860e+00	3.19169e+00	3.76457e-03
1.98062e+04	8.09095e+07	2.94669e+00	5.47320e-01	-5.92699e-03
1.50718e+04	8.09246e+07	9.13997e-01	3.30140e+00	-3.76126e-03
2.11935e+04	8.09457e+07	1.33485e+00	5.16976e+00	-7.85762e-03
1.24493e+04	8.09582e+07	1.42800e+00	2.89585e+00	-3.83856e-03
1.72122e+04	8.09754e+07	1.10430e+00	2.12577e+00	-1.54612e-03
2.24664e+04	8.09979e+07	2.69876e+00	2.41279e+00	-2.29249e-03
7.25759e+05	8.17236e+07	1.77723e+00	5.64143e+00	1.26913e-03
2.32629e+04	8.17469e+07	1.12596e-01	6.23982e+00	7.58084e-03
3.04981e+04	8.17774e+07	2.63676e+00	2.00716e+00	7.70909e-03
1.44227e+05	8.19216e+07	1.76815e+00	1.98593e+00	-4.56187e-03
3.22990e+04	8.19539e+07	1.45235e+00	5.45484e+00	2.24908e-04
9.71741e+04	8.20511e+07	1.86619e+00	9.27509e-01	5.51414e-03
1.31454e+04	8.20642e+07	6.39132e-01	4.86910e+00	-6.33402e-03
9.11523e+04	8.21554e+07	1.33151e+00	3.32219e+00	-2.66860e-03
1.61528e+06	8.37707e+07	2.40697e+00	1.68282e+00	-6.01854e-05
1.21489e+04	8.37828e+07	1.55329e+00	5.80901e+00	-9.37611e-03
4.27902e+04	8.38256e+07	1.01649e+00	3.48220e+00	-3.36148e-03
9.09237e+04	8.39165e+07	6.80800e-01	3.17483e+00	-6.33504e-03
3.99900e+05	8.43164e+07	2.66725e+00	1.19327e-01	5.53324e-03
1.82706e+04	8.43347e+07	2.04748e+00	1.54579e-01	9.72565e-03
1.16103e+04	8.43463e+07	1.80353e+00	4.36494e+00	6.95734e-04
3.09725e+04	8.43773e+07	2.62052e+00	8.40746e-02	-1.80826e-03
1.37207e+04	8.43910e+07	5.94270e-01	5.90499e+00	-9.46985e-04
6.03786e+04	8.44514e+07	2.18102e+00	6.02861e+00	5.27844e-03
1.15010e+04	8.44629e+07	2.57701e-01	3.27789e+00	-4.65571e-03
4.77283e+04	8.45106e+07	7.30848e-01	1.22665e+00	2.93916e-03
1.43742e+04	8.45250e+07	1.55440e+00	2.52034e+00	6.94507e-03
1.53688e+04	8.45404e+07	2.15534e+00	5.95138e+00	-8.64998e-04
1.58976e+05	8.46993e+07	2.34938e+00	2.28557e+00	9.16550e-03
4.92893e+04	8.47486e+07	1.03828e+00	3.48846e+00	-7.86110e-03
4.47449e+04	8.47934e+07	1.37610e+00	3.74187e+00	-2.74388e-03
5.26197e+04	8.48460e+07	1.49091e+00	4.66250e+00	-4.41851e-03
3.21502e+04	8.48781e+07	2.78002e+00	4.56211e+00	-9.77733e-03
9.53824e+04	8.49735e+07	1.96512e+00	1.25220e-01	8.20746e-03
3.26954e+04	8.50062e+07	1.98408e+00	2.65567e+00	-2.40114e-03
5.44331e+04	8.50606e+07	6.38869e-01	3.52035e+00	-4.76182e-03
3.22959e+04	8.50929e+07	1.13252e+00	4.43910e+00	2.62538e-04
1.65267e+04	8.51095e+07	2.08409e+00	1.84203e+00	-9.15128e-03
8.74666e+05	8.59841e+07	1.27267e+00	5.82983e+00	1.25153e-03
3.25042e+04	8.60166e+07	2.08767e-01	3.99177e+00	-8.41238e-03
1.04910e+04	8.60271e+07	2.30631e+00	4.84185e+00	9.08377e-03
1.75089e+04	8.60446e+07	1.14222e+00	2.02001e+00	-9.88695e-03
3.83953e+04	8.60830e+07	5.94399e-01	5.36752e+00	8.87058e-03
8.23220e+04	8.61654e+07	4.23107e+00	5.52438e+00	5.80361e-03
1.52357e+04	8.61806e+07	6.30821e-01	4.50223e+00	9.65165e-03
1.21437e+05	8.63020e+07	1.98964e+00	4.65252e+00	2.81407e-03
1.96755e+04	8.63217e+07	6.87632e-01	3.74589e+00	-6.57213e-03
5.43446e+04	8.63760e+07	1.94716e+00	4.43183e+00	-6.73829e-03
9.99882e+04	8.64760e+07	1.10336e+00	3.55194e+00	-7.00651e-03
1.18250e+04	8.64879e+07	1.41945e+00	1.57130e+00	1.80090e-03
7.96333e+04	8.65675e+07	9.25808e-01	3.50351e+00	8.69021e-03
1.84073e+04	8.65859e+07	1.19914e+00	2.70985e+00	3.36184e-03
1.05219e+04	8.65964e+07	1.20369e+00	2.90084e+00	9.43187e-03
2.10045e+04	8.66174e+07	1.09939e+00	1.40493e+00	1.49969e-03
2.18043e+04	8.66392e+07	1.32959e+00	2.46883e+00	-9.75537e-03
1.85413e+04	8.66578e+07	3.15175e+00	4.57198e+00	-8.12826e-03
1.00041e+04	8.66678e+07	2.55739e-01	1.11579e+00	7.20933e-04
4.05220e+04	8.67083e+07	2.57584e+00	5.40760e+00	-1.56584e-03
2.19555e+04	8.67303e+07	1.95616e+00	7.45225e-01	2.95537e-03
4.25980e+04	8.67729e+07	1.74298e+00	3.93659e+00	4.80277e-03
1.21670e+05	8.68945e+07	5.04516e-01	5.13893e-02	3.51248e-03
3.18476e+05	8.72130e+07	3.15219e-01	1.54498e+00	-2.87047e-03
8.65243e+04	8.72995e+07	3.07444e+00	5.63445e+00	-8.69200e-03
2.10024e+04	8.73205e+07	1.40928e+00	1.92504e+00	-8.55663e-03
5.48809e+05	8.78693e+07	9.05193e-01	5.30736e+00	-8.71768e-03
1.05114e+04	8.78798e+07	2.75367e+00	4.76686e+00	8.80032e-03
1.43436e+04	8.78942e+07	1.97645e+00	9.34947e-01	-6.81323e-03
1.00496e+04	8.79042e+07	1.67835e+00	5.01975e+00	7.79855e-03
1.13939e+04	8.79156e+07	6.89444e-01	1.18914e+00	-2.80597e-03
6.49440e+04	8.79806e+07	1.19510e+00	4.00076e+00	4.05244e-03
8.46511e+04	8.80652e+07	1.48701e+00	5.85332e+00	9.45847e-03
9.56356e+04	8.81609e+07	8.54707e-01	3.13144e+00	-6.07824e-03
1.55978e+04	8.81765e+07	2.67647e+00	4.03195e+00	-7.90405e-03
1.30673e+04	8.81895e+07	3.54738e+00	2.13182e+00	-9.01170e-03
1.31137e+04	8.82026e+07	1.09689e+00	2.51468e+00	6.28586e-03
1.64977e+06	8.98524e+07	2.52838e+00	1.61639e+00	3.95953e-03
1.54519e+04	8.98679e+07	1.81728e+00	4.48795e+00	9.73885e-03
1.49601e+04	8.98828e+07	6.62305e-01	3.59177e+00	-9.92233e-04
1.18265e+04	8.98947e+07	1.60081e+00	5.33752e-01	-3.56079e-03
1.89364e+04	8.99136e+07	1.75409e+00	3.84772e+00	3.23769e-03
2.16012e+04	8.99352e+07	2.54670e+00	4.84938e+00	-2.93739e-03
1.47036e+04	8.99499e+07	8.65213e-01	3.69927e+00	5.56605e-03
1.37231e+04	8.99636e+07	9.00238e-01	5.38242e+00	-8.80306e-04
4.55351e+04	9.00092e+07	2.40373e+00	3.60045e+00	7.41560e-03
4.80370e+04	9.00572e+07	3.80983e+00	1.21967e+00	4.77854e-03
1.49455e+04	9.00721e+07	2.96951e+00	2.94332e+00	9.31961e-03
1.42560e+04	9.00864e+07	5.01690e-01	3.90525e+00	-1.20673e-03
7.17535e+05	9.08039e+07	3.97604e-01	1.01275e+00	8.78492e-03
7.68784e+04	9.08808e+07	7.94377e-01	3.19064e+00	-4.78720e-03
1.74241e+04	9.08982e+07	1.25937e+00	1.69393e+00	-5.35693e-03
1.18119e+04	9.09100e+07	5.94787e-01	5.31488e+00	6.44402e-03
1.31058e+04	9.09231e+07	2.50953e+00	5.97774e+00	7.33810e-03
9.34359e+05	9.18575e+07	1.35346e+00	2.61107e+00	-2.99636e-03
1.67770e+05	9.20253e+07	1.59809e+00	1.64437e+00	5.62263e-03
1.43604e+04	9.20396e+07	1.51711e+00	4.03230e+00	-4.57226e-03
2.23147e+04	9.20620e+07	3.56096e+00	2.00316e+00	-4.07046e-03
4.06701e+04	9.21026e+07	5.27971e-01	5.25129e+00	-5.00730e-03
1.04225e+04	9.21130e+07	4.20270e-01	4.14825e+00	-1.52974e-03
1.35929e+04	9.21266e+07	7.47314e-01	2.17615e+00	-8.32233e-03
1.89389e+04	9.21456e+07	1.24284e+00	1.08145e+00	4.46135e-03
1.93264e+04	9.21649e+07	3.92685e+00	6.69788e-02	-5.04026e-03
1.13697e+04	9.21763e+07	1.21790e+00	2.15998e+00	-4.81725e-03
4.56727e+04	9.22219e+07	2.29165e+00	5.05666e+00	9.60637e-03
6.66911e+04	9.22886e+07	1.66324e+00	4.32886e+00	1.84384e-03
1.20063e+05	9.24087e+07	2.40151e+00	5.67656e+00	-5.11825e-03
1.79371e+04	9.24266e+07	2.12181e+00	4.49127e-01	-6.41220e-03
1.11704e+04	9.24378e+07	1.43691e+00	3.95747e+00	1.48351e-04
2.37790e+04	9.24616e+07	3.79809e-01	2.15011e+00	-8.24228e-03
1.69768e+04	9.24786e+07	2.72951e+00	2.50343e+00	-4.00627e-03
1.59226e+04	9.24945e+07	3.64147e+00	2.19010e+00	9.14464e-03
2.03867e+04	9.25149e+07	1.78479e+00	5.24491e+00	-5.16772e-03
9.26148e+05	9.34410e+07	4.76061e-01	6.14090e+00	8.55979e-03
1.52743e+04	9.34563e+07	1.09095e+00	4.82392e-01	-1.13134e-03
4.82840e+04	9.35046e+07	1.70981e+00	2.87806e+00	4.46615e-03
1.14793e+04	9.35161e+07	2.60149e+00	2.98491e+00	-7.10988e-03
2.77880e+04	9.35438e+07	1.33887e+00	3.35525e+00	2.34762e-03
3.36922e+04	9.35775e+07	4.37477e+00	1.81454e+00	3.71237e-03
1.06316e+04	9.35882e+07	7.54794e-01	1.12903e+00	-3.59452e-03
1.65343e+04	9.36047e+07	3.08642e-01	5.79189e+00	4.35046e-03
9.41864e+04	9.36989e+07	6.88865e-02	4.00249e-02	5.28735e-03
2.03055e+04	9.37192e+07	1.50421e-01	3.45352e+00	-9.79659e-04
1.10880e+04	9.37303e+07	4.12843e-02	3.63504e+00	9.04362e-03
4.88045e+04	9.37791e+07	2.96657e-01	5.01987e+00	-4.61200e-03
2.63033e+04	9.38054e+07	1.33814e+00	2.57292e+00	-7.00852e-03
4.44391e+04	9.38498e+07	3.69182e+00	4.35003e+00	7.45674e-04
5.14585e+04	9.39013e+07	2.65858e+00	3.85708e+00	6.21333e-03
4.08204e+04	9.39421e+07	1.01855e+00	5.27570e+00	-3.19612e-03
1.40387e+04	9.39561e+07	3.19925e-01	5.02005e+00	7.29892e-03
2.06680e+04	9.39768e+07	2.58863e+00	2.14951e+00	5.54440e-03
1.27711e+04	9.39896e+07	1.35423e+00	6.10960e-01	-1.53453e-03
1.13439e+04	9.40009e+07	2.76995e+00	4.26225e+00	5.80095e-03
4.33913e+04	9.40443e+07	1.58876e+00	3.17005e+00	8.28008e-03
9.94215e+05	9.50385e+07	4.33284e-01	1.08589e+00	-5.02940e-03
8.08130e+04	9.51194e+07	8.45423e-01	9.40903e-01	-3.09998e-03
4.26928e+04	9.51620e+07	1.31074e+00	4.89468e+00	-3.22536e-03
1.51086e+04	9.51772e+07	6.35993e-01	2.31181e+00	-5.88280e-03
8.08171e+04	9.52580e+07	9.01893e-01	4.89101e-01	-9.92439e-03
1.45532e+05	9.54035e+07	2.62604e+00	1.22736e+00	-1.71697e-04
6.34749e+04	9.54670e+07	1.44716e+00	5.34770e+00	-6.46964e-03
2.70840e+04	9.54941e+07	3.23885e-01	1.42645e+00	4.86375e-03
9.64554e+04	9.55905e+07	5.18128e-01	5.73742e+00	7.98397e-03
2.29878e+05	9.58204e+07	2.57723e+00	4.04377e+00	-8.13093e-03
3.52314e+04	9.58556e+07	1.91093e+00	1.33843e+00	-6.59677e-03
2.80621e+04	9.58837e+07	8.89210e-01	5.56062e+00	3.57015e-03
3.70664e+04	9.59208e+07	1.17332e+00	4.97515e+00	-7.19979e-03
1.39301e+04	9.59347e+07	3.50894e+00	6.22991e+00	-2.46585e-03
1.58681e+05	9.60934e+07	2.12610e+00	4.30233e+00	-6.62151e-03
2.10921e+04	9.61145e+07	3.01531e+00	1.43414e-01	-4.10186e-03
4.92059e+04	9.61637e+07	8.33690e-01	3.66777e+00	-3.70074e-03
1.32982e+04	9.61770e+07	1.99062e+00	5.84155e+00	-6.77079e-03
2.37006e+04	9.62007e+07	4.71560e-01	3.14955e+00	9.57350e-03
5.04202e+04	9.62511e+07	2.54680e-01	4.60725e+00	-5.05631e-03
1.07612e+04	9.62618e+07	6.05756e-01	5.80051e+00	3.06048e-03
2.20935e+04	9.62839e+07	2.06424e+00	4.14160e+00	-1.40443e-03
1.35340e+04	9.62975e+07	2.44207e+00	4.75884e+00	-7.94065e-04
1.58848e+04	9.63134e+07	3.52251e+00	5.04843e+00	-3.52810e-03
1.87267e+04	9.63321e+07	3.58285e-01	6.01697e-01	5.49992e-03
8.85453e+04	9.64206e+07	6.74972e-01	5.60209e+00	-2.23179e-03
3.28623e+04	9.64535e+07	5.73572e-01	1.48896e+00	-5.68588e-03
3.14902e+04	9.64850e+07	2.72188e-01	6.23365e+00	-1.49382e-03
1.40922e+04	9.64991e+07	8.78590e-01	3.85017e-02	-4.79090e-03
1.02493e+04	9.65093e+07	3.23232e+00	2.35639e+00	-9.50030e-03
4.60119e+05	9.69694e+07	1.46754e+00	1.03316e+00	5.96895e-03
7.50089e+05	9.77195e+07	5.55521e-01	7.80897e-01	-9.02539e-03
3.33095e+04	9.77528e+07	1.76506e+00	6.01835e+00	-5.27606e-04
5.06993e+04	9.78035e+07	2.04570e+00	3.03464e+00	7.45620e-03
1.04379e+04	9.78140e+07	9.48624e-01	1.70941e+00	-9.24755e-03
1.01754e+04	9.78242e+07	8.82731e-01	3.21092e-02	-2.49905e-03
1.70548e+04	9.78412e+07	6.37915e-01	3.24458e+00	-1.89283e-03
1.12423e+04	9.78524e+07	1.63322e+00	4.82211e+00	3.78132e-03
2.38288e+04	9.78763e+07	3.59154e-01	3.19587e+00	-1.31777e-03
1.27207e+04	9.78890e+07	5.60912e-01	3.20490e+00	2.94681e-04
1.40515e+04	9.79031e+07	2.37722e+00	6.22876e+00	3.41215e-04
1.40696e+04	9.79171e+07	1.30561e+00	6.02958e+00	5.99427e-03
3.76466e+04	9.79548e+07	1.05911e+00	6.12200e+00	7.69221e-03
1.30637e+04	9.79678e+07	8.88690e-01	6.13205e+00	-1.04646e-03
1.21314e+04	9.79800e+07	7.39949e-01	5.32176e+00	-4.64112e-04
1.11786e+04	9.79911e+07	9.04588e-01	1.38977e+00	-7.61251e-03
5.67839e+04	9.80479e+07	2.38115e+00	2.88451e-01	-6.12887e-03
1.68229e+04	9.80647e+07	1.18797e+00	5.89042e+00	-4.55552e-03
1.05002e+04	9.80752e+07	1.12337e+00	3.42324e+00	-9.80926e-03
1.25802e+04	9.80878e+07	5.71639e-01	1.04786e+00	3.64717e-03
4.56470e+04	9.81335e+07	6.07847e-01	1.33040e+00	-9.01112e-03
1.95736e+04	9.81530e+07	7.07698e-01	6.22464e+00	-5.47891e-03
1.46361e+04	9.81677e+07	1.84269e+00	1.33082e+00	9.45739e-03
1.33222e+04	9.81810e+07	3.54150e+00	5.21468e+00	9.37806e-05
2.39489e+04	9.82050e+07	3.09717e+00	3.27092e-01	-3.36360e-04
1.00899e+05	9.83059e+07	4.83524e-01	1.18067e-02	-8.78074e-04
7.94126e+04	9.83853e+07	1.62922e+00	4.65875e+00	-7.54164e-03
1.82883e+04	9.84036e+07	1.55994e+00	4.42344e+00	-6.95614e-03
1.34244e+04	9.84170e+07	7.58298e-01	3.85712e+00	7.90275e-05
1.02154e+04	9.84272e+07	2.03641e+00	1.94277e+00	5.69980e-03
1.06483e+04	9.84378e+07	8.01247e-01	2.40957e+00	-3.25385e-03
2.24915e+04	9.84603e+07	4.87265e-01	6.06320e+00	1.53385e-04
1.62776e+04	9.84766e+07	1.18925e+00	5.15069e+00	-1.24171e-03
1.42000e+04	9.84908e+07	2.58426e+00	3.80251e+00	-5.72441e-03
1.52002e+04	9.85060e+07	3.70783e-01	4.36473e+00	8.74432e-03
2.89418e+04	9.85350e+07	4.13226e-01	6.01242e+00	-3.80450e-03
3.37579e+04	9.85687e+07	2.02686e+00	2.56307e-01	8.27027e-03
2.44524e+04	9.85932e+07	3.93457e-01	1.09885e+00	-1.13679e-03
2.45607e+04	9.86177e+07	7.15240e-01	3.60621e+00	-8.65870e-03
2.84443e+05	9.89022e+07	3.89564e+00	9.18328e-01	4.09020e-03
1.19535e+04	9.89141e+07	1.94868e+00	2.26326e+00	-3.25863e-04
1.10196e+04	9.89251e+07	1.17277e+00	1.15911e+00	2.32056e-04
2.26889e+04	9.89478e+07	6.18488e-01	1.24271e+00	8.38106e-03
1.30553e+05	9.90784e+07	8.05564e-02	4.92867e+00	3.57325e-03
2.25512e+04	9.91009e+07	1.85207e+00	2.79095e+00	2.21294e-03
1.46025e+04	9.91155e+07	1.17320e+00	1.07208e+00	9.42054e-03
7.48524e+04	9.91904e+07	2.27646e+00	5.66614e-01	6.44780e-03
1.99529e+04	9.92103e+07	1.06557e+00	1.84645e+00	1.62894e-04
1.33000e+04	9.92236e+07	9.87486e-01	4.92461e+00	2.88852e-03
2.12864e+04	9.92449e+07	1.55483e+00	1.79275e+00	4.98182e-03
1.63284e+04	9.92613e+07	3.25872e+00	3.96383e+00	7.83074e-03
1.27557e+04	9.92740e+07	5.29829e-01	3.62453e+00	7.47007e-04
8.22193e+04	9.93562e+07	3.18375e-01	1.80247e+00	5.15330e-03
1.06719e+04	9.93669e+07	1.44648e+00	5.73626e+00	-4.51326e-03
4.64563e+04	9.94134e+07	1.05512e+00	1.22744e+00	8.19864e-03
4.84662e+04	9.94618e+07	2.99133e+00	4.17754e+00	3.59302e-03
1.52066e+04	9.94770e+07	3.02676e-01	4.01517e+00	9.12606e-03
9.60624e+05	1.00438e+08	1.26364e+00	5.78614e+00	-7.21724e-03
3.04038e+04	1.00468e+08	1.98294e+00	7.51449e-02	-4.58176e-03
1.00946e+04	1.00478e+08	1.44206e+00	2.25760e-01	4.31591e-03
1.55312e+04	1.00494e+08	8.24113e-01	4.51150e+00	1.94680e-03
2.75375e+04	1.00521e+08	2.70380e+00	2.53452e+00	7.70957e-03
1.47351e+04	1.00536e+08	1.09403e+00	1.01230e+00	-1.56431e-03
1.09685e+04	1.00547e+08	7.67045e-01	4.27088e+00	1.38287e-03
1.18701e+04	1.00559e+08	1.23478e+00	2.87720e+00	1.65869e-03
2.88199e+04	1.00588e+08	1.91762e+00	5.84424e+00	2.09912e-03
2.18060e+04	1.00609e+08	1.59102e+00	1.91645e+00	-7.58115e-03
1.12327e+04	1.00621e+08	8.05480e-02	3.72255e+00	-8.21623e-03
1.92939e+04	1.00640e+08	1.59036e+00	2.62591e+00	4.95481e-03
3.26395e+05	1.00966e+08	8.84197e-01	1.57611e+00	-8.29969e-03
2.96089e+04	1.00996e+08	2.45914e+00	4.59215e+00	6.44545e-03
1.77394e+04	1.01014e+08	2.08339e+00	5.04459e+00	4.07896e-03
1.59773e+04	1.01030e+08	3.09551e-01	5.75917e+00	3.17424e-03
5.17932e+04	1.01081e+08	1.46289e+00	3.83975e+00	8.51413e-03
1.40704e+04	1.01096e+08	1.33169e+00	5.70425e+00	-3.31732e-03
1.06272e+04	1.01106e+08	1.92422e+00	2.41100e-01	-7.92014e-04
1.34003e+04	1.01120e+08	1.92929e+00	5.51811e+00	-5.06079e-03
2.59412e+04	1.01146e+08	4.97652e-01	1.26424e+00	6.06983e-03
2.28342e+04	1.01168e+08	1.07023e+00	3.17044e+00	3.22738e-03
1.01130e+04	1.01178e+08	1.61157e+00	5.70113e+00	2.35994e-03
1.93676e+04	1.01198e+08	1.13840e+00	1.42581e+00	-1.76931e-03
1.24793e+04	1.01210e+08	4.58123e-01	6.08929e+00	-8.11621e-03
1.40239e+05	1.01351e+08	1.44567e+00	2.28882e-01	2.85667e-03
1.24921e+04	1.01363e+08	1.25188e+00	4.02326e+00	9.10511e-03
1.07374e+04	1.01374e+08	1.68347e+00	7.92539e-02	-2.78778e-03
1.55011e+04	1.01389e+08	3.27295e+00	4.04728e+00	9.35219e-03
7.90381e+04	1.01468e+08	5.15136e-01	4.13217e+00	-5.75195e-03
2.82983e+04	1.01497e+08	2.84630e+00	7.69309e-01	-2.62825e-03
1.88266e+04	1.01515e+08	9.83671e-01	1.12135e+00	1.38531e-03
8.97117e+04	1.01605e+08	5.60412e-01	1.46804e-01	-1.49102e-03
2.52307e+04	1.01630e+08	2.91019e+00	2.45444e+00	-4.80867e-03
8.67558e+04	1.01717e+08	7.09241e-01	3.46532e+00	-9.06728e-03
1.19209e+04	1.01729e+08	1.86824e+00	6.02805e+00	8.12795e-03
1.25263e+04	1.01742e+08	1.06354e+00	5.88417e+00	7.29900e-03
1.07170e+04	1.01752e+08	1.69624e+00	7.17594e-01	8.54694e-04
1.01493e+04	1.01762e+08	1.57646e+00	1.60955e+00	9.33695e-03
2.80221e+05	1.02043e+08	3.89306e-01	5.24751e+00	-3.39213e-05
1.66670e+04	1.02059e+08	1.54116e+00	1.31522e+00	-1.05223e-03
2.12701e+04	1.02081e+08	2.04701e+00	4.14761e-01	3.11642e-03
1.44617e+04	1.02095e+08	1.07802e+00	3.73189e+00	-3.44422e-03
2.61343e+05	1.02356e+08	2.67105e+00	4.34470e+00	-3.63081e-03
1.52936e+04	1.02372e+08	9.20035e-01	4.89389e+00	-8.46313e-03
1.51670e+04	1.02387e+08	4.12478e-01	3.01536e+00	1.15232e-03
1.21781e+04	1.02399e+08	3.80753e+00	4.97168e+00	-8.96005e-03
7.44561e+04	1.02474e+08	5.74307e-01	4.57459e+00	2.47410e-03
1.22601e+04	1.02486e+08	1.76176e+00	3.36557e+00	-9.53868e-03
1.74070e+04	1.02503e+08	3.29937e-01	4.45876e+00	-9.01487e-03
1.37562e+04	1.02517e+08	4.73272e-01	4.10415e+00	-2.00233e-03
1.73491e+04	1.02534e+08	4.18381e+00	4.25364e+00	9.51111e-04
1.33493e+04	1.02548e+08	8.73089e-01	5.40928e+00	-6.35203e-03
1.66429e+04	1.02564e+08	3.81176e+00	4.77939e+00	-1.85813e-03
2.24086e+05	1.02788e+08	8.90176e-01	5.23156e+00	-7.88022e-03
1.37775e+04	1.02802e+08	1.96372e+00	7.15428e-01	8.79561e-03
2.04336e+04	1.02823e+08	5.22978e-01	3.37958e+00	3.77400e-03
2.88723e+04	1.02851e+08	1.39537e+00	3.69175e+00	7.41669e-03
1.41470e+05	1.02993e+08	4.41909e-01	2.79842e+00	-5.59222e-03
1.41216e+04	1.03007e+08	4.29434e-01	1.68708e+00	8.67737e-04
1.76813e+04	1.03025e+08	7.99840e-01	5.59613e+00	5.00939e-03
9.78989e+05	1.04004e+08	1.58096e+00	1.09626e+00	-5.22778e-03
2.89539e+04	1.04033e+08	8.54898e-01	2.50580e-01	8.31213e-03
1.09737e+04	1.04044e+08	7.07318e-01	3.87365e+00	9.63338e-03
1.08853e+04	1.04055e+08	6.58594e-01	2.55651e+00	8.79210e-03
9.31945e+04	1.04148e+08	2.69101e+00	2.52697e+00	7.69441e-03
2.57513e+04	1.04173e+08	6.41383e-01	4.54031e+00	-6.38867e-06
2.05208e+04	1.04194e+08	2.07936e+00	4.77247e+00	-8.22994e-03
5.58237e+05	1.04752e+08	6.15640e-01	1.36865e+00	-4.29071e-03
1.24895e+04	1.04765e+08	5.38435e-01	3.50137e+00	-9.16000e-03
1.21574e+04	1.04777e+08	2.25419e-01	3.26387e+00	-1.43059e-04
2.83851e+04	1.04805e+08	1.99675e+00	9.54758e-01	-5.35563e-03
7.43298e+04	1.04880e+08	2.32417e+00	5.09011e+00	-7.83091e-03
3.23298e+04	1.04912e+08	2.03708e+00	2.80384e+00	-2.28325e-03
1.08548e+04	1.04923e+08	2.02483e+00	4.22794e+00	-8.33628e-03
1.30083e+04	1.04936e+08	3.06116e+00	2.75646e-01	-1.58441e-03
7.74137e+04	1.05013e+08	6.09001e-01	9.88994e-02	-3.30874e-03
1.31136e+05	1.05144e+08	7.31912e-01	3.19953e+00	8.69570e-03
1.25114e+04	1.05157e+08	7.08809e-01	3.18268e+00	-5.49591e-04
1.39968e+04	1.05171e+08	2.38475e+00	3.99081e+00	7.93724e-03
5.76799e+04	1.05229e+08	2.71613e+00	3.35972e-01	8.19060e-03
9.33926e+04	1.05322e+08	4.01353e+00	4.90084e+00	-4.34790e-03
1.64533e+06	1.06967e+08	8.47267e-01	5.98333e-01	3.09516e-03
1.28601e+05	1.07096e+08	2.74277e+00	3.97722e-01	-1.14085e-03
1.26999e+04	1.07109e+08	2.72746e-01	3.76732e+00	-4.54041e-03
1.04368e+04	1.07119e+08	3.62474e+00	6.26302e+00	-7.22403e-03
4.07106e+04	1.07160e+08	4.83594e-01	5.34642e+00	-5.64996e-03
2.50074e+04	1.07185e+08	2.39030e+00	3.31584e+00	-5.79078e-03
2.57288e+04	1.07210e+08	1.02616e+00	2.44171e+00	-6.80976e-03
1.17210e+05	1.07328e+08	2.83249e+00	1.13292e+00	-1.83658e-03
3.14571e+05	1.07642e+08	2.56585e+00	2.41100e+00	6.45599e-03
2.05344e+04	1.07663e+08	5.50789e-01	5.07287e-01	4.67797e-03
1.58504e+04	1.07679e+08	1.62677e+00	5.64276e+00	4.32100e-03
6.05996e+04	1.07739e+08	8.90743e-01	4.93357e-01	6.23383e-03
1.28189e+04	1.07752e+08	1.30672e+00	6.15009e+00	4.38231e-03
1.32427e+05	1.07884e+08	1.63495e+00	2.37283e+00	-1.35497e-04
1.54993e+04	1.07900e+08	1.60331e+00	3.85230e+00	8.83339e-04
5.17639e+04	1.07952e+08	2.49224e+00	2.73790e+00	4.43623e-03
2.67237e+04	1.07978e+08	3.83542e+00	5.07527e+00	9.49808e-03
1.68421e+04	1.07995e+08	2.67166e+00	1.69233e+00	-9.17703e-03
1.12622e+04	1.08007e+08	2.36273e+00	5.81387e+00	-5.04245e-03
2.33946e+04	1.08030e+08	1.26472e+00	4.35419e+00	9.46262e-05
1.55077e+04	1.08045e+08	4.60340e-01	1.06257e-01	1.78495e-04
1.18942e+04	1.08057e+08	5.44550e-01	1.97883e+00	3.36763e-03
1.26601e+04	1.08070e+08	2.81436e+00	1.89733e+00	-8.65963e-03
1.80737e+05	1.08251e+08	1.05637e+00	3.81481e-01	-7.97866e-04
3.72971e+04	1.08288e+08	1.54916e+00	7.89422e-01	-2.50126e-04
3.42382e+04	1.08322e+08	1.44812e+00	5.51021e+00	7.35528e-03
1.41440e+04	1.08336e+08	2.16483e+00	6.08173e-02	1.99072e-04
4.09906e+04	1.08377e+08	3.15758e-01	1.57714e+00	7.14949e-03
3.39992e+04	1.08411e+08	1.34432e+00	3.46200e+00	1.64039e-04
2.74460e+04	1.08439e+08	1.13777e+00	3.85141e+00	-3.93405e-03
2.14949e+04	1.08460e+08	2.08376e-01	3.79937e-01	8.58457e-03
1.37507e+04	1.08474e+08	2.32366e+00	5.76776e+00	2.81504e-03
2.34711e+04	1.08498e+08	2.17291e+00	6.17226e+00	1.72064e-03
1.37321e+04	1.08511e+08	1.61022e+00	5.52359e+00	1.57888e-03
2.05150e+04	1.08532e+08	2.56323e-01	4.05980e+00	-2.05365e-03
1.03241e+04	1.08542e+08	2.73479e+00	3.31062e+00	-1.89517e-03
9.49140e+04	1.08637e+08	2.79489e-01	1.22712e+00	-2.10555e-04
3.37066e+04	1.08671e+08	1.09992e+00	4.67764e-01	-6.62729e-03
3.69322e+05	1.09040e+08	6.78119e-01	5.08451e-01	-9.75183e-03
1.76650e+04	1.09058e+08	9.72264e-01	4.87799e+00	-7.74154e-03
3.04206e+04	1.09088e+08	5.01495e-01	1.03187e+00	-5.81008e-03
2.21624e+04	1.09110e+08	1.93936e+00	5.22375e+00	9.84298e-03
1.15378e+04	1.09122e+08	8.35031e-01	5.84719e-03	-9.46961e-03
1.96482e+04	1.09141e+08	2.18606e+00	4.76244e+00	-6.57609e-03
3.04389e+04	1.09172e+08	4.28853e-01	4.98195e+00	8.08652e-03
1.18681e+04	1.09184e+08	3.04095e-01	6.12054e+00	-6.87606e-03
2.11603e+05	1.09395e+08	4.12531e-01	5.69526e+00	4.71464e-03
2.54345e+04	1.09421e+08	3.19021e+00	5.65973e+00	1.06977e-03
1.39172e+04	1.09435e+08	2.41899e-01	1.58255e+00	-1.07165e-03
1.19042e+04	1.09447e+08	5.36758e-01	5.22310e+00	-3.11253e-03
7.32757e+04	1.09520e+08	2.76404e+00	3.13263e+00	-6.27243e-03
1.18656e+04	1.09532e+08	7.32866e-01	6.10518e+00	4.92306e-03
1.53473e+04	1.09547e+08	1.25207e-01	8.90192e-01	-2.60095e-03
2.10428e+04	1.09568e+08	7.85822e-01	4.99295e+00	8.65558e-04
1.08687e+05	1.09677e+08	2.45892e+00	5.08091e+00	-4.65287e-03
5.73436e+04	1.09734e+08	5.54986e-01	6.21290e-01	-6.91117e-03
1.05329e+04	1.09745e+08	8.81269e-01	1.32821e-01	1.26454e-03
1.82077e+05	1.09927e+08	9.26466e-01	3.73857e+00	1.20337e-03
2.10880e+04	1.09948e+08	1.71855e+00	5.41607e+00	5.90442e-03
1.86067e+06	1.11809e+08	2.49756e+00	6.18795e+00	-5.51180e-03
2.62786e+04	1.11835e+08	1.53897e+00	1.60239e+00	-8.94634e-04
6.79739e+05	1.12515e+08	8.52214e-01	2.51225e+00	-9.82687e-03
1.83792e+04	1.12533e+08	1.98381e+00	4.36370e+00	3.19672e-03
3.10260e+04	1.12564e+08	9.85545e-01	5.05122e+00	6.76155e-03
1.21042e+04	1.12576e+08	3.84376e-01	5.60324e+00	-7.71977e-03
2.18505e+04	1.12598e+08	2.68636e+00	5.06587e+00	8.90182e-04
5.08705e+04	1.12649e+08	1.70048e+00	4.20810e+00	-2.45270e-03
1.52989e+04	1.12664e+08	2.90093e-01	6.22055e+00	1.52343e-03
1.75826e+04	1.12682e+08	7.69566e-01	3.76331e+00	2.18693e-03
1.16484e+04	1.12693e+08	1.19938e+00	5.37095e+00	-4.23857e-03
1.81606e+05	1.12875e+08	1.01671e+00	2.98983e+00	6.43515e-03
3.67726e+04	1.12912e+08	3.51469e+00	3.54997e+00	-2.31109e-03
1.06906e+04	1.12922e+08	1.01781e+00	2.27615e+00	-7.85109e-03
3.05549e+04	1.12953e+08	1.00462e+00	3.46456e+00	6.87280e-03
2.97858e+04	1.12983e+08	1.12091e+00	2.13756e+00	9.99802e-03
1.83764e+04	1.13001e+08	1.36414e+00	1.96598e+00	-7.45180e-03
5.32077e+04	1.13054e+08	1.27101e+00	6.24889e+00	-4.81961e-04
4.62451e+04	1.13101e+08	8.99295e-01	1.51632e+00	1.90498e-03
5.72914e+04	1.13158e+08	7.08172e-01	1.89878e+00	-8.35788e-03
1.86876e+04	1.13177e+08	2.16990e+00	1.39505e-01	-4.66206e-03
1.09433e+04	1.13188e+08	6.51183e-01	5.55623e+00	-4.05804e-03
6.82261e+04	1.13256e+08	7.33164e-01	3.47081e-01	4.05901e-03
3.11417e+04	1.13287e+08	1.12775e+00	3.44876e+00	-6.14740e-03
1.49849e+04	1.13302e+08	1.29659e+00	6.24647e+00	5.28255e-03
1.95091e+04	1.13321e+08	1.58347e+00	4.16600e+00	-8.20994e-04
1.01436e+04	1.13332e+08	1.53805e+00	5.12500e+00	-7.04087e-03
2.71253e+04	1.13359e+08	1.34476e+00	1.65500e+00	-1.88363e-03
1.08734e+04	1.13370e+08	5.17711e-01	3.26951e+00	1.87554e-03
1.13651e+04	1.13381e+08	6.21711e-01	1.78364e+00	2.04615e-03
1.64611e+04	1.13397e+08	1.60074e+00	3.83690e-01	8.00403e-03
1.61297e+04	1.13413e+08	1.39740e+00	3.53347e+00	6.53052e-03
2.57263e+04	1.13439e+08	2.20855e+00	5.70881e+00	-9.43115e-03
3.90273e+04	1.13478e+08	3.56035e+00	2.57989e+00	6.42885e-03
4.15814e+04	1.13520e+08	1.66111e+00	5.26467e+00	9.61807e-03
4.46617e+04	1.13564e+08	1.70906e+00	1.46601e-01	-8.94682e-03
2.32197e+04	1.13588e+08	1.29247e+00	2.12517e+00	1.70013e-03
1.73664e+04	1.13605e+08	4.57403e-01	3.59512e+00	9.21475e-03
1.34167e+04	1.13618e+08	2.24697e+00	5.10050e+00	2.71763e-03
1.49725e+04	1.13633e+08	2.24492e+00	3.71920e+00	6.72208e-03
4.96104e+05	1.14130e+08	1.21999e+00	4.46487e+00	-7.59461e-03
1.18410e+04	1.14141e+08	1.26696e+00	4.23443e+00	5.87049e-03
1.54637e+04	1.14157e+08	1.75629e-01	8.90083e-02	-6.48077e-03
1.52215e+05	1.14309e+08	8.51175e-01	3.16257e+00	1.70250e-03
5.98671e+04	1.14369e+08	1.52262e+00	1.81241e+00	-4.27910e-03
1.35540e+04	1.14383e+08	8.59145e-01	5.03283e+00	3.27816e-03
1.17519e+04	1.14394e+08	9.45203e-01	2.00673e+00	-9.48881e-05
1.33026e+04	1.14408e+08	1.02224e+00	1.90678e+00	-6.39901e-05
1.81618e+05	1.14589e+08	7.40260e-01	5.57764e+00	-2.45660e-03
1.22649e+04	1.14601e+08	4.49809e-01	4.07977e+00	2.37605e-03
1.46629e+04	1.14616e+08	1.83710e+00	4.05649e+00	-7.34802e-03
1.36577e+05	1.14753e+08	1.41628e+00	3.94186e+00	9.73342e-03
2.97316e+04	1.14782e+08	1.62216e+00	2.19618e+00	-7.17768e-03
1.87038e+04	1.14801e+08	4.74759e-01	6.25452e+00	-1.24196e-03
2.42590e+04	1.14825e+08	2.27656e-01	2.27425e+00	1.19869e-03
1.53052e+04	1.14841e+08	8.69035e-01	1.06218e+00	2.69516e-03
2.58464e+04	1.14867e+08	1.50744e+00	2.09461e+00	-6.00538e-03
2.76415e+04	1.14894e+08	4.13677e-01	2.60163e+00	-5.12137e-03
3.71891e+04	1.14931e+08	3.30025e+00	3.19278e+00	4.86829e-03
1.34172e+04	1.14945e+08	5.92523e-01	1.05597e+00	7.56172e-03
1.18007e+05	1.15063e+08	1.78257e+00	1.94867e-01	4.18808e-03
1.60950e+04	1.15079e+08	1.54132e+00	4.26713e+00	7.47217e-03
1.51398e+04	1.15094e+08	2.36074e+00	1.91805e-01	-7.08945e-04
2.90089e+04	1.15123e+08	1.03506e+00	5.96451e+00	-2.74746e-04
1.28718e+04	1.15136e+08	9.66387e-01	4.96456e+00	2.69070e-03
3.62048e+04	1.15172e+08	1.91639e+00	1.82389e+00	5.81660e-03
2.60376e+05	1.15432e+08	3.10288e+00	4.23941e-01	7.85435e-03
6.02381e+04	1.15493e+08	1.30607e+00	1.09873e+00	1.45058e-03
3.10790e+04	1.15524e+08	4.37044e-01	4.28648e+00	3.75726e-03
4.32032e+04	1.15567e+08	3.09229e+00	5.78148e+00	7.60219e-03
1.06397e+04	1.15578e+08	4.92405e-02	6.22713e+00	9.15963e-04
1.03348e+04	1.15588e+08	2.68144e+00	1.06399e+00	1.97288e-03
1.59171e+04	1.15604e+08	4.69709e-01	5.50583e+00	-1.17415e-03
1.04874e+04	1.15614e+08	1.73829e+00	4.96700e+00	2.85891e-03
4.45121e+04	1.15659e+08	5.92589e-01	5.74099e+00	-6.62252e-03
1.54016e+04	1.15674e+08	2.65268e+00	1.66362e-01	-2.21511e-03
1.57211e+06	1.17246e+08	2.69670e+00	2.45822e+00	1.20279e-03
2.13867e+04	1.17268e+08	1.11018e+00	1.14283e+00	-6.55511e-03
2.79478e+04	1.17296e+08	1.16617e+00	4.87567e+00	8.70206e-03
1.09164e+04	1.17307e+08	1.60501e+00	4.46915e+00	3.63854e-03
3.78583e+04	1.17345e+08	5.44105e-01	1.95013e+00	-7.82179e-03
3.92078e+04	1.17384e+08	1.00813e+00	4.16306e+00	3.50592e-03
3.18515e+04	1.17416e+08	1.82306e+00	1.79049e+00	4.08384e-03
1.02977e+05	1.17519e+08	1.30900e+00	3.56004e+00	-3.21636e-04
2.88799e+04	1.17547e+08	9.09582e-01	1.89935e+00	9.67300e-03
1.60033e+04	1.17563e+08	1.37196e+00	6.05292e-01	1.17306e-04
1.01194e+04	1.17574e+08	3.85477e+00	3.05276e+00	6.60530e-04
1.35681e+04	1.17587e+08	5.03000e-01	2.05787e+00	7.33993e-03
1.34188e+04	1.17601e+08	1.01927e+00	4.98263e+00	5.59475e-03
2.83569e+04	1.17629e+08	3.95171e+00	1.41158e+00	7.43663e-03
3.00020e+04	1.17659e+08	1.43586e+00	3.05756e+00	8.05332e-04
6.21481e+04	1.17721e+08	1.48863e+00	4.46515e+00	4.97401e-03
6.93711e+04	1.17790e+08	2.40427e+00	5.13585e+00	-5.02137e-03
1.44881e+04	1.17805e+08	1.18791e+00	4.74515e+00	-4.41458e-03
2.84828e+04	1.17833e+08	3.90885e+00	2.89794e-01	-2.32969e-03
1.91230e+04	1.17853e+08	1.45036e+00	3.42733e+00	9.22055e-03
2.48920e+04	1.17877e+08	2.82628e+00	3.27031e-01	1.87298e-03
1.04433e+04	1.17888e+08	1.92822e+00	3.74347e+00	-4.66927e-03
1.22145e+04	1.17900e+08	1.71457e+00	3.56682e+00	1.54346e-03
4.23265e+04	1.17942e+08	3.51169e+00	5.34008e-01	8.33302e-03
1.19540e+05	1.18062e+08	2.87663e+00	1.73314e+00	-5.95059e-05
3.15520e+04	1.18093e+08	1.88748e+00	5.45303e+00	6.66530e-03
8.54819e+04	1.18179e+08	4.14124e-01	4.34955e+00	-1.60478e-03
1.22735e+04	1.18191e+08	2.64938e+00	4.81502e+00	9.37311e-03
3.05161e+04	1.18222e+08	1.52844e+00	4.94071e+00	-7.95676e-03
1.27631e+04	1.18235e+08	4.33156e+00	6.57212e-01	-4.00457e-03
5.48061e+04	1.18289e+08	7.28913e-01	1.18544e+00	-2.67513e-03
2.55425e+04	1.18315e+08	1.70630e+00	3.34328e+00	-9.17528e-03
2.29887e+04	1.18338e+08	7.77541e-01	9.71535e-01	6.46194e-03
1.40265e+04	1.18352e+08	4.08276e-01	4.30986e+00	-9.32922e-03
2.10613e+04	1.18373e+08	8.31764e-01	3.26432e+00	-8.30465e-03
3.10486e+05	1.18683e+08	4.25513e+00	5.07313e+00	1.79477e-03
1.52585e+04	1.18699e+08	1.13572e-01	3.78210e+00	-5.17252e-03
1.73582e+04	1.18716e+08	5.98465e-01	5.99964e+00	-5.13438e-03
1.01865e+05	1.18818e+08	3.50877e+00	4.95970e+00	4.26061e-03
3.43847e+04	1.18852e+08	4.81418e-01	5.79725e+00	6.75656e-04
1.20371e+04	1.18864e+08	1.66236e+00	4.31495e+00	7.36467e-03
8.96340e+04	1.18954e+08	1.65342e+00	3.66095e+00	-1.62654e-03
1.00484e+05	1.19054e+08	6.17103e-01	5.80765e+00	3.96934e-03
4.77716e+04	1.19102e+08	2.29561e+00	4.53826e+00	9.18558e-03
4.57065e+04	1.19148e+08	2.46158e+00	4.58472e+00	-1.87694e-03
5.63642e+04	1.19204e+08	2.38178e+00	5.15790e+00	-3.57805e-03
2.57937e+04	1.19230e+08	1.26563e+00	6.03894e+00	-2.59783e-03
1.80721e+04	1.19248e+08	1.72663e+00	2.80241e+00	6.72935e-03
2.65959e+04	1.19275e+08	1.39564e+00	3.98603e+00	1.72862e-03
1.88853e+05	1.19464e+08	1.86753e+00	4.89747e+00	-8.37521e-03
1.11758e+05	1.19575e+08	2.54022e+00	4.44356e-01	-6.92931e-03
1.08524e+04	1.19586e+08	7.29186e-01	3.76382e+00	-7.88282e-03
1.02976e+04	1.19597e+08	9.16743e-01	5.18151e+00	-7.35562e-03
1.04846e+04	1.19607e+08	2.71054e+00	1.87340e+00	9.95580e-03
2.27926e+04	1.19630e+08	3.40288e+00	4.87703e+00	-2.47729e-03
9.17348e+04	1.19722e+08	1.46880e+00	5.40124e+00	-6.76710e-03
1.18044e+04	1.19733e+08	1.13770e+00	4.50899e+00	8.41957e-03
8.76679e+04	1.19821e+08	7.89989e-01	5.19877e+00	-3.63835e-03
5.72003e+04	1.19878e+08	1.07837e+00	2.47942e+00	4.39224e-03
1.53425e+04	1.19894e+08	9.28924e-01	7.79230e-02	-4.51132e-03
3.22578e+04	1.19926e+08	1.21009e+00	4.38934e+00	-3.86311e-03
1.36793e+04	1.19939e+08	1.02011e+00	3.92724e+00	7.04714e-03
1.77625e+04	1.19957e+08	1.61140e+00	1.32189e+00	-4.10309e-03
2.25021e+04	1.19980e+08	7.64291e-01	6.05395e+00	-7.45237e-03
1.76312e+04	1.19997e+08	2.34585e+00	2.60691e+00	-7.83557e-03
2.38738e+04	1.20021e+08	8.33219e-01	5.46079e+00	-8.27714e-03
1.22600e+04	1.20033e+08	1.64152e+00	4.70995e+00	-5.68337e-03
4.02478e+04	1.20074e+08	2.11441e+00	3.25791e+00	-9.44813e-03
5.89334e+04	1.20133e+08	1.47509e+00	5.84352e+00	-8.53696e-03
1.57957e+04	1.20148e+08	4.79050e-01	4.10146e+00	5.50062e-03
9.29609e+04	1.20241e+08	4.43622e-01	2.24531e-01	-3.47599e-03
1.52810e+04	1.20257e+08	3.70795e+00	3.54048e+00	2.88661e-03
3.95181e+04	1.20296e+08	6.75589e-01	4.90256e+00	2.25399e-03
2.75437e+05	1.20572e+08	2.50390e+00	2.21674e+00	-6.26225e-03
1.02636e+04	1.20582e+08	1.55379e+00	1.94625e+00	-2.45297e-03
2.57854e+04	1.20608e+08	1.16723e+00	5.37178e+00	-3.30682e-03
5.08339e+04	1.20659e+08	1.93171e+00	5.44864e+00	1.75563e-03
1.14577e+04	1.20670e+08	2.26264e-01	8.76491e-01	-6.29892e-03
1.20861e+05	1.20791e+08	8.27361e-01	5.69905e+00	-4.19169e-03
2.31068e+05	1.21022e+08	1.00806e+00	4.88306e+00	-2.16095e-03
4.19930e+04	1.21064e+08	1.42535e+00	6.00456e+00	-8.97169e-03
4.73893e+04	1.21111e+08	7.31659e-01	1.74248e+00	1.22234e-03
1.36808e+04	1.21125e+08	4.11317e+00	2.55364e+00	-9.25935e-03
3.33888e+05	1.21459e+08	5.96818e-01	2.72367e+00	-5.93453e-04
1.80191e+04	1.21477e+08	2.30722e+00	6.71643e-01	-2.37352e-03
1.84266e+04	1.21495e+08	7.67854e-01	2.29250e+00	-4.75524e-03
2.39298e+04	1.21519e+08	9.66963e-01	4.99488e-01	8.89635e-03
1.30970e+04	1.21532e+08	2.93623e+00	1.22557e+00	-2.86102e-04
3.82989e+04	1.21571e+08	1.34999e+00	6.16241e+00	5.12813e-04
2.70150e+04	1.21598e+08	3.48440e+00	5.05426e+00	-2.64183e-03
1.12848e+04	1.21609e+08	1.10443e+00	6.01889e+00	7.99211e-03
2.74597e+04	1.21636e+08	1.45251e+00	4.09275e+00	9.44465e-03
7.31719e+05	1.22368e+08	2.37509e+00	6.20597e+00	4.36126e-03
3.23541e+04	1.22400e+08	2.13591e+00	3.18711e+00	-7.86316e-04
4.65749e+04	1.22447e+08	2.58410e+00	5.99288e-01	-1.91002e-03
1.08360e+05	1.22555e+08	1.22263e+00	9.34123e-01	-5.38598e-04
3.16631e+04	1.22587e+08	9.51148e-01	3.33196e+00	-6.74194e-04
1.85515e+04	1.22606e+08	1.87806e+00	4.75961e+00	4.76959e-03
1.65051e+04	1.22622e+08	1.51503e+00	3.63297e+00	-6.69496e-03
1.43067e+04	1.22636e+08	2.67443e+00	6.02713e+00	-7.22739e-03
1.17354e+04	1.22648e+08	1.76870e+00	1.75632e+00	-6.66910e-03
8.33007e+04	1.22731e+08	2.27575e+00	1.24407e+00	-4.19525e-03
1.62378e+04	1.22748e+08	2.06975e+00	3.14499e+00	4.72933e-03
1.85648e+04	1.22766e+08	8.31963e-01	1.75576e+00	-5.85385e-03
1.05299e+05	1.22872e+08	6.57580e-01	4.07430e+00	-9.96178e-03
2.22939e+04	1.22894e+08	1.63161e+00	5.28731e+00	9.07973e-03
1.38560e+04	1.22908e+08	5.70526e-02	2.78127e+00	-9.18122e-03
3.42355e+04	1.22942e+08	1.96024e+00	3.60679e-01	7.22243e-03
4.90018e+04	1.22991e+08	1.81066e+00	5.54825e+00	-6.55469e-03
6.11499e+04	1.23052e+08	1.57774e+00	4.44351e-01	-2.90219e-03
3.29196e+05	1.23381e+08	7.22691e-01	5.81336e+00	-2.76735e-03
1.20862e+05	1.23502e+08	2.30759e+00	1.59203e+00	-4.30593e-03
1.38142e+04	1.23516e+08	1.76873e+00	2.17667e+00	3.68861e-03
3.36744e+04	1.23550e+08	2.25443e+00	6.27290e+00	-9.51616e-03
1.03613e+04	1.23560e+08	1.30651e+00	1.62523e+00	-8.05961e-04
3.56565e+04	1.23596e+08	2.15995e+00	2.88960e-01	-5.32502e-03
1.50538e+04	1.23611e+08	1.74493e+00	2.38191e+00	8.38882e-03
1.95609e+05	1.23806e+08	1.82988e+00	4.19036e+00	1.98147e-03
1.78082e+05	1.23984e+08	2.30822e+00	1.69895e+00	4.21038e-03
4.16731e+04	1.24026e+08	4.48565e+00	4.23740e-01	-9.07285e-03
5.63012e+04	1.24082e+08	1.49949e+00	3.14671e+00	-8.05491e-03
2.64176e+04	1.24109e+08	2.11366e+00	5.31517e-01	-1.91879e-03
1.36805e+04	1.24123e+08	9.40331e-01	2.32359e-01	6.55557e-03
1.14132e+04	1.24134e+08	2.11817e+00	4.38346e+00	4.95199e-03
1.00104e+04	1.24144e+08	4.71951e-02	1.96115e+00	1.11146e-03
1.52397e+04	1.24159e+08	2.93806e+00	3.44699e+00	8.13751e-03
2.03747e+04	1.24180e+08	1.16424e+00	1.17874e+00	-9.42507e-03
1.31543e+04	1.24193e+08	1.43122e-01	4.93584e+00	-9.08699e-03
4.37669e+04	1.24236e+08	8.42154e-01	4.84582e+00	3.93686e-03
3.10422e+04	1.24268e+08	7.41315e-01	5.83230e+00	-2.81588e-03
1.48215e+04	1.24282e+08	3.30304e+00	5.02698e+00	-3.94180e-03
1.18821e+04	1.24294e+08	6.48647e-01	1.35529e+00	-9.89356e-03
2.95434e+04	1.24324e+08	2.15696e+00	1.94669e+00	-6.39447e-03
1.11010e+05	1.24435e+08	6.93575e-01	1.31136e-01	4.53936e-03
2.52676e+05	1.24687e+08	2.16045e+00	4.56706e+00	-9.71966e-03
1.08045e+04	1.24698e+08	2.47322e+00	5.17447e+00	4.70244e-03
1.33463e+06	1.26033e+08	1.11071e+00	3.74945e+00	9.42406e-03
1.65004e+04	1.26049e+08	3.45096e+00	2.71993e+00	6.46522e-03
1.14894e+04	1.26061e+08	1.53054e-01	4.14340e+00	-4.27027e-03
4.11717e+04	1.26102e+08	1.37034e-01	5.56083e-01	-3.53032e-03
2.61344e+04	1.26128e+08	3.09453e+00	2.20475e+00	4.54527e-03
1.26507e+04	1.26141e+08	3.45966e+00	2.38506e+00	-1.58778e-03
1.49828e+04	1.26156e+08	8.33493e-01	5.97982e+00	-5.82849e-03
3.51993e+04	1.26191e+08	1.96775e+00	5.17805e+00	3.70614e-03
1.68157e+04	1.26208e+08	1.39690e+00	5.05844e+00	5.74416e-03
4.21264e+04	1.26250e+08	2.21933e+00	2.05231e-01	-5.52890e-03
2.85667e+04	1.26279e+08	1.69881e+00	3.20348e+00	-5.83190e-03
3.98560e+04	1.26318e+08	4.30801e-01	5.56014e+00	-5.14153e-03
5.18714e+04	1.26370e+08	1.21975e+00	4.57557e+00	-7.93980e-03
1.20517e+04	1.26382e+08	1.77941e+00	2.54846e+00	4.51630e-03
2.57877e+04	1.26408e+08	1.06433e+00	4.86142e+00	-5.01076e-03
1.87278e+04	1.26427e+08	2.03347e+00	3.28058e+00	-7.38158e-03
1.59430e+04	1.26443e+08	1.92027e-01	2.68851e+00	5.34556e-03
8.24662e+04	1.26525e+08	5.60296e-01	5.84638e+00	1.39922e-04
1.18938e+04	1.26537e+08	3.65963e+00	1.35183e+00	-3.81578e-03
2.04374e+04	1.26558e+08	3.43628e+00	5.70509e+00	-5.17363e-03
1.14962e+04	1.26569e+08	1.03302e+00	4.65216e+00	7.22241e-04
2.35651e+04	1.26593e+08	2.68572e+00	5.91932e+00	5.57921e-03
1.12346e+04	1.26604e+08	6.99859e-02	4.93451e+00	-7.12059e-03
4.10537e+04	1.26645e+08	1.26549e+00	4.14991e+00	-1.18168e-03
1.07889e+04	1.26656e+08	7.83605e-01	1.09371e+00	-8.43551e-03
1.55304e+04	1.26671e+08	5.25287e-01	1.91059e+00	-2.54586e-04
1.35029e+04	1.26685e+08	9.53759e-01	3.09724e-01	-2.56530e-03
1.13824e+04	1.26696e+08	1.03534e+00	1.73775e+00	8.51266e-03
8.45602e+04	1.26781e+08	1.27531e+00	2.95491e+00	5.61956e-03
2.63627e+04	1.26807e+08	1.97184e+00	2.84294e+00	-6.63667e-03
1.67564e+04	1.26824e+08	8.20090e-01	3.91835e+00	8.20852e-03
5.10901e+04	1.26875e+08	2.52591e-01	6.09100e+00	3.41534e-04
3.20418e+04	1.26907e+08	2.06747e+00	1.87812e+00	9.07678e-04
2.91155e+04	1.26936e+08	4.18769e-01	3.30404e+00	-7.83480e-03
1.16582e+04	1.26948e+08	9.60233e-01	1.84168e+00	-4.23738e-03
5.84868e+04	1.27006e+08	2.15102e-01	2.88831e+00	8.99398e-03
1.40794e+04	1.27020e+08	6.42403e-01	4.99920e+00	-7.87701e-03
4.20630e+04	1.27062e+08	2.28556e-01	2.00858e+00	-5.38525e-03
1.58394e+05	1.27221e+08	1.12946e+00	2.60955e+00	-6.25553e-03
1.25966e+04	1.27233e+08	1.00339e+00	1.58165e+00	3.93074e-03
3.34989e+04	1.27267e+08	8.17275e-01	1.46087e+00	-1.27108e-03
1.24293e+05	1.27391e+08	1.39349e+00	2.56332e+00	7.30303e-03
1.18589e+04	1.27403e+08	1.40935e+00	3.33502e+00	4.79893e-03
1.10362e+04	1.27414e+08	1.62865e+00	6.11360e+00	8.51928e-03
2.96518e+04	1.27444e+08	1.54089e+00	2.66574e+00	4.45697e-04
7.81188e+04	1.27522e+08	1.94623e+00	4.32437e+00	6.80223e-03
1.69123e+04	1.27539e+08	2.59378e+00	1.46152e+00	6.85951e-03
3.86629e+05	1.27925e+08	3.86424e+00	3.24870e+00	1.17924e-03
1.12262e+06	1.29048e+08	1.42010e+00	3.41602e+00	5.20883e-03
1.07051e+04	1.29059e+08	1.47729e+00	3.82668e+00	8.17319e-03
5.35078e+05	1.29594e+08	2.40228e-01	7.71694e-01	-4.14225e-03
1.93359e+04	1.29613e+08	3.20368e+00	2.00483e+00	5.29517e-03
1.93070e+04	1.29632e+08	1.98518e+00	7.49265e-01	-3.05038e-03
1.01579e+04	1.29643e+08	2.26046e+00	3.47255e+00	9.97465e-03
6.45849e+04	1.29707e+08	2.43233e+00	1.06469e+00	-4.45181e-04
4.93634e+05	1.30201e+08	9.28554e-01	2.92968e+00	5.90580e-03
1.32797e+04	1.30214e+08	2.43507e-01	6.12847e+00	-2.58182e-03
2.31191e+04	1.30237e+08	2.48922e-01	6.23714e+00	2.86274e-03
2.01472e+04	1.30257e+08	6.67292e-01	2.24374e+00	-6.74930e-03
3.00343e+05	1.30558e+08	3.89932e+00	1.69233e+00	2.81052e-03
5.17942e+04	1.30609e+08	3.53344e-01	5.33085e+00	-7.88590e-03
7.79991e+04	1.30687e+08	9.00318e-01	2.26224e+00	3.86616e-03
1.96445e+04	1.30707e+08	1.67327e+00	9.63042e-01	9.12913e-04
1.44204e+04	1.30721e+08	4.58183e-01	5.53096e+00	2.52291e-03
4.05791e+05	1.31127e+08	1.42139e+00	5.12227e+00	-3.48222e-03
1.84360e+04	1.31146e+08	8.72529e-01	6.15119e+00	-5.73570e-03
1.46081e+04	1.31160e+08	1.09921e+00	5.58913e+00	7.92319e-03
5.04343e+04	1.31211e+08	1.53788e+00	3.11740e+00	-5.92260e-03
3.57540e+04	1.31247e+08	1.63892e+00	5.20284e+00	4.68717e-03
1.14400e+04	1.31258e+08	1.68486e+00	2.79119e+00	9.63123e-04
1.22886e+04	1.31270e+08	2.17567e+00	6.10155e+00	-9.54668e-03
1.05047e+04	1.31281e+08	6.71719e-01	3.40515e+00	5.93242e-03
1.38462e+04	1.31295e+08	1.38631e+00	1.07686e+00	-8.51114e-03
4.61098e+04	1.31341e+08	2.67859e+00	4.10461e+00	6.72777e-03
1.01047e+04	1.31351e+08	2.98319e+00	1.96344e+00	-5.99800e-03
1.00787e+04	1.31361e+08	5.14839e-01	1.86618e+00	-4.18974e-03
1.51439e+04	1.31376e+08	8.00644e-01	3.31907e+00	-9.42878e-03
4.69786e+04	1.31423e+08	2.10477e+00	3.16863e+00	1.78025e-03
1.71706e+05	1.31595e+08	3.21440e-01	5.41832e+00	9.83917e-03
2.46692e+05	1.31841e+08	1.80734e+00	4.55379e+00	-3.63419e-03
7.36401e+04	1.31915e+08	7.32983e-01	5.55672e+00	-2.70898e-03
1.33438e+04	1.31928e+08	1.33476e+00	6.22579e+00	-5.61487e-03
1.84702e+04	1.31947e+08	1.39631e+00	4.23065e+00	-5.41980e-03
1.73684e+04	1.31964e+08	3.16344e+00	1.86471e+00	-4.59378e-03
3.17436e+04	1.31996e+08	1.03626e+00	3.88122e+00	3.57462e-03
1.10745e+04	1.32007e+08	7.27804e-01	5.04330e+00	6.71384e-03
1.73835e+04	1.32024e+08	1.33534e+00	2.57488e+00	2.56843e-03
1.85457e+04	1.32043e+08	2.33239e+00	2.01134e+00	8.55748e-03
1.00204e+04	1.32053e+08	9.99297e-01	3.34216e+00	9.35265e-03
2.75208e+04	1.32081e+08	1.76304e+00	1.35895e+00	-6.12198e-03
1.83562e+04	1.32099e+08	1.56932e+00	2.92247e+00	9.18798e-03
1.83921e+04	1.32117e+08	9.88100e-02	4.13356e+00	5.04263e-03
1.85265e+04	1.32136e+08	3.91835e+00	2.34047e+00	-6.57250e-03
1.75192e+04	1.32153e+08	1.81657e+00	5.02216e+00	-8.51639e-05
8.39823e+05	1.32993e+08	1.64149e+00	2.73147e+00	-8.01115e-03
1.13962e+04	1.33005e+08	1.90213e+00	1.94190e-01	-3.92932e-03
5.93568e+04	1.33064e+08	1.27779e+00	3.89750e+00	-6.39590e-03
1.65739e+04	1.33080e+08	1.95747e+00	5.75172e+00	-5.99635e-03
1.28479e+04	1.33093e+08	6.97431e-01	3.98048e+00	-7.10070e-03
1.86187e+04	1.33112e+08	7.74057e-01	3.26752e+00	-1.15172e-04
2.46395e+04	1.33137e+08	1.35679e+00	4.94447e+00	1.88334e-03
3.28308e+04	1.33169e+08	3.65834e+00	4.12637e+00	2.23718e-03
1.78555e+04	1.33187e+08	6.31589e-01	3.42732e+00	6.05165e-03
1.99387e+04	1.33207e+08	1.94451e+00	3.24972e+00	-6.30818e-03
3.01047e+04	1.33237e+08	3.02423e+00	9.06114e-01	2.81442e-03
1.08028e+04	1.33248e+08	2.13249e+00	2.20308e+00	6.15192e-03
1.15117e+04	1.33260e+08	1.68291e+00	6.15023e+00	2.29975e-03
1.39902e+04	1.33274e+08	2.90529e+00	1.78896e+00	-3.57383e-03
5.07630e+05	1.33781e+08	2.74833e+00	5.42863e-01	-8.76188e-03
1.03794e+04	1.33792e+08	8.53705e-01	1.37029e+00	-6.93069e-03
2.34347e+04	1.33815e+08	8.62647e-01	1.31665e+00	-3.07188e-03
2.03076e+04	1.33835e+08	3.55437e-01	4.85609e+00	5.89767e-03
1.03171e+04	1.33846e+08	1.65203e+00	1.58300e+00	-4.71145e-03
1.37043e+04	1.33859e+08	6.31493e-01	6.16670e-01	-8.44803e-03
1.00148e+04	1.33869e+08	3.45794e+00	4.57739e+00	4.15689e-03
2.34292e+04	1.33893e+08	2.09066e+00	1.66281e-01	-5.74737e-03
1.15938e+04	1.33904e+08	2.18275e-01	4.79784e+00	7.42410e-03
2.82238e+04	1.33933e+08	3.46150e+00	1.05218e+00	2.29081e-03
1.11967e+04	1.33944e+08	6.83386e-01	5.04754e+00	-7.27043e-03
1.04227e+04	1.33954e+08	4.41820e-01	5.98363e-01	2.68506e-03
6.59910e+04	1.34020e+08	1.16779e+00	2.41138e+00	2.26677e-04
6.65110e+04	1.34087e+08	1.59531e+00	5.13511e+00	-9.62117e-03
1.36540e+04	1.34100e+08	3.18768e+00	5.78939e+00	-8.32580e-04
3.85062e+05	1.34485e+08	8.57020e-01	8.16808e-01	-1.12257e-03
1.79595e+05	1.34665e+08	2.99721e+00	4.59332e+00	-4.97628e-03
6.29634e+04	1.34728e+08	8.33547e-01	6.19194e+00	4.21936e-03
1.29427e+04	1.34741e+08	1.63007e+00	1.29055e+00	-2.98295e-03
3.57197e+04	1.34777e+08	6.51151e-01	4.23734e+00	9.63546e-03
6.27899e+05	1.35405e+08	7.31006e-01	5.35110e+00	-8.72176e-04
1.26405e+04	1.35417e+08	3.67182e+00	6.09731e+00	-7.59366e-03
1.54266e+04	1.35433e+08	1.01945e+00	6.12867e+00	-6.98409e-04
2.59140e+04	1.35459e+08	1.95005e+00	1.91125e+00	-7.87763e-03
2.02027e+04	1.35479e+08	1.19005e+00	3.45031e+00	5.08222e-03
2.03855e+05	1.35683e+08	2.71500e-01	3.18487e+00	-8.34786e-03
2.05279e+04	1.35703e+08	6.48410e-01	5.89768e+00	-3.37935e-04
3.33891e+04	1.35737e+08	1.34303e+00	2.39430e+00	2.90195e-03
5.25803e+05	1.36262e+08	8.00401e-01	4.90989e+00	-2.02816e-03
1.28193e+05	1.36391e+08	1.46336e+00	4.33185e+00	-4.45795e-04
4.94586e+04	1.36440e+08	2.11341e-01	7.05455e-01	-9.29201e-03
1.01794e+05	1.36542e+08	2.46226e+00	5.71209e-01	7.43095e-03
1.29068e+04	1.36555e+08	2.99868e+00	1.27672e+00	7.71269e-03
1.34900e+05	1.36690e+08	2.91657e-01	2.42989e-02	-1.67669e-03
2.10562e+04	1.36711e+08	6.20073e-01	2.31887e+00	2.82039e-04
1.56084e+04	1.36726e+08	1.69835e+00	2.38706e+00	6.17008e-03
1.93473e+04	1.36746e+08	9.77248e-01	2.88198e+00	9.59504e-03
1.23446e+04	1.36758e+08	7.84059e-01	1.09245e+00	4.89515e-03
1.73021e+04	1.36775e+08	1.76281e+00	6.53828e-01	5.89277e-03
1.43723e+04	1.36790e+08	1.28116e+00	5.26132e+00	-5.24366e-03
3.43104e+04	1.36824e+08	1.47615e-01	2.84849e+00	3.32704e-04
1.08314e+04	1.36835e+08	1.27232e+00	5.60047e+00	-7.67533e-03
1.56545e+04	1.36850e+08	2.52463e+00	5.58236e-01	-9.68168e-03
1.08940e+04	1.36861e+08	2.68739e-01	2.16687e+00	2.91208e-03
1.62870e+04	1.36878e+08	1.03507e+00	5.10929e+00	-4.49386e-03
1.46241e+04	1.36892e+08	1.81726e+00	5.69707e+00	-7.98676e-03
1.73940e+04	1.36910e+08	4.20172e-01	2.82280e+00	-3.39088e-03
1.94356e+04	1.36929e+08	4.76537e-01	3.60284e+00	2.42773e-04
1.66059e+04	1.36946e+08	1.32650e+00	1.77597e-01	-4.10101e-04
3.12144e+04	1.36977e+08	3.24350e+00	4.65173e-01	9.78857e-03
3.81543e+04	1.37015e+08	1.29787e+00	5.65173e+00	-5.47040e-03
2.55486e+04	1.37041e+08	5.65003e-01	1.93456e+00	9.68018e-03
1.64758e+04	1.37057e+08	2.60011e-01	4.19277e-01	-4.77548e-04
3.60162e+04	1.37093e+08	1.94800e+00	5.03986e-01	-7.06134e-03
3.03587e+04	1.37123e+08	3.75882e-01	3.83872e+00	3.16477e-03
1.12226e+05	1.37236e+08	3.58660e+00	1.59657e+00	8.83133e-03
2.65974e+04	1.37262e+08	1.67740e+00	3.04313e+00	-2.80552e-03
4.51568e+04	1.37307e+08	9.77844e-01	2.35425e+00	8.69347e-03
2.09447e+04	1.37328e+08	2.65893e+00	5.38301e+00	-2.10119e-03
1.93768e+04	1.37348e+08	5.80629e-01	1.84182e+00	-8.32631e-03
1.45411e+05	1.37493e+08	1.02690e+00	4.05567e+00	5.96124e-03
3.10467e+04	1.37524e+08	9.05910e-01	5.68348e-01	-7.91513e-03
3.02986e+04	1.37554e+08	4.04482e+00	6.10578e+00	3.92663e-03
1.12879e+04	1.37566e+08	2.75200e+00	2.80275e+00	-5.32389e-03
1.37408e+04	1.37580e+08	1.25668e+00	2.78044e+00	9.09357e-03
1.16643e+04	1.37591e+08	1.49481e+00	3.20473e+00	7.18928e-04
3.85488e+04	1.37630e+08	7.57494e-01	1.21321e+00	8.49880e-03
2.20994e+04	1.37652e+08	7.06528e-01	4.47320e+00	-4.03397e-03
3.57591e+04	1.37688e+08	5.02171e-01	9.48041e-01	-3.21953e-03
1.29670e+04	1.37701e+08	1.01990e+00	5.61953e-01	9.04210e-03
2.09842e+04	1.37722e+08	1.35338e+00	3.17952e+00	-9.19467e-03
9.68166e+04	1.37818e+08	3.44125e+00	5.55282e+00	-6.02182e-03
1.01838e+04	1.37829e+08	1.67261e+00	5.72291e+00	7.19421e-04
1.80334e+04	1.37847e+08	8.51087e-01	4.80277e+00	6.51477e-03
1.50653e+04	1.37862e+08	3.05799e+00	9.82428e-01	-6.57684e-03
2.10833e+05	1.38072e+08	1.54725e+00	1.63808e-02	-1.27772e-03
1.00036e+04	1.38082e+08	9.13831e-01	2.70095e-02	7.55202e-04
8.75178e+04	1.38170e+08	2.56969e-01	4.91395e+00	1.23491e-03
2.11615e+04	1.38191e+08	1.30106e+00	4.14466e+00	-3.45582e-03
1.03148e+04	1.38201e+08	1.66178e+00	1.76571e+00	7.21369e-03
6.59007e+05	1.38860e+08	1.34442e+00	5.14887e+00	-7.15438e-03
3.50198e+04	1.38896e+08	1.15684e+00	1.59416e+00	3.69103e-03
1.06258e+04	1.38906e+08	1.57057e+00	8.10095e-01	4.85439e-03
4.87960e+04	1.38955e+08	2.78423e+00	1.42011e+00	9.31005e-03
4.85143e+04	1.39003e+08	1.76961e+00	2.61230e+00	7.49622e-03
1.43622e+04	1.39018e+08	2.10960e+00	3.01951e+00	-5.82990e-03
1.42085e+04	1.39032e+08	1.81609e+00	1.55312e+00	7.32497e-03
1.80050e+04	1.39050e+08	1.19500e+00	5.02710e+00	-6.34323e-03
1.89051e+04	1.39069e+08	3.06570e+00	3.52181e+00	4.51340e-03
1.05697e+04	1.39079e+08	2.28381e+00	8.29556e-01	4.73359e-03
5.79099e+05	1.39659e+08	9.37835e-01	2.44737e+00	-4.07530e-03
1.48538e+04	1.39673e+08	6.83819e-01	5.44233e+00	-6.04034e-03
2.66769e+04	1.39700e+08	3.34061e+00	6.10884e+00	-3.95747e-03
9.21476e+04	1.39792e+08	8.95268e-01	3.83709e+00	4.89218e-03
1.17451e+04	1.39804e+08	3.85879e+00	9.02788e-01	2.79980e-04
2.69726e+04	1.39831e+08	1.18291e+00	5.10510e+00	-7.11016e-03
2.40023e+04	1.39855e+08	9.45089e-01	5.10634e+00	-2.23874e-03
2.08819e+04	1.39876e+08	4.18281e+00	4.04392e+00	-4.16920e-03
7.95334e+04	1.39955e+08	9.19977e-01	6.17861e+00	2.44244e-03
1.27440e+04	1.39968e+08	2.41267e+00	2.42165e+00	-3.69748e-03
3.31309e+04	1.40001e+08	5.42046e-01	3.01036e+00	3.48036e-03
2.62774e+04	1.40028e+08	1.92620e+00	6.18126e+00	3.32532e-03
2.51094e+04	1.40053e+08	2.76365e+00	5.79912e+00	-5.90882e-03
1.01779e+04	1.40063e+08	5.21140e-01	2.99026e+00	2.33413e-03
2.02228e+04	1.40083e+08	1.99483e+00	2.43238e+00	-1.34772e-03
6.74171e+04	1.40150e+08	7.95446e-01	1.28586e+00	3.93920e-03
2.94398e+04	1.40180e+08	1.91276e+00	3.46671e+00	6.68387e-03
3.22312e+04	1.40212e+08	4.05428e+00	9.44822e-01	-3.56831e-03
3.19474e+04	1.40244e+08	1.23963e+00	4.32105e-01	9.40010e-03
3.66586e+04	1.40281e+08	1.71050e+00	2.63403e+00	-4.74926e-03
1.31425e+04	1.40294e+08	1.44434e+00	5.46180e-01	-5.96513e-03
2.51058e+04	1.40319e+08	2.75470e+00	4.14210e+00	4.40857e-03
1.24010e+04	1.40331e+08	1.02251e+00	3.12313e-02	-3.94839e-03
1.64346e+04	1.40348e+08	6.73140e-01	3.59285e+00	-4.91900e-03
2.19221e+04	1.40370e+08	1.03327e+00	8.08882e-02	-6.55259e-03
1.77852e+04	1.40388e+08	3.93497e+00	5.44431e+00	4.75902e-03
1.05467e+05	1.40493e+08	5.62911e-01	3.60194e+00	9.83010e-05
1.15263e+04	1.40505e+08	7.00640e-01	2.10969e+00	-6.20036e-03
4.31956e+04	1.40548e+08	1.24035e+00	2.70597e+00	9.59593e-03
4.02765e+04	1.40588e+08	1.81436e+00	3.93741e-02	-8.96630e-03
3.86733e+04	1.40627e+08	6.57666e-01	4.95481e+00	8.91379e-03
3.22086e+04	1.40659e+08	1.20461e+00	7.18318e-01	-4.06272e-03
3.26243e+04	1.40692e+08	4.33506e-01	4.86049e+00	4.12869e-03
1.98737e+04	1.40711e+08	1.18884e+00	8.26511e-01	9.59564e-03
2.08973e+04	1.40732e+08	8.18140e-01	2.18478e+00	-1.07747e-03
2.99834e+04	1.40762e+08	1.58056e+00	1.21843e+00	7.95674e-03
1.11280e+04	1.40773e+08	6.58784e-01	5.64023e+00	3.90586e-03
2.00398e+04	1.40793e+08	8.32535e-01	4.56153e+00	-9.90933e-03
2.17913e+04	1.40815e+08	9.57436e-01	2.54019e+00	-8.29830e-04
2.68946e+04	1.40842e+08	5.88781e-01	9.32809e-01	1.04426e-03
1.86868e+04	1.40861e+08	1.60625e+00	3.32627e+00	-8.86883e-03
1.35306e+04	1.40874e+08	2.37167e-01	7.75105e-01	-2.90935e-03
1.08847e+04	1.40885e+08	3.27789e+00	2.87242e+00	2.27910e-03
3.49226e+04	1.40920e+08	3.72240e+00	2.86452e+00	9.68384e-03
2.60139e+04	1.40946e+08	1.62940e+00	4.55339e+00	-5.17886e-03
3.45999e+04	1.40981e+08	2.26983e-01	3.36603e+00	5.51920e-03
4.88273e+05	1.41469e+08	4.01426e+00	1.23292e+00	-8.66462e-03
2.34045e+04	1.41492e+08	1.14579e+00	9.14932e-01	-6.92320e-03
1.34580e+05	1.41627e+08	5.09473e-01	1.01310e+00	7.43715e-03
1.29838e+04	1.41640e+08	1.18219e+00	6.44578e-01	6.04255e-03
3.27930e+04	1.41673e+08	7.19565e-01	1.55999e+00	-8.58896e-03
2.34056e+04	1.41696e+08	4.13144e-01	3.47803e+00	6.91692e-03
3.30339e+04	1.41729e+08	2.39344e-01	1.74964e+00	-6.12962e-03
1.61551e+04	1.41745e+08	5.38269e-01	5.99345e+00	8.46444e-03
3.63510e+04	1.41782e+08	2.65137e+00	2.04385e+00	-9.49005e-03
1.11380e+04	1.41793e+08	5.82832e-01	1.67404e+00	2.59717e-03
3.47098e+04	1.41828e+08	1.29662e+00	1.33324e+00	-7.42897e-04
4.59033e+05	1.42287e+08	2.25295e+00	2.43337e+00	9.84964e-03
1.16567e+04	1.42298e+08	4.65676e-01	4.22124e+00	6.28441e-03
5.25883e+04	1.42351e+08	2.40511e+00	4.98771e-01	2.44769e-03
1.46008e+04	1.42365e+08	7.46133e-01	6.07894e+00	8.65761e-03
1.15625e+05	1.42481e+08	2.49882e+00	9.88548e-01	-2.88149e-03
1.76849e+04	1.42499e+08	1.22144e-01	4.99842e+00	3.66181e-03
2.01524e+04	1.42519e+08	5.44384e-01	2.93317e+00	4.47197e-03
2.02675e+04	1.42539e+08	9.60175e-01	5.32366e+00	6.33008e-03
1.44649e+04	1.42554e+08	2.44604e+00	1.88293e+00	8.66680e-03
2.57781e+04	1.42579e+08	1.31687e+00	8.62834e-01	-5.31691e-03
9.61369e+04	1.42676e+08	4.20773e+00	5.01733e+00	-5.61276e-03
1.06375e+04	1.42686e+08	4.24218e-01	5.36793e+00	8.52800e-03
2.57294e+04	1.42712e+08	9.65685e-01	5.66251e+00	8.08372e-03
2.95555e+04	1.42742e+08	3.13454e-01	1.38969e+00	-3.77066e-03
2.43752e+04	1.42766e+08	1.61593e+00	2.27688e+00	-5.24704e-03
1.19015e+04	1.42778e+08	4.39606e-01	2.04811e+00	8.52339e-03
4.88688e+04	1.42827e+08	5.84964e-01	2.12048e+00	6.76873e-03
1.73033e+04	1.42844e+08	6.79839e-01	7.68427e-01	1.26019e-03
3.12576e+04	1.42875e+08	7.32507e-01	8.18228e-01	-8.71713e-03
1.36063e+05	1.43011e+08	5.35660e-01	2.01854e+00	1.44684e-03
1.16359e+04	1.43023e+08	6.50923e-01	1.54757e+00	4.67286e-03
1.15818e+04	1.43034e+08	1.87955e+00	1.22330e+00	-1.86952e-03
5.49178e+04	1.43089e+08	3.02915e+00	5.53065e-01	-5.94240e-03
2.09043e+04	1.43110e+08	2.72269e-01	1.85143e+00	-6.04982e-03
3.23299e+05	1.43434e+08	1.58713e+00	5.48631e+00	-1.07843e-03
5.08177e+04	1.43484e+08	1.54677e+00	4.05516e+00	-1.70676e-03
1.24774e+05	1.43609e+08	1.93710e+00	3.51047e+00	-1.51938e-03
1.22469e+04	1.43621e+08	2.37396e+00	4.72514e+00	-8.75991e-03
1.20655e+04	1.43634e+08	2.08384e+00	5.61772e+00	8.84856e-03
1.70110e+04	1.43651e+08	1.79376e+00	6.07966e+00	-6.15541e-03
1.87412e+05	1.43838e+08	1.36971e+00	3.74845e+00	2.92312e-03
9.46255e+04	1.43933e+08	8.95648e-01	4.94002e-01	1.43540e-03
4.79161e+04	1.43980e+08	6.34615e-01	3.55550e+00	5.64539e-03
2.37530e+04	1.44004e+08	8.89131e-01	8.29429e-01	-9.10711e-03
2.66877e+04	1.44031e+08	1.99090e+00	3.87835e+00	-8.83244e-03
1.04508e+04	1.44041e+08	1.37134e+00	3.44308e+00	-9.44502e-05
5.41632e+04	1.44096e+08	1.71998e+00	3.52623e+00	-2.33568e-04
1.03098e+04	1.44106e+08	1.98118e+00	2.61761e-01	4.28591e-03
1.42750e+04	1.44120e+08	1.28710e+00	4.47262e+00	-7.08242e-03
2.24085e+04	1.44143e+08	5.33776e-01	5.57083e+00	2.58249e-04
4.16417e+04	1.44184e+08	1.95665e-01	3.41733e+00	1.90433e-03
1.30419e+04	1.44197e+08	5.57829e-01	4.24047e+00	-4.30981e-03
1.26042e+04	1.44210e+08	2.21394e+00	2.96676e+00	-2.74487e-03
1.58765e+04	1.44226e+08	3.95277e-01	5.85312e+00	-9.09314e-03
1.36598e+05	1.44362e+08	1.15157e+00	1.06904e-01	-5.50443e-04
9.47916e+04	1.44457e+08	1.91031e+00	5.67450e-01	9.39411e-03
4.01547e+04	1.44497e+08	2.64899e-01	2.61180e+00	3.89428e-03
3.04012e+04	1.44528e+08	2.06111e-01	5.11551e+00	-2.48045e-03
2.96012e+04	1.44557e+08	4.53622e-01	6.22138e+00	9.69905e-03
4.42133e+04	1.44601e+08	6.52698e-01	2.07730e+00	6.28863e-03
1.38566e+05	1.44740e+08	7.36618e-01	3.07694e-01	-5.56194e-03
1.21952e+04	1.44752e+08	4.26054e-01	2.96898e+00	-6.43686e-03
6.87065e+04	1.44821e+08	3.53290e+00	2.93253e+00	1.40641e-05
1.20706e+04	1.44833e+08	5.57223e-01	9.71803e-01	1.19682e-03
1.76882e+04	1.44851e+08	4.20534e+00	4.09144e+00	-8.20581e-03
6.47142e+04	1.44915e+08	2.69519e+00	2.43204e+00	3.87294e-03
2.53409e+04	1.44941e+08	3.73187e+00	4.90914e+00	-2.36728e-03
1.58276e+04	1.44957e+08	1.16478e+00	2.19396e+00	2.68702e-04
7.05203e+05	1.45662e+08	2.49304e-01	4.25392e+00	-3.32312e-03
2.49915e+04	1.45687e+08	1.02456e+00	3.93421e+00	6.18523e-03
3.32519e+04	1.45720e+08	3.06755e+00	2.35350e+00	-8.58532e-03
1.93817e+04	1.45739e+08	1.43859e+00	3.56420e+00	-6.24351e-03
1.69298e+04	1.45756e+08	2.68918e+00	2.30158e+00	-6.97110e-03
2.35010e+04	1.45780e+08	1.64983e+00	4.55806e+00	8.68626e-03
5.49129e+05	1.46329e+08	1.19052e+00	3.23421e+00	-3.68590e-03
2.93838e+04	1.46358e+08	1.78459e+00	4.52288e+00	-1.99503e-03
1.52804e+04	1.46374e+08	3.05863e+00	4.45246e+00	-9.02637e-03
3.28156e+05	1.46702e+08	8.71413e-01	1.29458e+00	-1.86157e-03
9.86605e+04	1.46800e+08	9.62279e-01	2.32283e+00	-7.54249e-03
1.86325e+04	1.46819e+08	4.62810e-01	3.52495e+00	-5.97482e-03
1.49833e+04	1.46834e+08	2.67084e+00	4.66092e+00	4.69296e-03
1.94303e+04	1.46853e+08	9.80308e-02	5.06586e+00	-9.55485e-03
5.51903e+04	1.46909e+08	6.85670e-01	1.11992e+00	4.85648e-03
2.63012e+04	1.46935e+08	1.85534e+00	2.19568e+00	-7.18167e-03
2.36253e+04	1.46959e+08	9.53178e-01	6.23462e+00	-9.04308e-03
2.42930e+04	1.46983e+08	6.21160e-01	1.03895e+00	-5.89438e-04
8.44921e+04	1.47067e+08	8.11589e-01	1.83147e-01	-9.83396e-03
5.46612e+04	1.47122e+08	1.13388e+00	2.26425e+00	8.86146e-03
2.33187e+04	1.47145e+08	1.05770e+00	2.31744e+00	2.92378e-03
3.18649e+04	1.47177e+08	1.67563e-01	2.54335e+00	-3.06539e-03
1.07367e+04	1.47188e+08	2.40303e+00	2.85514e+00	3.85751e-03
2.39387e+04	1.47212e+08	2.07793e+00	4.81852e+00	6.18313e-03
4.39649e+04	1.47256e+08	1.72149e+00	2.47601e+00	4.38607e-03
1.08336e+04	1.47267e+08	1.14112e-01	1.15114e+00	7.08613e-03
1.75526e+04	1.47284e+08	2.53383e+00	5.84803e+00	9.71494e-03
2.25291e+04	1.47307e+08	5.17017e-01	6.64678e-01	-3.00304e-03
1.04991e+04	1.47317e+08	2.66926e+00	2.02795e-01	-3.15602e-03
1.96775e+04	1.47337e+08	8.49380e-01	1.39749e+00	6.68653e-03
1.47932e+04	1.47352e+08	7.49621e-01	2.43038e+00	-6.85039e-03
4.63104e+05	1.47815e+08	3.14394e+00	3.33733e+00	-9.07659e-03
1.67992e+04	1.47832e+08	5.35604e-01	3.08152e+00	7.01855e-03
1.28257e+04	1.47844e+08	1.63805e+00	3.03080e+00	7.48854e-03
2.57298e+04	1.47870e+08	1.10000e+00	4.21798e-01	9.06224e-03
1.07126e+04	1.47881e+08	2.00160e+00	4.72389e-01	-1.19110e-03
4.51716e+04	1.47926e+08	1.57582e+00	4.82212e+00	-4.19712e-04
1.25185e+04	1.47939e+08	3.49986e-01	3.76298e+00	8.96131e-03
4.19440e+04	1.47981e+08	1.92586e+00	2.57905e+00	9.43702e-04
3.63262e+04	1.48017e+08	3.29716e-01	5.51531e+00	4.20091e-03
1.00531e+04	1.48027e+08	1.45479e+00	2.51848e+00	1.84707e-03
8.30387e+04	1.48110e+08	3.07807e+00	3.85885e+00	7.78790e-03
1.43986e+05	1.48254e+08	1.28789e+00	3.92751e+00	5.10935e-03
7.26953e+04	1.48327e+08	9.02397e-01	5.58014e-01	5.25916e-04
5.82029e+04	1.48385e+08	4.93188e-01	5.56094e+00	-4.26864e-03
1.39632e+04	1.48399e+08	1.22012e+00	3.87454e+00	8.95251e-04
1.95846e+04	1.48418e+08	7.94516e-01	1.37440e+00	-6.40290e-03
1.10935e+04	1.48430e+08	5.60718e-01	4.83802e+00	-9.35870e-03
1.70252e+04	1.48447e+08	1.39333e+00	2.08060e+00	-5.81612e-03
1.18101e+05	1.48565e+08	1.10399e+00	2.49658e+00	-7.69751e-03
7.32581e+04	1.48638e+08	1.73639e+00	4.57880e+00	-9.83320e-03
1.52202e+04	1.48653e+08	4.97927e-01	4.23891e+00	6.76257e-03
1.82355e+04	1.48671e+08	1.77573e+00	1.87882e+00	-9.74239e-03
2.36769e+04	1.48695e+08	3.31214e+00	5.44772e+00	6.40596e-03
2.04578e+04	1.48715e+08	2.50590e+00	2.37779e+00	7.87838e-03
1.02521e+04	1.48726e+08	1.59150e+00	1.01856e+00	6.87876e-03
1.07265e+04	1.48736e+08	7.03050e-01	1.06104e+00	7.90079e-03
3.35381e+04	1.48770e+08	1.29721e+00	1.32220e+00	-4.53006e-03
4.77626e+04	1.48818e+08	8.27078e-01	4.27899e+00	6.53358e-03
4.66282e+04	1.48864e+08	1.97875e+00	2.88776e+00	4.36915e-03
1.98105e+04	1.48884e+08	3.20727e-01	6.03762e+00	6.57345e-03
8.82961e+04	1.48972e+08	2.16044e+00	1.30285e+00	-3.28887e-03
5.11900e+04	1.49024e+08	9.97052e-01	5.29233e+00	4.16834e-04
2.01148e+04	1.49044e+08	4.46680e-01	4.72264e+00	9.19281e-03
2.81730e+04	1.49072e+08	2.35228e+00	2.62627e+00	4.20444e-03
1.37678e+04	1.49086e+08	2.79708e-01	1.86989e+00	-4.15997e-03
1.97578e+05	1.49283e+08	2.49895e+00	2.54788e+00	6.33682e-03
2.45419e+04	1.49308e+08	2.78111e+00	4.94162e+00	-1.71599e-03
2.57459e+04	1.49334e+08	1.94469e+00	1.08346e+00	5.80649e-04
1.65863e+04	1.49350e+08	6.87749e-01	4.13611e+00	5.19002e-03
9.02848e+04	1.49440e+08	1.87470e+00	3.30472e+00	8.79388e-03
1.70593e+04	1.49458e+08	1.06697e+00	1.58765e+00	4.52782e-03
2.28445e+04	1.49480e+08	8.96681e-01	1.51765e+00	4.51574e-03
1.34476e+05	1.49615e+08	9.29289e-01	7.39550e-01	-3.16565e-03
3.89790e+04	1.49654e+08	4.20861e+00	3.64828e+00	-2.73613e-03
3.24169e+04	1.49686e+08	8.29678e-01	2.95148e+00	-6.37216e-03
6.89325e+04	1.49755e+08	7.25951e-01	1.42483e+00	9.92508e-03
1.06413e+04	1.49766e+08	1.63815e+00	3.83398e+00	-4.29200e-03
8.66649e+04	1.49852e+08	2.13392e+00	8.93507e-01	9.41026e-03
3.22573e+04	1.49885e+08	1.46372e+00	4.45740e+00	-7.46971e-03
1.64319e+04	1.49901e+08	9.77902e-01	5.81015e+00	4.12656e-03
1.21570e+05	1.50023e+08	6.82278e-01	4.53862e+00	-1.16223e-03
2.17619e+04	1.50045e+08	1.06669e+00	6.26172e+00	-5.91711e-03
4.15630e+04	1.50086e+08	4.02750e+00	2.74562e+00	2.69193e-03
3.17341e+05	1.50403e+08	4.45315e-01	2.59653e+00	6.14796e-03
1.44293e+04	1.50418e+08	7.65377e-01	2.00152e+00	7.66334e-03
1.03522e+04	1.50428e+08	3.20625e-01	4.21375e+00	4.12037e-03
1.04618e+04	1.50439e+08	9.92459e-01	4.90276e+00	5.20178e-03
1.22918e+04	1.50451e+08	2.59960e+00	5.60713e+00	2.35169e-04
3.88413e+04	1.50490e+08	9.03623e-01	2.14429e+00	-4.44079e-03
1.07330e+04	1.50501e+08	1.34094e+00	6.15900e+00	3.40475e-03
3.14649e+04	1.50532e+08	3.72247e+00	1.60202e+00	-9.89558e-04
4.12707e+04	1.50573e+08	1.02115e+00	4.50868e-01	-5.08613e-03
4.16548e+04	1.50615e+08	3.30253e-01	1.46011e+00	7.22750e-03
1.85401e+04	1.50633e+08	4.03039e+00	4.92511e+00	-9.30728e-04
8.22367e+04	1.50716e+08	2.12029e+00	3.11867e+00	1.59448e-03
1.43932e+04	1.50730e+08	2.44131e+00	5.60745e+00	-8.93972e-03
1.14463e+04	1.50742e+08	6.57549e-01	5.33959e+00	1.40911e-03
1.31082e+04	1.50755e+08	4.17495e+00	6.93427e-01	-6.51133e-03
7.97529e+04	1.50834e+08	1.72267e+00	4.89465e+00	-4.04187e-05
2.71921e+04	1.50862e+08	1.34807e+00	4.48707e+00	-7.26341e-03
9.27721e+04	1.50954e+08	4.76152e-01	3.23402e+00	-2.37510e-03
3.38393e+04	1.50988e+08	1.38814e+00	2.19549e+00	-7.67395e-03
1.83513e+04	1.51007e+08	5.88242e-01	6.19392e+00	-5.02886e-03
7.82705e+04	1.51085e+08	1.12447e+00	2.76819e+00	5.43574e-03
8.61179e+04	1.51171e+08	1.95874e+00	4.19988e+00	4.69674e-03
1.11675e+04	1.51182e+08	2.59127e+00	4.48314e+00	-4.30618e-03
1.19873e+04	1.51194e+08	4.39254e-01	2.71859e+00	5.35198e-03
1.09204e+04	1.51205e+08	1.53350e+00	8.23281e-02	-9.96025e-03
1.03664e+04	1.51215e+08	1.09813e+00	4.64196e-01	-4.04906e-03
1.02810e+04	1.51226e+08	1.69830e+00	4.73873e+00	-7.54425e-03
4.23934e+04	1.51268e+08	1.68687e+00	5.47136e+00	-1.15124e-03
1.63622e+05	1.51432e+08	1.21741e+00	2.18292e-01	6.95229e-03
2.93105e+04	1.51461e+08	2.21430e+00	3.86525e+00	9.52711e-03
1.98173e+04	1.51481e+08	2.88484e-01	3.55570e+00	8.12487e-03
1.45546e+04	1.51495e+08	1.68325e+00	2.98187e+00	-2.72170e-03
3.10697e+04	1.51526e+08	2.71519e+00	2.01628e+00	3.53000e-03
1.28807e+04	1.51539e+08	9.80854e-01	1.11403e+00	7.79443e-03
2.58871e+04	1.51565e+08	1.16091e+00	1.54927e-03	-4.76739e-03
1.19887e+04	1.51577e+08	4.81697e-01	2.43538e+00	6.78063e-03
1.57232e+04	1.51593e+08	1.22564e+00	1.31625e-01	-3.46130e-03
1.01405e+04	1.51603e+08	4.55703e-01	3.26052e+00	-8.30331e-03
1.53329e+04	1.51618e+08	9.14110e-01	4.60864e+00	6.30094e-04
1.79199e+04	1.51636e+08	1.01459e+00	2.51457e+00	-4.30877e-03
1.73605e+04	1.51654e+08	1.03203e+00	1.02098e+00	5.58923e-03
2.09939e+04	1.51675e+08	1.24680e+00	5.16005e+00	1.38841e-03
9.55492e+04	1.51770e+08	1.09458e+00	1.54699e+00	1.45304e-03
1.48291e+04	1.51785e+08	1.20886e+00	3.63837e+00	-8.77258e-03
2.13196e+04	1.51806e+08	5.76825e-01	9.98246e-01	1.17958e-03
2.65842e+04	1.51833e+08	2.84044e-01	4.30617e+00	6.19993e-03
1.85274e+05	1.52018e+08	5.22082e-01	3.75860e+00	8.47973e-03
1.52253e+04	1.52033e+08	1.10561e+00	5.24981e+00	4.64264e-03
4.80427e+05	1.52514e+08	9.58785e-01	9.54500e-01	6.10876e-03
3.05619e+04	1.52544e+08	2.01076e+00	4.34840e+00	-4.41575e-03
1.90782e+04	1.52563e+08	3.44298e-01	9.09475e-01	-1.08209e-03
1.05159e+04	1.52574e+08	1.87445e+00	3.93144e-01	3.14363e-03
8.46201e+04	1.52659e+08	2.04088e+00	2.48801e+00	7.46869e-03
2.44131e+04	1.52683e+08	1.84391e+00	4.24084e+00	9.16679e-04
3.32974e+04	1.52716e+08	1.49136e+00	4.63928e+00	-2.35737e-03
1.11875e+04	1.52728e+08	2.46934e+00	3.98940e+00	-7.79869e-03
3.19970e+04	1.52760e+08	1.58363e+00	4.93827e+00	3.06944e-03
1.72868e+04	1.52777e+08	1.41581e+00	5.28470e+00	3.46579e-03
1.16309e+04	1.52788e+08	4.23529e-01	5.05688e+00	6.33058e-03
1.19371e+04	1.52800e+08	1.57757e+00	5.45518e+00	1.15676e-03
8.26972e+04	1.52883e+08	2.18207e+00	2.60075e+00	-6.58631e-03
7.37590e+04	1.52957e+08	1.88979e+00	2.94422e+00	9.75258e-03
1.18753e+04	1.52969e+08	9.14192e-01	1.44115e-01	7.94611e-03
2.08947e+04	1.52990e+08	1.53428e+00	2.41184e+00	-1.54226e-03
1.48208e+04	1.53004e+08	9.70467e-01	2.62918e-01	9.53750e-04
1.24468e+04	1.53017e+08	2.95213e+00	2.34049e+00	-5.06124e-04
9.34273e+04	1.53110e+08	2.87779e+00	2.37322e+00	7.13293e-03
2.15727e+05	1.53326e+08	1.32556e+00	5.81531e+00	-9.45072e-03
6.13296e+04	1.53387e+08	2.57116e+00	8.44128e-02	7.73683e-04
8.61617e+04	1.53474e+08	1.58944e+00	2.66884e+00	9.07258e-03
1.14764e+04	1.53485e+08	1.63602e+00	2.36921e+00	-4.68723e-03
2.77380e+05	1.53762e+08	2.16883e+00	5.76180e+00	2.74416e-03
1.35573e+04	1.53776e+08	4.53657e-01	5.40808e+00	-5.97201e-03
3.48784e+04	1.53811e+08	1.40308e+00	4.52570e+00	2.31298e-03
1.89957e+04	1.53830e+08	7.66229e-01	5.78132e+00	-1.91484e-03
1.00955e+05	1.53931e+08	3.21770e-01	4.65268e+00	-6.38245e-04
1.44681e+04	1.53945e+08	2.22886e+00	4.87160e+00	-7.60009e-03
1.43312e+05	1.54089e+08	2.93275e+00	3.99905e+00	3.19987e-03
3.59557e+04	1.54125e+08	2.40241e+00	4.54229e+00	-6.01417e-03
6.38871e+04	1.54188e+08	2.62952e+00	4.32441e+00	-1.68243e-04
3.51885e+05	1.54540e+08	2.59163e+00	1.15187e+00	-4.75692e-03
1.10285e+04	1.54551e+08	2.29432e+00	6.69313e-01	5.12402e-03
1.37530e+04	1.54565e+08	1.74300e+00	1.86198e+00	-7.13112e-03
1.30237e+04	1.54578e+08	2.72492e-01	2.48694e+00	6.90846e-03
1.01667e+04	1.54588e+08	3.05398e+00	2.65385e+00	-8.87834e-03
1.55886e+04	1.54604e+08	4.39559e-01	1.77433e+00	8.87880e-03
3.27186e+04	1.54637e+08	2.33305e+00	4.23550e+00	-5.07285e-03
1.66677e+04	1.54653e+08	8.82012e-01	1.65248e-01	-2.34746e-03
1.14260e+04	1.54665e+08	5.77514e-01	6.51389e-01	-6.79775e-04
2.04326e+04	1.54685e+08	1.44711e+00	3.86078e+00	5.05371e-03
1.28523e+04	1.54698e+08	2.84845e+00	1.42027e+00	8.61002e-05
3.36485e+04	1.54732e+08	1.11258e+00	4.31132e+00	-6.76125e-03
4.90047e+04	1.54781e+08	1.74563e+00	3.26030e-01	1.26744e-03
1.37628e+04	1.54794e+08	4.71125e-01	6.05439e-01	-9.37917e-03
1.53456e+04	1.54810e+08	3.83582e-01	3.33983e+00	-7.84207e-03
4.63419e+04	1.54856e+08	3.57430e-01	1.55725e+00	-1.19599e-03
3.10514e+04	1.54887e+08	2.02174e-01	5.75854e+00	-8.02528e-03
1.30506e+04	1.54900e+08	1.66001e+00	4.37092e-01	-2.60598e-03
1.40961e+04	1.54914e+08	1.61074e+00	3.89382e+00	4.59940e-03
2.48005e+04	1.54939e+08	2.10177e+00	7.42124e-01	-9.18262e-03
1.78403e+05	1.55117e+08	1.91953e+00	2.59845e+00	-1.92342e-03
1.40851e+04	1.55132e+08	2.51515e-01	2.11717e+00	6.93450e-03
1.27578e+04	1.55144e+08	2.08692e+00	4.14936e-01	-3.87381e-03
1.06234e+04	1.55155e+08	1.46661e+00	6.25032e+00	5.96582e-04
6.41987e+04	1.55219e+08	3.98303e-01	1.00019e+00	5.47225e-03
1.48214e+06	1.56701e+08	2.43889e+00	1.07948e+00	4.31775e-03
1.79712e+04	1.56719e+08	1.03211e+00	2.13455e+00	8.95414e-04
3.35415e+04	1.56753e+08	9.27018e-01	7.87477e-01	-2.71528e-03
1.11362e+05	1.56864e+08	2.88737e+00	4.66052e+00	-4.88800e-03
1.13746e+04	1.56875e+08	1.73923e+00	6.04802e+00	1.16626e-03
3.89426e+04	1.56914e+08	1.39150e+00	5.97769e+00	-2.41415e-03
1.19357e+04	1.56926e+08	7.12187e-01	6.20487e+00	-2.18327e-03
1.73972e+05	1.57100e+08	1.42544e+00	5.09464e+00	-8.85873e-03
1.11053e+04	1.57111e+08	2.08937e+00	4.57623e+00	1.76965e-03
1.20724e+04	1.57124e+08	2.08100e+00	1.52015e+00	-4.44964e-03
1.20479e+05	1.57244e+08	3.24915e-01	5.52030e+00	-7.60564e-03
1.04606e+04	1.57254e+08	2.93122e+00	1.14236e+00	-4.75515e-03
2.81863e+04	1.57283e+08	1.60646e+00	1.02569e+00	8.80926e-03
6.39728e+04	1.57347e+08	6.97498e-01	1.14133e+00	-4.92548e-03
1.21609e+04	1.57359e+08	3.09891e+00	8.91216e-01	2.83864e-03
2.52067e+05	1.57611e+08	5.09638e-01	4.10297e+00	5.23350e-03
2.39042e+04	1.57635e+08	1.21467e+00	9.16692e-01	-3.14803e-03
1.09626e+04	1.57646e+08	4.92460e-01	8.46919e-01	-6.23360e-03
2.14060e+04	1.57667e+08	1.34515e+00	3.38940e-01	2.33102e-03
1.26964e+04	1.57680e+08	1.38449e+00	2.78374e+00	8.47895e-03
1.47114e+04	1.57695e+08	7.48084e-01	4.38062e+00	-3.49791e-03
1.48421e+04	1.57709e+08	1.22704e+00	4.56711e+00	4.98940e-03
1.46862e+05	1.57856e+08	4.73607e-01	8.79446e-01	8.77524e-03
1.01315e+05	1.57958e+08	3.03958e+00	2.09106e+00	2.27218e-03
5.61155e+04	1.58014e+08	2.63980e+00	9.71272e-01	9.49704e-03
3.03429e+04	1.58044e+08	1.06552e+00	1.58790e+00	-4.12971e-04
1.04965e+04	1.58054e+08	1.86600e+00	4.47757e+00	1.89077e-03
2.21374e+04	1.58077e+08	1.14837e+00	1.56143e+00	-8.67671e-03
1.09093e+04	1.58088e+08	3.49073e+00	1.55608e+00	-9.41555e-03
1.56966e+04	1.58103e+08	2.43853e+00	5.22486e+00	-3.08653e-03
2.12193e+04	1.58124e+08	2.28495e+00	2.89320e+00	9.66015e-03
1.32493e+04	1.58138e+08	1.39258e+00	5.57726e+00	-2.45091e-03
1.10672e+04	1.58149e+08	8.96618e-01	2.05328e+00	-3.44999e-03
1.41367e+04	1.58163e+08	2.99557e-01	4.36587e+00	5.17674e-03
2.30316e+04	1.58186e+08	9.93239e-01	1.20032e+00	-8.54350e-03
4.64742e+04	1.58232e+08	1.80078e+00	4.88559e+00	-8.95937e-03
4.23048e+04	1.58275e+08	1.21422e+00	6.16024e+00	-4.02135e-03
1.93525e+04	1.58294e+08	2.29722e+00	1.55663e+00	7.56249e-03
1.90707e+04	1.58313e+08	1.34170e+00	3.66245e+00	9.88715e-03
3.23400e+04	1.58345e+08	1.51201e+00	3.70383e+00	8.43613e-03
3.65944e+04	1.58382e+08	1.67515e+00	3.30554e+00	6.04521e-03
4.36608e+05	1.58819e+08	1.32525e+00	2.88340e+00	3.43075e-03
3.81096e+05	1.59200e+08	1.77986e+00	5.17363e+00	5.36336e-03
2.81667e+04	1.59228e+08	7.48019e-01	1.05664e+00	7.89923e-03
1.02282e+04	1.59238e+08	1.27057e+00	4.89427e+00	-4.06263e-03
1.88338e+04	1.59257e+08	8.18121e-01	4.00206e+00	3.89466e-03
1.03402e+04	1.59267e+08	1.35049e+00	4.37399e-01	9.87353e-03
7.84638e+04	1.59346e+08	7.93143e-01	1.23673e+00	4.74088e-03
1.20498e+04	1.59358e+08	9.96509e-02	2.68700e+00	-4.59640e-03
6.90165e+04	1.59427e+08	7.84939e-01	2.38299e+00	3.82967e-03
2.78333e+05	1.59705e+08	1.30890e+00	2.13784e-01	-4.23835e-04
1.36182e+05	1.59841e+08	3.08866e+00	4.03923e+00	4.81200e-03
1.25367e+04	1.59854e+08	4.82503e-01	6.03583e-02	-8.18197e-03
5.58614e+04	1.59910e+08	1.12130e+00	3.94669e+00	-5.83643e-03
6.71022e+04	1.59977e+08	1.82621e+00	1.12812e+00	-9.82621e-03
1.67409e+04	1.59994e+08	1.46217e+00	4.57772e+00	2.66540e-03
1.72009e+04	1.60011e+08	2.28007e+00	1.98425e+00	9.25747e-03
1.27664e+04	1.60024e+08	1.45443e+00	5.75156e+00	7.68635e-03
8.99065e+04	1.60114e+08	1.65607e+00	1.64879e+00	1.46226e-03
1.36289e+04	1.60127e+08	1.45504e+00	3.86739e+00	8.74352e-03
3.09677e+04	1.60158e+08	3.39095e-01	4.18907e-01	-5.98337e-03
3.79683e+04	1.60196e+08	2.86143e+00	3.91315e+00	3.25661e-03
2.45122e+04	1.60221e+08	7.53555e-01	3.86171e+00	2.75058e-03
1.28713e+04	1.60233e+08	1.34068e+00	4.06733e+00	-1.06445e-03
4.01574e+04	1.60274e+08	1.42330e+00	7.43115e-01	-6.59202e-03
3.31554e+04	1.60307e+08	1.93415e+00	2.31653e+00	3.59806e-03
1.59299e+04	1.60323e+08	1.44511e+00	4.47815e+00	5.76555e-03
1.38930e+04	1.60337e+08	1.79438e+00	5.31229e+00	9.22736e-04
1.58631e+04	1.60352e+08	2.08885e+00	6.25887e+00	5.49137e-03
8.28783e+04	1.60435e+08	1.02531e+00	1.46843e+00	5.14845e-03
1.38552e+04	1.60449e+08	1.84371e+00	1.59633e+00	8.34661e-03
8.31801e+04	1.60532e+08	3.88769e+00	3.23373e+00	-7.65125e-03
3.09798e+05	1.60842e+08	9.85324e-01	1.07762e+00	-8.16041e-03
3.67304e+04	1.60879e+08	4.60685e-01	4.30395e+00	2.78972e-04
1.10902e+04	1.60890e+08	7.46061e-01	2.52297e+00	2.58225e-03
5.30313e+04	1.60943e+08	4.26646e-01	6.22223e+00	-7.36014e-03
1.18922e+04	1.60955e+08	2.03865e+00	2.21075e+00	-5.64893e-03
1.53996e+04	1.60970e+08	2.72295e+00	5.92824e+00	7.41390e-03
2.47159e+04	1.60995e+08	2.92773e+00	3.20154e+00	5.54766e-03
2.12291e+04	1.61016e+08	7.95186e-01	4.20536e+00	-9.75872e-04
1.45552e+04	1.61031e+08	8.64435e-01	1.18389e+00	6.26693e-03
1.67611e+04	1.61048e+08	1.04715e+00	3.26037e-01	-5.53919e-03
1.19528e+04	1.61060e+08	8.80756e-01	2.53647e+00	4.14399e-03
2.18412e+05	1.61278e+08	2.38755e+00	3.09276e+00	-1.94469e-03
4.40145e+04	1.61322e+08	6.49552e-01	1.32987e+00	2.35607e-03
5.20619e+04	1.61374e+08	2.09476e+00	3.33323e+00	-1.27819e-03
1.49685e+04	1.61389e+08	1.15079e+00	5.50239e+00	-9.77090e-03
4.17702e+05	1.61807e+08	7.19043e-01	5.59388e+00	7.39083e-04
1.28901e+04	1.61820e+08	1.38315e+00	2.49492e+00	-2.75747e-03
5.23729e+04	1.61872e+08	6.31028e-01	1.07333e+00	-9.71861e-03
8.46161e+04	1.61957e+08	2.57564e+00	3.61556e+00	4.06433e-03
1.33865e+04	1.61970e+08	3.55789e+00	4.83923e+00	-2.40173e-03
2.48951e+04	1.61995e+08	3.07833e-01	5.39376e+00	-4.51761e-03
1.01259e+04	1.62005e+08	1.57955e+00	1.44623e+00	3.52905e-03
1.58411e+04	1.62021e+08	7.91804e-01	8.58553e-01	6.78538e-03
1.31732e+04	1.62034e+08	1.88405e+00	3.42864e+00	4.36204e-03
4.03237e+04	1.62074e+08	1.33921e+00	3.44000e+00	5.27539e-03
2.57496e+04	1.62100e+08	1.69958e+00	3.04726e+00	-1.44107e-03
1.25819e+04	1.62113e+08	6.94927e-01	5.80142e+00	-2.14338e-03
3.79416e+04	1.62151e+08	1.32004e+00	4.04837e+00	1.75642e-03
1.95500e+04	1.62170e+08	3.59359e+00	2.54781e+00	4.91434e-03
3.27630e+04	1.62203e+08	1.13120e+00	4.41171e+00	5.04216e-03
4.03289e+04	1.62243e+08	1.29657e+00	4.85010e+00	1.51728e-03
1.14347e+04	1.62255e+08	3.02710e+00	4.14608e+00	-3.11749e-03
1.65284e+04	1.62271e+08	1.67874e+00	7.98312e-01	-4.09984e-04
1.99138e+04	1.62291e+08	6.66024e-01	2.77844e+00	-1.47280e-03
1.51402e+04	1.62306e+08	3.05535e-01	4.25274e-01	1.19961e-03
3.92175e+04	1.62345e+08	1.65756e+00	7.92844e-01	4.65813e-03
1.76476e+04	1.62363e+08	1.02199e+00	2.24295e+00	1.65239e-03
4.81628e+05	1.62845e+08	1.48619e+00	3.91875e+00	8.14813e-03
1.26006e+04	1.62857e+08	1.08725e+00	5.61730e+00	-8.09032e-04
7.45644e+04	1.62932e+08	4.00342e+00	4.60031e+00	6.29288e-03
2.79832e+04	1.62960e+08	1.50928e+00	1.37294e+00	4.33073e-03
2.61993e+04	1.62986e+08	2.21147e+00	1.58738e-01	1.44289e-03
1.01765e+04	1.62996e+08	5.89004e-01	4.73550e+00	7.55696e-04
1.07133e+04	1.63007e+08	1.04560e+00	4.96385e+00	9.12833e-03
2.18569e+04	1.63029e+08	3.38401e+00	3.30391e-02	-1.76802e-03
1.34249e+04	1.63042e+08	9.17693e-01	1.98600e+00	-1.12613e-03
8.86136e+04	1.63131e+08	5.84420e-01	5.57059e+00	-1.68469e-03
1.51380e+04	1.63146e+08	4.08145e-01	1.09822e+00	-4.27945e-03
2.49949e+04	1.63171e+08	2.11370e+00	5.58592e+00	2.30556e-03
7.01925e+04	1.63241e+08	4.12947e+00	5.09284e+00	-6.97430e-03
1.05596e+04	1.63252e+08	1.00860e+00	3.54703e+00	-6.88883e-03
1.17151e+04	1.63263e+08	1.19164e+00	3.99744e+00	9.36371e-03
2.44613e+04	1.63288e+08	3.71575e+00	3.05099e-01	7.70390e-03
2.09790e+04	1.63309e+08	1.25940e+00	2.44055e+00	-4.73533e-03
2.67881e+04	1.63336e+08	9.37426e-01	1.45910e+00	8.59235e-03
3.09707e+04	1.63367e+08	9.11315e-01	5.55432e+00	-3.54148e-03
3.19203e+04	1.63399e+08	1.22474e+00	6.17273e+00	5.56747e-03
1.76888e+04	1.63416e+08	1.44899e+00	6.79575e-01	6.25040e-03
6.62490e+04	1.63483e+08	1.24326e+00	1.53065e+00	8.70947e-03
1.45990e+04	1.63497e+08	1.46322e+00	3.87234e+00	8.92506e-03
1.57209e+04	1.63513e+08	1.89427e+00	4.76493e+00	5.94352e-03
1.19933e+04	1.63525e+08	8.20198e-01	4.62179e+00	-5.69584e-04
1.00148e+04	1.63535e+08	1.34599e+00	4.53159e+00	1.06493e-03
1.36517e+04	1.63549e+08	1.16789e+00	2.44646e+00	6.50635e-03
1.58283e+04	1.63564e+08	2.71525e+00	2.16410e+00	4.94205e-03
5.98844e+04	1.63624e+08	1.78464e+00	1.15675e+00	-8.64960e-04
1.47350e+04	1.63639e+08	6.90592e-01	1.17310e+00	-7.11837e-03
4.73665e+04	1.63686e+08	4.23691e+00	2.01958e+00	-2.08023e-03
1.07030e+04	1.63697e+08	1.93703e-01	2.05385e+00	-1.18474e-03
1.14424e+04	1.63708e+08	4.21276e-01	5.26453e+00	9.32491e-03
1.49880e+04	1.63723e+08	4.98606e-01	2.79747e+00	8.22352e-03
3.35233e+04	1.63757e+08	1.78651e+00	3.55864e+00	-9.06446e-03
3.71235e+04	1.63794e+08	2.93073e-01	2.80756e+00	-2.40877e-03
1.23299e+04	1.63806e+08	8.15913e-01	1.03309e+00	9.17564e-03
1.49570e+04	1.63821e+08	1.82238e+00	3.55271e+00	-4.16626e-03
1.93903e+05	1.64015e+08	1.77856e+00	3.25552e+00	9.38280e-03
2.79516e+04	1.64043e+08	8.89082e-01	4.63755e+00	5.43074e-03
1.80375e+04	1.64061e+08	1.30456e+00	2.78291e+00	-9.45009e-03
2.28097e+04	1.64084e+08	6.21540e-01	3.14329e+00	6.00694e-03
1.18960e+04	1.64096e+08	7.38107e-01	5.76158e+00	-7.27719e-05
1.06728e+04	1.64107e+08	3.13748e+00	5.99688e+00	-4.96488e-03
1.73751e+04	1.64124e+08	4.72060e-01	1.49886e+00	-6.23029e-03
1.74145e+04	1.64141e+08	1.71879e+00	4.41780e+00	7.55255e-03
6.73621e+04	1.64209e+08	6.52902e-01	1.13072e+00	-8.11966e-04
1.73020e+04	1.64226e+08	2.76394e+00	2.18791e+00	1.63832e-03
6.03849e+04	1.64287e+08	4.53818e-01	2.51491e+00	4.64204e-03
2.05063e+04	1.64307e+08	1.12352e+00	2.64976e+00	-1.97976e-03
4.90940e+04	1.64356e+08	3.09554e+00	1.16844e+00	-4.32278e-03
2.13391e+04	1.64377e+08	2.30482e+00	4.64402e+00	6.37292e-03
1.34035e+04	1.64391e+08	1.11436e+00	8.83441e-01	-6.24147e-03
2.29027e+04	1.64414e+08	3.33342e-01	3.25549e+00	4.27049e-03
6.89880e+04	1.64483e+08	2.22466e+00	5.76893e+00	7.70835e-03
1.22207e+05	1.64605e+08	1.53561e+00	4.81967e+00	3.84518e-04
2.83477e+04	1.64633e+08	8.24703e-01	5.05872e+00	9.78098e-04
4.16548e+04	1.64675e+08	7.13946e-01	4.03608e-01	8.71115e-04
1.59026e+06	1.66265e+08	7.00440e-01	3.15772e+00	8.95591e-03
1.57860e+04	1.66281e+08	1.46172e+00	1.04337e+00	-2.66005e-04
2.29068e+04	1.66304e+08	2.30184e+00	1.93644e+00	-7.13932e-04
1.38626e+04	1.66318e+08	3.94995e-01	4.10373e+00	4.09877e-03
1.32051e+04	1.66331e+08	1.72208e+00	1.59764e+00	7.06355e-03
1.22863e+04	1.66343e+08	2.83805e+00	1.94879e+00	-5.46779e-03
2.68347e+04	1.66370e+08	6.84336e-01	3.30683e+00	-7.63388e-03
5.12753e+04	1.66421e+08	2.06093e+00	1.17765e+00	-8.16748e-03
1.21719e+05	1.66543e+08	1.97426e+00	8.40802e-01	8.40934e-03
1.60171e+05	1.66703e+08	1.02816e+00	1.01086e+00	-1.44280e-03
1.62540e+05	1.66866e+08	1.90584e+00	4.12983e-01	-2.67006e-03
1.23272e+04	1.66878e+08	1.16750e+00	2.25000e+00	2.94505e-03
4.99162e+05	1.67377e+08	1.97125e+00	3.21879e+00	8.35552e-04
4.57698e+04	1.67423e+08	1.46649e+00	6.09758e-01	2.34902e-03
2.64209e+04	1.67449e+08	5.93826e-01	1.97026e+00	-1.28931e-03
5.30422e+04	1.67503e+08	2.92526e-01	3.25360e+00	-1.68746e-03
2.63823e+05	1.67766e+08	9.27023e-01	3.06677e+00	-3.42477e-03
3.71579e+05	1.68138e+08	1.95016e+00	2.01967e+00	3.87246e-03
1.94867e+04	1.68157e+08	2.77265e-01	4.55841e+00	7.26891e-03
2.92162e+05	1.68450e+08	5.24789e-01	1.71593e+00	6.68946e-03
1.53263e+04	1.68465e+08	8.43427e-01	6.21212e+00	-9.55103e-03
2.01638e+04	1.68485e+08	2.20983e+00	4.38100e+00	-2.52327e-03
1.39011e+04	1.68499e+08	3.36030e+00	8.83851e-01	-9.66525e-03
2.04369e+04	1.68519e+08	3.86187e+00	5.06897e-01	5.64035e-04
1.07007e+04	1.68530e+08	5.92313e-01	4.01074e+00	3.79852e-03
1.60661e+04	1.68546e+08	9.98756e-01	3.18866e-01	9.20341e-03
1.55439e+04	1.68562e+08	2.59313e+00	3.45482e+00	-5.32987e-03
1.83452e+05	1.68745e+08	1.64168e-01	2.42824e+00	3.20848e-03
6.34742e+04	1.68809e+08	2.50774e+00	1.54119e-01	-1.57392e-03
1.38594e+04	1.68822e+08	1.14917e+00	2.32065e+00	3.16935e-03
1.25865e+04	1.68835e+08	5.27017e-01	3.97467e+00	3.67107e-03
2.46343e+04	1.68860e+08	7.75398e-01	3.25931e+00	8.88119e-03
1.36908e+04	1.68873e+08	8.31855e-01	1.95178e+00	-7.00736e-03
3.76260e+04	1.68911e+08	1.30937e+00	2.02674e-01	-3.93763e-03
1.19620e+04	1.68923e+08	4.64554e-01	2.00902e+00	8.14138e-04
1.54170e+04	1.68938e+08	1.07609e+00	5.93730e-01	9.80345e-03
3.53887e+04	1.68974e+08	2.85142e+00	2.57209e+00	-7.53440e-03
8.05761e+04	1.69054e+08	2.08288e+00	3.08318e+00	9.73918e-03
1.22550e+04	1.69067e+08	2.94627e+00	1.11929e+00	1.58674e-03
2.88735e+04	1.69096e+08	2.01110e+00	4.90021e+00	3.92304e-03
1.17834e+04	1.69107e+08	1.08982e+00	5.02647e+00	5.88497e-03
8.42522e+04	1.69192e+08	3.41499e-01	4.28961e+00	3.99961e-03
3.20164e+04	1.69224e+08	8.70383e-01	4.94759e+00	5.09010e-03
1.31519e+04	1.69237e+08	1.02196e+00	3.83212e+00	6.94489e-03
1.33773e+04	1.69250e+08	3.62601e-01	3.79102e+00	3.59277e-03
1.27846e+04	1.69263e+08	3.44848e-01	1.39401e+00	6.22070e-03
2.19157e+04	1.69285e+08	8.81885e-01	1.28451e+00	7.34230e-03
1.62995e+04	1.69301e+08	1.16476e+00	2.41084e+00	-6.26327e-03
7.01649e+04	1.69371e+08	3.98568e+00	6.08017e+00	-7.65262e-03
8.20259e+04	1.69453e+08	3.49756e+00	5.35616e-01	-2.43596e-04
9.65566e+04	1.69550e+08	1.16346e+00	1.02841e+00	-6.28678e-03
1.38706e+05	1.69689e+08	2.20924e+00	7.26267e-02	-8.44238e-03
9.24685e+04	1.69781e+08	1.06138e+00	3.92624e+00	4.85714e-03
2.66765e+04	1.69808e+08	2.24381e-01	3.73127e+00	4.85579e-03
2.04909e+04	1.69828e+08	2.20702e+00	5.70079e+00	-9.56235e-03
6.83493e+04	1.69897e+08	6.72065e-02	4.80208e+00	9.87150e-03
1.11962e+04	1.69908e+08	1.43635e-01	6.27607e+00	-4.10575e-03
2.70950e+04	1.69935e+08	1.53929e+00	1.11642e+00	6.24848e-03
1.43763e+04	1.69949e+08	3.26029e+00	1.65386e-01	1.94916e-05
1.13533e+05	1.70063e+08	2.06223e+00	3.90775e-01	-4.32270e-03
8.38250e+04	1.70147e+08	1.35790e+00	1.36746e+00	-6.62923e-03
4.66937e+04	1.70193e+08	1.86064e+00	3.48216e+00	9.43514e-03
4.88806e+04	1.70242e+08	4.14555e+00	3.04743e+00	-4.28768e-03
1.85721e+06	1.72099e+08	1.70665e+00	6.11886e+00	-4.49996e-03
1.53155e+04	1.72115e+08	2.10319e+00	1.69531e+00	-2.21654e-03
2.70328e+04	1.72142e+08	1.69003e+00	5.81041e+00	3.53621e-03
2.96845e+04	1.72171e+08	1.14660e+00	5.68512e+00	-3.08845e-03
3.61673e+05	1.72533e+08	7.05285e-01	6.16265e+00	-5.43618e-03
1.10211e+04	1.72544e+08	5.75977e-01	4.70121e+00	5.14794e-03
1.85254e+04	1.72563e+08	4.99767e-01	1.50161e-01	1.13073e-03
3.10336e+05	1.72873e+08	9.22217e-01	4.56340e+00	1.20263e-03
1.30650e+05	1.73004e+08	8.05304e-01	2.72168e+00	-7.53287e-03
1.02776e+04	1.73014e+08	3.72187e-01	4.90845e+00	-4.27534e-03
2.70939e+04	1.73041e+08	2.13845e+00	1.04853e+00	2.33997e-03
1.48800e+04	1.73056e+08	1.32910e+00	3.91614e+00	5.06691e-03
1.30885e+06	1.74365e+08	1.95152e+00	2.12471e+00	9.49831e-03
1.05914e+04	1.74375e+08	7.63590e-01	2.19838e+00	9.71498e-03
1.53802e+04	1.74391e+08	9.19024e-01	3.72600e+00	5.75654e-03
2.73266e+04	1.74418e+08	9.78199e-01	4.05288e-02	-6.46332e-04
1.11178e+04	1.74429e+08	3.28903e+00	5.68902e+00	-6.37686e-03
2.43218e+05	1.74672e+08	2.16320e+00	6.22721e+00	7.20771e-03
1.66682e+04	1.74689e+08	1.34133e+00	4.03964e+00	9.01888e-03
3.57433e+04	1.74725e+08	3.29846e-01	5.66464e+00	6.07026e-03
3.66786e+04	1.74761e+08	1.15644e+00	5.99027e+00	4.04909e-03
1.14759e+04	1.74773e+08	9.72022e-01	3.04594e+00	2.66428e-03
3.20200e+04	1.74805e+08	9.00785e-01	1.92165e+00	-2.68221e-03
1.96121e+04	1.74825e+08	1.77683e+00	3.81776e+00	-4.51854e-03
2.86754e+04	1.74853e+08	1.88595e+00	1.80634e+00	-6.52037e-03
2.70249e+04	1.74880e+08	1.24343e+00	7.28160e-01	8.14204e-03
7.31630e+05	1.75612e+08	1.99680e-01	4.96907e+00	-1.78757e-03
1.27486e+04	1.75625e+08	1.23468e+00	4.03660e+00	-2.61486e-03
6.23647e+05	1.76248e+08	1.14729e+00	3.10766e+00	-7.01074e-03
2.14170e+04	1.76270e+08	1.90676e+00	6.05249e+00	-4.75320e-03
1.05253e+04	1.76280e+08	7.16962e-01	2.20732e+00	-3.88328e-03
2.23836e+04	1.76303e+08	5.80774e-01	1.53617e+00	-5.19787e-03
9.75003e+04	1.76400e+08	9.67032e-01	1.70082e+00	8.55772e-04
1.13992e+04	1.76411e+08	2.14149e+00	1.52462e+00	-5.06311e-03
1.54054e+04	1.76427e+08	3.26822e+00	1.02608e+00	2.90878e-03
5.11914e+04	1.76478e+08	1.22212e+00	1.37886e+00	-4.10826e-03
1.16029e+04	1.76490e+08	3.83598e-01	2.24919e+00	7.76968e-03
4.23430e+04	1.76532e+08	3.36873e+00	5.81066e+00	-4.47067e-03
1.34588e+04	1.76545e+08	7.58218e-01	5.47727e+00	7.46007e-03
2.30350e+04	1.76568e+08	6.27210e-01	2.04684e+00	1.60447e-03
1.95729e+04	1.76588e+08	2.10247e+00	4.33760e+00	1.07827e-03
6.08535e+04	1.76649e+08	1.68077e+00	1.69316e+00	1.49630e-03
2.32235e+04	1.76672e+08	1.26078e+00	8.46247e-01	1.35181e-03
1.65967e+04	1.76689e+08	3.95740e-01	1.58613e+00	-4.82577e-03
5.22346e+04	1.76741e+08	1.51489e+00	4.40204e-01	9.58750e-03
4.19060e+04	1.76783e+08	9.04080e-01	4.32365e+00	-2.13194e-03
1.86024e+04	1.76801e+08	2.11730e+00	3.37978e+00	-9.24878e-03
4.25376e+04	1.76844e+08	1.56518e+00	4.34692e+00	8.10719e-03
1.34226e+04	1.76857e+08	1.57654e+00	3.90609e+00	-6.04888e-03
7.54717e+04	1.76933e+08	1.33804e+00	3.35732e+00	-3.89983e-04
1.08356e+04	1.76944e+08	2.25084e+00	1.11775e+00	1.98700e-03
3.22359e+05	1.77266e+08	2.74813e+00	5.23396e+00	5.34824e-03
2.00084e+04	1.77286e+08	1.73353e+00	7.08564e-01	-4.19069e-03
1.21429e+04	1.77298e+08	7.17491e-01	3.85384e+00	-2.69733e-03
2.23888e+04	1.77321e+08	1.34542e+00	5.44231e+00	-9.80659e-03
1.66117e+04	1.77337e+08	5.76983e-01	4.22754e+00	5.72239e-03
2.67129e+04	1.77364e+08	2.01908e+00	5.62582e+00	-6.06530e-04
1.28076e+04	1.77377e+08	3.43519e+00	2.96466e+00	4.45147e-03
4.97013e+04	1.77426e+08	1.15730e+00	3.38589e+00	4.35813e-03
2.40516e+04	1.77451e+08	2.79899e+00	1.49218e+00	1.63924e-03
7.52717e+04	1.77526e+08	3.89591e-01	5.38887e+00	9.37485e-03
4.11221e+04	1.77567e+08	6.97000e-01	6.24267e+00	2.13692e-03
2.67739e+04	1.77594e+08	4.75045e-01	8.88807e-01	3.95658e-03
1.34706e+04	1.77607e+08	2.84399e-01	3.61432e+00	-1.33286e-03
1.11672e+05	1.77719e+08	3.85540e+00	1.43647e+00	-8.22597e-03
3.98396e+04	1.77759e+08	8.57707e-01	8.18974e-01	5.39415e-03
1.07697e+04	1.77769e+08	2.19737e+00	1.07177e+00	2.95575e-03
8.36764e+04	1.77853e+08	2.00230e+00	6.16981e+00	-1.20545e-03
1.00230e+04	1.77863e+08	1.63475e+00	4.79827e+00	-4.71608e-03
1.36774e+04	1.77877e+08	4.87493e-01	3.30025e+00	-7.39481e-03
1.12468e+04	1.77888e+08	1.68851e+00	4.26923e+00	-8.19796e-03
3.44973e+04	1.77923e+08	8.33399e-01	3.10454e+00	-1.87705e-03
5.69844e+04	1.77980e+08	5.53323e-01	4.00049e+00	-2.94257e-03
2.42580e+04	1.78004e+08	1.06122e+00	3.19792e+00	-3.44050e-03
1.44008e+04	1.78018e+08	2.29897e-01	1.41756e+00	2.34500e-03
1.18129e+04	1.78030e+08	8.58386e-01	8.09804e-01	-2.00219e-03
1.01929e+04	1.78040e+08	1.74728e+00	1.87528e+00	1.42295e-03
2.57663e+04	1.78066e+08	1.89900e+00	4.03221e+00	7.82772e-03
1.00901e+04	1.78076e+08	2.26304e-01	5.14017e+00	-2.79709e-03
1.15305e+04	1.78088e+08	1.14747e+00	6.27282e+00	6.08209e-03
1.37101e+04	1.78101e+08	3.90494e-01	5.68455e+00	-1.05854e-03
2.39225e+04	1.78125e+08	1.21668e+00	3.06699e+00	-1.01849e-03
2.93655e+04	1.78155e+08	1.25908e+00	1.94601e+00	6.74091e-03
2.15378e+04	1.78176e+08	1.08236e+00	5.68334e+00	-8.89273e-03
3.90137e+04	1.78215e+08	4.81348e-01	1.73359e+00	5.19096e-03
1.98201e+05	1.78413e+08	1.68979e+00	3.31676e+00	6.00546e-03
1.67493e+04	1.78430e+08	2.00266e+00	8.78352e-01	7.15477e-03
1.40493e+04	1.78444e+08	2.89129e+00	3.86785e+00	4.64406e-04
1.09930e+04	1.78455e+08	1.64768e+00	6.38425e-01	1.48679e-03
6.13713e+04	1.78517e+08	8.35495e-01	3.12247e-01	1.41777e-03
1.25000e+04	1.78529e+08	1.68769e+00	2.10511e+00	1.21970e-04
1.42855e+04	1.78543e+08	1.21647e+00	5.26756e+00	-7.15936e-03
1.00154e+05	1.78643e+08	2.10606e+00	2.51830e+00	-3.51694e-03
3.79428e+04	1.78681e+08	1.24201e+00	5.61169e+00	-9.58055e-03
1.18404e+04	1.78693e+08	1.38378e+00	4.54906e+00	6.11675e-03
1.53052e+04	1.78709e+08	6.83911e-01	4.49370e+00	-6.02451e-03
2.52431e+04	1.78734e+08	1.35790e+00	5.68657e-01	-3.58331e-04
1.20203e+04	1.78746e+08	1.03063e+00	3.05290e+00	-1.62042e-03
1.41389e+04	1.78760e+08	9.88314e-01	5.36658e+00	6.00150e-03
3.51123e+04	1.78795e+08	1.41252e+00	1.25199e-01	-9.37018e-03
2.56223e+04	1.78821e+08	8.10710e-01	5.68145e-01	2.28150e-03
5.78994e+04	1.78879e+08	1.45626e+00	2.63285e+00	-5.09311e-03
2.19297e+04	1.78901e+08	1.82808e+00	2.03462e-02	-9.82371e-04
1.13906e+05	1.79014e+08	2.16181e+00	2.02679e+00	-5.90180e-03
2.12999e+04	1.79036e+08	1.32818e+00	4.62692e+00	6.14918e-03
1.64066e+04	1.79052e+08	1.35117e+00	3.52991e+00	6.60962e-03
1.16822e+04	1.79064e+08	2.47059e+00	3.80747e+00	-3.30586e-03
1.17382e+04	1.79076e+08	1.15387e+00	1.13764e+00	5.96112e-03
1.48445e+04	1.79090e+08	2.93851e-01	5.84487e+00	-5.28277e-03
3.28315e+04	1.79123e+08	8.42845e-01	4.64554e+00	-9.33367e-03
1.34072e+04	1.79137e+08	2.75152e+00	3.81000e-01	4.59770e-03
7.02257e+04	1.79207e+08	2.14043e+00	5.53837e+00	-3.77077e-03
1.33275e+04	1.79220e+08	1.91239e+00	2.06732e+00	-4.61029e-03
1.35606e+04	1.79234e+08	3.78759e-01	2.72330e-01	5.37384e-03
1.02966e+04	1.79244e+08	2.99255e-01	2.27119e+00	3.29313e-03
3.54051e+04	1.79279e+08	4.35689e+00	5.66633e+00	8.60938e-03
1.20748e+05	1.79400e+08	4.17223e+00	3.66347e+00	1.58838e-03
3.83737e+04	1.79439e+08	2.62492e+00	4.48404e+00	9.19691e-03
6.50469e+04	1.79504e+08	2.23700e+00	2.13089e-01	-9.67622e-04
1.19307e+04	1.79516e+08	3.97882e-01	5.50507e+00	-8.76533e-03
2.12854e+04	1.79537e+08	1.32902e+00	9.26309e-01	9.10380e-03
2.10484e+04	1.79558e+08	9.46374e-01	1.62222e+00	7.30885e-03
1.14335e+04	1.79569e+08	1.03943e+00	5.88873e-01	9.37012e-03
1.78158e+04	1.79587e+08	6.04531e-01	4.53001e-01	6.18919e-03
7.71630e+04	1.79664e+08	1.52297e+00	2.75409e+00	-5.07823e-03
4.84326e+04	1.79713e+08	8.78971e-01	4.27358e+00	1.67955e-03
1.47298e+04	1.79727e+08	2.43508e+00	3.09385e+00	-2.58198e-03
1.49224e+05	1.79877e+08	7.47062e-02	4.27375e+00	8.17394e-03
5.89463e+04	1.79936e+08	8.45758e-01	3.46550e+00	2.53787e-03
5.54559e+04	1.79991e+08	6.30692e-01	5.29811e+00	7.00648e-03
5.11427e+04	1.80042e+08	1.11314e+00	8.21428e-01	8.41430e-03
6.79851e+04	1.80110e+08	1.47069e+00	6.12984e+00	8.75293e-03
3.69356e+04	1.80147e+08	4.08992e-01	5.90801e+00	-9.39485e-03
9.68406e+05	1.81116e+08	5.64411e-01	3.13643e+00	3.20580e-04
1.10201e+05	1.81226e+08	4.12885e+00	6.14195e+00	-2.29921e-03
9.56107e+04	1.81321e+08	2.70841e+00	1.78457e+00	-6.87398e-03
1.52687e+04	1.81337e+08	1.37020e+00	1.46518e+00	-8.78086e-03
1.51445e+04	1.81352e+08	1.11657e+00	1.84122e-01	-2.95806e-03
1.51105e+04	1.81367e+08	8.81145e-01	1.39245e-01	9.67625e-03
1.08435e+05	1.81475e+08	9.41386e-01	3.34841e+00	-9.88774e-03
1.44667e+05	1.81620e+08	1.23808e+00	5.16687e+00	3.22499e-03
2.11991e+04	1.81641e+08	1.05086e+00	5.85578e-01	3.18906e-04
2.14812e+04	1.81663e+08	1.39752e+00	5.92647e+00	4.38024e-03
1.20447e+05	1.81783e+08	1.31781e+00	1.78919e+00	8.94277e-03
1.88220e+05	1.81971e+08	5.13162e-01	3.46854e+00	6.84715e-04
1.38266e+04	1.81985e+08	1.43383e+00	4.40923e+00	-8.20241e-03
1.85071e+05	1.82170e+08	1.60686e+00	2.50755e+00	-2.64761e-03
1.99452e+04	1.82190e+08	1.49997e+00	2.11176e-01	2.08632e-03
1.27444e+04	1.82203e+08	5.48316e-01	3.18381e+00	-6.37189e-03
1.02915e+05	1.82306e+08	3.29576e+00	1.72065e+00	7.69030e-03
2.16573e+04	1.82327e+08	2.55952e+00	2.38171e+00	-2.36082e-03
5.25157e+04	1.82380e+08	6.68545e-01	1.40317e+00	-1.23558e-03
3.41675e+04	1.82414e+08	2.47979e+00	3.85150e+00	6.27607e-03
5.28597e+04	1.82467e+08	1.30769e+00	3.54475e+00	-8.95138e-04
1.68772e+04	1.82484e+08	2.72355e+00	7.52345e-02	-7.99063e-03
1.75946e+04	1.82502e+08	1.09817e+00	2.01300e+00	-2.13242e-03
1.27141e+04	1.82514e+08	1.05689e+00	1.40091e+00	-2.99378e-03
3.73497e+04	1.82552e+08	1.65135e+00	9.41095e-01	8.39724e-03
1.36433e+04	1.82565e+08	6.10210e-01	1.65722e+00	1.46907e-04
6.23693e+04	1.82628e+08	1.94052e+00	3.50300e+00	9.72038e-03
1.93618e+04	1.82647e+08	5.79781e-01	1.04540e+00	4.66165e-03
3.41481e+04	1.82681e+08	1.30166e+00	4.66597e+00	5.81128e-03
1.89306e+04	1.82700e+08	2.89433e+00	5.48060e-01	-1.14248e-03
4.97073e+05	1.83197e+08	8.89498e-01	4.19773e+00	2.02150e-03
3.53993e+04	1.83232e+08	1.23655e-01	5.94394e+00	-9.12085e-03
5.13903e+04	1.83284e+08	9.90585e-02	1.04892e+00	-5.76138e-03
4.71621e+04	1.83331e+08	1.59085e+00	5.26890e+00	5.97470e-03
3.01833e+04	1.83361e+08	2.47548e+00	1.59836e+00	-9.66922e-03
1.36950e+04	1.83375e+08	3.45340e+00	4.67605e+00	-7.32004e-03
1.02172e+04	1.83385e+08	5.29531e-01	4.16277e+00	7.13731e-04
1.11536e+04	1.83396e+08	1.12906e-01	8.16695e-01	1.63159e-03
2.24884e+04	1.83419e+08	6.72098e-01	7.37667e-01	5.61311e-03
3.52906e+04	1.83454e+08	1.45920e+00	3.92663e+00	-5.16147e-03
1.76274e+05	1.83630e+08	7.92158e-01	4.52471e+00	-6.92721e-04
2.50414e+04	1.83655e+08	4.67505e-01	3.39141e+00	6.59365e-03
1.41721e+05	1.83797e+08	1.96348e+00	4.60097e+00	-8.10982e-03
1.81103e+04	1.83815e+08	3.24464e-01	2.24585e+00	-2.81780e-03
1.69801e+04	1.83832e+08	1.51759e+00	2.88724e+00	-8.33269e-03
1.11814e+04	1.83843e+08	7.92438e-01	2.24435e+00	3.34996e-03
1.25089e+04	1.83856e+08	1.09905e+00	6.09917e+00	2.73424e-03
1.19883e+05	1.83976e+08	8.19036e-01	4.22892e+00	-5.49703e-03
2.89626e+04	1.84005e+08	1.15264e+00	2.29918e+00	-4.21875e-03
3.06699e+04	1.84035e+08	1.02931e+00	2.16601e+00	1.46069e-04
7.03168e+05	1.84739e+08	9.45036e-01	1.18057e+00	-8.86330e-03
4.79190e+04	1.84786e+08	1.26208e+00	4.42257e-01	-5.50751e-03
1.34537e+04	1.84800e+08	5.05870e-01	4.16146e+00	-7.80191e-03
1.15651e+04	1.84812e+08	1.03679e+00	2.41000e+00	3.12592e-03
3.23075e+04	1.84844e+08	7.72686e-01	5.23491e+00	-8.12756e-03
1.48174e+05	1.84992e+08	1.82306e+00	5.11015e+00	-1.51645e-03
3.97314e+04	1.85032e+08	1.38045e+00	1.58778e+00	3.64874e-03
2.56668e+04	1.85057e+08	8.71165e-01	5.96920e+00	9.80897e-03
1.54156e+04	1.85073e+08	1.81494e+00	2.90661e+00	5.83878e-03
3.30478e+04	1.85106e+08	4.87010e-01	4.97510e+00	-4.15909e-03
2.79942e+04	1.85134e+08	1.48321e+00	1.73335e+00	-9.94196e-03
8.64911e+04	1.85220e+08	1.06404e+00	5.46709e+00	-1.33877e-03
3.33280e+04	1.85254e+08	1.01931e+00	1.25480e+00	8.07995e-03
7.65495e+04	1.85330e+08	1.38617e+00	5.32201e+00	-8.69967e-03
1.09705e+04	1.85341e+08	1.15782e+00	3.46036e-02	-5.81387e-03
1.34842e+04	1.85355e+08	4.95826e-01	1.69704e+00	-5.45694e-04
1.44925e+04	1.85369e+08	2.24876e+00	5.30316e+00	6.32395e-03
1.12883e+04	1.85380e+08	4.09996e+00	2.14344e+00	1.65808e-03
1.50287e+05	1.85531e+08	1.89166e+00	3.86942e+00	-2.54907e-03
1.30140e+04	1.85544e+08	2.29510e+00	5.99887e+00	2.86631e-03
2.04789e+04	1.85564e+08	2.12955e-01	4.40753e+00	-4.88628e-03
4.63937e+04	1.85611e+08	3.99069e+00	2.49930e+00	4.19382e-03
6.64073e+04	1.85677e+08	9.96042e-01	2.98134e+00	8.60707e-03
1.16188e+04	1.85689e+08	2.88774e+00	4.46012e+00	1.61873e-03
1.58313e+04	1.85704e+08	1.16820e+00	5.15499e+00	-3.25271e-03
1.55130e+04	1.85720e+08	1.05531e+00	4.06758e+00	-8.95678e-03
1.47222e+04	1.85735e+08	1.69034e+00	2.71816e+00	-5.26498e-03
2.48391e+05	1.85983e+08	1.97687e+00	4.71107e+00	8.56722e-03
1.28234e+04	1.85996e+08	2.52107e-01	4.90896e+00	-5.47686e-03
1.03309e+04	1.86006e+08	1.52988e+00	1.18692e+00	-5.29165e-03
2.77896e+05	1.86284e+08	1.40598e+00	3.90327e+00	6.91834e-03
2.08503e+04	1.86305e+08	2.52424e+00	4.40613e+00	6.49621e-03
1.01615e+05	1.86407e+08	1.83791e+00	4.05423e+00	-3.64380e-04
6.56005e+04	1.86472e+08	1.13871e+00	2.04195e+00	-8.67909e-03
1.49846e+04	1.86487e+08	2.68859e+00	2.40437e+00	-3.58487e-03
1.71784e+04	1.86504e+08	2.78622e-01	5.16696e+00	-3.81477e-03
1.73711e+04	1.86522e+08	3.00992e+00	3.92137e+00	-9.65365e-04
3.25618e+04	1.86554e+08	9.24639e-01	3.33494e+00	-7.05515e-03
1.06594e+05	1.86661e+08	1.03966e+00	5.36715e+00	7.69367e-03
3.53746e+04	1.86696e+08	2.11682e+00	5.79784e+00	5.63440e-03
1.09998e+05	1.86806e+08	2.07778e+00	3.51597e+00	7.07950e-03
1.23755e+04	1.86819e+08	2.01224e+00	2.19415e+00	-4.05942e-04
2.25446e+04	1.86841e+08	4.16956e-01	5.22258e+00	1.34437e-03
3.08388e+04	1.86872e+08	4.13839e-01	2.32682e+00	-2.32919e-03
1.15696e+04	1.86884e+08	3.85723e-01	2.94347e+00	-9.48706e-03
1.86402e+04	1.86902e+08	3.46235e-01	3.45001e+00	-3.77825e-04
2.21198e+04	1.86924e+08	2.79722e-01	2.17234e+00	-4.90030e-03
2.06917e+04	1.86945e+08	1.20142e+00	1.14435e+00	3.20654e-03
8.52496e+04	1.87030e+08	1.19061e+00	4.62701e+00	-5.17530e-03
3.03667e+04	1.87061e+08	4.21907e-01	4.07798e+00	6.71988e-03
1.58976e+05	1.87220e+08	1.76956e+00	5.61724e+00	-1.82698e-03
9.60307e+04	1.87316e+08	2.26579e+00	4.89332e+00	-9.78742e-03
2.39287e+05	1.87555e+08	6.87427e-01	4.63021e+00	-9.76605e-03
4.65549e+04	1.87602e+08	3.33342e+00	4.75341e+00	2.09773e-03
1.53822e+04	1.87617e+08	1.96581e+00	2.17024e+00	9.25841e-03
2.36361e+04	1.87641e+08	4.68571e-01	8.74425e-01	2.73147e-03
2.08070e+04	1.87661e+08	8.78026e-01	1.85917e+00	-7.49824e-03
1.09325e+04	1.87672e+08	5.69824e-01	3.29043e+00	-6.11763e-03
1.72020e+04	1.87690e+08	4.38053e+00	2.98123e-01	5.76191e-03
1.63881e+04	1.87706e+08	7.93354e-01	8.26849e-01	9.24068e-03
1.85857e+04	1.87724e+08	2.46576e+00	1.37480e+00	-3.85273e-04
1.09452e+05	1.87834e+08	4.41466e-01	6.00351e+00	3.43579e-03
1.63490e+04	1.87850e+08	1.50422e+00	4.19778e+00	-1.69530e-03
3.43966e+04	1.87885e+08	2.48611e+00	1.82700e+00	5.26306e-03
2.04944e+04	1.87905e+08	1.52082e+00	1.49786e+00	-3.89097e-03
3.22733e+04	1.87937e+08	1.93651e+00	3.06003e+00	6.54014e-03
1.55875e+04	1.87953e+08	3.23767e+00	4.54008e+00	7.72009e-03
1.98658e+04	1.87973e+08	3.63968e+00	1.12781e+00	4.02345e-04
1.67504e+04	1.87990e+08	2.17526e+00	3.46579e+00	1.43803e-03
4.50513e+04	1.88035e+08	3.41117e-01	3.35621e+00	-2.76510e-03
1.11121e+04	1.88046e+08	1.78537e+00	6.15606e+00	8.67048e-03
1.93207e+04	1.88065e+08	1.22019e+00	2.71606e+00	-1.11876e-03
1.20989e+04	1.88077e+08	1.28985e-01	5.77641e+00	1.19972e-03
1.16294e+04	1.88089e+08	1.42017e+00	8.66199e-01	-8.34382e-03
1.16871e+04	1.88101e+08	2.77164e+00	2.69121e+00	-4.51784e-03
2.15843e+04	1.88122e+08	1.61792e+00	6.23534e+00	3.02087e-03
2.03446e+04	1.88142e+08	3.28938e-01	4.48491e+00	-8.92065e-03
1.15624e+04	1.88154e+08	5.98999e-01	6.15134e+00	-9.27069e-03
3.32273e+04	1.88187e+08	3.65398e+00	4.93782e+00	1.36854e-03
1.46886e+04	1.88202e+08	3.40750e+00	4.12181e+00	9.33985e-03
4.14127e+04	1.88243e+08	1.40366e+00	5.64359e+00	8.40024e-03
1.55649e+04	1.88259e+08	8.86880e-01	3.30383e+00	2.41434e-03
2.63961e+04	1.88285e+08	2.61639e-01	4.27463e+00	-8.45467e-03
1.03573e+04	1.88296e+08	9.75926e-01	5.39527e+00	7.04779e-03
1.24748e+04	1.88308e+08	2.02697e+00	5.50668e-01	-9.76031e-03
2.28209e+06	1.90590e+08	2.31985e+00	1.95097e+00	1.78474e-03
1.22787e+04	1.90603e+08	1.38309e+00	1.02615e+00	-1.06628e-03
2.29765e+05	1.90832e+08	1.41197e+00	1.51576e+00	-6.69263e-03
3.29224e+04	1.90865e+08	3.02018e+00	5.47746e+00	8.19079e-03
2.54846e+04	1.90891e+08	4.38812e+00	1.84973e+00	2.89288e-03
1.70839e+04	1.90908e+08	1.83341e-01	3.63549e+00	3.15590e-03
4.96458e+04	1.90957e+08	3.80190e+00	6.18098e+00	7.99948e-03
2.16861e+04	1.90979e+08	1.46060e+00	6.07580e+00	7.70396e-03
1.27298e+04	1.90992e+08	1.08583e+00	4.33503e+00	7.84487e-03
3.95146e+04	1.91031e+08	2.55762e+00	4.42270e+00	-7.31280e-03
1.26891e+04	1.91044e+08	3.63552e+00	6.01871e+00	9.31864e-03
2.09800e+04	1.91065e+08	2.22976e+00	4.10232e+00	1.46580e-04
3.06680e+04	1.91096e+08	2.18638e+00	1.89172e+00	2.58981e-03
1.20081e+04	1.91108e+08	8.21488e-02	2.31768e+00	2.16978e-03
2.14461e+04	1.91129e+08	1.93537e+00	1.58891e+00	8.38240e-03
4.85549e+04	1.91178e+08	1.12060e+00	2.26273e+00	-4.40714e-04
1.01125e+04	1.91188e+08	2.32505e+00	5.65533e+00	8.23712e-03
2.13207e+05	1.91401e+08	1.67980e+00	1.85734e+00	-1.40280e-03
1.08198e+04	1.91412e+08	1.56332e+00	5.28244e+00	-1.99524e-03
7.12411e+04	1.91483e+08	1.85101e+00	4.03940e+00	1.18940e-04
1.05252e+04	1.91494e+08	2.03745e+00	5.68107e-01	9.58222e-03
1.24606e+05	1.91618e+08	6.12476e-01	4.52994e+00	1.00843e-03
1.82564e+04	1.91636e+08	7.19272e-01	1.47160e+00	-9.11226e-03
2.32205e+04	1.91660e+08	1.90687e+00	4.86414e+00	-7.53351e-03
2.56085e+04	1.91685e+08	9.03318e-01	2.72073e+00	6.37020e-03
1.71160e+04	1.91702e+08	1.69635e+00	1.03988e-01	-2.84394e-03
1.34529e+04	1.91716e+08	3.40947e-01	3.61574e+00	8.73152e-03
1.14276e+04	1.91727e+08	2.20225e-01	2.85757e+00	-2.17341e-04
4.11644e+05	1.92139e+08	3.18879e+00	1.69301e+00	-5.04032e-03
1.53221e+04	1.92154e+08	3.84594e+00	4.22247e+00	3.11100e-03
4.00625e+05	1.92555e+08	2.08762e+00	3.53817e+00	5.31346e-03
5.07116e+04	1.92606e+08	1.74140e+00	6.67065e-01	-2.60682e-03
1.00676e+04	1.92616e+08	1.17606e+00	4.72030e+00	9.74034e-03
1.46573e+05	1.92762e+08	1.26877e+00	6.63507e-01	8.27881e-03
1.30926e+04	1.92775e+08	9.87046e-01	3.86754e+00	1.88382e-03
2.72708e+04	1.92803e+08	3.91319e-01	3.45014e+00	-6.05721e-04
3.60161e+04	1.92839e+08	2.90539e+00	1.27678e+00	2.95169e-03
7.88122e+04	1.92917e+08	1.69396e+00	5.23012e+00	4.08040e-04
1.11507e+04	1.92929e+08	1.37941e+00	6.10628e+00	-6.78693e-04
3.90745e+05	1.93319e+08	9.31793e-01	3.08463e+00	7.96995e-05
3.31345e+04	1.93352e+08	5.99341e-01	5.26241e+00	6.92718e-03
4.09723e+04	1.93393e+08	1.46759e+00	5.72220e+00	2.36214e-03
4.99789e+04	1.93443e+08	3.66497e+00	5.72411e+00	4.66432e-03
1.18785e+05	1.93562e+08	2.02816e+00	4.47065e+00	3.37571e-03
4.28320e+04	1.93605e+08	8.64846e-01	5.96416e+00	1.95556e-03
3.16236e+04	1.93637e+08	3.15567e-01	1.07990e+00	-7.15592e-03
1.05906e+04	1.93647e+08	1.23939e+00	3.06528e+00	-1.33908e-04
1.18182e+04	1.93659e+08	9.64580e-01	6.18723e+00	-7.64076e-03
1.70194e+04	1.93676e+08	7.87110e-01	3.13102e+00	-9.78184e-03
1.36354e+05	1.93812e+08	3.76569e-01	2.56525e+00	-8.59228e-03
2.32492e+04	1.93836e+08	1.99142e+00	5.12899e+00	7.71783e-03
1.61099e+04	1.93852e+08	2.32536e-01	2.73650e+00	-5.20903e-03
4.08463e+04	1.93893e+08	1.46623e+00	8.01576e-01	-3.16378e-03
1.41657e+04	1.93907e+08	1.91669e+00	4.34071e+00	-5.77891e-04
2.52820e+04	1.93932e+08	9.52884e-01	3.30573e-01	5.15136e-03
1.29176e+04	1.93945e+08	3.35933e+00	5.27049e+00	-9.87185e-03
3.45824e+04	1.93980e+08	9.69774e-01	4.94561e+00	5.03547e-03
7.18231e+04	1.94051e+08	9.78752e-01	3.32284e+00	-2.93217e-03
7.17842e+04	1.94123e+08	1.69256e-01	7.40415e-01	-4.09858e-03
4.49854e+04	1.94168e+08	5.00801e-01	2.56162e+00	-7.30240e-03
3.93215e+04	1.94207e+08	7.46759e-01	4.66155e+00	8.35572e-03
1.23249e+04	1.94220e+08	4.91580e-01	3.08541e-01	-6.48793e-03
6.35794e+05	1.94856e+08	1.38164e+00	9.77942e-01	3.83417e-03
3.18368e+04	1.94887e+08	2.40114e+00	1.16694e-01	-7.38442e-03
2.26373e+04	1.94910e+08	2.11938e+00	5.52290e+00	8.54653e-03
1.43793e+04	1.94924e+08	8.67928e-01	2.54739e+00	5.54962e-03
1.16521e+04	1.94936e+08	3.77920e+00	2.86922e-01	8.01080e-03
4.79729e+04	1.94984e+08	2.01328e-01	1.69278e+00	-7.56840e-04
2.19228e+04	1.95006e+08	1.79592e+00	5.29208e+00	-4.40540e-03
1.76518e+04	1.95024e+08	1.72343e+00	2.16480e-01	8.45207e-03
2.24236e+04	1.95046e+08	2.44206e+00	2.44796e+00	-4.04919e-03
1.11418e+04	1.95057e+08	8.23159e-01	5.03036e+00	-6.35995e-04
1.10313e+04	1.95068e+08	2.44395e+00	5.99022e+00	4.07993e-03
1.00442e+04	1.95078e+08	2.56675e+00	3.08895e+00	3.24186e-03
5.42897e+04	1.95133e+08	8.76331e-01	6.21017e+00	9.76721e-03
3.27139e+04	1.95165e+08	1.31816e+00	6.15244e-01	-8.74936e-03
1.00152e+04	1.95175e+08	2.09841e+00	4.26555e+00	5.21739e-03
1.21152e+04	1.95187e+08	9.19219e-01	3.32799e+00	-8.07302e-03
2.07274e+04	1.95208e+08	4.17419e+00	3.78287e+00	7.80030e-03
1.85789e+04	1.95227e+08	1.04754e+00	4.89138e+00	5.82629e-03
1.45281e+04	1.95241e+08	4.51036e-01	5.27463e-01	6.98486e-04
4.65546e+04	1.95288e+08	4.19926e+00	1.70135e+00	6.64994e-04
2.74224e+04	1.95315e+08	1.60507e+00	2.41629e+00	-2.83313e-03
2.08751e+04	1.95336e+08	1.74128e+00	4.16305e+00	-2.79732e-03
1.44055e+04	1.95351e+08	1.47606e+00	5.44419e+00	-7.21040e-03
1.22758e+04	1.95363e+08	8.81292e-01	3.24080e+00	-5.88462e-04
2.53766e+04	1.95388e+08	2.34170e+00	4.83821e+00	-2.86127e-03
4.47754e+05	1.95836e+08	1.50944e+00	3.94258e+00	7.39270e-03
2.13453e+05	1.96049e+08	3.00875e+00	5.60979e+00	7.35541e-04
3.34859e+04	1.96083e+08	1.52478e+00	5.40149e+00	2.61178e-03
2.37563e+04	1.96107e+08	1.41683e-01	1.66075e+00	-5.99963e-03
5.68892e+05	1.96676e+08	3.03366e+00	5.72248e+00	-2.29363e-03
2.24221e+04	1.96698e+08	2.50731e+00	4.48159e+00	4.22606e-03
6.11838e+04	1.96759e+08	9.07088e-01	5.96866e+00	-4.41737e-03
2.34666e+04	1.96783e+08	1.62653e+00	2.90419e+00	-5.78202e-03
1.46634e+05	1.96929e+08	3.29237e+00	1.38476e+00	-9.43799e-03
1.60679e+04	1.96945e+08	3.73930e-01	3.92181e+00	9.80827e-03
1.05761e+04	1.96956e+08	4.99740e-01	3.77277e+00	-7.49126e-03
1.75332e+04	1.96973e+08	2.51275e+00	3.14565e+00	-8.54849e-03
1.44184e+04	1.96988e+08	3.27117e-01	1.07115e+00	5.89840e-04
2.32228e+04	1.97011e+08	1.77997e+00	6.22227e+00	-2.94897e-04
7.30802e+04	1.97084e+08	1.54734e+00	2.81468e+00	-8.88115e-03
1.00580e+04	1.97094e+08	1.99705e+00	4.28759e+00	-3.85746e-03
1.46865e+04	1.97109e+08	6.87230e-01	2.23561e+00	-9.14971e-03
4.54610e+04	1.97154e+08	3.64818e+00	6.08449e+00	-4.67885e-03
3.53780e+04	1.97190e+08	1.27111e+00	3.15220e+00	-8.45637e-03
1.72289e+04	1.97207e+08	6.93096e-01	1.45095e+00	9.04733e-03
1.72034e+04	1.97224e+08	1.09127e+00	2.52758e+00	9.93572e-03
1.17029e+04	1.97236e+08	1.61611e+00	2.10469e+00	-3.77703e-03
4.74200e+04	1.97283e+08	1.68396e+00	1.04502e+00	1.68244e-03
1.14740e+04	1.97295e+08	5.28959e-01	2.21395e+00	-1.98267e-03
1.04721e+04	1.97305e+08	1.38717e+00	5.69954e+00	1.05585e-03
1.79146e+05	1.97484e+08	1.41044e+00	4.07650e+00	1.64683e-03
2.03184e+04	1.97505e+08	1.47714e+00	5.07638e+00	-3.86922e-03
2.59053e+04	1.97531e+08	1.75443e+00	2.13483e+00	-1.14114e-03
1.97625e+04	1.97550e+08	9.25993e-01	4.68433e+00	3.12211e-03
5.25829e+04	1.97603e+08	1.79436e+00	6.63207e-01	-2.35640e-03
1.08142e+04	1.97614e+08	6.73861e-01	1.24371e+00	7.29916e-03
1.46054e+04	1.97628e+08	1.07311e+00	4.26779e-02	-6.48690e-03
1.11184e+04	1.97639e+08	1.85145e+00	6.11492e+00	6.66266e-03
1.05801e+04	1.97650e+08	2.50715e+00	2.62211e+00	6.70661e-03
2.08922e+04	1.97671e+08	1.62080e+00	2.64634e+00	3.41015e-03
2.50785e+04	1.97696e+08	4.02393e+00	4.85018e+00	-2.15350e-03
8.53787e+04	1.97781e+08	1.13766e+00	1.41307e+00	-1.42051e-03
6.26878e+04	1.97844e+08	3.67662e+00	5.30551e-01	8.95168e-03
3.12263e+04	1.97875e+08	1.47806e+00	6.98368e-01	-7.39590e-03
3.24660e+04	1.97908e+08	1.08815e+00	4.68316e+00	9.42755e-03
1.30148e+04	1.97921e+08	3.71877e+00	4.22063e+00	-2.94103e-04
1.55990e+04	1.97936e+08	1.42018e+00	4.62958e+00	-3.44269e-03
3.79659e+04	1.97974e+08	2.25136e+00	1.01308e+00	-7.02646e-03
3.17909e+05	1.98292e+08	2.53994e+00	4.61558e+00	3.00063e-03
4.03662e+04	1.98333e+08	8.60966e-01	2.05065e+00	4.91232e-05
3.74988e+04	1.98370e+08	3.66849e+00	2.94422e+00	-4.08971e-03
6.14136e+04	1.98432e+08	1.94105e+00	2.55459e+00	5.39523e-03
1.00138e+04	1.98442e+08	1.56919e+00	4.67768e+00	-5.45340e-03
1.95006e+06	2.00392e+08	9.86296e-01	5.13192e+00	-5.92007e-03
5.07819e+04	2.00442e+08	1.86306e+00	4.68386e+00	-7.81306e-03
1.83249e+04	2.00461e+08	1.29286e+00	2.21819e+00	6.82154e-04
2.46740e+04	2.00485e+08	1.44575e+00	3.90120e+00	-9.72393e-03
5.22110e+04	2.00538e+08	7.46558e-01	2.43157e+00	-3.61729e-03
1.11163e+05	2.00649e+08	2.54448e-01	4.42331e+00	-4.47359e-03
4.32834e+04	2.00692e+08	1.90730e+00	3.18351e-02	-1.50053e-03
2.38256e+04	2.00716e+08	2.42571e+00	4.88293e+00	6.09717e-03
4.56120e+04	2.00761e+08	2.84570e+00	5.88912e+00	-1.64942e-03
3.31358e+04	2.00795e+08	1.25994e+00	2.81156e+00	-2.94787e-03
1.05630e+04	2.00805e+08	1.30395e+00	1.82539e+00	-2.59403e-03
2.43855e+04	2.00830e+08	2.16542e+00	3.74334e+00	-2.20467e-03
9.55540e+04	2.00925e+08	3.05193e-01	2.66312e+00	-2.08662e-03
1.45280e+04	2.00940e+08	2.36785e-01	3.57360e-01	-2.00906e-03
1.45090e+04	2.00954e+08	1.31284e+00	6.20369e+00	-2.47575e-03
1.06028e+04	2.00965e+08	1.13106e+00	2.82082e+00	-1.95565e-03
6.00785e+04	2.01025e+08	6.18290e-01	3.85752e+00	-8.64621e-03
1.63927e+05	2.01189e+08	2.07927e+00	2.62724e+00	7.78514e-03
1.02136e+04	2.01199e+08	7.66166e-01	4.74465e+00	-3.28124e-03
1.58953e+04	2.01215e+08	7.08958e-01	5.75619e+00	-2.73871e-03
1.04905e+06	2.02264e+08	7.56482e-01	3.03803e+00	-2.18547e-03
1.63194e+04	2.02280e+08	1.90922e+00	6.40696e-01	-6.14606e-03
1.27956e+04	2.02293e+08	2.47739e+00	4.08864e+00	-3.52099e-03
6.71127e+04	2.02360e+08	6.42624e-01	1.81253e-01	8.40270e-03
1.36119e+04	2.02374e+08	2.40552e-01	1.73849e+00	-7.86282e-03
1.31104e+04	2.02387e+08	6.69693e-01	3.07058e+00	-7.85967e-03
1.84281e+04	2.02405e+08	2.60478e+00	4.45983e+00	-9.47668e-04
9.30135e+04	2.02498e+08	2.64125e+00	3.76158e+00	-7.84978e-03
4.91170e+04	2.02547e+08	1.30889e+00	2.75993e+00	-3.21632e-04
2.09918e+04	2.02568e+08	1.04047e+00	3.21856e+00	-3.52771e-03
3.10356e+04	2.02599e+08	1.03531e+00	1.84596e-01	9.78774e-03
3.89171e+04	2.02638e+08	4.41797e+00	2.34063e+00	2.22138e-03
2.30985e+04	2.02661e+08	4.94867e-01	2.93038e+00	4.85728e-03
1.97112e+04	2.02681e+08	2.62836e+00	5.59722e+00	-6.31383e-03
6.34043e+04	2.02745e+08	3.17581e-01	8.97911e-01	5.92295e-03
2.16512e+04	2.02766e+08	1.04804e+00	3.78765e+00	5.88325e-03
1.37152e+05	2.02903e+08	2.76410e-01	2.97417e-01	-2.64847e-03
2.48840e+05	2.03152e+08	3.26019e+00	4.40461e+00	-3.90824e-03
1.12620e+04	2.03164e+08	5.86773e-01	5.46685e+00	-6.86579e-04
1.60712e+04	2.03180e+08	1.74983e+00	5.95032e+00	-9.72900e-03
1.55264e+05	2.03335e+08	2.08250e+00	1.00603e+00	2.33548e-03
1.04011e+05	2.03439e+08	1.59601e+00	6.40951e-01	-9.79015e-03
2.44675e+04	2.03463e+08	3.84014e+00	1.25090e+00	-1.80286e-03
7.73805e+04	2.03541e+08	6.66505e-01	5.68469e+00	-7.70994e-04
2.81929e+04	2.03569e+08	1.91635e+00	5.46070e+00	5.00300e-05
4.46391e+04	2.03614e+08	1.58734e+00	3.66104e+00	-3.97169e-03
1.22767e+04	2.03626e+08	1.66813e+00	3.30731e+00	5.36218e-03
1.00792e+04	2.03636e+08	3.31609e+00	2.91943e-01	9.08563e-03
2.71768e+04	2.03663e+08	2.36066e+00	5.08539e+00	7.70483e-03
8.98060e+04	2.03753e+08	5.92368e-01	6.27016e+00	3.37554e-03
7.16622e+04	2.03825e+08	1.93683e+00	4.37690e+00	4.87796e-03
2.77707e+04	2.03852e+08	4.03508e-01	8.64052e-01	-4.24857e-04
1.19754e+04	2.03864e+08	2.21736e-01	4.53482e-01	4.85360e-03
2.37286e+04	2.03888e+08	8.80456e-01	2.30546e+00	-4.88874e-03
1.46897e+04	2.03903e+08	1.01980e+00	3.23433e-01	-6.58465e-03
1.18439e+04	2.03915e+08	7.01036e-01	6.13064e-01	1.42627e-03
1.39188e+05	2.04054e+08	2.20479e+00	6.16184e+00	6.82434e-03
1.14535e+04	2.04065e+08	4.35254e-01	2.83679e+00	-6.42937e-04
1.07417e+04	2.04076e+08	1.68201e+00	5.71208e+00	-9.56371e-05
1.25121e+05	2.04201e+08	1.11411e+00	5.42797e+00	-2.64032e-03
1.43485e+04	2.04215e+08	2.82785e+00	6.07799e+00	6.42657e-03
3.85256e+04	2.04254e+08	5.73492e-01	3.98157e+00	-1.62079e-03
1.57702e+04	2.04270e+08	2.05344e+00	1.68922e+00	-2.87727e-03
1.78427e+04	2.04288e+08	2.12865e+00	3.89047e-02	2.79347e-03
2.79797e+04	2.04316e+08	2.30143e+00	3.47157e+00	-5.56641e-03
2.26978e+04	2.04338e+08	2.84485e-01	6.23539e+00	-3.82666e-03
1.82611e+04	2.04356e+08	1.56403e+00	5.60695e+00	1.14099e-03
1.03397e+05	2.04460e+08	6.25149e-01	1.60593e+00	1.76667e-03
1.29873e+05	2.04590e+08	2.15509e+00	2.66960e+00	3.95859e-03
6.75636e+04	2.04657e+08	9.96923e-01	5.38670e+00	-7.78271e-03
3.29168e+05	2.04986e+08	1.02924e-01	1.93256e+00	-8.50812e-03
1.08373e+04	2.04997e+08	6.28647e-01	3.45301e+00	-4.88439e-03
1.39484e+05	2.05137e+08	1.17653e+00	5.13629e+00	1.04024e-03
1.79190e+04	2.05155e+08	8.76605e-01	6.09711e+00	5.20282e-03
1.49043e+04	2.05170e+08	2.14638e+00	5.19387e+00	5.02424e-03
4.28899e+04	2.05213e+08	1.11630e+00	4.04818e+00	3.18088e-03
1.03210e+04	2.05223e+08	1.38137e+00	2.85206e-02	1.91209e-04
4.54606e+05	2.05677e+08	4.53285e-01	3.55182e+00	-2.61271e-03
1.59461e+04	2.05693e+08	4.21760e-01	1.90240e+00	-8.48137e-03
1.27581e+05	2.05821e+08	6.03000e-01	4.35019e+00	-6.19764e-03
3.49033e+05	2.06170e+08	3.83105e-01	4.09594e+00	-7.38317e-03
4.40155e+04	2.06214e+08	1.10532e+00	2.12135e+00	7.62330e-04
1.19582e+04	2.06226e+08	1.07720e+00	1.78375e-01	-2.81579e-03
2.28302e+04	2.06249e+08	1.04984e+00	8.41013e-01	8.18817e-03
1.22669e+06	2.07476e+08	3.78857e+00	5.02329e-01	-8.10155e-03
1.06097e+04	2.07486e+08	1.35289e+00	4.00398e+00	-4.09274e-03
1.26669e+04	2.07499e+08	2.14041e+00	7.12052e-01	-3.91078e-04
1.42065e+05	2.07641e+08	1.13592e+00	8.86040e-01	7.18632e-03
6.96110e+04	2.07710e+08	2.05542e+00	3.92220e+00	3.42231e-04
9.13679e+05	2.08624e+08	1.03818e+00	4.14931e+00	-5.88823e-03
7.63920e+04	2.08701e+08	2.25923e-01	1.95448e+00	6.60605e-04
1.11708e+04	2.08712e+08	7.81531e-01	5.22597e+00	-6.64423e-03
8.01751e+04	2.08792e+08	2.59118e+00	3.52864e+00	-3.11564e-03
1.09952e+04	2.08803e+08	1.77690e+00	9.72155e-01	-3.40735e-03
1.67862e+04	2.08820e+08	1.90953e-01	2.49544e+00	6.54856e-03
2.99703e+04	2.08850e+08	1.42673e+00	3.42354e+00	8.74420e-03
4.97487e+04	2.08899e+08	9.54194e-01	3.14144e+00	9.99330e-03
3.54035e+04	2.08935e+08	2.32604e+00	3.65337e+00	-6.33737e-03
4.35889e+04	2.08978e+08	2.31307e+00	4.71275e+00	-8.34997e-04
1.61365e+04	2.08994e+08	2.85046e+00	2.56410e+00	4.09561e-03
4.08829e+04	2.09035e+08	1.01257e+00	4.14485e+00	9.37670e-03
1.33664e+04	2.09049e+08	7.75485e-02	9.33839e-01	-3.60100e-03
1.56267e+04	2.09064e+08	3.14008e+00	5.56948e+00	-3.14258e-03
2.36958e+05	2.09301e+08	1.41914e+00	5.38480e+00	-2.21398e-03
1.08346e+04	2.09312e+08	8.73859e-01	1.18059e+00	8.14834e-03
2.74339e+04	2.09340e+08	1.45410e+00	1.95064e+00	6.87422e-03
1.00333e+04	2.09350e+08	1.19703e+00	4.76793e+00	9.40749e-03
1.23977e+04	2.09362e+08	1.43176e+00	9.89228e-01	7.72531e-03
1.15958e+04	2.09374e+08	1.42909e+00	5.03997e-01	9.05279e-03
1.82771e+05	2.09556e+08	7.16581e-01	5.53812e+00	-5.36238e-03
2.20438e+04	2.09578e+08	1.37338e+00	5.34942e+00	1.12204e-03
1.72954e+04	2.09596e+08	2.47328e+00	2.09072e+00	8.68182e-03
4.84340e+04	2.09644e+08	9.29300e-01	2.68329e+00	-6.36310e-03
1.09305e+05	2.09753e+08	8.77010e-01	4.96619e+00	-4.42075e-03
2.20456e+04	2.09776e+08	2.20550e+00	3.78766e-01	4.39123e-03
1.05894e+04	2.09786e+08	1.44042e+00	4.15009e+00	8.49088e-03
2.80839e+05	2.10067e+08	2.64283e+00	4.66925e-01	3.93881e-03
2.86313e+04	2.10096e+08	1.74754e+00	3.44464e+00	8.22479e-03
1.26750e+04	2.10108e+08	1.20694e+00	3.23933e-01	-9.71684e-03
1.59256e+04	2.10124e+08	9.09631e-01	3.97832e+00	-9.69744e-03
1.34546e+04	2.10138e+08	1.00178e+00	3.65099e+00	-8.02442e-03
3.89675e+04	2.10177e+08	3.25957e-01	7.82977e-01	4.27547e-03
1.56720e+05	2.10333e+08	7.13230e-01	4.19320e+00	-1.41482e-03
1.21494e+04	2.10345e+08	8.93127e-01	2.57218e+00	8.78209e-03
3.48279e+04	2.10380e+08	7.95062e-01	3.69804e+00	-3.61853e-03
4.36832e+04	2.10424e+08	8.97485e-01	1.76951e+00	-4.36362e-03
1.19568e+04	2.10436e+08	1.57344e+00	5.07588e+00	-7.53309e-03
3.75773e+04	2.10474e+08	1.51019e+00	2.57509e+00	-8.87730e-03
3.14805e+04	2.10505e+08	3.52725e+00	4.98348e+00	1.94668e-03
1.12965e+04	2.10516e+08	1.79049e+00	5.41377e+00	-3.37902e-04
1.03586e+04	2.10527e+08	2.98172e+00	2.80137e+00	-4.52965e-03
1.08706e+04	2.10538e+08	3.59965e-01	5.97175e+00	6.93525e-03
1.87107e+04	2.10556e+08	1.80085e+00	4.62874e+00	-1.47763e-03
1.04479e+04	2.10567e+08	9.19515e-01	9.40462e-01	-2.45040e-03
3.97711e+04	2.10606e+08	2.17031e+00	4.82000e+00	1.04801e-03
1.28916e+04	2.10619e+08	1.53706e+00	3.11185e+00	2.39376e-03
3.82032e+04	2.10658e+08	8.96766e-01	1.26700e+00	-7.72224e-03
1.65881e+04	2.10674e+08	1.97102e+00	2.79237e+00	-5.96893e-03
1.09200e+04	2.10685e+08	1.69770e+00	3.97869e-01	-9.01112e-03
5.62100e+04	2.10741e+08	1.73866e+00	1.54086e+00	-8.79453e-03
1.01150e+04	2.10751e+08	1.20615e+00	3.48282e+00	9.04589e-03
1.45969e+04	2.10766e+08	2.00224e+00	4.09680e-01	2.50359e-04
2.39423e+04	2.10790e+08	2.05899e+00	7.96905e-01	-2.96165e-03
9.63133e+04	2.10886e+08	5.63601e-01	4.57138e+00	-9.56289e-03
1.87929e+04	2.10905e+08	2.12072e+00	5.99668e+00	1.96353e-03
1.44771e+04	2.10920e+08	1.04722e+00	3.68044e-01	6.02394e-03
1.02234e+04	2.10930e+08	1.54819e+00	6.15319e+00	-3.91501e-03
1.20921e+04	2.10942e+08	1.78838e-01	4.72301e+00	6.90817e-03
1.29267e+04	2.10955e+08	2.85543e+00	4.63199e+00	4.91439e-03
5.07683e+04	2.11006e+08	1.35347e+00	3.33728e+00	-3.57271e-03
4.44294e+04	2.11050e+08	1.89398e+00	4.48245e+00	-7.22281e-03
1.48590e+04	2.11065e+08	1.41688e-01	5.38507e+00	-8.52311e-03
1.15714e+04	2.11076e+08	2.62771e+00	5.47787e-02	4.43008e-03
8.22478e+05	2.11899e+08	2.89619e+00	1.36840e-01	8.08150e-03
1.05626e+04	2.11909e+08	1.53171e+00	4.46238e+00	7.56608e-03
1.18938e+04	2.11921e+08	1.53124e-01	2.59140e+00	-6.73689e-03
1.00570e+04	2.11931e+08	6.20321e-01	1.00388e+00	5.77662e-04
1.73030e+04	2.11949e+08	1.95473e+00	2.76518e+00	-2.57105e-03
5.39519e+04	2.12003e+08	9.35795e-01	3.69282e+00	-9.70614e-03
2.96729e+04	2.12032e+08	3.39878e-01	3.29448e+00	1.60278e-03
2.01897e+05	2.12234e+08	7.98779e-01	2.80983e+00	7.69414e-03
2.36604e+04	2.12258e+08	3.97149e+00	5.63694e+00	-2.29743e-03
1.03072e+05	2.12361e+08	8.77598e-01	4.47803e-01	7.88814e-03
1.96147e+04	2.12381e+08	1.31044e+00	3.54253e+00	-1.03074e-03
4.28402e+04	2.12423e+08	2.01882e+00	5.89604e+00	-8.57176e-03
3.75877e+05	2.12799e+08	5.39553e-01	4.68351e-01	-6.10692e-03
1.89158e+04	2.12818e+08	8.76432e-01	2.85338e+00	3.60846e-03
1.47579e+04	2.12833e+08	1.77315e+00	1.60713e+00	3.71174e-03
3.77390e+04	2.12871e+08	1.04596e+00	3.02510e-01	-6.84366e-03
1.41214e+04	2.12885e+08	3.99980e+00	6.21920e+00	9.68639e-03
1.06338e+04	2.12895e+08	7.57659e-01	3.56645e+00	7.07118e-03
1.04784e+04	2.12906e+08	7.44483e-01	1.77781e+00	-3.07347e-03
2.86276e+04	2.12935e+08	4.42992e-01	1.71800e+00	2.62245e-03
1.02858e+05	2.13037e+08	1.87803e+00	4.26633e+00	-4.64855e-03
2.69863e+04	2.13064e+08	9.08434e-02	1.35750e+00	6.44566e-03
1.13788e+04	2.13076e+08	1.84904e+00	4.43730e+00	-4.43849e-03
1.52632e+04	2.13091e+08	1.83802e+00	1.92538e-01	3.21689e-03
2.56183e+04	2.13117e+08	3.01823e-01	4.00521e+00	1.94621e-03
1.03778e+04	2.13127e+08	1.45151e+00	2.71688e+00	9.34057e-03
2.58545e+04	2.13153e+08	8.13641e-01	3.58950e+00	-9.47018e-04
1.03235e+04	2.13163e+08	1.18624e+00	1.75547e+00	-3.18144e-04
2.95392e+04	2.13193e+08	2.08773e+00	3.26992e+00	3.23923e-03
3.34255e+05	2.13527e+08	1.46422e+00	2.29241e+00	2.37556e-04
1.11566e+04	2.13538e+08	7.27960e-01	4.14319e+00	1.22066e-03
1.38465e+04	2.13552e+08	1.74655e+00	4.69660e-01	8.62216e-03
1.33400e+04	2.13565e+08	1.36762e+00	3.21555e+00	5.64152e-03
1.13273e+05	2.13679e+08	4.11924e+00	4.26719e+00	6.39257e-03
5.54190e+04	2.13734e+08	1.97348e+00	4.48339e+00	-9.90093e-03
1.32922e+04	2.13747e+08	1.46374e+00	2.02582e+00	-5.02777e-03
1.76571e+04	2.13765e+08	1.23822e+00	4.81299e+00	4.70722e-03
4.71064e+04	2.13812e+08	1.47019e+00	3.44691e+00	-9.05654e-03
2.81578e+05	2.14094e+08	1.50945e+00	3.09186e+00	6.16544e-03
5.23846e+04	2.14146e+08	3.14627e+00	3.98549e+00	-7.51808e-03
1.63357e+04	2.14162e+08	2.94181e+00	1.43975e+00	4.07192e-03
4.43383e+05	2.14606e+08	5.17111e-01	5.18272e+00	4.41069e-03
1.16341e+04	2.14617e+08	3.46054e+00	5.90894e-01	1.25693e-03
3.80500e+04	2.14655e+08	1.83260e+00	4.33349e+00	-1.41343e-03
2.89917e+04	2.14684e+08	5.95741e-01	2.75242e+00	6.39886e-03
1.45702e+04	2.14699e+08	8.69074e-01	3.67245e+00	1.26361e-03
2.45784e+06	2.17157e+08	1.69616e+00	5.53922e+00	-7.51022e-03
1.11002e+04	2.17168e+08	2.21469e+00	2.78210e+00	8.48126e-05
1.72369e+04	2.17185e+08	3.74363e+00	6.22525e+00	1.51335e-03
4.36553e+04	2.17229e+08	1.76759e+00	3.77151e+00	-1.85900e-04
3.51465e+04	2.17264e+08	1.35407e+00	2.62247e-01	9.17436e-03
2.96873e+04	2.17294e+08	1.24655e+00	5.28505e+00	5.60058e-03
2.95910e+04	2.17323e+08	1.12493e+00	3.08142e+00	2.42258e-03
6.11748e+04	2.17384e+08	9.48527e-01	3.10726e+00	2.75806e-03
4.26371e+04	2.17427e+08	2.44985e+00	3.84722e+00	9.42371e-04
1.86752e+04	2.17446e+08	3.93762e+00	5.09022e+00	-5.50503e-04
1.68565e+04	2.17463e+08	1.67738e+00	1.08767e+00	-3.78704e-03
2.19150e+04	2.17485e+08	1.03431e+00	1.75066e+00	4.52131e-03
2.72061e+04	2.17512e+08	5.35352e-01	1.62414e-01	3.22890e-03
1.15205e+04	2.17523e+08	1.48572e+00	1.91280e+00	3.86547e-04
1.08681e+04	2.17534e+08	1.94865e+00	4.32838e+00	-1.14268e-04
2.58102e+04	2.17560e+08	3.21581e+00	6.20852e+00	-6.82430e-03
2.38214e+04	2.17584e+08	2.92781e-01	1.06900e-01	5.47216e-03
2.77300e+04	2.17611e+08	3.18183e-01	4.50919e+00	-9.60670e-03
1.23661e+04	2.17624e+08	7.55934e-01	5.74083e+00	6.66511e-03
3.26911e+04	2.17657e+08	2.24922e+00	2.63705e+00	-3.52029e-03
1.57234e+04	2.17672e+08	3.57559e+00	3.35015e+00	9.56143e-03
2.22020e+04	2.17694e+08	3.90538e+00	4.69297e+00	2.71328e-03
2.14085e+04	2.17716e+08	6.75238e-01	1.90832e+00	-6.02589e-03
1.16056e+04	2.17727e+08	1.71726e+00	5.76431e+00	1.20235e-03
7.13938e+04	2.17799e+08	2.69893e-01	5.44518e+00	-5.49655e-04
2.91069e+04	2.17828e+08	7.73904e-01	5.75322e+00	8.10802e-04
1.04372e+04	2.17838e+08	2.50448e+00	4.73382e+00	1.21515e-03
2.14690e+04	2.17860e+08	2.11231e+00	1.15636e+00	7.81963e-04
4.00169e+04	2.17900e+08	1.49772e+00	3.65459e+00	-9.22664e-03
2.60291e+04	2.17926e+08	1.43116e+00	5.07864e+00	-4.64025e-03
2.80088e+04	2.17954e+08	6.22978e-01	3.14020e+00	6.66129e-03
1.06013e+04	2.17965e+08	2.60349e+00	3.14333e+00	9.19089e-03
4.47550e+05	2.18412e+08	3.10667e-01	6.14696e+00	7.79600e-03
1.43767e+04	2.18426e+08	2.86713e+00	3.17948e+00	-8.32094e-03
1.13239e+04	2.18438e+08	2.54895e+00	2.95931e+00	-1.00626e-03
6.90109e+05	2.19128e+08	1.08388e+00	3.57618e+00	9.75467e-03
2.58000e+04	2.19154e+08	2.31912e+00	3.56920e+00	-8.92951e-03
5.75625e+04	2.19211e+08	2.87294e+00	1.50853e+00	8.90648e-03
4.40900e+04	2.19255e+08	6.78853e-01	3.67165e+00	-8.34946e-03
2.08355e+04	2.19276e+08	1.57877e+00	6.06939e+00	-5.56118e-03
2.69870e+04	2.19303e+08	2.20451e+00	2.00982e+00	-7.25466e-03
4.12941e+04	2.19344e+08	3.82564e+00	3.05042e+00	-7.29591e-03
2.06557e+04	2.19365e+08	6.08570e-01	2.19529e+00	-3.03045e-03
3.03486e+04	2.19395e+08	1.13856e+00	3.67278e+00	-3.18820e-03
1.00757e+04	2.19406e+08	1.77258e+00	2.71337e+00	1.33590e-03
2.13369e+04	2.19427e+08	1.20612e+00	6.21690e+00	-6.04279e-03
1.31440e+06	2.20741e+08	4.31682e-01	1.63922e+00	-3.34621e-03
1.50591e+04	2.20756e+08	7.72789e-01	2.23594e-01	-8.72898e-03
1.31223e+04	2.20769e+08	4.49860e-01	1.80758e+00	-3.38664e-03
2.22974e+04	2.20792e+08	2.94463e-01	3.40888e-01	4.66926e-03
1.52071e+04	2.20807e+08	1.07692e+00	3.85131e+00	-6.19477e-03
3.84702e+04	2.20845e+08	9.43462e-01	2.87740e+00	9.27468e-03
6.24765e+04	2.20908e+08	1.79938e+00	5.32676e+00	9.03068e-03
2.26182e+04	2.20931e+08	8.09378e-01	9.82260e-01	-2.76631e-03
3.72657e+04	2.20968e+08	2.52012e+00	1.40288e+00	2.73973e-03
5.68163e+05	2.21536e+08	1.40339e+00	5.94025e+00	-5.05973e-03
4.45871e+04	2.21581e+08	7.93414e-01	3.70538e+00	-2.55056e-04
1.73336e+04	2.21598e+08	6.14976e-01	2.92499e+00	8.79202e-03
2.15581e+04	2.21619e+08	1.39407e+00	4.06109e+00	-4.96408e-03
7.36380e+04	2.21693e+08	4.08378e+00	3.50792e+00	6.83558e-03
2.38999e+04	2.21717e+08	1.90869e+00	1.54132e+00	-1.82095e-03
1.17679e+04	2.21729e+08	1.37016e+00	4.22533e+00	3.21739e-03
1.35636e+04	2.21742e+08	8.60460e-01	2.89703e+00	-8.10602e-03
2.28009e+04	2.21765e+08	4.76877e-01	1.25602e+00	-8.25232e-03
1.33846e+04	2.21778e+08	8.01841e-01	1.31434e+00	4.56626e-03
4.04817e+04	2.21819e+08	4.68002e-01	4.23479e+00	1.39062e-03
1.76900e+04	2.21837e+08	4.23416e-01	4.21729e+00	1.13171e-03
2.06279e+04	2.21857e+08	1.90325e+00	5.61016e+00	6.81370e-03
5.04182e+04	2.21908e+08	2.08019e+00	3.60473e+00	-9.69958e-03
1.05327e+04	2.21918e+08	7.68437e-01	1.28510e+00	6.77866e-03
1.48281e+04	2.21933e+08	1.18153e+00	1.02624e+00	8.46015e-03
1.63306e+04	2.21949e+08	2.07110e+00	4.36692e+00	8.93876e-03
1.67079e+04	2.21966e+08	1.39169e+00	1.46931e+00	6.56807e-03
3.74015e+04	2.22004e+08	7.65847e-01	4.94802e+00	8.29195e-03
1.34920e+04	2.22017e+08	1.05124e+00	2.77778e+00	2.80243e-03
1.67241e+04	2.22034e+08	2.24726e+00	8.65988e-01	6.75687e-03
1.18259e+04	2.22046e+08	6.56933e-01	1.52157e+00	7.33908e-03
1.69603e+04	2.22063e+08	1.80954e+00	6.19527e-01	-9.88007e-04
6.44178e+04	2.22127e+08	1.08348e+00	2.71311e+00	-3.96156e-03
1.17658e+04	2.22139e+08	2.65422e+00	1.81366e-01	3.54053e-03
2.04497e+04	2.22159e+08	3.85478e+00	6.16001e+00	-7.46738e-03
4.60679e+04	2.22205e+08	1.11057e+00	1.70015e+00	-4.46823e-03
6.12598e+04	2.22266e+08	7.52838e-01	3.50394e+00	-4.73704e-03
3.47372e+04	2.22301e+08	1.75827e+00	1.02197e-01	4.33785e-04
1.40383e+04	2.22315e+08	1.74520e+00	5.64833e+00	1.46749e-03
1.17730e+06	2.23493e+08	3.77615e+00	3.37165e+00	-5.48570e-03
1.73789e+04	2.23510e+08	1.94917e+00	6.00281e+00	-4.14281e-03
2.74087e+04	2.23537e+08	2.21157e+00	5.13658e+00	3.29048e-03
1.44069e+04	2.23552e+08	1.37370e+00	2.33620e-01	2.20884e-03
1.89096e+05	2.23741e+08	1.26631e+00	4.60054e+00	-4.92732e-03
7.58160e+04	2.23817e+08	2.45619e+00	2.02335e+00	7.01067e-03
1.24371e+04	2.23829e+08	1.10758e+00	3.49847e+00	2.65579e-03
2.31307e+04	2.23852e+08	1.59321e+00	4.26848e+00	-4.91617e-03
1.48218e+04	2.23867e+08	1.07701e+00	5.46602e+00	9.60651e-03
1.07691e+04	2.23878e+08	2.05033e-01	3.21158e+00	-9.51788e-03
1.53700e+05	2.24032e+08	4.58845e-01	5.72144e+00	-6.42781e-03
4.50727e+04	2.24077e+08	3.10992e+00	5.77433e+00	8.35918e-03
4.58438e+04	2.24122e+08	1.32437e+00	2.30854e+00	8.68415e-03
4.42745e+04	2.24167e+08	1.93238e+00	4.93618e+00	7.06203e-03
1.71050e+04	2.24184e+08	1.31603e+00	1.58912e-01	-5.76569e-03
3.83769e+05	2.24568e+08	6.26595e-01	4.63955e+00	-7.61748e-03
1.17674e+04	2.24579e+08	3.76585e+00	4.49727e+00	6.72351e-03
1.14149e+04	2.24591e+08	1.12599e+00	5.90237e+00	1.10436e-03
1.64048e+04	2.24607e+08	1.47056e+00	4.47226e+00	4.76699e-03
1.11864e+04	2.24618e+08	3.47984e+00	5.97996e+00	-6.22598e-03
1.11575e+04	2.24630e+08	2.88085e+00	1.81914e+00	-2.42116e-03
1.07185e+04	2.24640e+08	2.55191e+00	2.96851e-02	-4.24431e-03
1.43530e+04	2.24655e+08	1.81916e+00	5.44319e+00	-3.49277e-03
1.46352e+04	2.24669e+08	1.01516e+00	3.60985e+00	-1.39101e-03
1.26026e+04	2.24682e+08	7.72219e-01	6.14704e+00	-6.41043e-03
1.48593e+04	2.24697e+08	5.81487e-01	4.72400e+00	-9.69488e-03
1.47065e+04	2.24711e+08	2.35509e+00	3.95204e+00	5.36210e-03
1.33101e+04	2.24725e+08	3.15595e+00	4.61732e-01	-1.57642e-03
4.83403e+04	2.24773e+08	2.70157e+00	4.72972e+00	-5.89568e-05
1.46108e+04	2.24788e+08	6.18795e-01	3.24434e+00	-8.50033e-03
2.61914e+04	2.24814e+08	1.17466e+00	8.36287e-01	-1.52411e-03
1.81823e+04	2.24832e+08	2.18625e+00	2.14727e-02	3.52002e-03
4.15746e+04	2.24874e+08	2.58004e+00	6.07821e+00	-7.75189e-03
7.13688e+04	2.24945e+08	7.84897e-02	5.17112e+00	-9.91617e-03
5.23128e+04	2.24997e+08	6.25604e-01	3.15591e+00	5.76722e-03
1.32740e+04	2.25011e+08	3.64737e-01	1.19367e+00	-5.50736e-04
2.12491e+04	2.25032e+08	6.92200e-01	1.74179e-01	1.36247e-03
5.13397e+05	2.25545e+08	2.32449e+00	8.16951e-01	-1.91182e-03
2.82337e+04	2.25573e+08	1.04086e+00	5.53343e+00	-2.98256e-03
1.88161e+04	2.25592e+08	3.58884e-01	1.68348e+00	-1.63977e-03
1.47666e+04	2.25607e+08	5.52096e-01	1.60279e+00	-3.41366e-03
1.19077e+04	2.25619e+08	6.48715e-01	2.38023e-01	-4.85122e-03
5.04544e+04	2.25669e+08	2.45632e+00	1.58851e+00	-7.92889e-03
1.84663e+04	2.25688e+08	9.00788e-01	6.24408e+00	7.86560e-03
2.52313e+04	2.25713e+08	2.02126e+00	3.77015e+00	-6.55002e-03
3.03358e+04	2.25743e+08	6.75494e-01	4.09359e+00	8.16719e-03
1.18575e+05	2.25862e+08	7.11525e-01	4.22274e+00	-3.89049e-03
5.11940e+04	2.25913e+08	1.28955e+00	4.82253e+00	-6.89791e-03
3.07593e+04	2.25944e+08	7.43508e-01	1.51434e+00	-1.73823e-03
2.38833e+04	2.25968e+08	2.38689e+00	4.80719e+00	6.84520e-03
1.23533e+04	2.25980e+08	8.80518e-01	3.90608e+00	-1.32798e-03
1.04585e+06	2.27026e+08	5.99399e-01	4.19623e+00	-2.05151e-03
1.30527e+04	2.27039e+08	1.31205e+00	6.25628e+00	7.94130e-03
1.38622e+04	2.27053e+08	7.57523e-01	2.28671e+00	7.78557e-03
1.80176e+04	2.27071e+08	6.79263e-01	3.11441e+00	-8.03072e-03
9.34920e+04	2.27164e+08	2.31854e+00	1.86420e+00	3.69038e-03
1.19116e+04	2.27176e+08	2.20576e-01	2.55985e+00	-3.45287e-03
1.03275e+04	2.27187e+08	2.87685e-01	5.24109e-01	6.57677e-03
1.27237e+04	2.27199e+08	5.19048e-01	3.19243e+00	-2.56371e-03
4.77098e+05	2.27677e+08	5.09097e-01	3.20370e-01	-9.80431e-03
2.36739e+04	2.27700e+08	1.06019e+00	3.10095e+00	4.76526e-03
1.36577e+05	2.27837e+08	2.49783e-01	4.73738e+00	1.57359e-03
1.57420e+04	2.27853e+08	1.14452e+00	4.91678e+00	-5.22946e-03
2.22086e+04	2.27875e+08	3.84464e+00	1.69245e+00	-6.14784e-03
1.84732e+05	2.28059e+08	2.58502e-01	5.56551e+00	-3.48763e-03
1.87775e+04	2.28078e+08	7.99511e-01	2.02162e+00	3.07504e-03
1.01683e+04	2.28088e+08	3.52383e+00	5.04469e-03	-7.92275e-03
2.88685e+04	2.28117e+08	3.74135e+00	5.97171e+00	6.44115e-03
9.79785e+04	2.28215e+08	1.34138e+00	2.85598e+00	-9.89545e-03
1.07424e+04	2.28226e+08	1.76911e-01	6.16067e+00	2.28967e-03
3.22992e+04	2.28258e+08	5.61153e-01	1.48960e+00	-4.70358e-03
3.04000e+04	2.28289e+08	1.34896e+00	4.18714e+00	-8.27861e-03
2.97374e+04	2.28318e+08	1.09099e+00	3.94353e-01	9.65525e-03
1.17459e+05	2.28436e+08	2.89571e+00	3.09626e+00	2.65356e-03
2.75294e+04	2.28463e+08	1.01711e+00	6.21097e+00	1.90484e-03
1.39846e+04	2.28477e+08	2.85686e+00	6.06965e+00	5.62164e-03
1.07829e+04	2.28488e+08	1.32792e+00	5.36189e+00	6.07681e-03
2.61401e+04	2.28514e+08	2.30815e-01	4.87673e-01	1.18370e-03
1.44333e+04	2.28529e+08	1.78400e+00	3.84160e-01	-7.10286e-03
3.44494e+04	2.28563e+08	2.50212e+00	3.07684e+00	-4.55722e-03
1.19239e+05	2.28682e+08	8.28912e-01	6.83614e-01	9.83139e-03
1.35435e+04	2.28696e+08	2.83290e-01	1.58112e+00	-6.29034e-03
1.23315e+04	2.28708e+08	4.67431e-01	7.28465e-01	9.52497e-03
8.29928e+04	2.28791e+08	2.94754e+00	3.30985e+00	-3.34479e-03
1.00421e+04	2.28801e+08	1.54419e+00	6.54214e-01	-2.89064e-03
1.39345e+04	2.28815e+08	3.06618e+00	4.18313e+00	-3.29190e-03
1.16155e+04	2.28827e+08	6.71288e-01	5.17438e+00	-4.12942e-04
1.58868e+05	2.28986e+08	1.67708e+00	3.31254e+00	4.39803e-03
4.05913e+05	2.29392e+08	1.54410e+00	2.70967e+00	8.99142e-03
1.52571e+04	2.29407e+08	9.44558e-01	1.40204e+00	-7.62002e-04
1.58917e+04	2.29423e+08	3.60202e+00	4.81994e+00	-4.31878e-03
1.28922e+04	2.29436e+08	1.69948e+00	5.36381e+00	-5.28618e-03
1.23036e+04	2.29448e+08	9.37450e-01	6.02197e+00	6.80881e-03
5.32951e+04	2.29501e+08	1.63741e+00	3.97934e+00	4.22523e-03
1.01455e+04	2.29511e+08	2.24014e+00	5.22745e+00	-7.36252e-03
1.22225e+04	2.29524e+08	2.46073e+00	1.12559e+00	-2.65313e-04
1.62189e+04	2.29540e+08	1.43355e+00	1.05061e+00	-9.06778e-03
5.33575e+05	2.30073e+08	4.15576e-01	7.09774e-01	-6.77573e-03
5.40662e+04	2.30128e+08	3.90680e+00	1.87349e+00	-1.38467e-03
4.38927e+05	2.30566e+08	8.72194e-01	1.42634e+00	1.87283e-03
4.52149e+04	2.30612e+08	2.72494e-01	3.16840e+00	-8.80751e-03
2.31637e+04	2.30635e+08	2.30219e+00	1.97703e+00	-7.17561e-03
1.59694e+04	2.30651e+08	1.38871e+00	3.27350e+00	6.79160e-03
1.12952e+04	2.30662e+08	1.24816e+00	4.25558e+00	-2.59753e-03
2.09059e+04	2.30683e+08	1.29930e+00	1.49550e+00	-4.47261e-03
1.24062e+04	2.30695e+08	8.29236e-01	3.26179e+00	-4.90608e-03
1.50780e+04	2.30711e+08	1.24751e+00	7.85769e-01	2.27896e-03
1.01590e+04	2.30721e+08	4.89769e-01	4.09190e+00	-3.87363e-03
1.89080e+05	2.30910e+08	2.82237e+00	1.23735e+00	-9.88056e-03
1.05620e+04	2.30920e+08	3.73996e-01	3.06109e-03	8.59441e-03
1.83979e+04	2.30939e+08	2.35096e+00	5.37992e-01	-8.74028e-03
3.01657e+04	2.30969e+08	1.97270e+00	2.24493e+00	-9.22834e-03
2.53308e+04	2.30994e+08	1.14194e+00	1.71852e+00	-7.38741e-03
2.46849e+04	2.31019e+08	1.06886e+00	1.80419e+00	5.02967e-03
1.01230e+05	2.31120e+08	1.54315e+00	3.41433e+00	9.06917e-03
1.89843e+04	2.31139e+08	9.43585e-01	2.44720e+00	-8.04329e-03
1.32012e+04	2.31152e+08	3.70284e+00	4.21804e-01	-4.43566e-03
1.23620e+04	2.31165e+08	1.52711e+00	4.89897e+00	6.41759e-03
4.48890e+04	2.31210e+08	3.24919e-02	4.29817e+00	4.69764e-03
2.38195e+04	2.31233e+08	3.67333e+00	2.04491e-01	3.16398e-04
2.37173e+04	2.31257e+08	2.51647e-01	5.16990e+00	3.36263e-03
2.39316e+06	2.33650e+08	1.46753e+00	3.53555e-01	-4.98206e-03
1.15463e+04	2.33662e+08	6.11021e-01	1.42821e+00	5.11231e-03
2.28543e+04	2.33685e+08	3.40281e-01	5.94451e+00	-6.62323e-03
2.88801e+04	2.33714e+08	2.95655e+00	6.25701e+00	-1.75257e-03
1.31509e+04	2.33727e+08	8.40534e-01	6.04364e+00	-4.12164e-03
3.88889e+04	2.33766e+08	9.93389e-01	1.43806e+00	-6.34304e-03
1.28481e+04	2.33778e+08	1.55640e+00	5.01475e+00	4.36751e-03
1.57212e+04	2.33794e+08	1.55637e+00	4.42237e+00	-5.72418e-05
1.20023e+04	2.33806e+08	1.94246e-01	5.25576e+00	-1.43456e-03
4.91475e+04	2.33855e+08	2.34199e+00	4.16449e+00	-8.10681e-03
1.13322e+04	2.33867e+08	9.31729e-01	3.64616e+00	-5.52686e-03
2.11383e+05	2.34078e+08	1.20794e+00	4.72625e+00	-8.78148e-03
1.39652e+04	2.34092e+08	1.14816e+00	5.83681e+00	-7.38324e-03
1.40381e+04	2.34106e+08	8.83119e-01	5.66075e+00	7.15352e-03
3.26485e+04	2.34139e+08	4.24474e+00	2.50230e+00	4.67373e-03
1.83289e+04	2.34157e+08	1.55301e+00	3.88730e-01	-5.60442e-03
1.03937e+04	2.34167e+08	6.20967e-01	6.17923e+00	3.43063e-04
1.27394e+04	2.34180e+08	5.67371e-01	9.17871e-02	1.30431e-03
1.36642e+04	2.34194e+08	6.77577e-01	2.15807e+00	-8.24742e-03
1.16644e+04	2.34205e+08	3.24446e+00	5.62970e+00	-7.20124e-03
1.10176e+04	2.34216e+08	2.98616e+00	6.06838e+00	4.46148e-03
2.83445e+04	2.34245e+08	1.76460e+00	1.28576e+00	8.67637e-03
7.24262e+04	2.34317e+08	8.28599e-01	1.38551e+00	-6.66004e-03
1.78448e+04	2.34335e+08	1.73930e+00	1.73457e+00	-2.17355e-04
1.03797e+04	2.34345e+08	1.46173e+00	3.30449e+00	4.13544e-03
3.39089e+04	2.34379e+08	1.83771e-01	5.97354e+00	-6.00477e-03
6.68549e+04	2.34446e+08	2.38607e+00	5.33894e+00	-1.69798e-03
1.09860e+04	2.34457e+08	1.39299e+00	3.03208e-01	-1.42410e-04
1.36254e+04	2.34471e+08	7.57680e-01	2.67032e+00	-6.94179e-04
1.26908e+04	2.34484e+08	7.34855e-01	2.84342e+00	4.87307e-03
2.98320e+05	2.34782e+08	1.24219e+00	7.15493e-01	-4.99734e-03
1.41605e+04	2.34796e+08	1.44701e+00	4.36564e+00	-2.43365e-03
1.44323e+04	2.34810e+08	3.57878e-01	4.79995e+00	-6.60826e-03
5.60639e+05	2.35371e+08	2.23329e+00	4.85678e+00	-9.13774e-03
1.67563e+04	2.35388e+08	8.42534e-01	1.36711e+00	-5.66683e-03
2.39550e+04	2.35412e+08	2.78606e+00	2.11532e+00	-5.94592e-03
6.17157e+04	2.35473e+08	3.21403e+00	1.09670e+00	8.19963e-03
3.39563e+04	2.35507e+08	2.36934e+00	6.12358e+00	-4.74752e-03
2.04976e+04	2.35528e+08	2.15183e+00	4.96250e+00	8.33263e-03
1.17976e+04	2.35540e+08	6.27878e-01	5.59267e+00	-8.22573e-03
5.16287e+04	2.35591e+08	1.54111e+00	3.64717e+00	-9.69038e-03
4.50259e+04	2.35636e+08	2.81630e+00	2.80655e+00	5.52319e-04
2.99952e+04	2.35666e+08	1.13052e+00	2.76207e+00	2.68951e-04
1.96893e+04	2.35686e+08	2.09108e+00	2.47010e+00	-9.93490e-03
1.11779e+05	2.35798e+08	8.84305e-01	2.24327e+00	9.69182e-03
1.53149e+04	2.35813e+08	2.23747e+00	6.01689e+00	-6.71826e-03
4.34624e+04	2.35857e+08	5.39079e-01	4.11802e+00	3.08955e-03
1.16422e+06	2.37021e+08	4.80182e-01	6.07781e-01	-2.20552e-04
1.29518e+04	2.37034e+08	4.31917e-01	9.34460e-01	-2.17786e-03
3.19727e+04	2.37066e+08	1.65300e+00	5.87387e+00	5.17213e-03
1.00873e+04	2.37076e+08	1.28094e+00	4.54363e+00	8.81928e-03
3.33262e+04	2.37109e+08	2.47454e+00	1.63620e+00	-1.59205e-04
1.31089e+04	2.37122e+08	1.48347e+00	3.74181e+00	-7.64433e-03
2.93435e+05	2.37416e+08	3.00826e+00	2.22724e+00	-2.80753e-03
1.22550e+04	2.37428e+08	1.77017e+00	8.11257e-01	1.90394e-03
6.47318e+04	2.37493e+08	9.76943e-01	7.00220e-01	4.72131e-03
1.47006e+06	2.38963e+08	2.42596e-01	2.22447e+00	1.55471e-03
1.17699e+04	2.38975e+08	2.12808e+00	5.87346e+00	-5.65952e-03
1.05842e+05	2.39080e+08	1.33124e+00	3.88390e+00	-6.18052e-03
1.23672e+04	2.39093e+08	4.21566e-01	4.38296e+00	7.53337e-03
1.34048e+04	2.39106e+08	2.46379e-01	1.42685e+00	6.75464e-03
1.81918e+04	2.39124e+08	1.13470e+00	7.22039e-01	-4.24168e-03
1.48047e+04	2.39139e+08	3.80485e+00	2.64450e+00	-7.41681e-03
2.57360e+04	2.39165e+08	2.65796e+00	2.11066e+00	-1.85756e-03
6.72421e+04	2.39232e+08	7.89662e-01	5.18665e+00	-4.21218e-03
1.56213e+04	2.39248e+08	8.70925e-01	3.54300e+00	9.65650e-03
1.57182e+04	2.39263e+08	1.83486e-01	3.91682e-01	5.63134e-03
1.29590e+06	2.40559e+08	3.47303e+00	1.53167e+00	-5.33021e-03
3.12333e+04	2.40591e+08	9.28526e-01	3.70424e+00	3.07843e-03
5.75273e+04	2.40648e+08	5.43880e-01	2.86228e+00	1.83022e-03
1.30841e+05	2.40779e+08	1.70805e+00	3.72726e+00	6.98423e-03
1.45349e+04	2.40794e+08	7.23463e-01	2.10366e+00	-7.56450e-04
6.01063e+04	2.40854e+08	6.94807e-01	2.61801e+00	5.99769e-03
1.60096e+05	2.41014e+08	6.59667e-01	7.02482e-01	8.70327e-03
6.01537e+04	2.41074e+08	3.36515e+00	2.08081e+00	-4.34769e-03
3.31874e+04	2.41107e+08	4.59296e-01	5.06460e+00	9.51717e-03
1.68677e+04	2.41124e+08	2.18060e+00	3.29321e+00	-7.49049e-03
2.08813e+04	2.41145e+08	8.46491e-01	4.64216e+00	2.12104e-03
1.27940e+04	2.41158e+08	3.64937e+00	1.57001e+00	4.70595e-04
1.18780e+04	2.41169e+08	4.17821e-01	5.76223e+00	1.74153e-03
1.40247e+04	2.41184e+08	3.55434e+00	7.35284e-01	1.86649e-03
1.17319e+04	2.41195e+08	8.44141e-01	2.62307e+00	5.92899e-03
1.00095e+04	2.41205e+08	3.92009e-01	4.72677e+00	-5.92267e-03
1.23801e+04	2.41218e+08	1.38708e+00	5.60774e+00	-1.05006e-03
1.25756e+04	2.41230e+08	1.57916e+00	4.42936e+00	-9.73842e-03
1.81989e+06	2.43050e+08	2.60415e+00	1.05426e+00	-3.68899e-03
2.50169e+04	2.43075e+08	1.35626e+00	4.46744e-01	7.47036e-03
1.74776e+04	2.43093e+08	7.71028e-01	2.63627e+00	-8.24318e-03
4.64373e+04	2.43139e+08	2.11857e+00	2.24967e+00	-2.86927e-03
8.75360e+04	2.43227e+08	1.82417e+00	3.12715e+00	-1.62700e-03
1.00153e+04	2.43237e+08	5.93098e-01	5.33822e+00	-1.52887e-03
3.60370e+04	2.43273e+08	8.29078e-01	3.66593e+00	9.42857e-03
2.56834e+04	2.43298e+08	2.78305e+00	3.70944e+00	3.94004e-03
1.16053e+04	2.43310e+08	9.66738e-01	1.84273e-01	-1.79541e-03
3.09793e+04	2.43341e+08	4.19547e-01	3.74901e+00	7.82038e-03
1.18824e+04	2.43353e+08	1.25644e+00	3.64559e+00	9.77425e-03
2.18686e+04	2.43375e+08	2.20272e+00	3.15743e+00	-5.32176e-03
1.41627e+04	2.43389e+08	6.82867e-01	4.41304e+00	9.09171e-03
2.95605e+04	2.43418e+08	1.74274e+00	5.80922e+00	-4.03488e-03
2.45597e+04	2.43443e+08	2.25855e+00	5.12321e+00	-3.43704e-03
2.51785e+04	2.43468e+08	1.18665e+00	4.28140e+00	7.43851e-03
2.91517e+04	2.43497e+08	1.97119e+00	6.27198e+00	8.02605e-03
6.32716e+04	2.43561e+08	1.24538e+00	5.45632e+00	-2.37307e-03
1.39664e+04	2.43574e+08	1.74383e+00	1.55353e+00	-7.04168e-03
1.42232e+04	2.43589e+08	1.28118e+00	2.05514e+00	8.92692e-03
1.08899e+04	2.43600e+08	2.03711e+00	1.04588e+00	8.15075e-03
1.47070e+05	2.43747e+08	1.74806e+00	4.36508e+00	6.53373e-03
9.09041e+04	2.43838e+08	1.33820e+00	5.63005e+00	7.97887e-03
8.52142e+04	2.43923e+08	8.13247e-01	2.86138e-01	-1.59148e-03
1.36908e+05	2.44060e+08	9.08764e-01	5.13178e+00	-4.03833e-03
1.20942e+04	2.44072e+08	3.65892e-01	2.16453e+00	3.97704e-04
1.14835e+04	2.44083e+08	7.31719e-01	6.29195e-01	-1.56125e-03
2.53219e+04	2.44109e+08	1.85240e+00	1.20064e+00	-7.18878e-03
2.05658e+05	2.44314e+08	3.34360e+00	3.39118e+00	9.36869e-03
2.86554e+04	2.44343e+08	1.76156e+00	4.73442e+00	-5.57508e-04
1.86138e+04	2.44362e+08	1.40094e+00	1.78170e+00	1.46358e-03
1.78392e+04	2.44379e+08	2.13348e+00	5.36725e+00	3.36829e-03
1.35334e+04	2.44393e+08	4.01596e+00	4.90973e-01	9.20933e-03
1.34580e+04	2.44406e+08	1.09088e+00	3.29835e+00	9.88687e-03
1.03742e+04	2.44417e+08	2.45299e+00	2.12837e+00	-9.68318e-03
2.15704e+04	2.44438e+08	1.51803e+00	3.14246e-01	-6.83664e-03
1.29440e+04	2.44451e+08	1.60439e+00	7.09589e-01	-3.10267e-04
1.12339e+04	2.44462e+08	3.80360e+00	2.62379e+00	8.96183e-03
1.45869e+04	2.44477e+08	2.31155e+00	2.17590e+00	5.41843e-03
1.51647e+05	2.44629e+08	1.88575e+00	6.20904e+00	9.52512e-03
1.26229e+05	2.44755e+08	1.31310e+00	5.11472e-01	-3.68502e-03
3.02297e+04	2.44785e+08	8.58510e-01	3.09945e-01	-2.19127e-03
1.22439e+04	2.44797e+08	1.44930e+00	3.55706e+00	-8.68012e-03
2.52724e+04	2.44823e+08	2.22036e+00	2.29821e+00	1.77495e-03
7.06300e+04	2.44893e+08	2.22468e+00	1.81836e+00	2.19038e-03
1.64314e+04	2.44910e+08	1.39477e+00	3.08740e+00	-5.44995e-03
1.13154e+04	2.44921e+08	3.85797e+00	1.07847e+00	1.25027e-03
1.20325e+04	2.44933e+08	1.84251e+00	1.70225e+00	-8.02501e-03
1.76314e+04	2.44951e+08	2.02163e+00	3.47164e+00	-2.68388e-03
1.78947e+05	2.45130e+08	2.70578e+00	2.17336e+00	-8.94445e-03
1.06028e+04	2.45140e+08	9.20936e-01	5.03508e+00	7.54583e-04
1.10162e+06	2.46242e+08	2.91311e+00	5.80799e+00	-6.19540e-03
1.12549e+04	2.46253e+08	6.53116e-01	4.10064e+00	5.81619e-04
9.91516e+05	2.47245e+08	8.83844e-01	1.14099e+00	-9.77112e-03
1.09407e+04	2.47256e+08	4.84948e-01	4.52652e+00	9.16493e-03
1.62152e+04	2.47272e+08	2.14213e+00	6.25383e+00	3.43422e-04
1.78757e+04	2.47290e+08	9.63695e-01	6.18089e+00	9.57199e-03
1.13941e+04	2.47301e+08	3.22234e+00	5.46526e+00	4.72432e-03
1.21502e+04	2.47313e+08	2.02454e+00	3.53267e+00	-4.42878e-03
1.04953e+04	2.47324e+08	4.83003e-01	5.71557e+00	-8.89893e-03
1.65129e+04	2.47340e+08	7.12205e-01	5.82499e+00	7.59243e-03
3.32167e+04	2.47373e+08	2.23968e+00	3.60375e+00	2.75062e-03
2.30758e+04	2.47397e+08	3.79617e-01	1.03026e+00	6.36344e-03
2.25894e+04	2.47419e+08	1.18855e+00	5.22419e+00	-7.15724e-04
1.20979e+04	2.47431e+08	1.29487e+00	3.06718e+00	-4.96252e-03
1.70630e+04	2.47448e+08	2.11817e+00	3.07454e+00	4.67886e-03
1.68653e+04	2.47465e+08	3.11329e+00	2.16583e+00	-3.16864e-03
1.39297e+05	2.47604e+08	5.85079e-01	5.11580e+00	-8.57561e-03
1.80135e+04	2.47622e+08	2.08847e+00	3.46730e+00	3.99638e-03
2.79332e+04	2.47650e+08	4.28071e-01	3.52136e+00	-2.60148e-03
2.21306e+04	2.47673e+08	1.74310e+00	1.83143e+00	-3.67692e-03
1.02625e+04	2.47683e+08	3.34560e+00	3.67259e+00	9.36445e-03
2.99688e+05	2.47982e+08	2.25165e+00	1.07384e+00	6.72862e-03
3.26161e+04	2.48015e+08	8.99498e-01	3.48927e+00	7.96527e-03
1.49257e+04	2.48030e+08	1.52937e+00	2.97649e+00	4.11730e-03
6.00754e+04	2.48090e+08	3.72623e+00	1.04854e+00	3.74233e-03
1.60145e+04	2.48106e+08	2.47375e+00	8.60403e-01	-8.74323e-03
1.88947e+04	2.48125e+08	7.42938e-01	6.61286e-01	6.71806e-03
9.45512e+04	2.48220e+08	1.08215e+00	8.94338e-01	5.73333e-03
1.31470e+04	2.48233e+08	2.78504e-01	5.65375e+00	7.32182e-03
2.61406e+04	2.48259e+08	1.42203e+00	8.26549e-01	-6.47657e-03
1.03070e+05	2.48362e+08	1.23921e+00	2.70636e+00	3.78157e-03
1.81133e+04	2.48380e+08	1.92845e+00	2.10207e+00	-9.39255e-03
2.72125e+04	2.48407e+08	7.03050e-01	1.71564e-01	-8.18124e-03
1.54470e+05	2.48562e+08	2.95716e-01	2.61901e+00	3.42782e-03
2.42168e+04	2.48586e+08	7.63473e-01	3.87663e-02	-4.41478e-03
1.09928e+04	2.48597e+08	1.66612e+00	5.72760e+00	-6.12772e-03
2.20640e+04	2.48619e+08	1.17609e+00	4.03021e+00	3.65817e-03
1.77697e+06	2.50396e+08	3.97936e-01	1.86170e+00	-5.55947e-03
1.73063e+04	2.50413e+08	3.07787e+00	4.82524e+00	4.60144e-03
2.75719e+05	2.50689e+08	1.28696e+00	5.44683e+00	-8.61825e-03
1.53322e+04	2.50704e+08	1.64221e+00	1.63431e+00	2.90469e-03
1.00637e+04	2.50714e+08	1.92759e+00	5.40640e+00	-5.72750e-03
2.98114e+04	2.50744e+08	1.65735e+00	1.85789e+00	-5.76670e-03
2.61854e+04	2.50770e+08	2.78704e+00	3.20199e+00	8.02899e-03
1.08401e+04	2.50781e+08	1.15410e+00	5.37888e+00	1.13008e-03
2.36007e+05	2.51017e+08	2.14287e+00	1.86235e+00	8.50786e-03
4.17618e+04	2.51059e+08	2.14035e-01	3.49482e+00	-3.93443e-03
1.14488e+04	2.51070e+08	1.20738e+00	2.90013e+00	-6.98014e-03
1.81334e+04	2.51089e+08	1.77909e+00	5.04612e+00	-1.43921e-03
2.26671e+04	2.51111e+08	2.39723e+00	4.42826e-01	-8.78999e-03
9.01927e+04	2.51201e+08	1.58717e-01	6.16129e+00	-7.60763e-03
1.71048e+05	2.51372e+08	2.13913e+00	4.06498e+00	4.20740e-03
1.17917e+04	2.51384e+08	7.86075e-01	4.58290e+00	-6.29805e-03
3.35980e+04	2.51418e+08	5.18934e-01	4.65016e+00	-2.27133e-03
2.19171e+04	2.51440e+08	1.42283e+00	6.20297e+00	3.91079e-03
4.10034e+04	2.51481e+08	3.51581e+00	4.02424e+00	-9.80009e-03
4.37571e+04	2.51525e+08	1.09212e+00	3.64187e+00	-3.23079e-03
4.28786e+05	2.51953e+08	6.66659e-01	1.56076e+00	4.61660e-03
4.45936e+04	2.51998e+08	2.25366e+00	7.25411e-01	5.17775e-03
1.36582e+04	2.52012e+08	1.02020e+00	5.34662e+00	5.67426e-03
1.01028e+04	2.52022e+08	1.06383e+00	8.70693e-01	-5.13593e-03
6.77497e+04	2.52089e+08	2.60157e+00	3.46400e+00	3.04896e-03
2.52878e+04	2.52115e+08	1.06962e+00	1.28463e+00	5.83244e-03
2.09112e+05	2.52324e+08	1.08840e+00	4.42129e+00	-3.79049e-03
1.04725e+04	2.52334e+08	5.41878e-01	3.95625e+00	4.50059e-03
4.46004e+04	2.52379e+08	1.28420e+00	4.10924e+00	9.85664e-03
5.28751e+04	2.52432e+08	1.00412e+00	6.15452e+00	7.01324e-03
4.84681e+04	2.52480e+08	4.43427e-01	4.71671e+00	9.02291e-03
1.36379e+04	2.52494e+08	1.20953e+00	6.14539e+00	4.54323e-03
4.30844e+04	2.52537e+08	1.59320e+00	1.32219e-01	7.56799e-03
1.28957e+06	2.53827e+08	3.19061e-01	6.19334e+00	3.27209e-03
1.60176e+04	2.53843e+08	2.70842e+00	4.34407e+00	-4.05065e-03
1.16859e+04	2.53854e+08	6.32693e-02	2.64277e+00	-9.55636e-03
1.43440e+04	2.53869e+08	2.96728e+00	2.37975e+00	-6.81760e-03
9.85250e+04	2.53967e+08	1.40155e+00	1.06616e+00	4.77214e-03
1.34773e+04	2.53981e+08	5.65451e-01	6.99081e-01	-1.82970e-03
1.35541e+04	2.53994e+08	3.49642e+00	4.32500e+00	-3.80946e-03
5.46107e+04	2.54049e+08	9.30837e-01	5.19229e+00	-1.38937e-03
1.06578e+04	2.54059e+08	1.36975e+00	5.95787e-01	-7.28111e-03
4.82566e+04	2.54108e+08	1.57579e+00	4.83984e+00	6.25130e-03
1.64736e+04	2.54124e+08	5.22239e-01	4.39901e+00	-7.14828e-03
1.01289e+04	2.54134e+08	3.38297e+00	6.27271e-01	-1.90311e-03
1.17420e+04	2.54146e+08	1.63714e+00	6.42346e-01	-1.71662e-03
1.15106e+04	2.54158e+08	1.02267e+00	3.24921e+00	-2.00694e-03
2.36010e+04	2.54181e+08	1.81721e+00	4.79470e+00	-5.87171e-03
2.81580e+04	2.54209e+08	8.83179e-01	5.40872e+00	-4.83128e-03
1.69718e+04	2.54226e+08	9.08140e-01	5.46970e+00	-2.07243e-03
2.05004e+05	2.54431e+08	3.81742e+00	5.52004e+00	5.38014e-03
4.85107e+04	2.54480e+08	6.34584e-01	5.05411e-01	-4.69977e-03
4.70319e+04	2.54527e+08	5.20569e-01	3.68675e-01	-7.68224e-03
3.88923e+04	2.54566e+08	1.75804e+00	2.96789e+00	-3.41792e-03
7.73593e+04	2.54643e+08	7.98579e-01	3.10400e+00	9.66498e-03
1.39378e+04	2.54657e+08	1.25594e+00	5.30636e+00	7.01176e-03
2.41500e+04	2.54681e+08	2.41652e+00	1.68070e+00	-8.34249e-03
6.03026e+04	2.54741e+08	1.45713e+00	5.27587e+00	-9.76688e-03
1.18925e+05	2.54860e+08	2.26583e+00	5.07227e+00	8.45722e-03
1.69890e+04	2.54877e+08	6.91553e-01	2.01095e+00	3.02070e-03
1.31325e+04	2.54890e+08	7.41286e-01	6.17087e+00	6.96012e-03
1.39380e+04	2.54904e+08	2.44183e+00	4.06349e+00	-4.64996e-03
3.45995e+04	2.54939e+08	7.17702e-01	3.68772e+00	-3.07388e-03
4.35225e+04	2.54983e+08	2.23988e+00	3.93982e+00	3.30992e-03
3.48851e+04	2.55017e+08	3.40032e+00	3.30742e+00	5.12460e-03
2.15095e+04	2.55039e+08	1.91302e+00	2.54609e+00	-2.77022e-03
2.06943e+04	2.55060e+08	3.24440e+00	4.49212e+00	6.92728e-03
9.38353e+04	2.55153e+08	2.33711e+00	5.94522e+00	2.19657e-03
2.12039e+04	2.55175e+08	2.53339e+00	6.22129e+00	-2.13044e-03
1.83241e+04	2.55193e+08	3.49143e-01	1.43985e+00	-3.55922e-03
8.02050e+04	2.55273e+08	1.88424e+00	1.56261e+00	-9.59588e-03
1.33457e+04	2.55287e+08	8.34371e-01	6.04855e+00	-1.65799e-03
2.18707e+04	2.55308e+08	4.49164e-01	3.58815e+00	-2.51564e-03
2.11198e+04	2.55330e+08	2.62178e+00	7.35726e-01	-9.61321e-03
5.01327e+04	2.55380e+08	1.33236e+00	2.92558e+00	6.74657e-03
1.06708e+04	2.55390e+08	1.95379e+00	6.50050e-01	-2.61678e-03
1.24505e+04	2.55403e+08	1.31492e+00	3.81637e+00	-2.71195e-03
3.97778e+04	2.55443e+08	9.24631e-01	1.63452e+00	-3.11100e-03
3.15593e+04	2.55474e+08	1.07690e+00	1.99781e+00	-7.19848e-04
5.70561e+04	2.55531e+08	1.74184e+00	1.90625e+00	-9.19439e-03
1.10703e+04	2.55542e+08	1.78426e+00	2.31882e+00	-1.12029e-03
1.35756e+04	2.55556e+08	1.87568e-01	1.86127e-01	2.58500e-03
1.34632e+04	2.55569e+08	2.89949e-01	3.77481e+00	-8.91510e-03
3.32203e+05	2.55902e+08	1.25263e+00	4.32182e-01	8.85624e-03
8.29812e+05	2.56731e+08	1.37109e+00	2.86202e+00	-5.47245e-03
1.04471e+04	2.56742e+08	5.77177e-01	5.68515e+00	-1.35108e-03
1.21044e+06	2.57952e+08	3.41828e+00	3.24941e-02	2.73440e-03
2.34508e+04	2.57976e+08	2.55970e+00	6.04731e+00	-7.02710e-03
1.17026e+04	2.57987e+08	2.62845e+00	1.79655e+00	4.82007e-03
9.40043e+04	2.58081e+08	4.71447e-01	1.04625e-02	-8.26608e-03
2.25671e+04	2.58104e+08	1.45772e+00	4.49827e+00	5.31013e-03
4.94314e+05	2.58598e+08	2.18448e+00	2.11589e+00	7.93315e-03
2.71586e+04	2.58625e+08	1.83504e+00	1.52928e+00	-3.01806e-03
6.87171e+05	2.59313e+08	3.49557e+00	2.11657e+00	-8.49167e-03
2.56933e+04	2.59338e+08	8.08205e-01	1.05326e+00	-6.40650e-03
2.45734e+04	2.59363e+08	2.13720e+00	1.86795e+00	-3.88123e-03
1.58142e+04	2.59379e+08	1.99476e+00	1.36529e+00	-5.94821e-03
1.50592e+04	2.59394e+08	1.03441e+00	7.51814e-01	2.77643e-03
1.34217e+04	2.59407e+08	1.28224e+00	5.21939e+00	-8.50834e-03
2.30645e+04	2.59430e+08	1.51122e+00	2.28398e+00	-8.85633e-03
3.19193e+04	2.59462e+08	2.18327e+00	7.53111e-01	9.91245e-03
2.81639e+04	2.59490e+08	3.04042e+00	5.76290e+00	8.38767e-03
6.49836e+04	2.59555e+08	1.91457e+00	3.89689e+00	6.44490e-03
3.84669e+04	2.59594e+08	7.36599e-01	1.52196e+00	2.30631e-03
1.34544e+04	2.59607e+08	1.29866e+00	5.74770e+00	-1.60037e-03
2.41612e+04	2.59631e+08	1.22105e+00	4.79379e+00	-4.14446e-03
1.13466e+04	2.59643e+08	1.49253e+00	8.07564e-01	-6.06828e-03
1.90991e+04	2.59662e+08	1.01132e+00	5.15270e+00	2.89292e-03
1.08154e+04	2.59673e+08	1.40311e+00	1.73030e-01	2.69060e-03
2.71823e+04	2.59700e+08	1.19394e+00	6.66091e-02	2.01549e-03
3.46922e+04	2.59734e+08	1.42874e+00	1.29899e+00	4.15388e-03
1.05981e+04	2.59745e+08	8.57357e-01	6.26243e+00	7.65630e-03
4.93434e+04	2.59794e+08	2.44932e+00	1.35617e+00	1.40158e-03
1.07621e+04	2.59805e+08	1.82675e+00	4.10859e+00	-8.11045e-03
2.26354e+04	2.59828e+08	1.35312e+00	5.43830e+00	-5.10131e-03
1.28174e+04	2.59841e+08	7.31639e-01	5.86202e+00	8.08221e-03
2.61095e+04	2.59867e+08	6.58936e-01	8.41541e-01	-6.16726e-03
1.09665e+06	2.60963e+08	2.70203e+00	6.96734e-01	4.52476e-03
2.22435e+04	2.60986e+08	7.32108e-01	7.93707e-01	-8.56943e-03
1.18285e+05	2.61104e+08	1.66196e+00	4.25139e+00	6.02204e-03
3.19914e+04	2.61136e+08	1.02081e+00	2.33345e+00	8.30432e-03
2.83282e+04	2.61164e+08	2.33427e+00	1.60932e+00	6.31617e-04
2.09439e+04	2.61185e+08	4.03325e+00	1.26115e+00	-9.40599e-03
1.57830e+04	2.61201e+08	9.19500e-01	4.38098e+00	-7.52854e-03
3.88057e+04	2.61240e+08	3.29466e-01	7.37358e-01	-1.12838e-03
2.52852e+04	2.61265e+08	2.09405e+00	4.71983e+00	3.72157e-03
1.30214e+04	2.61278e+08	1.52170e+00	2.18964e+00	8.11792e-03
1.24999e+04	2.61291e+08	4.94452e-01	5.28442e+00	8.64473e-03
1.07024e+04	2.61301e+08	1.70373e+00	3.57511e+00	-3.04754e-03
3.66546e+05	2.61668e+08	5.72748e-01	4.34675e+00	-3.23072e-03
2.10233e+04	2.61689e+08	5.66239e-01	1.44861e+00	2.75034e-03
1.02899e+04	2.61699e+08	1.21852e+00	3.38591e+00	-3.54428e-03
1.24885e+04	2.61712e+08	2.72891e+00	5.35044e+00	4.33006e-04
5.58709e+04	2.61768e+08	7.81811e-01	5.09380e+00	-4.11378e-03
2.16836e+04	2.61789e+08	1.89614e+00	1.91756e+00	5.00264e-03
1.07224e+04	2.61800e+08	6.38804e-01	6.03792e+00	-7.41737e-03
1.14860e+04	2.61811e+08	1.83250e+00	4.14015e+00	-6.58812e-03
1.09603e+04	2.61822e+08	1.04250e+00	5.52299e+00	-8.16662e-03
2.14237e+04	2.61844e+08	1.28002e+00	5.97403e+00	4.34302e-03
1.14583e+04	2.61855e+08	1.33428e+00	1.69512e+00	-9.95300e-03
1.22643e+04	2.61868e+08	5.19144e-01	5.67679e+00	-9.96383e-03
1.07405e+04	2.61878e+08	1.76266e-01	3.62276e+00	-2.34103e-03
1.09322e+04	2.61889e+08	8.73940e-01	2.13263e+00	1.07602e-03
1.32765e+04	2.61902e+08	5.94356e-01	1.56828e+00	-6.90491e-03
1.35910e+04	2.61916e+08	1.46804e+00	1.26325e+00	-1.95590e-03
1.80867e+04	2.61934e+08	1.19875e+00	4.60005e+00	3.89051e-03
1.94211e+04	2.61954e+08	9.97020e-01	4.76631e+00	-7.20170e-04
1.25356e+04	2.61966e+08	1.51748e+00	1.49919e+00	5.31176e-04
1.23501e+05	2.62090e+08	7.07766e-01	1.29915e+00	-7.88660e-03
1.90042e+04	2.62109e+08	1.43198e+00	4.80783e+00	2.83214e-03
1.85572e+04	2.62127e+08	7.52850e-01	4.91313e+00	-5.31412e-03
9.69340e+04	2.62224e+08	8.38558e-01	3.56861e+00	-6.77813e-03
1.32449e+04	2.62237e+08	2.56874e+00	2.67729e+00	-7.46376e-03
1.17963e+04	2.62249e+08	1.50172e+00	3.34922e+00	2.93990e-03
6.93569e+04	2.62318e+08	7.96532e-01	3.80662e+00	3.66469e-03
2.51695e+04	2.62344e+08	1.28239e+00	4.08380e+00	-1.00070e-03
1.50675e+05	2.62494e+08	1.02987e+00	5.04753e+00	3.08170e-03
1.08969e+05	2.62603e+08	4.52255e-01	9.58136e-01	-1.49255e-03
1.16932e+04	2.62615e+08	1.02279e+00	4.78169e+00	-3.18488e-03
1.52702e+04	2.62630e+08	1.16332e+00	6.05050e+00	4.22498e-03
5.16420e+04	2.62682e+08	6.36673e-01	4.65310e+00	3.83715e-03
4.87225e+04	2.62731e+08	1.96227e+00	1.84743e+00	-9.35441e-03
1.53989e+04	2.62746e+08	1.43520e+00	2.28856e+00	-5.41324e-03
1.78585e+04	2.62764e+08	3.75823e+00	4.70807e+00	-6.00581e-03
2.06315e+04	2.62785e+08	9.72185e-01	5.37065e+00	-2.58836e-03
2.25759e+05	2.63010e+08	1.98930e+00	3.70343e+00	9.55249e-03
1.59097e+04	2.63026e+08	5.08981e-01	4.76625e+00	3.39321e-03
2.03289e+04	2.63047e+08	6.91265e-01	6.04515e+00	-8.09773e-03
1.00698e+04	2.63057e+08	2.54026e+00	5.21276e+00	9.85649e-03
2.68260e+04	2.63083e+08	1.25833e+00	4.31599e+00	5.38408e-03
3.19264e+04	2.63115e+08	2.27203e+00	3.41689e+00	8.08101e-03
1.15675e+04	2.63127e+08	1.23515e+00	3.25474e+00	8.76076e-03
6.94213e+04	2.63196e+08	2.20763e+00	1.88412e+00	2.82614e-04
1.56998e+04	2.63212e+08	3.34241e-01	2.23208e+00	-3.79250e-03
3.60897e+05	2.63573e+08	1.50795e+00	5.30979e+00	-1.40231e-03
1.36119e+04	2.63587e+08	2.42055e+00	5.32300e+00	9.25115e-03
1.43495e+04	2.63601e+08	1.62127e+00	3.80715e+00	4.32539e-03
1.68517e+04	2.63618e+08	2.42056e+00	4.12680e-01	3.91434e-04
1.22754e+04	2.63630e+08	2.45517e+00	4.46008e+00	4.00296e-03
1.15851e+04	2.63642e+08	2.73934e+00	2.29620e+00	-2.50861e-04
1.44515e+06	2.65087e+08	6.58209e-01	4.01001e+00	-6.18697e-03
3.03816e+04	2.65117e+08	4.33335e+00	3.75345e+00	3.57403e-03
1.95613e+04	2.65137e+08	5.14885e-01	4.78417e-01	-1.42786e-03
1.08283e+04	2.65148e+08	2.49844e+00	6.16190e+00	-6.53103e-03
3.26409e+05	2.65474e+08	1.02417e+00	2.59387e+00	-3.58406e-03
2.23484e+04	2.65496e+08	1.86954e+00	7.17597e-01	1.60310e-03
1.15887e+04	2.65508e+08	1.43069e+00	4.32817e-01	-2.64270e-04
1.19380e+05	2.65627e+08	5.55751e-01	2.90220e-01	3.68472e-03
1.15241e+06	2.66780e+08	9.30605e-01	4.43657e+00	-1.38256e-03
1.58651e+04	2.66796e+08	1.31791e+00	1.59440e+00	9.55090e-03
1.23188e+04	2.66808e+08	1.46006e+00	2.73620e+00	6.25727e-03
1.84831e+04	2.66826e+08	1.39948e+00	3.75077e+00	-2.57890e-03
1.15260e+04	2.66838e+08	8.69217e-01	1.86782e+00	4.97942e-03
1.95037e+04	2.66857e+08	6.97758e-01	1.59593e+00	3.36862e-04
4.06014e+04	2.66898e+08	2.00929e+00	5.78485e-01	8.16994e-03
1.49737e+04	2.66913e+08	1.18949e+00	3.74611e-01	2.36270e-03
1.71307e+05	2.67084e+08	1.40615e+00	4.07319e+00	-8.96581e-03
2.75948e+04	2.67112e+08	1.16924e+00	2.63768e+00	3.95134e-03
3.49395e+04	2.67147e+08	1.41121e+00	3.06842e+00	4.76484e-03
2.41482e+04	2.67171e+08	1.39781e+00	1.93592e+00	-5.87257e-03
1.37455e+04	2.67185e+08	1.97434e+00	3.95710e+00	4.45327e-03
2.19877e+05	2.67405e+08	4.73326e-01	4.08395e+00	9.02381e-04
1.69708e+04	2.67422e+08	1.02607e+00	6.03870e+00	6.13396e-04
1.71830e+04	2.67439e+08	2.18386e+00	6.14031e+00	2.68443e-04
2.28928e+04	2.67462e+08	8.41912e-01	4.01586e+00	8.28333e-03
2.78328e+05	2.67740e+08	6.23893e-01	2.62949e-01	-1.48868e-03
1.22378e+04	2.67752e+08	1.13407e+00	1.08576e+00	7.00058e-03
1.59842e+05	2.67912e+08	1.32330e+00	1.17537e+00	8.90573e-03
9.02592e+04	2.68002e+08	2.48368e+00	4.90476e+00	1.61051e-03
1.22638e+04	2.68015e+08	1.90087e+00	3.19575e+00	-4.25091e-03
6.81584e+04	2.68083e+08	1.96143e-01	3.19466e+00	7.45517e-04
1.16593e+04	2.68094e+08	1.26185e+00	4.01814e+00	-8.33777e-03
5.82971e+04	2.68153e+08	2.22213e+00	3.26452e+00	-3.98036e-03
2.76230e+04	2.68180e+08	2.97239e-01	9.76857e-01	-9.00016e-03
1.38327e+04	2.68194e+08	7.69313e-01	1.33821e+00	-5.51172e-03
2.52319e+04	2.68219e+08	4.57635e-01	4.07662e+00	-7.76684e-03
1.12339e+06	2.69343e+08	1.43442e+00	4.12130e+00	1.05725e-03
1.85989e+04	2.69361e+08	8.79158e-02	4.56196e+00	9.66963e-03
4.09670e+05	2.69771e+08	1.97346e+00	3.67284e+00	-1.18163e-03
1.18260e+04	2.69783e+08	1.54735e+00	1.14116e+00	2.17330e-03
1.84890e+04	2.69801e+08	3.42478e+00	4.98320e+00	-6.53151e-03
3.43286e+04	2.69836e+08	1.70602e+00	5.72963e+00	-8.86140e-03
2.63949e+04	2.69862e+08	1.86967e+00	6.18340e+00	6.67805e-03
1.80246e+06	2.71664e+08	1.75702e-01	6.04960e+00	6.17801e-03
1.73493e+05	2.71838e+08	1.54202e+00	1.41401e+00	-6.58310e-03
3.61563e+04	2.71874e+08	1.75201e+00	5.48700e+00	6.11851e-03
2.47346e+04	2.71899e+08	1.21018e+00	1.59914e+00	-4.65867e-03
2.04813e+04	2.71919e+08	6.45804e-01	5.14318e+00	-5.60347e-03
1.09247e+04	2.71930e+08	1.07275e+00	1.05448e+00	8.01145e-05
1.84150e+04	2.71949e+08	1.25490e+00	3.92082e+00	6.88510e-03
1.05798e+04	2.71959e+08	6.17437e-01	1.75749e+00	-5.26279e-03
6.03688e+04	2.72020e+08	3.01972e+00	2.11520e+00	8.93607e-03
5.97771e+05	2.72617e+08	3.53824e+00	4.46153e+00	6.66252e-03
1.17226e+04	2.72629e+08	1.53223e+00	2.83097e+00	5.60347e-04
1.85315e+04	2.72648e+08	1.09731e+00	2.68581e+00	-8.08985e-03
1.67525e+04	2.72664e+08	2.45473e+00	2.63139e-01	-2.65738e-03
1.85736e+04	2.72683e+08	3.17680e+00	4.16858e+00	5.39093e-03
2.74786e+04	2.72710e+08	1.60956e+00	2.52403e+00	-8.13511e-03
1.97790e+04	2.72730e+08	4.30753e+00	1.10796e+00	-2.06450e-03
1.11894e+04	2.72741e+08	2.09547e+00	6.22223e+00	-1.82275e-03
1.01050e+04	2.72752e+08	4.33095e-01	3.33880e+00	1.18701e-03
1.09872e+05	2.72861e+08	3.95873e-01	6.04503e+00	-1.91719e-03
1.74234e+04	2.72879e+08	6.95201e-01	3.95939e+00	-6.98126e-03
1.72795e+04	2.72896e+08	9.91981e-01	4.22622e+00	3.67673e-03
2.33546e+04	2.72919e+08	1.26659e+00	5.73997e-01	-1.79082e-03
4.08748e+04	2.72960e+08	2.01226e+00	2.93522e+00	9.52089e-03
3.08650e+04	2.72991e+08	4.97445e-01	4.92734e+00	-5.86468e-03
4.68126e+04	2.73038e+08	1.57647e+00	6.17544e+00	9.11497e-04
1.00702e+04	2.73048e+08	2.18135e-01	6.01702e+00	-3.04934e-03
3.71987e+04	2.73085e+08	2.16323e+00	1.62558e+00	8.57804e-03
1.50933e+04	2.73100e+08	1.16511e+00	5.22017e+00	8.06027e-03
3.77427e+04	2.73138e+08	5.08948e-01	3.51373e+00	2.85454e-03
1.02827e+05	2.73241e+08	1.06862e+00	2.37903e+00	5.03010e-03
7.39237e+05	2.73980e+08	1.46523e+00	2.78522e+00	-7.82937e-03
2.91128e+04	2.74009e+08	2.92110e+00	1.55226e+00	5.01452e-03
2.00321e+04	2.74029e+08	4.63491e-01	3.15463e+00	-6.36840e-03
1.51966e+04	2.74045e+08	1.81983e+00	3.28081e+00	-2.54077e-03
3.85263e+04	2.74083e+08	8.15454e-01	1.65344e+00	3.51218e-03
6.36559e+04	2.74147e+08	2.02450e+00	5.47232e-01	1.40459e-03
1.10202e+04	2.74158e+08	1.01609e+00	3.67499e+00	-2.21946e-03
1.25098e+04	2.74170e+08	7.18263e-01	5.41828e+00	-5.46734e-03
1.31914e+04	2.74183e+08	3.13368e-01	5.38030e+00	-3.07049e-03
2.01388e+04	2.74204e+08	3.14930e+00	2.27449e+00	4.57087e-05
1.48980e+05	2.74353e+08	2.73925e-01	2.86751e+00	-6.63112e-03
1.36796e+04	2.74366e+08	2.69044e+00	2.72164e+00	-6.28126e-03
4.01147e+04	2.74406e+08	1.61715e+00	1.73808e+00	-6.23288e-03
1.26681e+04	2.74419e+08	2.62419e-01	5.84367e+00	-5.67739e-03
6.56305e+04	2.74485e+08	1.48116e+00	5.09025e+00	-3.72779e-04
8.87395e+04	2.74573e+08	3.37728e+00	1.84339e+00	3.70205e-03
1.90719e+04	2.74592e+08	2.77274e+00	5.06092e+00	-1.53085e-03
2.28426e+04	2.74615e+08	1.33982e+00	1.44462e+00	6.78091e-03
6.27930e+05	2.75243e+08	9.40434e-01	7.24695e-01	9.51863e-03
1.98697e+04	2.75263e+08	1.74752e+00	3.97322e+00	1.97399e-03
3.30104e+05	2.75593e+08	2.82263e+00	6.32978e-01	8.80104e-03
2.04644e+04	2.75614e+08	1.16656e+00	6.80402e-01	3.08747e-03
1.84268e+04	2.75632e+08	8.14898e-02	2.39506e+00	-3.40936e-03
1.63110e+04	2.75648e+08	1.90854e+00	4.88233e+00	6.85940e-03
4.18296e+04	2.75690e+08	1.94107e+00	6.07930e+00	8.33640e-03
1.61595e+04	2.75706e+08	1.75495e+00	2.21520e+00	-5.06665e-03
8.99681e+04	2.75796e+08	3.28485e+00	5.82225e-01	-4.69071e-03
1.37565e+04	2.75810e+08	6.42357e-01	3.10521e+00	1.91322e-03
4.31238e+04	2.75853e+08	2.51062e-01	5.74178e-01	4.35012e-03
1.70932e+05	2.76024e+08	2.23845e+00	1.87949e+00	-9.43622e-03
2.02392e+05	2.76227e+08	1.09895e+00	1.34318e+00	4.10791e-03
5.81639e+04	2.76285e+08	1.34588e+00	1.08644e+00	-9.51141e-03
2.50469e+04	2.76310e+08	1.16086e+00	4.02596e+00	-6.08046e-03
1.59797e+04	2.76326e+08	5.95819e-01	4.15361e+00	4.57967e-03
2.33301e+04	2.76349e+08	9.26248e-01	2.86334e+00	3.16580e-03
2.13132e+04	2.76370e+08	1.26753e+00	9.95647e-01	-1.77670e-03
1.04767e+05	2.76475e+08	2.43671e-01	3.33524e+00	-4.12912e-03
1.86889e+04	2.76494e+08	6.62736e-01	5.68553e+00	-7.83257e-03
6.30274e+04	2.76557e+08	1.51460e+00	3.08667e+00	5.26279e-03
1.55070e+04	2.76572e+08	6.51388e-01	4.73607e-01	3.62461e-03
1.21804e+04	2.76585e+08	2.24390e+00	4.59269e+00	-9.97787e-03
1.74083e+04	2.76602e+08	5.43885e-01	1.86580e+00	8.35092e-03
7.87118e+04	2.76681e+08	1.12701e+00	5.42928e-01	-5.22630e-03
2.33038e+04	2.76704e+08	1.55611e+00	2.26001e+00	-7.33204e-03
2.00211e+04	2.76724e+08	4.23203e-01	1.36509e-01	7.94335e-03
4.90110e+04	2.76773e+08	4.35214e-01	8.02375e-01	-5.10106e-03
1.82707e+04	2.76791e+08	7.72524e-01	5.70419e+00	5.01741e-03
1.42800e+04	2.76806e+08	3.54675e-01	1.04303e+00	-8.38846e-03
8.91285e+04	2.76895e+08	1.34019e-01	1.64266e+00	-3.25739e-03
2.04162e+04	2.76915e+08	2.18496e+00	1.27754e+00	8.93831e-03
1.87067e+04	2.76934e+08	9.49108e-01	8.82009e-02	4.98200e-03
2.00621e+05	2.77134e+08	2.77710e+00	1.72684e+00	-7.96287e-03
2.48793e+04	2.77159e+08	1.88766e+00	6.27040e+00	-8.26635e-03
1.05985e+04	2.77170e+08	2.38401e+00	5.85407e+00	-2.97744e-03
1.28554e+04	2.77183e+08	8.87653e-01	2.81958e+00	1.21841e-03
1.22927e+04	2.77195e+08	3.32811e+00	5.43397e+00	-6.02048e-03
1.37838e+05	2.77333e+08	2.29106e+00	5.78995e+00	2.69605e-03
7.13847e+04	2.77404e+08	1.39115e+00	4.68728e+00	3.10839e-03
1.10879e+05	2.77515e+08	7.92956e-01	4.88527e+00	1.19496e-04
1.67534e+04	2.77532e+08	9.86404e-01	3.78227e-01	3.64052e-03
1.66383e+04	2.77549e+08	8.16792e-01	1.04990e+00	4.19345e-03
1.14162e+04	2.77560e+08	2.85747e+00	3.04903e+00	-2.79669e-03
1.08052e+04	2.77571e+08	5.36724e-01	3.22564e+00	1.39799e-04
1.06418e+04	2.77581e+08	7.03118e-01	9.18883e-01	-6.05618e-03
1.32368e+04	2.77595e+08	1.44160e-01	2.44110e+00	-4.07840e-04
1.15639e+04	2.77606e+08	8.85274e-01	4.58754e+00	-3.03249e-03
7.30361e+04	2.77679e+08	1.33666e-01	2.03740e+00	5.61284e-03
4.02479e+04	2.77720e+08	9.92733e-01	5.89179e+00	3.52858e-03
1.08467e+04	2.77730e+08	1.40325e+00	3.97960e+00	6.53431e-03
1.40630e+05	2.77871e+08	9.28441e-01	2.75353e+00	-8.13697e-03
3.64200e+04	2.77907e+08	6.70482e-01	6.80116e-01	-2.83160e-03
5.67495e+04	2.77964e+08	1.33418e+00	2.72851e+00	-5.90214e-03
2.82854e+04	2.77992e+08	1.08953e+00	2.99620e+00	-2.57334e-04
1.65478e+04	2.78009e+08	5.85026e-01	5.82156e+00	-9.90608e-04
1.96163e+06	2.79971e+08	3.21208e+00	5.39222e+00	3.86409e-03
1.36498e+04	2.79984e+08	1.41489e+00	1.30387e+00	2.37539e-03
1.09952e+04	2.79995e+08	1.34316e+00	6.25317e+00	-8.44507e-03
5.11644e+04	2.80046e+08	2.82646e+00	8.41283e-01	-5.35936e-04
1.41147e+04	2.80061e+08	3.63779e+00	2.90406e-01	6.17648e-03
3.07177e+04	2.80091e+08	3.82051e-01	2.35347e+00	-1.60082e-03
1.03575e+04	2.80102e+08	9.03097e-01	2.72750e+00	3.12115e-03
1.14025e+04	2.80113e+08	4.52224e-01	5.27207e+00	5.24553e-03
1.86454e+04	2.80132e+08	9.35739e-01	3.95968e-01	-4.13986e-03
1.38353e+04	2.80145e+08	2.42071e-01	1.20253e+00	6.96202e-03
1.41624e+04	2.80160e+08	1.67758e+00	7.20508e-01	6.43578e-03
1.14165e+04	2.80171e+08	2.35568e-01	1.72230e+00	5.31288e-03
7.92298e+05	2.80963e+08	1.88270e+00	2.80250e+00	6.74631e-03
1.39836e+05	2.81103e+08	3.37851e-01	4.60377e+00	-5.15604e-03
1.20351e+04	2.81115e+08	3.19698e+00	9.68005e-01	-1.25087e-03
1.91374e+05	2.81307e+08	1.68730e+00	3.28577e+00	9.08342e-03
1.08050e+06	2.82387e+08	1.42327e+00	5.24841e+00	-1.34327e-03
7.71367e+04	2.82464e+08	1.62139e+00	1.31729e+00	-8.97064e-03
2.41934e+04	2.82488e+08	8.37011e-01	2.61830e+00	4.31050e-03
1.09381e+04	2.82499e+08	8.26547e-01	5.54055e+00	2.85184e-03
4.22947e+04	2.82542e+08	1.09873e+00	4.76797e+00	3.33199e-04
2.21625e+04	2.82564e+08	2.78823e+00	2.03030e+00	6.43554e-03
3.06153e+04	2.82594e+08	9.44812e-01	5.20187e+00	-2.78785e-03
1.27170e+04	2.82607e+08	2.76822e+00	1.55832e+00	-3.85692e-03
1.23242e+04	2.82620e+08	6.76084e-01	5.07150e-01	-7.14523e-04
2.75199e+04	2.82647e+08	1.62498e+00	2.86176e+00	6.95185e-03
4.17085e+04	2.82689e+08	1.85340e-01	3.07854e+00	-3.47168e-03
1.14278e+04	2.82700e+08	1.71318e+00	2.56981e+00	-8.51737e-03
3.60166e+05	2.83060e+08	6.49871e-01	6.69905e-01	4.27030e-03
2.51870e+04	2.83086e+08	1.39730e+00	3.51815e+00	8.03287e-04
3.45111e+05	2.83431e+08	2.29149e+00	2.58680e+00	-8.73625e-03
1.76526e+06	2.85196e+08	1.36873e+00	1.42888e+00	3.03240e-04
6.18921e+04	2.85258e+08	3.07703e+00	5.41043e+00	-1.37699e-03
1.20226e+04	2.85270e+08	1.59976e+00	9.62941e-01	4.67363e-03
1.10562e+04	2.85281e+08	3.18647e-01	8.18695e-01	-1.27949e-03
1.20906e+04	2.85293e+08	1.13364e+00	2.69180e+00	-1.89487e-03
1.69197e+04	2.85310e+08	1.62763e+00	6.21977e-01	-4.91311e-03
3.34646e+04	2.85343e+08	8.99677e-01	4.76780e+00	-8.70563e-03
1.03823e+04	2.85354e+08	1.17066e+00	3.40181e+00	1.26819e-03
1.03770e+05	2.85457e+08	2.78371e+00	1.89212e+00	-8.91294e-03
1.36282e+05	2.85594e+08	7.99535e-01	1.47806e+00	-9.86579e-03
5.22495e+04	2.85646e+08	1.36111e+00	2.61549e+00	-1.51356e-03
3.58676e+04	2.85682e+08	1.80298e+00	3.01797e+00	-2.99938e-03
6.05870e+05	2.86288e+08	1.53380e+00	4.23004e+00	-4.83391e-03
1.00605e+04	2.86298e+08	7.69842e-01	1.94311e+00	-5.70952e-03
5.93184e+04	2.86357e+08	4.04345e+00	2.26003e+00	-8.57678e-03
3.66169e+04	2.86394e+08	1.26532e+00	1.53229e+00	-1.03203e-03
1.62061e+05	2.86556e+08	2.09716e+00	5.94489e+00	1.29428e-04
4.92720e+04	2.86605e+08	2.29032e-01	4.50226e+00	-6.65800e-03
1.45828e+04	2.86620e+08	5.90987e-01	4.97753e+00	7.04126e-03
1.16061e+04	2.86631e+08	1.79360e+00	1.72265e+00	-9.82076e-03
1.57654e+04	2.86647e+08	3.38532e-01	3.36610e+00	-6.63338e-03
1.85160e+05	2.86832e+08	2.68021e+00	1.53567e+00	-3.63693e-03
1.35872e+04	2.86846e+08	1.15182e+00	7.23016e-01	4.54869e-03
1.21823e+04	2.86858e+08	1.73730e+00	3.78737e+00	1.18116e-03
5.37381e+04	2.86912e+08	3.11427e+00	1.88940e+00	7.52481e-03
1.73665e+04	2.86929e+08	5.38314e-01	1.74817e+00	-1.50400e-03
2.12641e+04	2.86950e+08	3.16606e+00	5.18521e-01	-7.81145e-03
1.76516e+04	2.86968e+08	6.18375e-01	4.09060e+00	9.42916e-03
2.66901e+04	2.86995e+08	3.42840e-01	5.02059e+00	3.03632e-03
2.35271e+05	2.87230e+08	1.28778e+00	2.79449e+00	-1.75119e-03
3.49074e+05	2.87579e+08	6.89615e-01	1.88209e+00	7.23176e-03
1.65847e+04	2.87596e+08	1.32121e+00	3.92832e-02	9.70710e-03
2.14691e+04	2.87617e+08	1.47340e+00	7.46691e-01	-2.09219e-03
2.16800e+04	2.87639e+08	8.39856e-01	2.92956e+00	2.14660e-03
1.05476e+04	2.87649e+08	2.92846e+00	5.36328e+00	-5.61339e-04
2.22572e+04	2.87672e+08	6.49532e-01	4.68276e+00	-1.77585e-03
6.17219e+04	2.87733e+08	1.82619e+00	9.51755e-01	5.48069e-03
1.87269e+04	2.87752e+08	1.37485e+00	3.44217e+00	9.09213e-03
1.46355e+04	2.87767e+08	2.72273e+00	9.83853e-01	-1.04386e-03
1.73178e+05	2.87940e+08	1.12193e+00	2.78788e+00	5.76992e-03
1.51466e+05	2.88091e+08	6.22133e-01	5.72506e+00	-6.53762e-03
3.22536e+04	2.88124e+08	1.99142e+00	4.82574e+00	-5.13293e-03
1.88890e+04	2.88142e+08	1.33570e+00	4.83035e+00	-8.53253e-03
2.28010e+04	2.88165e+08	4.32122e-01	5.12060e+00	2.39377e-04
1.10595e+05	2.88276e+08	1.82103e+00	2.09642e+00	-5.70255e-03
1.29712e+04	2.88289e+08	6.18711e-01	4.98312e+00	-6.73384e-03
4.50285e+04	2.88334e+08	8.22546e-01	3.63767e+00	6.40422e-03
1.29267e+04	2.88347e+08	1.77949e+00	1.25339e+00	-4.23882e-03
1.03753e+04	2.88357e+08	1.69322e+00	2.83313e+00	-6.22148e-03
1.01382e+04	2.88367e+08	2.80272e+00	5.28717e+00	6.10116e-03
5.24608e+04	2.88420e+08	1.19542e+00	6.02004e+00	-3.63090e-04
1.01659e+04	2.88430e+08	4.24292e-01	4.23418e+00	-9.19619e-03
1.52501e+04	2.88445e+08	2.17008e+00	6.04148e+00	6.17670e-04
2.18786e+05	2.88664e+08	1.18446e+00	2.31019e+00	-6.74421e-03
2.03598e+04	2.88684e+08	4.64654e-02	3.45523e+00	1.66212e-03
1.15346e+04	2.88696e+08	3.08509e+00	4.23385e+00	1.76648e-03
1.46779e+04	2.88711e+08	1.40811e+00	1.10074e+00	4.86062e-03
1.56204e+04	2.88726e+08	1.03619e+00	2.82897e+00	4.95344e-04
1.25711e+04	2.88739e+08	1.90280e+00	2.76354e+00	-9.67354e-03
1.64136e+04	2.88755e+08	4.13279e-01	2.96972e+00	5.93280e-03
5.26350e+04	2.88808e+08	1.09198e+00	8.01349e-01	-2.79233e-03
1.76111e+04	2.88825e+08	3.84894e+00	5.44699e+00	-3.36955e-03
1.19033e+04	2.88837e+08	2.04236e+00	5.25200e+00	-1.21406e-03
8.22272e+04	2.88919e+08	2.65194e+00	5.73293e+00	-7.77292e-03
2.28533e+04	2.88942e+08	1.40402e+00	8.23854e-01	-7.90592e-03
3.40903e+04	2.88976e+08	2.17148e+00	3.20659e+00	-9.66279e-04
1.30577e+04	2.88989e+08	2.58526e+00	5.46813e+00	-6.46500e-03
6.70551e+04	2.89057e+08	9.15853e-01	5.30223e+00	-2.81200e-03
4.39923e+04	2.89101e+08	2.98741e+00	3.69419e+00	3.95186e-03
6.57813e+04	2.89166e+08	2.39790e+00	2.85864e+00	9.76511e-03
1.28507e+04	2.89179e+08	3.86073e+00	3.62500e+00	3.30339e-03
3.12833e+05	2.89492e+08	5.45049e-01	5.33508e+00	9.45609e-03
2.92958e+05	2.89785e+08	1.94150e-01	4.62996e+00	5.08598e-03
1.15850e+04	2.89797e+08	1.26328e+00	5.22583e+00	-4.73727e-03
1.10991e+04	2.89808e+08	6.33020e-01	3.64567e+00	7.06409e-03
2.68554e+04	2.89834e+08	3.42203e+00	2.27541e+00	-5.39225e-03
1.28112e+04	2.89847e+08	7.30865e-01	8.26169e-01	-5.05198e-03
1.12656e+04	2.89859e+08	1.76272e+00	7.33797e-01	-1.40734e-03
1.81616e+04	2.89877e+08	2.14699e+00	5.69159e+00	2.61712e-05
3.40220e+04	2.89911e+08	3.81900e-01	6.19914e+00	2.12460e-03
1.83836e+04	2.89929e+08	1.32321e+00	2.81982e+00	-4.64971e-03
5.22939e+04	2.89981e+08	2.46955e+00	3.27321e-01	7.94541e-03
4.17345e+04	2.90023e+08	9.16184e-01	1.98798e+00	4.26095e-03
1.96022e+04	2.90043e+08	7.61609e-01	7.29040e-02	7.53615e-03
5.66207e+04	2.90099e+08	1.22411e+00	2.07601e+00	9.88775e-03
1.17997e+04	2.90111e+08	2.11109e-01	3.27320e+00	-4.34046e-03
2.18006e+04	2.90133e+08	7.54158e-01	2.14914e+00	-1.77150e-03
1.12073e+04	2.90144e+08	3.43075e+00	3.62984e+00	-2.96081e-03
2.21385e+04	2.90166e+08	3.38959e+00	5.26687e+00	6.52461e-03
7.40702e+04	2.90240e+08	9.93483e-01	2.62695e+00	-2.96160e-03
1.34497e+04	2.90254e+08	2.02220e+00	6.04331e+00	6.35725e-03
1.76107e+04	2.90271e+08	3.49063e+00	1.92074e+00	-3.84852e-04
1.00949e+04	2.90282e+08	3.28993e+00	5.71577e+00	-3.69609e-03
1.13349e+04	2.90293e+08	8.52888e-01	5.51982e+00	-5.05022e-03
1.56700e+04	2.90309e+08	2.20076e+00	4.81132e+00	4.11350e-03
1.53727e+04	2.90324e+08	2.59145e-01	4.48744e+00	-2.70106e-03
7.36841e+05	2.91061e+08	7.54039e-02	4.93409e+00	-9.56234e-03
2.58046e+04	2.91087e+08	1.64857e+00	1.86300e+00	-2.67309e-03
2.15891e+04	2.91108e+08	5.35382e-01	5.20341e+00	6.53237e-03
1.13425e+04	2.91120e+08	8.46947e-01	5.19611e+00	-4.14810e-03
1.35169e+04	2.91133e+08	2.25811e+00	6.76223e-02	4.67934e-03
1.02585e+04	2.91143e+08	1.56124e+00	5.11082e+00	-8.95706e-03
7.50424e+05	2.91894e+08	7.12263e-01	1.93611e+00	-3.02917e-03
1.00130e+05	2.91994e+08	1.88492e+00	2.60093e+00	2.19733e-03
1.54629e+04	2.92009e+08	6.19711e-01	6.10307e+00	5.73492e-03
2.70896e+04	2.92036e+08	6.52298e-01	1.88751e+00	1.99137e-03
4.01542e+04	2.92077e+08	9.49043e-01	2.83877e+00	1.45562e-03
4.64649e+05	2.92541e+08	1.66298e+00	5.42388e+00	8.92890e-03
1.75752e+05	2.92717e+08	9.18510e-01	4.40823e-01	3.73341e-03
1.03552e+05	2.92821e+08	2.20667e-01	2.10019e+00	-4.11716e-03
1.24017e+04	2.92833e+08	1.68097e+00	4.19757e+00	7.92273e-03
3.17736e+04	2.92865e+08	2.36228e-01	3.51338e+00	-8.88723e-03
2.77296e+04	2.92892e+08	1.63452e+00	1.13405e+00	1.73724e-03
1.16356e+04	2.92904e+08	8.62485e-01	4.49346e+00	6.72693e-04
7.52025e+04	2.92979e+08	3.85895e+00	9.03877e-01	-9.90639e-03
1.19531e+04	2.92991e+08	2.53397e+00	4.44544e+00	7.11271e-03
1.41076e+04	2.93005e+08	4.30608e-01	3.19556e+00	-1.29994e-03
1.95171e+04	2.93025e+08	1.00505e+00	3.48723e+00	8.44011e-03
2.04448e+04	2.93045e+08	4.63347e-01	1.62469e+00	1.18234e-03
1.70639e+04	2.93062e+08	1.37948e-01	3.77873e+00	2.94069e-03
3.15262e+04	2.93094e+08	7.29554e-01	3.37748e+00	6.11533e-03
2.78545e+04	2.93122e+08	1.19571e+00	5.72077e+00	4.26829e-04
1.02169e+04	2.93132e+08	3.63599e+00	5.45817e+00	6.06615e-03
1.20776e+04	2.93144e+08	1.21156e+00	5.47076e+00	7.40028e-03
8.07923e+04	2.93225e+08	3.51756e-01	4.05367e+00	-8.56555e-03
1.85213e+04	2.93243e+08	4.47256e+00	1.18107e-01	7.24253e-03
1.49803e+04	2.93258e+08	1.78151e+00	5.52268e+00	1.21277e-03
1.87407e+04	2.93277e+08	6.44339e-01	2.14245e+00	8.18386e-03
1.45365e+05	2.93422e+08	9.67766e-01	3.23222e+00	-3.21444e-03
1.22400e+05	2.93545e+08	1.91899e+00	1.31188e-01	-2.91103e-03
2.91042e+04	2.93574e+08	1.57419e+00	2.35580e+00	-3.18439e-03
1.95220e+04	2.93593e+08	2.42051e+00	3.74274e-01	6.16113e-04
2.71014e+04	2.93621e+08	1.97407e+00	4.35126e+00	-4.09188e-03
8.06375e+04	2.93701e+08	8.55126e-01	1.79086e-01	7.44845e-03
2.60483e+04	2.93727e+08	1.60760e+00	1.28271e+00	-8.24629e-03
2.11431e+04	2.93748e+08	2.35108e+00	3.73756e+00	-6.49142e-03
6.20532e+04	2.93810e+08	3.68464e+00	3.51797e+00	2.99135e-03
1.01476e+04	2.93821e+08	1.08671e+00	2.86913e+00	-9.54494e-03
2.13842e+04	2.93842e+08	1.44276e+00	1.98002e+00	-8.53900e-03
6.45968e+05	2.94488e+08	1.67276e+00	4.35233e+00	7.92756e-03
3.33589e+04	2.94521e+08	2.01969e+00	4.85219e+00	-9.13010e-03
1.34073e+04	2.94535e+08	3.38344e+00	7.95533e-01	7.89432e-03
1.13163e+04	2.94546e+08	2.20785e+00	4.08306e+00	7.91811e-03
1.93951e+04	2.94565e+08	6.94252e-01	9.85748e-01	3.75543e-03
2.00932e+04	2.94585e+08	6.75111e-01	3.97032e+00	-8.88587e-03
1.22983e+05	2.94708e+08	1.33713e+00	3.65413e-01	2.73316e-03
2.23373e+04	2.94731e+08	8.48268e-01	2.75458e-01	8.15532e-03
1.16690e+04	2.94742e+08	1.00763e+00	5.29667e+00	-4.14872e-03
1.15945e+05	2.94858e+08	1.71938e+00	5.05881e+00	-5.12462e-03
3.83059e+04	2.94897e+08	1.21416e+00	4.14317e+00	-4.75819e-03
1.53967e+04	2.94912e+08	5.88596e-01	8.75931e-01	3.58512e-04
3.50649e+04	2.94947e+08	1.06503e+00	2.69854e-01	-7.97711e-03
5.41645e+04	2.95001e+08	1.56512e+00	4.47909e+00	9.43565e-03
1.07992e+04	2.95012e+08	4.87398e-01	4.06105e+00	-6.24122e-03
1.00622e+04	2.95022e+08	2.88651e-01	4.55700e+00	-4.60239e-05
3.23541e+04	2.95055e+08	2.01611e+00	1.07972e+00	8.34124e-03
7.56032e+05	2.95811e+08	2.04303e+00	2.95887e+00	-4.70099e-03
2.31167e+04	2.95834e+08	1.76186e+00	7.50107e-01	7.74545e-03
2.11862e+04	2.95855e+08	1.50296e+00	2.14987e+00	3.19138e-03
1.12786e+04	2.95866e+08	1.11619e+00	2.47055e+00	7.49407e-03
1.08763e+04	2.95877e+08	1.29675e+00	1.66499e+00	3.80819e-04
2.02414e+04	2.95897e+08	1.23816e+00	4.15346e+00	-7.97851e-03
3.75178e+04	2.95935e+08	8.65531e-01	4.79452e+00	8.61389e-03
2.87492e+04	2.95964e+08	1.91451e+00	1.05881e+00	4.32351e-03
5.39230e+04	2.96017e+08	1.90056e+00	6.15907e+00	-8.53223e-03
1.47418e+04	2.96032e+08	5.65422e-01	2.39647e+00	9.75413e-03
3.59555e+04	2.96068e+08	7.99419e-01	1.13366e+00	8.26635e-03
9.64253e+04	2.96165e+08	1.26095e+00	2.82104e+00	6.24751e-03
1.01200e+04	2.96175e+08	3.24855e+00	4.72009e+00	-6.74941e-03
1.55261e+05	2.96330e+08	1.14254e+00	1.32590e+00	4.23213e-03
2.73805e+04	2.96357e+08	2.34928e+00	5.99051e+00	3.01660e-03
5.46021e+04	2.96412e+08	3.27459e+00	1.41206e+00	7.04616e-03
1.94552e+04	2.96431e+08	6.87503e-01	3.95075e+00	4.34730e-03
1.77897e+04	2.96449e+08	1.00485e+00	3.10917e+00	-4.07982e-03
6.83993e+04	2.96518e+08	2.29176e+00	3.50950e+00	-9.91335e-03
1.11582e+04	2.96529e+08	2.48851e+00	2.60380e+00	3.88887e-03
4.96389e+04	2.96578e+08	1.21228e+00	4.74667e+00	-3.43621e-03
3.66074e+05	2.96944e+08	3.69190e+00	2.28083e+00	-9.68594e-03
2.18381e+04	2.96966e+08	7.38131e-01	5.32503e+00	-9.46501e-03
3.03121e+05	2.97269e+08	4.76045e-01	1.94231e+00	-2.90197e-03
1.19620e+04	2.97281e+08	3.90561e-01	3.53435e+00	1.95583e-03
1.27134e+04	2.97294e+08	1.60580e+00	5.96721e+00	5.24428e-03
2.71517e+04	2.97321e+08	1.46179e+00	4.39845e+00	-8.08457e-03
1.43894e+04	2.97336e+08	2.30218e+00	5.78863e-01	-1.74526e-03
2.02717e+04	2.97356e+08	1.01535e+00	4.20076e+00	4.13088e-03
2.56728e+04	2.97382e+08	6.99001e-01	1.24978e-01	5.52670e-03
1.08321e+04	2.97392e+08	2.29862e+00	3.17677e+00	-8.81726e-03
1.16557e+04	2.97404e+08	1.64923e+00	4.79964e+00	-7.67684e-03
2.52148e+04	2.97429e+08	3.60212e+00	2.88939e+00	4.73582e-03
1.21218e+04	2.97441e+08	1.02580e+00	2.63509e+00	6.41841e-03
2.82968e+04	2.97470e+08	4.25357e-01	4.01294e+00	-3.86091e-03
1.30231e+04	2.97483e+08	1.62588e-01	3.75099e+00	-7.92717e-03
3.27066e+04	2.97515e+08	1.51690e+00	4.68917e+00	6.56485e-03
1.09023e+04	2.97526e+08	4.73785e-01	3.43874e+00	-6.21855e-03
1.21348e+04	2.97539e+08	2.23620e+00	5.92996e+00	-4.62607e-03
2.09745e+04	2.97559e+08	1.31689e+00	5.46803e+00	-7.74078e-03
3.72362e+04	2.97597e+08	9.62015e-01	1.83458e+00	-2.71868e-03
3.36330e+05	2.97933e+08	1.84320e+00	4.12831e-01	1.76026e-03
1.21321e+04	2.97945e+08	2.57496e+00	2.52274e-01	-5.19305e-04
4.22238e+04	2.97987e+08	2.93837e+00	3.25662e+00	-6.55974e-03
1.12041e+05	2.98099e+08	4.22278e-01	5.29516e+00	7.37922e-03
1.58392e+04	2.98115e+08	3.47404e+00	1.10239e+00	-8.54283e-03
5.84585e+04	2.98174e+08	2.48296e+00	8.42711e-01	1.95439e-03
1.52129e+05	2.98326e+08	1.26255e+00	2.02872e-01	-3.14190e-03
1.53434e+04	2.98341e+08	1.48972e+00	7.42964e-01	-8.79211e-03
5.46593e+04	2.98396e+08	2.83987e+00	1.88187e+00	1.09085e-03
1.96804e+04	2.98416e+08	1.01549e+00	1.11166e+00	-6.15973e-03
2.73424e+04	2.98443e+08	1.05332e+00	5.09202e+00	-7.01483e-03
1.01892e+04	2.98453e+08	3.18728e-01	3.50648e+00	-1.53926e-03
5.71762e+04	2.98510e+08	5.64447e-01	2.25565e+00	2.62592e-03
1.25974e+04	2.98523e+08	2.19172e-01	3.11315e-02	-6.04971e-03
7.82330e+04	2.98601e+08	1.04945e+00	4.63445e+00	8.68057e-03
1.86533e+05	2.98788e+08	2.03805e+00	5.11618e+00	-5.53291e-03
1.03069e+04	2.98798e+08	1.61237e+00	2.78228e+00	3.96036e-03
2.21455e+04	2.98820e+08	2.38677e+00	1.61535e+00	-7.94346e-03
2.96112e+04	2.98850e+08	1.52111e+00	3.33066e+00	7.17801e-03
1.85221e+04	2.98868e+08	4.07058e-01	6.08315e+00	-9.05343e-03
1.29908e+04	2.98881e+08	2.12798e+00	4.11114e+00	-7.68157e-03
1.35342e+04	2.98895e+08	2.60441e+00	5.17103e+00	1.30600e-03
3.32913e+04	2.98928e+08	1.04452e+00	5.55259e+00	-6.04002e-03
1.37025e+04	2.98942e+08	8.65744e-01	2.78238e+00	2.24874e-03
3.22925e+04	2.98974e+08	1.91512e-01	3.51800e+00	-7.30922e-03
1.03599e+04	2.98984e+08	1.26962e+00	1.76341e+00	5.62851e-03
1.01360e+04	2.98995e+08	1.14030e+00	6.52608e-01	3.37093e-04
1.94233e+04	2.99014e+08	1.94302e+00	5.70090e+00	8.45754e-03
7.26760e+04	2.99087e+08	3.23641e+00	5.20997e+00	6.45455e-03
1.14411e+04	2.99098e+08	3.53262e-01	1.69204e+00	2.45390e-03
1.67627e+04	2.99115e+08	3.37563e+00	2.31325e+00	-9.21393e-03
1.08371e+04	2.99126e+08	2.07586e+00	5.20344e+00	1.91933e-03
1.15014e+04	2.99137e+08	5.11700e-01	3.72395e+00	-4.76623e-03
4.20421e+04	2.99179e+08	1.45641e+00	4.84786e+00	4.69525e-03
3.19564e+04	2.99211e+08	5.90761e-01	5.21446e+00	-6.61027e-03
1.54726e+05	2.99366e+08	1.83948e+00	2.99901e+00	-6.49839e-03
2.67188e+04	2.99393e+08	6.75077e-01	5.42731e+00	-7.54311e-03
1.32770e+04	2.99406e+08	1.22107e+00	4.31263e+00	7.21185e-03
3.24336e+04	2.99438e+08	6.95899e-01	8.62119e-01	3.60940e-03
5.71071e+04	2.99495e+08	1.45254e+00	3.71641e+00	-4.18338e-03
1.05560e+04	2.99506e+08	1.56096e+00	4.29800e+00	7.76836e-03
1.16433e+04	2.99518e+08	1.53282e+00	9.23246e-01	5.96840e-03
2.09870e+04	2.99539e+08	2.51532e+00	2.02585e+00	7.77539e-03
1.32238e+04	2.99552e+08	1.99044e+00	3.29716e+00	-5.91074e-03
3.02832e+04	2.99582e+08	1.67783e+00	6.27860e+00	8.79209e-03
2.16040e+04	2.99604e+08	4.31822e+00	4.96016e+00	-6.57263e-03
2.04222e+04	2.99624e+08	6.92423e-01	3.36885e+00	9.44160e-03
2.24223e+04	2.99647e+08	2.74413e+00	3.14088e+00	6.59049e-03
2.55273e+04	2.99672e+08	1.79508e+00	5.75644e+00	-1.29607e-03
1.14523e+04	2.99684e+08	2.59915e+00	4.92613e+00	-2.84831e-03
2.85806e+04	2.99712e+08	1.69334e+00	4.70476e+00	-2.35751e-03
3.11413e+04	2.99743e+08	9.73064e-01	4.31087e+00	-2.45003e-03
2.28187e+04	2.99766e+08	2.09709e-01	2.63376e-01	-6.95999e-03
1.46164e+04	2.99781e+08	5.37781e-01	5.76896e+00	-9.59587e-03
1.78430e+04	2.99799e+08	4.00242e-01	3.74530e+00	2.43656e-03
1.04651e+05	2.99903e+08	8.61972e-01	1.79834e+00	8.21838e-03
5.98147e+04	2.99963e+08	2.48014e+00	1.93022e+00	7.64406e-03
6.26876e+04	3.00026e+08	3.36617e+00	1.41843e+00	6.46832e-03
1.17987e+04	3.00037e+08	3.53401e+00	3.55053e-01	3.41742e-03
2.03674e+04	3.00058e+08	1.41605e+00	3.36750e+00	9.90253e-03
1.99444e+04	3.00078e+08	2.72253e-01	5.60945e+00	6.10248e-03
5.74427e+04	3.00135e+08	1.84381e+00	1.69193e+00	-8.55672e-03
1.48996e+04	3.00150e+08	5.41460e-01	5.42425e+00	-3.88234e-03
1.21841e+04	3.00162e+08	1.25681e+00	1.03985e+00	-2.72830e-03
1.76690e+04	3.00180e+08	2.46082e+00	1.13650e-01	7.93727e-03
2.45641e+04	3.00205e+08	2.76554e+00	8.66879e-01	-4.40495e-03
1.99544e+04	3.00225e+08	1.43147e+00	5.98954e+00	2.53351e-03
1.86068e+04	3.00243e+08	1.14785e+00	4.38875e+00	-9.30059e-03
1.44346e+04	3.00258e+08	3.46344e-01	3.24813e-01	2.67352e-03
1.94062e+04	3.00277e+08	8.51366e-01	6.02864e+00	-2.06864e-03
1.08161e+04	3.00288e+08	1.50389e-01	4.92741e+00	6.58776e-03
2.01562e+05	3.00489e+08	1.14934e+00	6.16526e+00	-1.55773e-03
1.18277e+04	3.00501e+08	1.69682e+00	1.43132e+00	-8.16837e-03
3.29651e+04	3.00534e+08	1.96402e+00	3.95712e+00	9.88403e-03
9.65877e+04	3.00631e+08	4.13567e+00	1.59207e+00	-4.51410e-03
5.17760e+04	3.00682e+08	9.92820e-01	1.42309e+00	-7.11124e-03
1.24844e+04	3.00695e+08	1.51131e+00	3.75839e+00	7.03679e-03
6.83357e+04	3.00763e+08	8.93317e-01	2.48057e+00	4.25780e-03
2.43035e+04	3.00788e+08	1.26020e+00	4.99519e-01	9.16253e-03
1.34424e+05	3.00922e+08	3.34659e+00	5.14999e+00	1.65308e-03
3.31427e+04	3.00955e+08	1.31832e+00	4.64930e+00	4.08300e-03
1.06181e+04	3.00966e+08	7.20421e-01	5.88939e+00	-9.53402e-04
1.08252e+05	3.01074e+08	1.71535e+00	8.44414e-02	-5.46743e-03
1.25735e+04	3.01087e+08	2.82234e-01	9.61228e-01	-5.48562e-03
1.53125e+04	3.01102e+08	3.12568e+00	3.05495e-01	-5.77092e-03
2.05552e+04	3.01122e+08	1.83976e+00	1.85278e+00	8.60613e-03
1.42623e+04	3.01137e+08	9.66859e-01	4.41492e+00	-1.26127e-03
2.80911e+04	3.01165e+08	3.81359e-01	3.32321e+00	5.92366e-03
2.20451e+04	3.01187e+08	1.25029e+00	2.64683e+00	-6.14106e-03
1.67281e+04	3.01204e+08	3.36874e-01	3.62797e+00	-2.88916e-03
5.61932e+04	3.01260e+08	2.18853e+00	4.71963e+00	-3.58320e-03
1.02279e+04	3.01270e+08	9.81408e-01	2.61231e-01	-9.98602e-03
2.16807e+05	3.01487e+08	1.41950e-01	6.30903e-01	3.54529e-03
1.25513e+04	3.01499e+08	6.93496e-01	3.37009e+00	9.36762e-03
4.43086e+05	3.01942e+08	8.89673e-01	4.88572e+00	-5.91296e-03
2.11699e+04	3.01964e+08	1.56200e+00	5.08477e+00	-1.98845e-03
1.00504e+04	3.01974e+08	1.62030e+00	2.27176e+00	-2.79400e-03
3.56562e+04	3.02009e+08	5.52658e-01	4.76832e+00	-5.45248e-03
2.69051e+05	3.02278e+08	1.28219e+00	5.92027e+00	-9.50554e-03
4.77931e+04	3.02326e+08	7.16494e-01	4.04055e-01	2.86732e-03
3.18926e+05	3.02645e+08	3.04276e-01	2.02676e+00	-8.34446e-03
5.30634e+05	3.03176e+08	4.15492e-01	3.24199e+00	3.80959e-03
1.45038e+04	3.03190e+08	3.72527e+00	4.85011e-01	4.37195e-03
2.11788e+06	3.05308e+08	6.80263e-01	4.77640e-01	8.94936e-03
1.49869e+04	3.05323e+08	1.27312e+00	1.22812e+00	-9.90311e-03
1.93102e+04	3.05342e+08	8.63564e-01	1.36897e+00	5.10859e-03
1.85710e+05	3.05528e+08	2.25302e-01	7.28947e-02	-1.10199e-03
1.36189e+04	3.05542e+08	2.22394e+00	1.84269e+00	-4.65600e-03
6.35490e+04	3.05605e+08	8.30464e-01	3.65129e-01	7.54735e-03
1.81886e+04	3.05624e+08	1.34267e+00	1.17935e+00	-6.19775e-03
1.12025e+04	3.05635e+08	1.46746e+00	5.32340e+00	9.50739e-03
3.77233e+04	3.05672e+08	9.30965e-01	1.62888e+00	3.46909e-03
1.26610e+04	3.05685e+08	1.91927e+00	7.92167e-01	7.78765e-03
1.08144e+05	3.05793e+08	2.49053e+00	7.27940e-01	-1.18825e-03
2.07470e+04	3.05814e+08	1.92685e+00	5.57825e+00	2.57715e-03
4.02511e+04	3.05854e+08	2.19072e+00	2.37247e+00	2.44433e-03
2.47980e+04	3.05879e+08	1.58173e+00	7.79022e-01	-3.29762e-03
3.23741e+04	3.05911e+08	4.15216e-01	1.18885e+00	-7.63831e-03
3.39952e+04	3.05945e+08	3.30309e+00	2.31040e+00	-2.64538e-03
2.00504e+04	3.05965e+08	1.09522e+00	4.60170e+00	-9.39212e-03
1.21500e+04	3.05978e+08	1.73520e+00	3.66981e+00	-3.29922e-04
1.43845e+04	3.05992e+08	8.19503e-01	2.06668e+00	-4.69833e-03
3.66358e+05	3.06358e+08	4.02504e+00	2.42471e+00	8.85849e-03
2.33814e+06	3.08696e+08	1.29796e+00	2.83752e+00	-4.29638e-03
1.37538e+04	3.08710e+08	2.32818e+00	2.60895e+00	2.28703e-04
1.85215e+04	3.08729e+08	5.63982e-01	7.90707e-01	6.42402e-03
1.25886e+04	3.08741e+08	1.51180e+00	3.45865e+00	5.68158e-03
1.10523e+04	3.08752e+08	3.99008e+00	1.97126e+00	8.73763e-03
3.89947e+04	3.08791e+08	2.33895e+00	1.28114e+00	-6.17629e-03
6.01872e+04	3.08852e+08	7.72917e-01	3.20958e+00	1.07755e-03
3.84980e+04	3.08890e+08	1.48055e+00	2.76597e+00	6.70886e-03
1.32759e+04	3.08903e+08	5.70143e-01	1.42036e+00	-4.32522e-03
5.51481e+04	3.08959e+08	1.76612e+00	4.18230e+00	3.27746e-03
1.42061e+04	3.08973e+08	1.98759e+00	1.82413e+00	-1.21098e-03
1.41809e+04	3.08987e+08	3.65416e-01	2.31860e+00	1.67510e-03
9.15399e+04	3.09078e+08	1.68016e+00	1.79576e+00	-9.42687e-03
4.06607e+05	3.09485e+08	3.84895e-01	1.58074e+00	-2.66994e-03
1.03021e+04	3.09495e+08	6.19197e-01	1.95758e+00	7.61504e-03
1.42265e+04	3.09510e+08	4.00021e+00	4.42182e-01	3.07979e-04
1.13253e+04	3.09521e+08	1.85677e+00	4.69927e+00	-8.04928e-03
3.33607e+04	3.09554e+08	7.83057e-01	2.99262e+00	-7.96304e-03
1.42049e+04	3.09568e+08	1.31166e+00	6.60101e-01	-9.62804e-04
3.86957e+04	3.09607e+08	1.43737e+00	8.90895e-01	8.09834e-03
1.07375e+04	3.09618e+08	5.82391e-01	1.70303e+00	-3.38147e-03
1.86062e+04	3.09637e+08	3.70366e-01	4.55967e+00	2.39297e-03
1.24928e+04	3.09649e+08	2.67590e+00	5.36581e+00	1.18951e-03
1.73576e+04	3.09666e+08	2.64493e+00	4.63564e+00	-3.54291e-03
1.68964e+04	3.09683e+08	3.13316e+00	2.34014e+00	5.12969e-03
1.84022e+05	3.09867e+08	1.39916e+00	6.13288e+00	-5.04058e-03
1.71574e+04	3.09884e+08	2.63674e+00	3.28877e+00	8.84330e-03
3.58043e+04	3.09920e+08	1.90969e-01	2.43679e+00	-3.15974e-03
1.75819e+04	3.09938e+08	2.58256e+00	4.31771e+00	-2.78700e-03
1.09291e+04	3.09949e+08	1.15222e+00	1.22612e+00	-2.55409e-03
1.09262e+04	3.09960e+08	1.46613e-01	5.71969e-01	-6.57728e-03
1.24475e+04	3.09972e+08	8.02192e-01	6.12738e+00	7.82584e-03
7.56717e+04	3.10048e+08	2.87165e+00	5.76967e+00	1.23535e-03
1.15107e+04	3.10059e+08	3.18466e-01	3.09054e+00	7.53747e-03
1.90013e+04	3.10078e+08	1.02144e+00	2.91497e-01	-4.38119e-03
1.22562e+04	3.10091e+08	3.01521e+00	5.05137e+00	-8.33201e-03
3.15951e+04	3.10122e+08	1.79554e+00	2.73610e+00	-8.31866e-03
1.14251e+04	3.10134e+08	2.17380e+00	1.64156e+00	-4.01042e-03
9.04438e+04	3.10224e+08	3.77452e-01	1.45477e+00	-8.31890e-04
1.11529e+04	3.10235e+08	5.34264e-01	1.09521e+00	-7.25718e-03
2.20424e+04	3.10257e+08	1.78264e+00	1.67730e+00	-6.05647e-03
2.79392e+04	3.10285e+08	2.05130e+00	2.86208e+00	4.26190e-04
1.15849e+04	3.10297e+08	1.83382e+00	2.07461e+00	1.78962e-03
1.00478e+04	3.10307e+08	1.10841e+00	1.43253e-01	1.71734e-03
1.34489e+04	3.10320e+08	2.28313e-01	4.84556e+00	7.62407e-03
1.75675e+04	3.10338e+08	1.30664e+00	3.46890e+00	5.14887e-03
1.54837e+04	3.10353e+08	4.27759e-01	4.12429e+00	-7.37684e-03
1.80676e+04	3.10371e+08	3.02338e+00	9.66931e-02	-6.61737e-03
1.12888e+04	3.10383e+08	1.69511e+00	5.47001e+00	9.02093e-04
1.29964e+04	3.10396e+08	1.08785e+00	6.04182e+00	7.63313e-03
1.82718e+04	3.10414e+08	1.30404e+00	3.05137e-01	3.98687e-04
1.50829e+04	3.10429e+08	1.05850e+00	1.51452e+00	-6.72411e-03
3.86439e+04	3.10468e+08	6.00423e-01	6.00367e+00	5.21990e-03
1.45094e+05	3.10613e+08	1.63292e-01	2.62840e+00	-8.31527e-03
1.09663e+04	3.10624e+08	1.04954e+00	2.05764e+00	-9.60395e-03
4.29965e+04	3.10667e+08	1.63151e+00	5.05672e+00	5.12195e-03
1.00555e+05	3.10767e+08	3.59632e-01	5.41295e+00	3.34777e-03
9.00742e+04	3.10857e+08	7.05234e-01	4.59540e+00	-9.51815e-04
1.19988e+04	3.10869e+08	6.64918e-01	1.63484e+00	1.74236e-03
2.28024e+04	3.10892e+08	7.67032e-01	4.95456e+00	-3.02519e-03
1.30534e+04	3.10905e+08	4.84682e-01	2.36187e+00	-6.93855e-03
1.53302e+05	3.11058e+08	1.02116e+00	5.84455e+00	5.18915e-03
1.05298e+05	3.11164e+08	3.55850e+00	6.31932e-01	-9.51361e-03
5.73120e+04	3.11221e+08	1.16041e+00	5.11655e+00	8.61836e-03
1.19582e+04	3.11233e+08	1.70171e+00	4.05772e+00	-4.73175e-03
1.23507e+04	3.11245e+08	1.82458e+00	4.90302e+00	4.21200e-03
1.37054e+04	3.11259e+08	6.52891e-01	7.32917e-01	-8.75144e-03
1.00123e+04	3.11269e+08	1.35935e+00	2.31023e+00	3.07680e-03
1.32640e+04	3.11282e+08	1.20851e+00	4.78891e+00	-7.48283e-03
3.16251e+04	3.11314e+08	1.55250e+00	2.71760e+00	4.04106e-04
4.83812e+05	3.11798e+08	1.97757e+00	6.23057e+00	-1.72025e-03
3.50439e+04	3.11833e+08	1.98130e-01	2.45801e+00	-9.04463e-03
1.19749e+04	3.11845e+08	1.63423e+00	2.45739e-01	-6.65428e-03
4.29579e+04	3.11888e+08	2.30065e+00	1.49417e+00	2.61382e-03
3.53853e+04	3.11923e+08	1.67567e+00	1.49809e+00	1.46843e-03
3.14109e+04	3.11955e+08	1.03724e+00	1.20694e-01	3.52906e-03
4.71001e+04	3.12002e+08	8.99241e-01	2.85754e+00	7.66230e-03
4.93523e+04	3.12051e+08	1.22679e+00	2.36927e+00	2.90253e-04
3.29057e+05	3.12380e+08	9.28544e-02	4.40555e-01	7.61866e-03
2.21578e+04	3.12402e+08	2.18730e-01	4.36099e+00	7.84536e-03
1.98840e+04	3.12422e+08	1.94865e+00	6.02608e+00	4.70520e-04
5.63732e+04	3.12479e+08	1.07568e+00	3.25901e+00	-7.03091e-03
2.55113e+04	3.12504e+08	1.16426e+00	7.99909e-01	9.09726e-03
2.15434e+04	3.12526e+08	2.02952e+00	3.35442e+00	-2.36945e-03
2.35289e+05	3.12761e+08	2.16405e+00	1.69836e+00	6.19531e-03
1.44773e+04	3.12775e+08	1.23426e+00	4.36316e-01	-3.60102e-03
1.90965e+04	3.12794e+08	1.91418e+00	7.46150e-02	6.03550e-03
4.44515e+04	3.12839e+08	9.60355e-01	2.41224e+00	-1.12029e-04
1.52742e+04	3.12854e+08	8.60393e-01	1.69024e+00	-7.94245e-03
1.00526e+04	3.12864e+08	1.67816e+00	1.98270e+00	4.19866e-03
1.59152e+04	3.12880e+08	2.15979e+00	5.17780e+00	-5.09919e-03
1.27107e+04	3.12893e+08	7.91350e-01	1.23229e+00	-9.05251e-04
3.45560e+04	3.12927e+08	2.97612e+00	2.50336e-02	6.67260e-03
5.16581e+05	3.13444e+08	8.46606e-01	2.09355e+00	3.65870e-03
6.43558e+04	3.13508e+08	1.40201e+00	2.89776e-01	5.33306e-03
2.75831e+05	3.13784e+08	2.28319e+00	1.37864e+00	-4.06397e-03
9.25177e+04	3.13877e+08	2.02084e+00	5.05216e+00	-9.82323e-03
1.70982e+04	3.13894e+08	1.33296e+00	1.40679e+00	8.70021e-03
1.49626e+05	3.14043e+08	1.68922e+00	1.43958e+00	-6.40262e-03
1.20700e+04	3.14055e+08	1.44443e+00	5.30845e+00	-2.86108e-03
3.27659e+04	3.14088e+08	1.02395e+00	5.21487e+00	-6.42130e-03
2.20100e+04	3.14110e+08	1.34454e+00	6.75346e-01	6.94281e-04
1.62677e+04	3.14127e+08	3.07399e+00	2.30550e+00	5.48680e-03
1.04415e+04	3.14137e+08	2.84937e+00	1.05807e+00	3.92286e-03
1.71764e+05	3.14309e+08	2.54317e+00	2.95643e+00	-5.87003e-03
2.26491e+04	3.14331e+08	2.25029e+00	8.05734e-01	-4.03170e-03
2.98778e+04	3.14361e+08	2.01261e+00	1.37717e-01	5.67394e-03
1.58396e+04	3.14377e+08	3.55509e-01	2.59359e+00	6.40309e-03
1.56317e+04	3.14393e+08	1.88654e+00	5.99974e+00	3.13244e-03
1.51211e+04	3.14408e+08	1.03664e+00	4.76542e+00	8.58281e-04
1.20611e+04	3.14420e+08	1.68728e+00	2.04134e+00	5.35741e-03
1.39489e+06	3.15815e+08	8.89535e-01	6.24387e+00	5.14575e-03
1.76544e+04	3.15832e+08	1.04146e+00	1.22329e+00	-7.39290e-03
2.17283e+05	3.16050e+08	1.75719e+00	1.84029e-01	-4.17759e-03
1.61715e+04	3.16066e+08	1.47863e+00	6.32782e-01	5.48043e-03
1.58025e+04	3.16082e+08	1.15690e+00	3.02507e+00	9.07886e-03
1.80156e+04	3.16100e+08	7.96216e-01	6.25320e+00	6.25554e-03
1.17354e+05	3.16217e+08	2.49005e+00	3.04713e+00	5.54232e-03
1.07876e+04	3.16228e+08	1.33527e+00	3.39759e+00	1.94971e-03
1.85797e+04	3.16246e+08	1.30507e+00	9.02698e-01	3.32215e-03
2.17268e+04	3.16268e+08	1.44133e+00	5.68855e+00	1.83710e-03
1.22228e+04	3.16280e+08	3.31707e-01	2.15501e+00	-8.59287e-03
5.68487e+04	3.16337e+08	3.00731e+00	1.59157e+00	3.48353e-03
1.01044e+04	3.16347e+08	9.69209e-01	4.92895e+00	5.92169e-03
1.89676e+04	3.16366e+08	1.79890e+00	4.90465e+00	3.41396e-03
1.04095e+04	3.16377e+08	2.64665e+00	2.49867e+00	2.25770e-03
1.88469e+04	3.16396e+08	2.43186e+00	6.14550e+00	2.16967e-03
1.73605e+04	3.16413e+08	3.70931e-01	5.12805e+00	7.56639e-03
1.21809e+05	3.16535e+08	1.52318e+00	2.96881e+00	4.42548e-03
1.56974e+04	3.16550e+08	1.91444e+00	3.41446e+00	-6.61524e-03
2.90739e+04	3.16580e+08	2.64448e-01	4.81828e-01	2.16362e-03
1.72184e+04	3.16597e+08	5.00045e-01	3.27278e+00	7.90588e-03
1.15265e+04	3.16608e+08	2.99394e+00	4.05676e+00	8.05214e-06
2.45716e+04	3.16633e+08	3.30209e-01	4.35497e+00	-1.18460e-03
2.29686e+04	3.16656e+08	2.60169e+00	3.94894e+00	-4.52108e-03
1.17357e+04	3.16668e+08	2.64655e-01	1.05830e+00	6.96782e-03
1.56896e+04	3.16683e+08	3.03423e-01	3.07155e+00	7.14780e-03
1.09232e+04	3.16694e+08	7.48608e-01	1.54668e+00	6.46732e-03
4.16614e+04	3.16736e+08	1.39164e+00	4.79512e+00	2.43230e-03
1.06298e+04	3.16746e+08	1.20257e+00	1.79678e+00	-6.32243e-03
8.94516e+04	3.16836e+08	2.31103e+00	2.00635e+00	8.46337e-03
1.24374e+04	3.16848e+08	1.72748e+00	5.53047e+00	-7.57620e-03
1.07320e+04	3.16859e+08	6.38994e-01	5.19204e+00	7.65269e-03
4.21238e+04	3.16901e+08	1.75945e+00	2.33872e+00	-7.52855e-03
4.10022e+04	3.16942e+08	1.10539e+00	4.00513e+00	-5.88381e-03
1.31398e+04	3.16955e+08	1.35762e+00	1.41706e+00	-8.30910e-03
3.22421e+04	3.16988e+08	1.14387e+00	5.23854e+00	5.99691e-03
3.50849e+04	3.17023e+08	4.29229e-01	5.30788e-01	5.47102e-03
1.43190e+04	3.17037e+08	1.29196e+00	4.51852e+00	-8.33634e-04
1.74318e+04	3.17054e+08	1.69390e+00	3.35861e+00	-1.12372e-03
6.80590e+04	3.17122e+08	2.75691e+00	3.03035e+00	-6.87530e-03
1.45647e+04	3.17137e+08	2.33051e+00	4.99398e+00	6.11718e-03
2.71679e+04	3.17164e+08	3.75169e-01	3.13584e+00	3.62027e-04
3.28284e+04	3.17197e+08	5.73725e-01	3.41120e+00	-8.53707e-04
1.72567e+04	3.17214e+08	2.92613e+00	1.25982e+00	-8.01365e-03
1.65349e+04	3.17231e+08	1.25150e+00	5.23462e+00	9.28572e-03
1.43234e+04	3.17245e+08	1.64803e+00	1.43032e+00	-1.16009e-03
3.25429e+04	3.17278e+08	1.90712e-01	3.29869e+00	-9.42006e-03
1.08447e+04	3.17289e+08	2.77498e+00	4.87282e+00	-5.36392e-03
1.20145e+04	3.17301e+08	3.69349e+00	3.93398e-01	9.22350e-03
1.05064e+04	3.17311e+08	1.33742e+00	2.80556e+00	-8.19325e-03
4.60175e+04	3.17357e+08	1.79158e+00	4.07447e+00	-3.44663e-03
2.58395e+04	3.17383e+08	3.00219e-01	6.25113e+00	-4.86035e-03
1.23410e+04	3.17395e+08	1.53379e+00	4.23788e+00	-1.80871e-03
5.05873e+04	3.17446e+08	2.45331e+00	3.40229e+00	-3.79920e-03
4.32556e+04	3.17489e+08	1.86895e+00	5.09864e+00	9.48765e-03
1.29768e+04	3.17502e+08	2.06328e-01	2.09118e+00	1.46384e-03
1.07623e+04	3.17513e+08	1.44474e+00	4.86454e+00	4.03047e-03
3.13037e+04	3.17544e+08	1.49853e+00	1.59281e-01	4.59066e-03
1.61673e+04	3.17560e+08	1.94018e+00	5.81696e-01	-2.62420e-03
1.49173e+04	3.17575e+08	1.26616e+00	8.95639e-01	-2.61955e-03
2.26199e+04	3.17598e+08	1.58954e+00	1.49803e+00	-5.60605e-03
5.24417e+05	3.18122e+08	1.85803e+00	4.11871e+00	-1.67532e-03
1.88050e+05	3.18310e+08	1.70741e+00	5.30785e+00	1.96931e-03
2.24387e+04	3.18333e+08	2.96958e+00	8.79458e-01	-7.08027e-03
6.24388e+04	3.18395e+08	7.77415e-01	2.80004e+00	-8.03957e-03
2.63401e+04	3.18422e+08	1.05014e+00	4.49144e+00	4.17947e-03
1.24600e+04	3.18434e+08	4.36077e+00	5.80732e+00	9.34816e-03
1.35120e+04	3.18448e+08	1.85857e+00	1.46017e+00	-7.94659e-03
2.23245e+04	3.18470e+08	1.23961e+00	5.49030e+00	4.24396e-03
1.85129e+04	3.18488e+08	1.15322e+00	3.20376e+00	4.23235e-04
1.68191e+04	3.18505e+08	5.53866e-01	2.80566e+00	-4.89689e-03
1.14910e+04	3.18517e+08	1.42702e+00	4.74629e+00	3.38183e-03
1.22082e+04	3.18529e+08	1.38808e+00	6.18567e+00	6.88869e-03
1.94775e+04	3.18548e+08	2.72490e-01	4.78475e+00	-5.69280e-03
1.47049e+04	3.18563e+08	9.34036e-01	6.00171e+00	-9.78502e-03
1.50052e+04	3.18578e+08	4.29078e+00	2.73936e+00	-9.26325e-03
5.42833e+04	3.18632e+08	9.56231e-01	2.51376e+00	7.52327e-03
3.38056e+04	3.18666e+08	1.20660e+00	4.57293e+00	-5.74897e-03
1.40279e+05	3.18806e+08	7.52298e-02	3.80885e-01	6.99116e-03
1.00553e+04	3.18816e+08	9.70190e-01	5.79463e+00	4.46381e-03
1.89068e+04	3.18835e+08	4.99817e-01	4.43142e+00	-6.65487e-03
7.44916e+04	3.18910e+08	1.05158e+00	4.06612e-01	1.71328e-05
2.29206e+04	3.18933e+08	2.57060e+00	3.57859e+00	-7.06291e-03
5.08661e+04	3.18984e+08	5.89931e-01	2.27678e+00	9.62401e-03
1.82044e+04	3.19002e+08	2.57267e-01	8.69130e-01	-6.19810e-03
8.68639e+04	3.19089e+08	2.98923e+00	3.03782e+00	-5.02575e-03
2.38513e+04	3.19113e+08	9.35719e-01	5.35991e+00	-2.10091e-03
1.17288e+04	3.19124e+08	2.25083e+00	6.05513e+00	-9.20615e-03
1.78718e+04	3.19142e+08	1.89665e+00	1.04193e+00	1.08823e-03
4.36554e+04	3.19186e+08	7.15150e-01	4.97562e+00	3.40132e-03
1.31721e+04	3.19199e+08	4.77880e-01	3.95364e+00	6.63878e-03
1.48319e+04	3.19214e+08	2.05043e+00	5.76517e+00	1.60141e-03
7.06681e+04	3.19285e+08	1.58211e+00	2.76611e+00	3.49122e-03
1.45093e+04	3.19299e+08	8.44194e-01	3.14465e+00	2.80669e-03
1.88574e+04	3.19318e+08	8.24626e-01	3.70209e+00	-3.96389e-03
3.82363e+05	3.19700e+08	1.33133e+00	2.51309e+00	-5.60674e-03
8.08620e+04	3.19781e+08	4.71181e-01	2.82878e+00	4.93262e-03
1.06485e+04	3.19792e+08	2.17474e-01	5.76220e-01	3.10567e-04
5.02246e+04	3.19842e+08	1.51190e+00	4.78216e+00	2.76577e-03
4.78036e+04	3.19890e+08	5.10748e-01	9.33604e-01	2.91062e-03
6.70640e+04	3.19957e+08	6.46165e-01	1.99248e+00	3.79295e-03
1.21538e+04	3.19969e+08	2.53868e+00	2.57719e+00	-6.54411e-03
9.85928e+04	3.20068e+08	2.67394e+00	4.28397e+00	-1.26595e-03
1.12569e+04	3.20079e+08	9.91678e-01	5.43658e+00	-9.76277e-03
1.95389e+04	3.20098e+08	1.02243e+00	4.54359e+00	-6.75147e-03
8.46616e+04	3.20183e+08	3.77592e+00	2.77840e-01	-2.76798e-03
3.02342e+04	3.20213e+08	3.07454e+00	2.56675e+00	6.27498e-03
1.43506e+04	3.20228e+08	6.78273e-01	5.46080e+00	-7.56364e-03
2.46701e+04	3.20252e+08	3.13432e+00	4.10121e+00	5.53956e-04
3.60809e+04	3.20288e+08	4.01126e+00	1.46229e+00	-1.31962e-03
1.14007e+04	3.20300e+08	5.13435e-01	3.71678e+00	4.02426e-03
1.86129e+05	3.20486e+08	1.36843e+00	5.24028e+00	-8.43541e-03
3.54367e+04	3.20521e+08	6.41641e-01	3.60265e+00	-4.14201e-03
6.71197e+04	3.20588e+08	6.70041e-01	2.64811e+00	-2.64995e-03
1.41877e+04	3.20603e+08	5.38993e-01	2.95838e+00	-5.79919e-03
1.10683e+04	3.20614e+08	5.15421e-01	7.72917e-01	3.03159e-03
2.43194e+04	3.20638e+08	2.26621e+00	6.40513e-01	5.64619e-04
5.16322e+04	3.20690e+08	5.27080e-01	2.53174e+00	3.94255e-03
4.16061e+05	3.21106e+08	4.31322e-01	1.68614e+00	-5.95040e-03
2.74942e+04	3.21133e+08	7.04689e-01	4.00858e+00	-2.60332e-03
2.27902e+04	3.21156e+08	3.06790e+00	3.99370e+00	-9.92993e-04
1.06390e+05	3.21262e+08	2.61609e+00	3.56270e+00	-2.32010e-03
1.01080e+04	3.21273e+08	2.26896e+00	3.54038e-01	7.35499e-03
2.14881e+04	3.21294e+08	5.17584e-02	4.18284e+00	-9.04578e-03
1.27811e+04	3.21307e+08	2.17183e+00	9.89372e-02	2.74352e-03
2.90025e+04	3.21336e+08	2.80942e+00	2.42684e+00	-5.56818e-04
7.58682e+04	3.21412e+08	2.56402e+00	4.68747e+00	6.05477e-03
1.50399e+04	3.21427e+08	1.31292e+00	3.36005e+00	-1.05789e-03
5.14695e+04	3.21478e+08	2.07822e+00	2.62120e-01	-4.71816e-03
1.95029e+04	3.21498e+08	1.01449e+00	8.59932e-01	1.22517e-03
4.62490e+04	3.21544e+08	1.72930e+00	4.31200e+00	-1.87914e-03
1.39587e+04	3.21558e+08	2.96564e+00	1.13540e+00	2.41108e-03
1.10542e+04	3.21569e+08	1.63326e+00	1.27616e+00	-3.11655e-03
5.74768e+04	3.21626e+08	5.42591e-01	4.95600e+00	-4.97790e-03
1.80993e+04	3.21644e+08	1.00839e+00	3.70222e+00	-7.65354e-03
1.91907e+04	3.21664e+08	3.18811e+00	2.28944e+00	3.55098e-03
3.82762e+04	3.21702e+08	1.29398e-01	1.85958e+00	-8.75981e-03
6.29096e+04	3.21765e+08	1.95406e+00	2.68720e+00	-6.37538e-03
1.12185e+04	3.21776e+08	1.35949e+00	3.36531e+00	-2.43165e-03
2.45161e+04	3.21801e+08	1.06359e+00	1.40833e+00	-5.45715e-03
2.00328e+04	3.21821e+08	1.11842e+00	4.56065e+00	-5.19901e-03
2.79729e+04	3.21849e+08	3.83252e-01	1.75842e+00	1.07342e-03
1.97978e+04	3.21868e+08	1.76270e+00	4.89789e+00	-8.37990e-03
1.51696e+04	3.21884e+08	6.07553e-01	4.24494e+00	9.40860e-03
1.11257e+05	3.21995e+08	1.89260e+00	4.39744e+00	-2.31363e-03
2.11791e+04	3.22016e+08	1.19090e+00	3.46352e-01	3.67796e-03
2.79160e+04	3.22044e+08	1.46679e+00	4.75241e+00	6.40961e-03
1.08819e+04	3.22055e+08	1.02012e+00	5.11410e+00	-1.20026e-03
3.66298e+04	3.22091e+08	2.11631e-01	2.77363e+00	-1.35043e-03
3.33596e+04	3.22125e+08	2.59712e+00	4.20294e+00	-3.64723e-03
1.60002e+04	3.22141e+08	1.18301e+00	1.31331e+00	-2.00785e-03
2.83033e+04	3.22169e+08	1.01004e+00	3.29717e+00	-4.71496e-03
2.40003e+05	3.22409e+08	4.78929e-01	3.44791e+00	-3.76982e-03
1.65936e+05	3.22575e+08	6.97130e-01	2.15047e+00	4.60771e-03
1.33739e+04	3.22588e+08	1.68585e+00	1.91580e+00	9.00306e-03
1.30414e+04	3.22601e+08	2.80605e+00	1.67189e+00	9.38957e-03
1.78582e+04	3.22619e+08	1.33580e+00	5.65326e-01	-9.83894e-03
2.35324e+04	3.22643e+08	1.17921e+00	4.80273e+00	-4.01614e-03
1.11001e+04	3.22654e+08	6.96836e-01	2.06735e+00	7.19914e-03
1.10534e+04	3.22665e+08	3.27979e+00	7.16368e-01	9.22873e-03
1.16875e+04	3.22677e+08	5.98391e-02	5.63741e+00	6.46993e-03
4.11398e+04	3.22718e+08	2.50596e+00	1.56810e+00	-6.08121e-03
3.55160e+04	3.22753e+08	2.13097e+00	2.75807e-01	-7.54087e-03
3.73631e+04	3.22791e+08	1.68919e+00	6.11921e-01	-2.58583e-03
2.06993e+04	3.22811e+08	3.29250e+00	2.78293e+00	5.11574e-03
1.24638e+04	3.22824e+08	7.53979e-01	4.31837e+00	-1.87664e-03
3.23271e+04	3.22856e+08	2.24413e+00	5.62575e+00	8.89469e-03
1.25828e+04	3.22869e+08	1.07287e+00	3.98236e+00	7.75985e-03
1.87481e+04	3.22888e+08	3.51190e-01	2.20139e+00	-2.77468e-03
1.04421e+05	3.22992e+08	2.64779e+00	8.89288e-01	6.22618e-04
1.23254e+04	3.23004e+08	2.41166e+00	3.23096e+00	-4.57485e-03
4.44104e+04	3.23049e+08	8.18450e-01	2.48650e+00	-5.51639e-03
1.17684e+05	3.23166e+08	1.10820e+00	3.45009e+00	5.00759e-03
1.10554e+04	3.23177e+08	1.00530e+00	5.88018e+00	5.40585e-03
3.54211e+04	3.23213e+08	3.97832e+00	4.07494e+00	1.77106e-03
1.22521e+04	3.23225e+08	7.35844e-01	4.78532e+00	3.71849e-03
3.56435e+04	3.23261e+08	2.56538e+00	1.87864e+00	-1.04153e-03
1.08905e+04	3.23272e+08	1.27716e+00	4.49910e+00	5.67292e-03
2.00630e+04	3.23292e+08	2.65701e+00	1.96279e+00	5.89057e-03
6.16094e+05	3.23908e+08	5.65377e-01	2.54773e-01	-6.18287e-03
1.36690e+04	3.23921e+08	3.72819e+00	4.62650e+00	5.77929e-05
1.12848e+04	3.23933e+08	7.83810e-01	5.93444e+00	2.50085e-03
2.44115e+04	3.23957e+08	1.23221e+00	6.03324e+00	4.56289e-03
5.23256e+04	3.24009e+08	1.67441e+00	6.18653e+00	-5.82695e-03
5.99617e+04	3.24069e+08	7.09522e-01	3.61498e+00	-9.86017e-03
1.36389e+04	3.24083e+08	2.87387e+00	1.46233e+00	6.86626e-03
1.62326e+04	3.24099e+08	3.18179e+00	4.46675e+00	3.62155e-03
1.23271e+04	3.24112e+08	1.72684e+00	1.08430e+00	7.03273e-03
1.09126e+04	3.24123e+08	5.22585e-01	5.63445e+00	-2.99014e-03
1.07810e+04	3.24133e+08	2.72342e-01	7.48583e-03	-4.76364e-03
2.37675e+04	3.24157e+08	1.77383e-01	5.30220e+00	1.59486e-03
1.10567e+04	3.24168e+08	1.72320e+00	3.82524e+00	1.78719e-03
1.96763e+04	3.24188e+08	3.78481e+00	1.96168e+00	-3.14836e-03
2.42752e+05	3.24431e+08	2.77140e+00	1.58195e+00	7.26361e-03
1.42319e+04	3.24445e+08	2.24741e+00	7.77878e-01	-9.17194e-03
1.51745e+04	3.24460e+08	1.84007e+00	1.62060e+00	9.10408e-03
3.56440e+04	3.24496e+08	3.85697e-01	1.50530e+00	1.38265e-04
1.78001e+04	3.24513e+08	1.04712e+00	5.79312e+00	-4.91235e-03
1.14597e+04	3.24525e+08	1.50266e+00	1.18981e+00	7.23385e-03
1.00089e+04	3.24535e+08	5.23686e-02	1.30439e+00	-4.17885e-03
3.54692e+04	3.24570e+08	2.78911e+00	6.25852e+00	5.19594e-03
3.73843e+04	3.24608e+08	1.66722e+00	6.44600e-01	-1.22331e-03
2.40877e+04	3.24632e+08	3.86061e+00	5.97902e+00	6.89685e-03
8.21376e+04	3.24714e+08	2.14257e+00	3.74918e+00	7.35977e-03
1.02658e+04	3.24724e+08	1.35393e+00	5.52474e+00	1.84084e-04
5.61467e+05	3.25286e+08	2.30322e+00	2.33157e+00	-5.14548e-03
1.01338e+04	3.25296e+08	1.15339e+00	1.07996e+00	-6.90414e-03
2.09678e+04	3.25317e+08	2.99277e+00	9.18731e-01	2.27400e-03
6.80467e+04	3.25385e+08	4.10246e-01	3.37459e+00	2.23655e-03
1.24966e+04	3.25397e+08	1.01468e+00	2.59984e+00	1.52730e-03
2.79684e+04	3.25425e+08	2.94356e+00	1.58793e+00	-8.58577e-04
1.40101e+04	3.25439e+08	1.28264e+00	2.82278e+00	5.49228e-03
1.28722e+04	3.25452e+08	1.49541e+00	1.43934e+00	2.71802e-04
6.00235e+04	3.25512e+08	1.74005e+00	4.48134e+00	9.89304e-03
1.66693e+04	3.25529e+08	1.31209e+00	3.63175e+00	6.60822e-03
1.06466e+04	3.25540e+08	3.64724e-02	6.02831e+00	9.25064e-03
1.08913e+04	3.25550e+08	1.07134e+00	2.55193e+00	-6.05630e-03
1.89810e+04	3.25569e+08	3.69417e-01	2.86086e+00	4.32587e-03
1.47628e+04	3.25584e+08	2.09800e+00	1.35850e+00	1.08640e-03
6.29103e+04	3.25647e+08	2.25348e+00	1.40705e+00	-5.81013e-03
1.53047e+04	3.25662e+08	1.58339e+00	3.82839e+00	9.71051e-03
1.13262e+04	3.25674e+08	1.65835e+00	1.59734e+00	1.34815e-03
4.58554e+04	3.25720e+08	1.99670e+00	3.52697e+00	-4.14556e-03
1.08006e+04	3.25730e+08	8.11511e-01	3.64219e+00	2.11205e-03
1.33449e+04	3.25744e+08	5.90636e-01	4.40213e+00	5.84967e-04
4.48586e+04	3.25789e+08	8.92997e-01	1.09378e+00	8.90720e-04
1.67592e+04	3.25805e+08	1.18810e+00	3.16171e+00	-4.51914e-03
4.69844e+04	3.25852e+08	7.56462e-01	1.10485e-01	-7.78888e-03
1.83617e+04	3.25871e+08	4.40365e-01	3.05015e+00	1.59490e-03
1.00274e+04	3.25881e+08	1.78661e+00	5.21261e+00	9.53866e-03
1.06139e+04	3.25891e+08	2.18832e+00	6.27695e-01	1.68452e-03
3.12649e+04	3.25923e+08	4.03602e-01	5.78716e-01	-7.87941e-03
2.80991e+04	3.25951e+08	4.67076e-01	2.53108e+00	5.37824e-04
1.38760e+04	3.25965e+08	1.99950e+00	2.95690e+00	9.91283e-03
1.59312e+05	3.26124e+08	1.51173e+00	4.43400e-01	-3.96661e-03
2.39366e+04	3.26148e+08	1.61336e+00	3.23111e+00	-5.10166e-04
1.78347e+04	3.26166e+08	2.71573e+00	4.34740e+00	-7.47702e-03
3.56273e+05	3.26522e+08	1.09480e+00	5.36645e+00	-4.09155e-05
1.17565e+04	3.26534e+08	1.99807e+00	5.66192e+00	4.53542e-03
1.28859e+04	3.26547e+08	1.28319e+00	5.19467e+00	7.02509e-03
1.33334e+05	3.26680e+08	4.59415e-01	9.01457e-03	-8.87558e-03
1.73414e+04	3.26697e+08	3.71653e-01	7.50450e-01	5.76551e-03
1.49897e+05	3.26847e+08	1.70199e+00	3.54559e+00	-4.65105e-03
2.95027e+04	3.26877e+08	3.09831e+00	2.42941e+00	-2.98523e-03
1.56266e+04	3.26892e+08	2.13305e+00	3.51481e+00	7.48316e-03
1.53050e+04	3.26908e+08	4.62693e-01	1.94439e+00	5.84104e-04
1.22783e+04	3.26920e+08	1.92449e+00	5.61470e+00	4.25197e-04
1.64562e+04	3.26936e+08	1.58438e+00	4.73116e+00	7.96026e-04
1.36891e+04	3.26950e+08	3.78423e+00	1.49139e+00	6.50723e-03
6.40401e+04	3.27014e+08	1.70431e+00	2.32644e+00	5.31140e-03
7.80947e+04	3.27092e+08	1.88434e-01	1.46964e+00	-2.20801e-03
1.26677e+04	3.27105e+08	1.08650e+00	3.39170e+00	-6.94109e-04
7.65797e+04	3.27181e+08	2.35009e+00	4.89838e+00	8.70840e-03
1.24760e+04	3.27194e+08	5.83087e-01	1.12421e-01	-2.54992e-03
4.20817e+04	3.27236e+08	2.52857e+00	4.48136e+00	1.76816e-03
1.05514e+05	3.27341e+08	1.12009e+00	3.80414e+00	-4.00974e-03
1.99291e+04	3.27361e+08	1.46375e+00	1.69717e+00	1.51766e-03
2.16091e+04	3.27383e+08	4.20218e-01	5.44192e+00	-7.86443e-03
4.89463e+04	3.27432e+08	2.29331e+00	4.57437e+00	-1.49697e-03
2.06329e+04	3.27453e+08	1.05239e+00	4.96326e+00	9.29343e-03
3.51638e+05	3.27804e+08	2.74732e+00	5.59831e+00	-5.85903e-03
1.23962e+04	3.27817e+08	5.19312e-01	1.35983e+00	4.18503e-03
1.67011e+04	3.27833e+08	1.80597e+00	5.39382e+00	2.74125e-03
2.05555e+04	3.27854e+08	2.41384e+00	9.52963e-01	7.82834e-03
1.49964e+04	3.27869e+08	1.55519e+00	4.45107e+00	7.45834e-03
1.22052e+04	3.27881e+08	1.86753e+00	3.19298e+00	5.48515e-03
1.76237e+04	3.27899e+08	1.90125e+00	2.29404e+00	8.32028e-03
2.04126e+04	3.27919e+08	8.66543e-01	4.65897e+00	-6.39485e-03
4.44422e+04	3.27964e+08	1.45627e+00	2.81772e-01	1.60146e-03
4.22864e+04	3.28006e+08	2.31040e+00	4.95794e-01	6.96347e-03
2.36074e+05	3.28242e+08	1.06818e+00	2.64016e+00	8.58862e-04
5.45090e+04	3.28296e+08	1.74767e+00	2.03677e+00	8.58572e-03
1.70245e+05	3.28467e+08	6.39954e-01	3.25942e+00	4.38131e-03
1.87476e+04	3.28485e+08	1.23465e+00	4.92998e+00	-4.76386e-03
1.27861e+04	3.28498e+08	1.22105e+00	1.13282e+00	7.30389e-03
1.22829e+04	3.28510e+08	1.02892e+00	2.86093e+00	-4.37067e-03
1.11024e+05	3.28622e+08	9.15159e-01	6.06108e+00	-2.24181e-03
1.44054e+04	3.28636e+08	1.22955e+00	2.14926e+00	8.05931e-03
2.12669e+04	3.28657e+08	1.80619e+00	4.38676e-01	-1.87195e-03
1.68017e+04	3.28674e+08	3.02364e+00	2.67663e+00	-3.72222e-03
1.16758e+04	3.28686e+08	3.35355e+00	3.12356e+00	-1.89972e-03
1.00060e+04	3.28696e+08	2.32922e+00	6.06892e+00	8.32226e-03
1.32978e+04	3.28709e+08	1.08925e+00	2.60953e+00	-3.22549e-03
4.27805e+05	3.29137e+08	4.16307e-01	5.48172e+00	5.52059e-03
4.95096e+04	3.29186e+08	1.03583e+00	4.46133e-01	-2.17947e-03
1.21469e+05	3.29308e+08	3.64228e+00	3.62893e+00	-8.09585e-03
1.39173e+04	3.29322e+08	3.45044e-01	2.51716e+00	-4.25612e-03
1.27287e+04	3.29334e+08	1.52687e+00	2.40487e+00	-9.44779e-03
2.10745e+04	3.29355e+08	1.17273e+00	2.74926e+00	1.73562e-03
4.70472e+04	3.29403e+08	1.18238e+00	4.54369e+00	5.19155e-03
1.59441e+04	3.29418e+08	9.51597e-01	1.43522e+00	3.01533e-03
1.87755e+04	3.29437e+08	9.27246e-01	1.86082e-01	-7.95390e-03
1.99784e+04	3.29457e+08	1.61166e+00	4.17789e+00	4.66985e-03
2.07354e+04	3.29478e+08	7.84641e-01	3.39248e+00	-6.78754e-03
1.71103e+04	3.29495e+08	1.85837e+00	2.12417e+00	7.74121e-03
1.37376e+04	3.29509e+08	8.89957e-01	4.28588e+00	2.41440e-03
1.29048e+04	3.29522e+08	5.16709e-02	5.96053e+00	2.39259e-03
1.49027e+04	3.29537e+08	3.08956e+00	4.01488e+00	9.95047e-03
1.45667e+04	3.29551e+08	2.01600e-01	1.24726e+00	-9.47907e-03
3.69028e+04	3.29588e+08	2.86798e-01	3.45553e+00	-5.09091e-03
5.13439e+04	3.29639e+08	8.74729e-01	2.52289e+00	6.27538e-03
1.28714e+04	3.29652e+08	1.83613e-01	4.86318e+00	4.17945e-03
9.25648e+04	3.29745e+08	1.06260e+00	2.73338e+00	5.53014e-03
3.69147e+04	3.29782e+08	1.76344e+00	5.18286e+00	3.67846e-03
1.30937e+04	3.29795e+08	6.10099e-01	6.03045e+00	-9.64793e-03
2.01985e+04	3.29815e+08	9.52410e-01	6.20284e+00	-9.67751e-03
5.17330e+04	3.29867e+08	1.55986e+00	3.71525e+00	5.47278e-03
5.78374e+05	3.30445e+08	1.69553e+00	4.29389e+00	-5.59240e-03
1.31200e+04	3.30458e+08	7.03390e-01	4.67691e+00	8.13443e-03
1.62405e+04	3.30475e+08	1.10148e+00	9.93628e-01	4.74035e-03
1.96873e+04	3.30494e+08	8.39566e-02	4.08203e+00	2.42665e-03
1.02711e+04	3.30504e+08	1.70755e+00	1.80636e+00	-8.82904e-03
1.40395e+04	3.30519e+08	1.34179e+00	4.79430e+00	2.95540e-03
1.40826e+04	3.30533e+08	4.69624e-01	5.23408e+00	5.55873e-03
5.11399e+04	3.30584e+08	1.91670e+00	1.38765e+00	9.11910e-03
1.60392e+05	3.30744e+08	1.96970e+00	2.37397e+00	-7.37991e-03
4.90539e+04	3.30793e+08	8.57461e-01	4.15829e+00	-5.46069e-03
2.75296e+04	3.30821e+08	7.44818e-01	3.47821e+00	6.03314e-03
1.06347e+04	3.30831e+08	8.20903e-01	6.26971e+00	9.44552e-03
1.25165e+04	3.30844e+08	2.51687e+00	5.41920e+00	7.64450e-03
4.15139e+04	3.30885e+08	3.26050e+00	5.88235e+00	-1.47706e-03
2.96891e+04	3.30915e+08	7.43301e-01	2.38046e+00	3.77944e-03
3.42493e+04	3.30949e+08	9.89940e-01	4.91155e+00	-5.99986e-03
2.73564e+05	3.31223e+08	7.80736e-01	1.51569e+00	-3.83112e-03
1.37859e+04	3.31237e+08	2.43088e-01	4.37587e+00	2.91882e-03
1.51834e+04	3.31252e+08	5.35177e-01	5.89008e+00	9.63959e-03
1.88105e+04	3.31271e+08	9.52646e-01	5.20061e+00	-3.33560e-03
2.58438e+04	3.31297e+08	2.22352e-01	2.56281e+00	7.64623e-03
3.67693e+04	3.31333e+08	2.74927e+00	2.19403e+00	-6.38881e-03
1.04749e+04	3.31344e+08	6.72541e-01	1.78590e+00	-9.07337e-03
1.55333e+04	3.31359e+08	5.35886e-01	3.47587e+00	-6.68842e-03
1.36754e+04	3.31373e+08	1.96153e+00	4.03620e+00	9.46047e-03
1.76764e+04	3.31391e+08	2.30493e+00	2.66358e+00	-1.40293e-03
1.08560e+04	3.31401e+08	5.92911e-02	4.38267e-01	-5.18920e-03
9.20387e+04	3.31494e+08	1.37749e+00	3.03584e+00	-6.57340e-03
5.30494e+04	3.31547e+08	1.73332e+00	1.33768e+00	1.37460e-03
1.05635e+04	3.31557e+08	5.16817e-01	6.07789e+00	-3.30424e-03
3.81015e+04	3.31595e+08	3.35689e+00	3.29088e+00	-1.21322e-03
3.97879e+04	3.31635e+08	6.11616e-01	4.25803e+00	-1.86304e-03
2.49951e+04	3.31660e+08	3.11475e-01	2.28285e+00	4.95435e-03
1.44633e+04	3.31674e+08	1.16418e+00	2.91311e-01	8.84879e-03
1.41728e+04	3.31689e+08	1.05227e+00	5.36356e+00	-7.67849e-03
2.45884e+04	3.31713e+08	6.67314e-01	4.05647e+00	2.32150e-03
1.86869e+04	3.31732e+08	2.03771e-01	5.81636e+00	-3.30133e-03
1.96879e+05	3.31929e+08	1.46124e+00	1.72598e+00	8.33980e-03
4.62876e+04	3.31975e+08	1.71945e+00	3.17590e-01	-9.13426e-04
3.20005e+04	3.32007e+08	1.03358e+00	4.31412e+00	-5.00648e-03
5.60109e+04	3.32063e+08	2.30608e+00	9.66576e-01	-3.36253e-04
1.39499e+04	3.32077e+08	5.53568e-01	4.07029e-01	4.05731e-03
2.25128e+05	3.32302e+08	1.05218e+00	1.48432e+00	-8.14811e-03
2.94265e+04	3.32332e+08	6.99558e-01	5.05874e+00	-5.36767e-03
2.05892e+04	3.32352e+08	5.85226e-01	5.35267e+00	-9.65063e-03
2.16284e+04	3.32374e+08	1.05962e+00	4.28627e-01	1.82658e-03
2.14530e+05	3.32588e+08	1.46657e+00	3.10274e+00	-3.38486e-03
1.87852e+04	3.32607e+08	3.22459e+00	3.13984e+00	-7.54815e-03
1.63470e+04	3.32624e+08	6.12461e-01	2.44056e+00	-8.66264e-03
3.61172e+04	3.32660e+08	1.06508e+00	5.05323e+00	9.23403e-03
2.41492e+05	3.32901e+08	1.87288e+00	3.32855e+00	-9.69666e-03
1.60886e+04	3.32917e+08	4.86786e-01	1.84572e+00	5.54686e-03
4.84867e+04	3.32966e+08	2.77799e+00	3.72214e+00	5.90478e-04
3.16660e+04	3.32997e+08	3.69505e+00	5.74701e+00	-6.23156e-03
1.58775e+04	3.33013e+08	1.43668e-01	2.64301e+00	-2.29347e-03
2.27774e+04	3.33036e+08	2.56847e-01	9.55625e-02	7.88084e-05
6.06786e+04	3.33097e+08	1.24240e+00	2.31510e+00	9.07723e-03
1.35054e+04	3.33110e+08	1.05906e+00	5.81712e+00	-1.68944e-03
2.37706e+04	3.33134e+08	2.39398e+00	1.99338e+00	-7.67286e-03
5.55823e+04	3.33190e+08	1.94598e+00	2.85000e+00	1.16697e-03
1.79998e+04	3.33208e+08	6.96642e-01	5.40603e+00	-6.24242e-03
1.21571e+04	3.33220e+08	1.24981e+00	4.48812e+00	-5.18731e-03
1.75744e+04	3.33237e+08	1.97211e+00	4.37719e+00	-3.92428e-04
5.74668e+04	3.33295e+08	1.86271e+00	6.14865e+00	7.95243e-03
1.05666e+04	3.33305e+08	1.49896e+00	4.09240e+00	-2.01857e-03
1.25363e+04	3.33318e+08	1.00714e+00	4.09456e+00	6.63189e-04
1.30655e+04	3.33331e+08	1.05513e+00	1.71389e-01	-9.70268e-03
1.39513e+04	3.33345e+08	1.53851e+00	3.33157e+00	9.84064e-03
2.92294e+04	3.33374e+08	9.99384e-01	1.29327e+00	8.69438e-03
1.26214e+06	3.34636e+08	2.97126e+00	1.01940e+00	-9.23400e-03
1.05453e+05	3.34742e+08	1.70774e+00	1.93661e+00	5.10015e-04
1.23812e+04	3.34754e+08	3.29673e+00	2.59137e+00	-5.25613e-03
2.92086e+04	3.34783e+08	7.76761e-01	5.60390e-01	-4.82818e-03
1.42293e+04	3.34798e+08	2.63843e+00	6.27328e+00	-5.33478e-03
7.84466e+04	3.34876e+08	1.04341e+00	4.96350e+00	5.25171e-03
1.70385e+05	3.35046e+08	7.64047e-01	3.85518e+00	-7.58691e-03
1.07049e+04	3.35057e+08	9.17209e-01	2.59643e-01	-1.01976e-03
2.44298e+04	3.35081e+08	1.25040e+00	3.79201e+00	6.66601e-03
1.08186e+04	3.35092e+08	2.31868e+00	1.41541e+00	6.56810e-03
2.25623e+04	3.35115e+08	8.75619e-01	4.57749e+00	1.92645e-03
1.33282e+04	3.35128e+08	6.87225e-01	5.23045e+00	4.73605e-03
2.39566e+04	3.35152e+08	1.63089e+00	2.00421e-01	-4.31317e-03
1.18113e+04	3.35164e+08	7.83815e-01	5.80219e+00	-5.73610e-03
2.81178e+04	3.35192e+08	2.39368e+00	8.81078e-01	-4.61592e-03
1.67753e+04	3.35209e+08	1.69628e+00	2.79960e-01	7.58167e-03
1.19674e+04	3.35221e+08	6.67958e-01	3.93105e+00	7.21431e-03
1.79478e+04	3.35239e+08	1.04755e-01	7.92623e-01	-3.32432e-03
1.86711e+05	3.35425e+08	3.60995e+00	3.55347e+00	-5.01271e-03
2.37651e+05	3.35663e+08	8.93051e-01	3.00458e+00	-4.40285e-03
6.29886e+05	3.36293e+08	1.31076e+00	2.97468e+00	-2.31763e-03
1.30829e+05	3.36424e+08	1.42037e+00	1.36645e+00	1.55255e-03
1.48502e+04	3.36439e+08	1.42412e+00	4.58167e+00	-3.76108e-03
2.46642e+04	3.36463e+08	1.23095e+00	3.92024e+00	6.18125e-03
2.04649e+04	3.36484e+08	8.65443e-02	3.47437e+00	4.01943e-03
2.63643e+04	3.36510e+08	8.04113e-01	2.85800e+00	4.19742e-03
2.05383e+05	3.36716e+08	1.00435e+00	9.30140e-02	3.07142e-03
9.71725e+04	3.36813e+08	1.09653e+00	1.55088e+00	8.46132e-03
1.15577e+04	3.36824e+08	1.18831e+00	4.77486e+00	-7.18602e-04
1.83598e+04	3.36843e+08	1.00779e+00	9.24535e-01	-7.64528e-03
1.04203e+04	3.36853e+08	4.14147e+00	5.84204e+00	-3.57504e-03
4.40792e+04	3.36897e+08	1.33815e+00	2.59831e+00	-6.84422e-03
1.30227e+04	3.36910e+08	1.20251e+00	4.21636e+00	-5.52107e-03
7.25331e+04	3.36983e+08	2.85825e+00	7.51652e-01	-7.77830e-03
1.09743e+04	3.36994e+08	2.41105e+00	5.70895e+00	-8.27145e-03
1.52372e+05	3.37146e+08	7.96675e-01	1.44027e+00	-7.75057e-03
4.07608e+04	3.37187e+08	5.71483e-01	4.12232e+00	-8.77439e-03
1.26273e+05	3.37313e+08	8.48555e-01	1.53859e+00	-6.67110e-03
1.09451e+04	3.37324e+08	3.13963e-01	5.48822e+00	9.37910e-03
1.53760e+04	3.37339e+08	1.74888e+00	3.15596e+00	1.02424e-03
2.07382e+04	3.37360e+08	6.24976e-01	4.78622e+00	-9.55928e-03
1.98631e+05	3.37559e+08	9.70070e-02	6.15052e+00	-9.08286e-03
1.27172e+04	3.37572e+08	4.49099e+00	5.43147e+00	-3.73770e-03
1.32370e+04	3.37585e+08	2.21650e+00	4.28418e+00	6.73438e-03
1.25111e+04	3.37597e+08	1.24830e+00	4.04786e+00	7.13818e-03
4.05273e+04	3.37638e+08	4.53518e-01	6.53687e-01	2.82675e-03
1.45328e+04	3.37652e+08	3.02943e-01	1.92684e+00	9.90000e-03
1.66018e+04	3.37669e+08	3.52000e+00	2.20426e+00	1.37655e-03
9.09675e+04	3.37760e+08	1.16384e+00	5.81946e-01	-1.37481e-03
7.49224e+04	3.37835e+08	1.10856e+00	6.28336e-01	9.95198e-03
1.32569e+04	3.37848e+08	1.86437e+00	4.96851e+00	-4.00403e-03
1.01248e+04	3.37858e+08	3.43576e-01	3.35908e+00	-6.64222e-03
1.81831e+04	3.37876e+08	4.45272e-01	1.00048e+00	5.85194e-04
1.01784e+04	3.37887e+08	1.70531e+00	5.12823e-01	-5.82435e-03
1.34626e+04	3.37900e+08	1.68068e+00	5.36097e+00	-2.27777e-03
1.26915e+04	3.37913e+08	2.91808e+00	5.10730e+00	-1.04646e-03
2.99750e+04	3.37943e+08	5.79785e-01	3.41486e+00	-6.03222e-03
1.76781e+04	3.37960e+08	3.07197e+00	5.16041e+00	-3.81470e-03
1.51389e+04	3.37975e+08	2.23230e+00	1.20530e+00	-4.80424e-03
2.81765e+04	3.38004e+08	1.04051e+00	1.10684e+00	-4.64295e-03
6.20836e+04	3.38066e+08	4.02711e+00	3.79834e+00	7.61368e-03
1.39055e+05	3.38205e+08	4.53795e-01	2.63891e+00	2.00843e-03
1.49646e+04	3.38220e+08	1.25552e+00	2.64443e+00	8.04746e-03
2.21271e+04	3.38242e+08	1.54081e+00	4.49760e+00	-1.75930e-03
1.39614e+04	3.38256e+08	1.05628e+00	4.23381e+00	-9.16653e-03
3.48545e+04	3.38291e+08	1.21064e+00	1.41592e+00	-2.23876e-03
1.12409e+04	3.38302e+08	6.01774e-02	2.80892e+00	2.08052e-03
2.60387e+04	3.38328e+08	1.18769e+00	9.80153e-01	6.33825e-03
1.23190e+04	3.38340e+08	2.22375e+00	4.06774e+00	2.81438e-03
1.04402e+04	3.38351e+08	4.17075e-01	1.69231e+00	-9.46316e-03
1.96472e+04	3.38370e+08	7.67876e-01	1.52802e+00	4.87749e-03
1.09365e+04	3.38381e+08	1.03271e+00	4.06534e+00	3.68186e-03
1.09171e+04	3.38392e+08	1.18617e+00	5.32500e+00	-4.17575e-03
2.18443e+04	3.38414e+08	2.32219e+00	4.39407e+00	-5.52514e-03
2.46970e+04	3.38439e+08	1.11036e+00	7.59577e-01	5.61276e-03
3.41097e+04	3.38473e+08	3.71723e-01	6.21889e+00	4.06509e-03
2.48117e+05	3.38721e+08	2.90318e+00	3.00448e+00	-9.45663e-03
2.35442e+04	3.38745e+08	1.22003e+00	3.31067e+00	7.42390e-03
1.05704e+04	3.38755e+08	1.58864e+00	1.12188e+00	-2.03200e-03
2.47273e+04	3.38780e+08	1.25927e+00	2.55148e+00	4.08320e-03
1.62251e+04	3.38796e+08	1.85058e+00	4.35973e+00	6.20122e-03
4.77162e+04	3.38844e+08	3.19592e+00	2.22860e+00	-3.53428e-03
1.10063e+04	3.38855e+08	1.81930e+00	3.00934e+00	-2.10002e-03
3.07191e+04	3.38886e+08	9.62078e-01	5.77920e+00	7.90933e-03
1.63786e+04	3.38902e+08	8.64858e-01	2.77084e+00	-9.47075e-03
9.11237e+04	3.38993e+08	7.58384e-01	4.98573e+00	4.91036e-03
9.89859e+04	3.39092e+08	1.45068e+00	2.42283e+00	-7.46350e-03
2.57834e+04	3.39118e+08	1.02478e+00	5.30304e+00	-3.80774e-03
2.14585e+04	3.39139e+08	1.38026e+00	4.54990e+00	5.52198e-04
1.48945e+04	3.39154e+08	3.21667e+00	2.70686e+00	4.28974e-03
2.56183e+04	3.39180e+08	1.28663e+00	5.45319e+00	-8.98027e-03
1.12683e+04	3.39191e+08	9.13959e-01	6.18954e+00	-2.31427e-03
1.30983e+04	3.39204e+08	4.67859e-01	4.10714e-01	-1.84876e-03
1.19840e+04	3.39216e+08	7.54572e-01	4.42533e+00	-5.67687e-03
1.32519e+04	3.39229e+08	3.52157e+00	1.23003e+00	-9.51221e-04
1.25290e+04	3.39242e+08	8.26928e-01	1.91503e+00	-5.81847e-03
2.09904e+04	3.39263e+08	1.46272e+00	1.23185e+00	7.50900e-04
1.57755e+04	3.39279e+08	2.39711e+00	2.52656e+00	-1.43540e-03
1.30044e+05	3.39409e+08	3.27214e-01	1.00342e+00	6.22773e-03
9.41778e+04	3.39503e+08	5.06405e-01	5.67498e+00	7.82768e-03
2.06664e+04	3.39524e+08	3.68690e+00	2.54219e+00	-9.21941e-04
2.03693e+04	3.39544e+08	8.98377e-02	5.95692e+00	9.60016e-03
1.23697e+04	3.39556e+08	3.29753e+00	2.77843e+00	9.78887e-03
7.07868e+04	3.39627e+08	6.91656e-01	4.79627e+00	-3.12240e-03
2.64849e+05	3.39892e+08	1.31010e+00	3.83935e+00	3.14755e-03
3.70701e+04	3.39929e+08	1.46612e+00	2.19379e+00	6.91942e-03
1.45966e+04	3.39944e+08	1.23645e+00	3.84503e+00	2.39497e-03
2.95239e+04	3.39973e+08	3.95539e+00	3.12060e+00	-7.15039e-03
3.68197e+04	3.40010e+08	3.46773e+00	4.42644e+00	4.21393e-03
2.32766e+06	3.42338e+08	3.20966e+00	1.57302e+00	3.54272e-04
1.04198e+05	3.42442e+08	1.10443e+00	4.25304e+00	3.51598e-03
2.27307e+04	3.42465e+08	3.11992e+00	7.01748e-02	9.13516e-03
1.10441e+04	3.42476e+08	1.43506e+00	5.39378e+00	-5.59403e-03
1.15982e+04	3.42487e+08	3.67133e+00	4.60576e+00	-5.98329e-03
2.79305e+04	3.42515e+08	1.50630e+00	1.57673e+00	3.12357e-03
1.08185e+04	3.42526e+08	9.04033e-01	2.79259e+00	-3.19045e-03
1.37101e+05	3.42663e+08	9.55712e-01	6.24405e+00	6.93623e-03
4.11318e+04	3.42704e+08	1.63842e+00	2.06795e+00	-2.61956e-03
1.06815e+04	3.42715e+08	3.55048e+00	9.76300e-01	-1.31080e-03
1.25831e+05	3.42841e+08	5.76484e-01	4.83776e+00	-2.43335e-03
9.22272e+05	3.43763e+08	7.27646e-01	3.86201e+00	2.92819e-03
3.88492e+04	3.43802e+08	1.49168e-01	1.71624e+00	2.62905e-04
1.39219e+04	3.43816e+08	5.98636e-01	3.21807e+00	-3.90095e-03
2.12622e+04	3.43837e+08	1.52595e+00	2.20648e+00	-9.22595e-03
2.43338e+04	3.43861e+08	1.31321e+00	2.33990e+00	8.20928e-03
1.38809e+04	3.43875e+08	2.44239e+00	2.18340e+00	-4.50728e-03
6.33030e+04	3.43938e+08	1.78826e+00	5.18037e+00	1.93736e-03
5.34569e+04	3.43992e+08	1.94046e+00	2.70581e+00	-9.70571e-03
1.38233e+04	3.44006e+08	6.90783e-01	2.11322e+00	-6.99598e-03
1.10282e+04	3.44017e+08	1.44437e+00	3.12214e+00	-1.52262e-03
2.20268e+04	3.44039e+08	4.63270e-01	4.84737e+00	1.05789e-03
2.80496e+04	3.44067e+08	1.71622e+00	4.05925e+00	-1.06294e-03
9.77036e+04	3.44165e+08	1.70568e+00	5.82254e+00	8.32277e-03
2.46247e+04	3.44189e+08	1.70382e+00	3.27503e+00	1.30984e-03
1.07449e+04	3.44200e+08	3.66079e-01	9.08684e-01	1.12592e-03
4.41615e+04	3.44244e+08	1.12627e+00	4.66260e+00	3.54836e-03
1.34681e+04	3.44258e+08	7.59912e-01	1.61908e-01	7.26312e-03
5.47573e+04	3.44312e+08	5.34076e-01	3.34922e+00	-2.21556e-03
3.02225e+05	3.44615e+08	1.99808e+00	3.46945e+00	-5.90077e-03
1.23913e+04	3.44627e+08	5.63471e-01	5.34142e+00	-8.02640e-03
9.65092e+04	3.44723e+08	3.06938e+00	6.27460e-01	-1.43863e-03
1.06243e+04	3.44734e+08	1.69385e+00	6.14103e+00	3.84992e-03
1.19488e+05	3.44854e+08	9.41105e-01	2.29799e+00	3.22455e-03
2.35024e+04	3.44877e+08	4.30147e-01	5.57484e+00	-9.68467e-03
1.34350e+04	3.44891e+08	2.81977e+00	5.30244e+00	1.94530e-03
1.10457e+04	3.44902e+08	4.01214e-01	5.53145e+00	9.27910e-03
1.23970e+04	3.44914e+08	2.73195e+00	2.86688e+00	-6.68325e-03
1.44024e+05	3.45058e+08	7.70004e-01	4.44071e+00	2.50645e-03
1.22882e+04	3.45070e+08	2.59599e+00	2.74910e+00	-4.07010e-03
1.87130e+04	3.45089e+08	7.95738e-01	4.63306e+00	8.28444e-03
1.29748e+04	3.45102e+08	3.41425e-01	4.71550e+00	3.73440e-03
1.10020e+04	3.45113e+08	1.19358e+00	2.31358e+00	2.63699e-04
1.21603e+04	3.45125e+08	4.74699e-01	1.03294e+00	8.41620e-03
4.26275e+04	3.45168e+08	1.53135e+00	5.28963e-01	-8.95957e-03
1.36552e+06	3.46533e+08	1.83963e+00	4.65043e+00	-2.14742e-03
2.11156e+04	3.46554e+08	8.89515e-01	1.84583e+00	4.41437e-03
1.37063e+04	3.46568e+08	1.79251e+00	4.41385e-03	9.58523e-03
1.54886e+04	3.46584e+08	3.14948e+00	3.09934e-01	2.87149e-03
1.99052e+04	3.46603e+08	1.76271e+00	2.08588e+00	-3.32021e-03
3.58607e+04	3.46639e+08	1.22273e+00	4.65633e+00	1.70153e-03
2.29888e+04	3.46662e+08	2.31559e+00	2.55269e+00	5.06833e-03
2.08541e+06	3.48748e+08	8.29644e-01	1.81580e-01	-2.54327e-03
5.48265e+04	3.48803e+08	2.63771e+00	4.70882e+00	-1.35762e-03
1.00268e+04	3.48813e+08	3.93804e+00	3.18162e+00	7.69861e-03
3.19075e+04	3.48844e+08	3.47196e+00	5.57495e+00	1.05720e-03
1.58377e+04	3.48860e+08	6.83750e-01	5.19046e+00	-8.59569e-03
1.25200e+04	3.48873e+08	2.20716e+00	6.19043e+00	-3.68448e-03
8.52377e+04	3.48958e+08	5.09423e-01	3.37065e+00	5.36049e-03
8.31017e+04	3.49041e+08	1.77941e+00	4.43131e+00	-4.90163e-03
2.39523e+04	3.49065e+08	2.67834e+00	3.10436e+00	8.59553e-03
1.00658e+04	3.49075e+08	1.17511e+00	1.85594e+00	-5.41450e-03
1.45765e+04	3.49090e+08	1.98447e+00	2.43546e+00	9.96581e-03
2.41991e+04	3.49114e+08	1.11750e+00	3.56405e+00	4.39986e-04
1.07730e+04	3.49125e+08	5.85564e-01	4.20017e+00	1.58933e-03
4.34491e+04	3.49168e+08	2.86118e-01	2.33158e-01	-8.79277e-03
1.42539e+04	3.49182e+08	2.76611e+00	5.92078e+00	6.53495e-03
2.73026e+04	3.49210e+08	3.04551e+00	7.51587e-01	-8.47688e-03
1.25944e+04	3.49222e+08	1.61791e+00	4.01300e+00	2.53017e-03
4.20981e+04	3.49264e+08	1.45130e+00	5.88721e+00	-9.52716e-03
3.81792e+04	3.49303e+08	2.28253e-01	3.64159e-01	2.35882e-03
3.47748e+05	3.49650e+08	6.32517e-01	2.99892e-01	8.77622e-03
1.98000e+04	3.49670e+08	2.89179e-01	2.74561e+00	8.76753e-03
1.29715e+04	3.49683e+08	1.50918e+00	6.26159e+00	-7.31385e-03
1.46887e+04	3.49698e+08	1.99617e+00	2.83160e+00	-3.20972e-03
4.02622e+05	3.50100e+08	6.04674e-02	3.59502e+00	8.42588e-03
1.04006e+04	3.50111e+08	9.36759e-01	8.47849e-01	-3.05266e-03
2.25290e+05	3.50336e+08	6.64451e-01	1.12295e+00	3.24756e-03
9.54952e+04	3.50432e+08	1.48490e+00	9.32707e-01	9.68848e-03
3.09364e+04	3.50463e+08	6.05036e-01	4.27231e+00	6.44591e-03
1.02626e+04	3.50473e+08	4.64703e-01	1.96197e+00	7.27568e-03
2.51068e+04	3.50498e+08	2.20228e+00	9.53518e-01	-4.23704e-03
2.53741e+04	3.50523e+08	3.39740e-01	1.75005e+00	4.11802e-03
3.78895e+04	3.50561e+08	3.54865e-01	4.38481e+00	-9.56862e-03
2.44856e+04	3.50586e+08	3.89501e-01	6.07049e+00	-4.07231e-03
3.65032e+04	3.50622e+08	1.77521e+00	5.62716e+00	4.17026e-03
3.90345e+04	3.50661e+08	1.48298e+00	1.20343e+00	-1.79771e-04
4.86401e+04	3.50710e+08	6.72882e-01	1.82478e+00	9.34084e-04
2.53120e+04	3.50735e+08	8.49021e-01	2.58085e+00	-2.98944e-03
2.49542e+05	3.50985e+08	1.79268e+00	2.70505e+00	6.92285e-03
1.19440e+04	3.50997e+08	1.55244e+00	1.12466e+00	2.54401e-03
2.11294e+04	3.51018e+08	2.77106e+00	9.17163e-01	-1.26913e-03
2.30900e+04	3.51041e+08	1.66973e+00	5.35694e+00	5.52415e-03
8.31303e+04	3.51124e+08	2.67192e-01	6.11603e+00	1.03677e-03
2.39156e+04	3.51148e+08	5.48368e-01	5.47967e+00	-7.64309e-03
2.31082e+04	3.51171e+08	1.83534e+00	2.28607e+00	7.99040e-03
1.27258e+04	3.51184e+08	1.08458e+00	3.01403e+00	4.46235e-03
2.92532e+05	3.51476e+08	8.55476e-01	7.81747e-01	3.66496e-03
4.53207e+04	3.51522e+08	2.33451e+00	2.73082e+00	5.24120e-03
6.94521e+04	3.51591e+08	2.50753e+00	5.77436e+00	-4.87790e-03
1.09598e+04	3.51602e+08	7.50077e-01	4.49423e-01	-8.36269e-03
1.85814e+04	3.51621e+08	9.35247e-01	1.15206e+00	7.11757e-03
1.86695e+04	3.51639e+08	1.36998e+00	5.64683e+00	-2.61067e-03
1.08622e+05	3.51748e+08	6.48376e-01	6.22314e+00	3.68133e-03
1.14221e+04	3.51759e+08	3.42922e-01	2.53487e+00	9.98101e-04
1.43605e+04	3.51774e+08	4.28033e-01	2.24048e+00	9.28027e-03
5.58605e+05	3.52332e+08	1.44301e+00	3.39598e+00	-5.70113e-03
1.49999e+04	3.52347e+08	3.62530e-01	3.58677e+00	5.29842e-03
1.18176e+04	3.52359e+08	3.09402e+00	6.17790e+00	-7.59199e-03
2.66748e+04	3.52386e+08	1.69483e+00	1.52626e-01	-7.95834e-03
1.69565e+05	3.52555e+08	7.52759e-01	2.98228e+00	-8.62473e-03
2.28890e+04	3.52578e+08	5.22249e-01	2.97384e+00	7.98325e-03
1.91669e+04	3.52597e+08	9.52151e-01	4.04273e+00	8.20305e-03
7.37713e+05	3.53335e+08	2.53460e+00	5.07404e-01	6.56079e-03
1.64793e+04	3.53352e+08	1.67285e+00	3.53073e+00	-3.97862e-03
1.30594e+05	3.53482e+08	1.54023e+00	4.47558e+00	2.53613e-03
1.57655e+04	3.53498e+08	1.07277e+00	2.13500e+00	4.41936e-03
7.21883e+04	3.53570e+08	1.45418e+00	4.96945e+00	8.34936e-03
1.24300e+04	3.53583e+08	2.56121e+00	2.11077e+00	-5.06569e-03
1.55668e+04	3.53598e+08	1.17499e+00	1.76391e+00	-9.12561e-03
1.26031e+04	3.53611e+08	2.61399e-01	2.41485e+00	-7.46616e-03
3.66175e+05	3.53977e+08	5.42281e-01	4.66302e+00	-7.05975e-03
4.62106e+04	3.54023e+08	9.40548e-01	8.17837e-01	-7.30368e-03
2.67661e+04	3.54050e+08	1.33018e+00	2.70951e+00	5.30719e-03
5.01538e+04	3.54100e+08	2.23709e+00	5.54864e-01	7.40416e-03
1.01228e+04	3.54110e+08	9.86863e-01	3.28226e+00	-6.57346e-03
3.46368e+04	3.54145e+08	4.42410e+00	5.36302e+00	-6.18121e-03
1.50687e+04	3.54160e+08	1.16267e+00	3.60270e+00	-1.41673e-03
1.27229e+04	3.54173e+08	1.14904e-01	1.75573e-01	6.66715e-03
4.74796e+04	3.54220e+08	3.63823e-01	5.15549e+00	9.27310e-04
1.39399e+04	3.54234e+08	2.52755e+00	5.86018e+00	-4.54377e-03
1.61025e+04	3.54250e+08	1.54268e+00	2.70850e+00	1.96485e-03
5.79576e+04	3.54308e+08	1.25739e+00	4.67955e-01	6.08175e-03
1.16931e+04	3.54320e+08	6.87475e-01	3.79002e+00	-2.61463e-03
3.09221e+04	3.54351e+08	8.92972e-01	2.65108e+00	1.07634e-03
3.99189e+04	3.54391e+08	1.54494e+00	1.73321e-01	8.20586e-03
1.15180e+05	3.54506e+08	3.02805e-01	3.38353e+00	3.03172e-03
2.31881e+04	3.54529e+08	3.60791e-01	4.27457e+00	-4.93428e-03
1.23518e+04	3.54541e+08	1.87227e+00	2.99762e+00	-5.71056e-03
2.52091e+04	3.54567e+08	1.53053e+00	1.17147e+00	-2.83547e-03
1.47478e+04	3.54581e+08	5.65620e-01	2.43523e+00	9.18611e-03
2.57510e+04	3.54607e+08	1.97946e+00	6.00852e+00	-4.28229e-03
1.97455e+04	3.54627e+08	3.19289e-01	4.14067e+00	5.00209e-04
1.71255e+05	3.54798e+08	1.04027e-01	1.89647e+00	5.77009e-03
1.29327e+04	3.54811e+08	2.48211e+00	5.53742e+00	-6.24868e-03
4.18742e+05	3.55230e+08	1.16476e+00	3.95969e+00	-9.11078e-03
7.99087e+04	3.55310e+08	8.37166e-01	5.49853e+00	2.13130e-03
1.17985e+04	3.55321e+08	2.43590e+00	4.79663e+00	6.22748e-03
4.13616e+04	3.55363e+08	1.24486e+00	4.37588e+00	2.88236e-03
4.47456e+04	3.55408e+08	2.79512e+00	7.29850e-01	9.61210e-03
2.21183e+04	3.55430e+08	2.04707e+00	1.07523e+00	9.93117e-03
2.37010e+04	3.55453e+08	8.80490e-01	5.39536e+00	4.77215e-03
6.62191e+04	3.55520e+08	5.99104e-02	5.45381e+00	-3.56810e-04
7.22777e+04	3.55592e+08	6.21728e-01	1.88772e+00	8.10194e-03
1.21759e+04	3.55604e+08	2.46177e+00	1.54213e+00	-9.69341e-03
1.38705e+04	3.55618e+08	1.48250e+00	3.85336e+00	-1.70980e-03
2.60184e+04	3.55644e+08	2.03357e+00	1.89434e+00	1.45499e-03
1.06686e+04	3.55655e+08	1.58465e+00	4.68876e+00	9.24180e-03
3.04264e+04	3.55685e+08	4.31922e-01	1.19319e+00	-4.70559e-03
3.43889e+04	3.55719e+08	1.55728e+00	5.02928e+00	5.29695e-04
7.29161e+04	3.55792e+08	1.92088e+00	5.34858e-01	-7.28154e-03
2.22090e+04	3.55815e+08	3.14866e+00	2.74701e+00	4.13995e-03
2.95907e+04	3.55844e+08	1.78416e+00	1.00331e+00	-1.63601e-03
3.66662e+04	3.55881e+08	1.40120e+00	5.52358e+00	8.11484e-03
2.03135e+04	3.55901e+08	2.95560e+00	4.96476e+00	-7.70924e-03
2.78562e+04	3.55929e+08	6.03417e-01	5.21640e+00	-5.94214e-03
3.59691e+04	3.55965e+08	6.96029e-01	2.49702e+00	7.47299e-04
2.48542e+04	3.55990e+08	2.81075e+00	4.93831e+00	-4.60361e-03
1.49057e+04	3.56005e+08	8.94541e-01	4.09559e+00	2.39477e-03
4.98961e+04	3.56055e+08	1.80102e+00	2.61276e+00	6.21871e-04
1.19183e+04	3.56067e+08	2.25439e+00	4.86055e+00	1.67453e-03
1.88091e+04	3.56085e+08	6.26021e-01	3.65172e+00	7.13858e-03
2.23410e+05	3.56309e+08	7.69562e-01	2.43285e+00	-7.28611e-03
4.87106e+04	3.56357e+08	2.37830e+00	5.28477e+00	6.95110e-03
1.45713e+04	3.56372e+08	5.66056e-01	4.95986e+00	-7.07992e-03
1.57539e+04	3.56388e+08	1.14100e+00	1.25565e-01	7.29222e-04
1.56572e+05	3.56544e+08	1.48244e+00	3.71788e+00	4.94257e-03
1.08493e+04	3.56555e+08	1.45047e+00	2.20595e+00	3.08877e-03
1.31026e+04	3.56568e+08	1.41054e+00	5.46155e+00	-1.22767e-03
3.94120e+04	3.56608e+08	2.22162e-01	5.66191e+00	-8.20946e-03
5.77027e+05	3.57185e+08	1.17485e+00	2.42571e+00	-6.72327e-03
1.33070e+04	3.57198e+08	3.33302e-01	5.29563e-01	6.13028e-03
1.08180e+04	3.57209e+08	1.10203e+00	1.95854e+00	-8.45369e-03
3.06121e+04	3.57239e+08	2.33186e+00	4.47167e+00	2.27730e-03
6.66686e+04	3.57306e+08	2.73193e+00	1.45243e+00	6.61769e-03
1.09474e+04	3.57317e+08	3.51289e+00	6.95075e-01	4.55016e-03
4.14784e+04	3.57359e+08	1.34482e+00	3.17455e+00	4.74093e-03
1.18580e+04	3.57370e+08	3.69169e+00	5.73259e+00	6.12247e-03
1.74735e+04	3.57388e+08	2.75230e-01	5.45907e+00	-2.72158e-03
2.13113e+04	3.57409e+08	1.37262e+00	5.34487e+00	5.15772e-03
3.07200e+05	3.57716e+08	3.64458e-01	5.39806e+00	1.05425e-03
1.80010e+04	3.57734e+08	1.44090e-01	1.78828e+00	-8.90585e-03
1.78300e+04	3.57752e+08	1.98713e+00	3.10551e+00	-6.27750e-04
3.45747e+04	3.57787e+08	4.01442e+00	4.78280e+00	6.93460e-03
1.14510e+04	3.57798e+08	1.24871e-01	4.77041e-01	-7.67023e-03
7.96599e+04	3.57878e+08	3.16673e-01	5.09461e+00	8.79607e-03
2.04760e+04	3.57898e+08	3.07547e+00	2.65768e+00	-3.04963e-03
1.59838e+04	3.57914e+08	1.51192e+00	1.80646e+00	5.14654e-03
6.62742e+04	3.57981e+08	2.33359e+00	5.80468e+00	6.17240e-03
1.28382e+04	3.57993e+08	3.17745e+00	3.96554e+00	3.39015e-04
4.05750e+04	3.58034e+08	2.12640e+00	3.99832e+00	4.49087e-03
2.32115e+04	3.58057e+08	1.91287e+00	6.08564e+00	-7.22673e-03
1.24086e+05	3.58181e+08	3.11793e+00	1.58993e+00	4.00667e-03
1.64259e+04	3.58198e+08	1.38016e+00	3.67435e+00	4.05463e-03
1.10169e+04	3.58209e+08	2.89487e+00	3.82643e+00	-4.29259e-03
1.18346e+04	3.58221e+08	1.29041e+00	5.72332e+00	1.24788e-03
2.57862e+04	3.58246e+08	2.10177e+00	4.41220e+00	-6.35906e-03
1.14392e+04	3.58258e+08	1.58631e+00	5.49134e+00	-4.51715e-03
1.82328e+04	3.58276e+08	6.90208e-01	3.77556e+00	7.15429e-03
1.08253e+04	3.58287e+08	1.15474e+00	2.91483e+00	3.89324e-04
9.34037e+04	3.58380e+08	1.45588e+00	2.67757e+00	9.34101e-03
3.67044e+04	3.58417e+08	1.33418e+00	2.02493e+00	7.39183e-03
1.33948e+04	3.58430e+08	1.61633e+00	4.20444e+00	3.56031e-03
1.57113e+05	3.58588e+08	2.73039e+00	3.14262e+00	9.66036e-03
1.01878e+04	3.58598e+08	1.56198e+00	4.67271e-01	5.11155e-05
1.69224e+04	3.58615e+08	1.74442e+00	5.49129e+00	2.53873e-03
2.33849e+04	3.58638e+08	2.81911e+00	2.06438e+00	6.84803e-03
3.34238e+04	3.58671e+08	5.68972e-01	3.53439e+00	1.36392e-03
4.04324e+04	3.58712e+08	1.21181e+00	2.32558e+00	-4.73295e-04
2.66172e+05	3.58978e+08	1.57351e+00	2.55939e+00	-3.84343e-03
4.03304e+04	3.59018e+08	6.50118e-01	1.79450e+00	-6.45635e-03
1.22419e+05	3.59141e+08	1.03149e+00	4.77569e+00	4.62958e-03
3.41189e+04	3.59175e+08	2.38403e+00	3.69574e+00	-8.96779e-04
5.31596e+04	3.59228e+08	1.41546e+00	4.52559e+00	-4.29029e-03
1.63812e+04	3.59244e+08	2.23260e+00	3.44748e+00	7.06830e-03
1.96679e+05	3.59441e+08	1.46349e+00	2.94626e+00	-7.75155e-03
1.49191e+04	3.59456e+08	1.41224e+00	5.58386e+00	9.62547e-03
2.54383e+04	3.59482e+08	1.55476e+00	5.99694e+00	-7.59230e-03
2.62382e+04	3.59508e+08	3.72200e-01	9.45122e-01	7.15449e-04
2.10185e+04	3.59529e+08	9.47874e-01	5.70095e-01	-3.82061e-03
3.91518e+04	3.59568e+08	2.95010e+00	2.40685e+00	6.86103e-03
3.87006e+04	3.59607e+08	9.42080e-01	3.06003e+00	-6.74930e-03
3.43082e+04	3.59641e+08	6.60933e-01	1.19538e+00	2.19318e-03
2.35115e+04	3.59664e+08	9.21986e-01	2.16238e+00	-5.40180e-03
1.70458e+04	3.59681e+08	2.33818e+00	6.18909e+00	6.37670e-03
1.66567e+04	3.59698e+08	1.95916e-01	4.51447e+00	9.59493e-03
2.17283e+05	3.59915e+08	3.28346e+00	4.46292e+00	8.25261e-04
3.31555e+04	3.59949e+08	1.77251e+00	5.37702e+00	4.21302e-03
1.64297e+05	3.60113e+08	2.28917e-01	1.11448e-02	-6.60259e-03
3.23729e+04	3.60145e+08	1.24359e+00	1.60802e+00	-2.54007e-03
2.13105e+04	3.60167e+08	4.99490e-01	1.78906e+00	-1.29374e-03
1.47072e+04	3.60181e+08	2.81505e+00	3.49632e+00	-3.49818e-03
1.23272e+05	3.60305e+08	2.30168e+00	1.64289e+00	-7.32798e-04
1.21257e+05	3.60426e+08	3.88278e-01	4.23223e-01	-3.40196e-03
1.21290e+04	3.60438e+08	6.52761e-01	4.93804e+00	4.32965e-03
2.03501e+04	3.60458e+08	1.67936e+00	5.79766e+00	-8.42486e-04
2.10184e+04	3.60479e+08	6.27368e-01	3.29758e+00	-9.40238e-03
1.50189e+04	3.60494e+08	1.83110e+00	1.06457e+00	9.91523e-03
1.08768e+04	3.60505e+08	5.04816e-01	2.43612e+00	-6.05746e-03
1.09038e+04	3.60516e+08	5.76749e-01	6.09975e+00	-9.62738e-04
2.33739e+04	3.60539e+08	9.06997e-01	2.75629e+00	-7.41671e-03
2.06114e+04	3.60560e+08	1.68097e+00	6.24753e+00	6.70821e-03
1.30533e+04	3.60573e+08	7.49551e-01	3.52555e+00	-4.05522e-03
1.89629e+06	3.62469e+08	3.45974e+00	3.96352e+00	-6.15561e-03
1.81165e+04	3.62488e+08	1.11879e+00	1.55339e-01	-1.11810e-03
2.89750e+04	3.62517e+08	1.23429e+00	4.88413e+00	-6.97936e-03
1.06955e+04	3.62527e+08	6.51233e-01	4.22826e+00	-4.58033e-03
2.48289e+04	3.62552e+08	8.84683e-01	4.66893e+00	-9.40927e-03
1.34038e+04	3.62565e+08	2.16558e+00	3.91052e+00	8.08354e-03
1.02557e+04	3.62576e+08	1.40454e+00	4.33046e+00	-6.32332e-03
2.59140e+04	3.62602e+08	8.70469e-01	4.85637e+00	-8.51294e-03
1.83048e+04	3.62620e+08	2.98344e+00	4.96487e+00	1.46271e-03
1.39571e+04	3.62634e+08	1.54712e+00	2.82917e+00	2.51643e-03
2.32730e+04	3.62657e+08	8.56910e-01	4.47666e+00	-9.34078e-03
2.41424e+04	3.62681e+08	2.29019e+00	1.96518e+00	-9.76025e-03
1.27278e+05	3.62809e+08	1.00105e+00	5.28377e+00	3.94484e-03
1.57817e+04	3.62824e+08	1.49140e+00	2.34314e+00	-8.75663e-03
3.57006e+05	3.63181e+08	1.41425e+00	5.88192e+00	-5.12073e-04
7.20121e+04	3.63253e+08	1.85860e+00	5.43884e+00	-3.33298e-03
1.60755e+04	3.63269e+08	3.29083e+00	3.12893e-01	-4.58577e-03
3.37568e+04	3.63303e+08	1.17032e+00	2.86421e+00	9.41984e-03
1.02836e+04	3.63313e+08	4.05781e-01	5.12921e+00	-2.82015e-03
1.83442e+05	3.63497e+08	1.12150e+00	6.24232e+00	4.14331e-03
1.98850e+04	3.63517e+08	2.20468e+00	1.66041e+00	-7.79429e-03
1.08454e+04	3.63528e+08	1.49087e+00	9.13844e-02	-1.85721e-03
3.62929e+04	3.63564e+08	1.39260e+00	8.85814e-01	8.10489e-03
1.92557e+04	3.63583e+08	2.63195e+00	1.33636e-01	-7.96809e-03
2.79096e+04	3.63611e+08	1.86686e+00	5.76167e+00	-8.62800e-03
1.19919e+04	3.63623e+08	4.48161e-01	2.06005e+00	-8.11433e-03
3.18764e+04	3.63655e+08	1.95745e+00	4.32512e+00	4.74801e-03
1.15546e+05	3.63771e+08	1.47989e+00	3.81016e+00	6.46304e-03
2.14212e+05	3.63985e+08	1.86154e+00	3.36085e+00	3.41802e-04
5.69453e+04	3.64042e+08	1.62009e+00	2.60458e+00	5.84769e-03
2.17382e+05	3.64259e+08	7.72642e-01	7.97267e-01	8.28585e-03
1.13847e+04	3.64270e+08	9.00462e-01	2.10261e+00	1.19144e-03
9.01919e+04	3.64361e+08	8.86512e-01	1.58145e+00	3.06530e-03
1.52175e+04	3.64376e+08	6.74998e-01	2.18908e+00	-8.02353e-03
4.40601e+04	3.64420e+08	1.02217e-01	6.06914e+00	-2.86730e-03
1.26969e+05	3.64547e+08	6.76976e-01	4.39141e+00	6.67812e-04
5.62183e+04	3.64603e+08	9.24564e-01	5.41645e+00	-5.90338e-05
1.33979e+05	3.64737e+08	2.09309e+00	1.36490e+00	-6.17844e-03
1.41733e+04	3.64751e+08	3.58621e-01	5.68791e+00	-4.20629e-03
1.14166e+04	3.64763e+08	1.50451e+00	2.86667e+00	9.53803e-03
9.04133e+04	3.64853e+08	2.18586e+00	2.05881e+00	-5.91445e-04
1.95123e+04	3.64873e+08	1.54523e+00	1.63423e+00	-1.53308e-03
1.77576e+04	3.64890e+08	1.09356e+00	4.02098e+00	-3.90502e-03
1.00632e+04	3.64900e+08	1.56651e+00	6.23002e+00	-8.26826e-03
1.11358e+04	3.64912e+08	1.80063e-01	1.00417e+00	-2.56384e-03
1.68264e+04	3.64928e+08	2.24373e+00	4.56761e-01	-3.94082e-03
1.38447e+04	3.64942e+08	5.70078e-01	2.62383e+00	-8.77102e-03
1.36243e+05	3.65078e+08	3.83521e+00	3.76727e+00	-7.11797e-03
1.44694e+06	3.66525e+08	2.43540e-01	1.78967e+00	-7.27394e-03
2.70632e+04	3.66552e+08	2.22970e+00	5.03442e+00	8.61137e-03
1.55319e+04	3.66568e+08	1.54335e+00	5.33212e+00	-9.21061e-03
1.23037e+04	3.66580e+08	5.64313e-01	4.18741e+00	-3.70875e-03
5.40175e+04	3.66634e+08	7.87458e-01	5.22709e+00	7.70018e-03
3.50662e+04	3.66669e+08	7.72155e-01	2.46593e+00	-4.89022e-03
2.78094e+04	3.66697e+08	2.17699e+00	3.39524e-02	-8.19737e-03
1.29033e+04	3.66710e+08	4.74435e-01	2.30031e+00	-2.13209e-03
2.84704e+04	3.66739e+08	1.39310e+00	6.15761e-01	-8.45971e-03
3.55963e+04	3.66774e+08	5.28769e-01	3.94084e+00	2.60235e-03
2.60364e+04	3.66800e+08	1.84020e+00	2.90511e+00	2.61949e-03
1.12309e+04	3.66811e+08	1.38514e+00	5.83736e+00	6.06639e-03
3.64438e+04	3.66848e+08	1.43009e+00	2.54549e+00	-2.31151e-03
1.71416e+05	3.67019e+08	4.20537e-01	6.08618e+00	-7.80278e-03
1.39417e+04	3.67033e+08	2.15700e+00	5.39584e+00	-4.55169e-03
1.18732e+04	3.67045e+08	7.02531e-01	3.44429e+00	-3.67127e-03
1.38719e+05	3.67184e+08	1.48609e+00	1.10204e+00	1.76372e-03
1.12281e+04	3.67195e+08	1.53846e-01	1.82942e+00	-6.18975e-03
1.93222e+04	3.67214e+08	9.82771e-01	1.97089e+00	2.46185e-03
5.60907e+04	3.67270e+08	4.24740e-01	6.18926e+00	4.43918e-03
1.80591e+04	3.67289e+08	5.48948e-01	1.10118e-01	5.38072e-03
4.04627e+04	3.67329e+08	1.13606e+00	9.42458e-01	1.56574e-03
3.46307e+04	3.67364e+08	2.60924e+00	5.65557e+00	9.62844e-03
2.42912e+04	3.67388e+08	1.33391e+00	7.29183e-01	7.89932e-03
1.50929e+04	3.67403e+08	9.54647e-01	1.22595e+00	-1.31642e-03
1.47849e+04	3.67418e+08	3.66541e-01	4.70496e+00	-4.11606e-03
1.71729e+04	3.67435e+08	1.19884e+00	1.61529e-01	-9.36931e-03
2.48825e+04	3.67460e+08	1.04545e+00	2.49712e+00	9.79745e-03
5.08472e+04	3.67511e+08	1.22767e+00	1.63277e+00	7.68409e-03
1.57785e+04	3.67526e+08	2.34066e+00	5.56353e+00	2.76851e-03
2.20782e+05	3.67747e+08	1.10952e+00	6.08485e+00	1.58782e-03
1.19667e+04	3.67759e+08	2.91037e+00	1.32218e+00	2.03191e-03
1.66782e+04	3.67776e+08	2.35926e+00	7.43469e-01	6.40324e-03
1.62711e+04	3.67792e+08	2.86686e+00	2.18643e+00	9.12165e-03
1.15459e+04	3.67804e+08	4.85526e-01	2.17004e-02	4.61769e-03
1.43818e+05	3.67948e+08	1.74757e+00	9.42077e-01	8.08265e-03
1.88283e+04	3.67966e+08	4.55654e-01	5.17452e+00	9.11016e-03
1.31341e+05	3.68098e+08	1.25772e+00	4.20120e+00	2.41290e-03
4.19579e+04	3.68140e+08	4.87085e-01	4.42313e-02	9.87689e-03
1.10678e+04	3.68151e+08	1.26731e+00	5.19572e+00	-6.13888e-04
1.39350e+05	3.68290e+08	1.08073e+00	4.02123e+00	8.06005e-03
9.96026e+04	3.68390e+08	3.02731e+00	1.11803e+00	5.28669e-03
3.10289e+04	3.68421e+08	7.67901e-01	2.06967e+00	-7.91696e-03
1.23973e+04	3.68433e+08	1.19724e+00	1.10138e+00	-1.87297e-03
1.62258e+04	3.68449e+08	1.58125e+00	2.35591e+00	-5.43391e-03
1.81590e+04	3.68468e+08	8.25873e-01	3.87925e+00	5.59070e-03
1.51242e+04	3.68483e+08	3.03364e+00	2.49067e+00	-2.23116e-05
1.61084e+05	3.68644e+08	5.69876e-01	5.68726e+00	-9.46841e-04
1.47458e+04	3.68658e+08	1.51127e+00	3.95227e+00	3.57873e-03
3.73395e+04	3.68696e+08	2.04948e+00	4.91762e+00	-2.62809e-03
5.38803e+04	3.68750e+08	1.65445e+00	9.89311e-01	-6.96013e-03
3.47378e+04	3.68784e+08	1.14954e+00	1.50298e+00	-2.06214e-03
1.40293e+05	3.68925e+08	4.82950e-01	2.96336e-01	5.04243e-03
1.52867e+05	3.69078e+08	5.35673e-01	2.74731e+00	-3.82713e-04
6.04920e+04	3.69138e+08	1.28184e+00	6.16179e+00	-6.65613e-03
1.31648e+04	3.69151e+08	2.10620e+00	4.06205e+00	8.44717e-03
7.23258e+04	3.69224e+08	1.86434e+00	3.11849e+00	-3.94114e-03
1.28682e+04	3.69236e+08	1.86808e+00	1.54108e+00	7.05671e-03
1.15247e+04	3.69248e+08	1.19661e-01	3.56231e+00	6.04828e-03
1.10305e+04	3.69259e+08	1.79496e+00	3.11940e+00	9.11011e-03
1.83442e+04	3.69277e+08	3.04202e+00	6.18046e+00	-4.35893e-03
9.79214e+04	3.69375e+08	5.45937e-01	3.77650e-01	8.34166e-03
2.23723e+04	3.69398e+08	1.45728e+00	4.57985e-01	-6.15343e-03
1.04649e+04	3.69408e+08	1.80544e+00	1.09532e+00	1.69626e-03
1.16816e+04	3.69420e+08	2.35617e+00	3.78297e+00	3.42274e-03
1.88300e+04	3.69439e+08	1.21250e+00	5.73317e+00	9.65709e-03
2.89167e+04	3.69468e+08	2.43130e+00	2.35832e+00	-5.68075e-03
9.36088e+04	3.69561e+08	1.81781e+00	1.00251e-01	9.02942e-03
1.79043e+04	3.69579e+08	8.99020e-01	6.01636e+00	-6.59875e-03
1.00463e+06	3.70584e+08	2.26171e+00	2.17486e+00	-4.00697e-03
1.67961e+04	3.70600e+08	1.02564e+00	5.77871e-01	8.03118e-03
6.47537e+04	3.70665e+08	6.06853e-02	3.25632e+00	-4.51031e-03
3.28114e+04	3.70698e+08	6.17884e-01	3.25919e+00	-9.66833e-03
4.31289e+05	3.71129e+08	3.86703e+00	2.58761e+00	-7.67876e-03
1.31069e+04	3.71142e+08	2.59908e+00	3.97084e+00	7.67960e-03
3.83054e+04	3.71181e+08	8.07060e-01	1.04280e+00	-1.81848e-03
1.64130e+04	3.71197e+08	3.14867e-01	3.03027e+00	8.72226e-03
1.66485e+04	3.71214e+08	1.37961e+00	2.90592e+00	-8.61286e-03
1.35684e+04	3.71227e+08	2.95395e+00	6.45518e-02	-6.45716e-03
3.96915e+04	3.71267e+08	2.29686e+00	3.69343e+00	-9.55359e-03
1.35857e+04	3.71281e+08	1.22071e-01	7.98701e-02	9.69511e-03
1.17889e+04	3.71292e+08	7.97052e-01	2.62925e+00	2.24879e-05
1.07512e+04	3.71303e+08	3.23835e+00	3.31403e-01	-3.93676e-03
2.26410e+06	3.73567e+08	4.37197e+00	6.03288e+00	2.23102e-03
2.56744e+05	3.73824e+08	2.28967e+00	4.97864e+00	-1.30707e-03
2.59364e+04	3.73850e+08	1.61207e+00	2.77934e+00	-5.42380e-03
1.25193e+04	3.73862e+08	3.02479e+00	1.93499e+00	8.57818e-03
1.06006e+04	3.73873e+08	4.02733e-01	3.64793e-01	-1.82527e-03
3.86815e+04	3.73912e+08	1.59965e+00	2.85050e+00	-3.37431e-04
1.00394e+05	3.74012e+08	9.02032e-01	4.82411e+00	8.18385e-03
1.83859e+04	3.74031e+08	1.64593e+00	1.64340e+00	-8.25705e-03
1.56700e+04	3.74046e+08	2.65017e+00	3.35854e+00	-8.27069e-03
5.22646e+04	3.74098e+08	2.42174e-01	5.18627e+00	7.98023e-03
4.29832e+04	3.74141e+08	1.09452e+00	8.68078e-01	2.29730e-03
1.50768e+04	3.74157e+08	2.77501e-01	3.98441e-01	-9.04611e-03
1.82710e+04	3.74175e+08	8.95761e-01	6.11909e+00	-3.90148e-03
1.22186e+04	3.74187e+08	4.52313e-01	3.62505e+00	8.91055e-03
2.08749e+04	3.74208e+08	1.68871e+00	4.05387e+00	8.15307e-03
1.27527e+04	3.74221e+08	1.45669e+00	3.54148e+00	-3.05269e-03
1.08457e+05	3.74329e+08	1.95569e+00	2.31482e+00	-2.08700e-03
8.12115e+04	3.74410e+08	1.69384e+00	3.27514e+00	-4.95689e-03
2.90190e+04	3.74439e+08	2.99014e+00	1.90985e+00	-1.14320e-03
1.44244e+04	3.74454e+08	1.02155e+00	2.30543e+00	-2.74158e-03
1.84982e+04	3.74472e+08	9.30082e-01	4.77533e+00	-5.46325e-03
4.66358e+04	3.74519e+08	1.04568e+00	5.31524e+00	3.46489e-03
1.01408e+04	3.74529e+08	2.13971e+00	9.64257e-01	-7.70999e-03
1.36053e+04	3.74543e+08	1.70893e+00	4.49061e+00	-5.21570e-03
1.02665e+04	3.74553e+08	8.58440e-01	3.33622e+00	1.12917e-03
2.57228e+05	3.74810e+08	3.23990e+00	5.54163e+00	7.74324e-03
1.33090e+04	3.74823e+08	1.27244e+00	9.16307e-01	-7.04400e-03
3.78023e+04	3.74861e+08	2.68849e+00	3.72615e+00	-7.84674e-03
1.13275e+04	3.74873e+08	5.50841e-01	2.33278e+00	-7.34963e-03
1.13693e+04	3.74884e+08	4.26529e-01	9.52949e-01	6.74861e-04
1.14155e+04	3.74895e+08	8.85513e-01	5.46949e+00	-5.63654e-03
1.46137e+04	3.74910e+08	1.47240e+00	4.68286e-01	-4.15165e-03
2.42811e+04	3.74934e+08	3.11398e-01	5.60364e+00	-8.26686e-03
2.39582e+05	3.75174e+08	1.08476e+00	3.73333e+00	1.33316e-03
4.14595e+04	3.75215e+08	1.19201e+00	2.21822e-01	3.01108e-03
3.56958e+04	3.75251e+08	1.91245e+00	1.36103e+00	9.19736e-03
1.54067e+04	3.75266e+08	6.11123e-01	3.03061e+00	-8.47442e-03
8.34277e+04	3.75350e+08	1.54583e+00	5.93937e+00	5.98368e-03
1.85279e+04	3.75368e+08	1.10764e+00	4.71880e+00	-8.38236e-03
1.64870e+04	3.75385e+08	7.48961e-01	6.05019e-01	-6.43385e-03
1.01585e+04	3.75395e+08	3.28236e+00	4.60685e+00	-1.79834e-03
6.48916e+04	3.75460e+08	1.60905e+00	2.67726e-01	8.14519e-03
1.85837e+04	3.75478e+08	1.07303e+00	3.56751e+00	-7.65043e-03
1.12451e+04	3.75490e+08	1.55942e+00	2.60729e-01	1.47968e-03
1.62733e+04	3.75506e+08	2.48892e+00	3.69943e-01	2.83915e-03
1.46181e+04	3.75521e+08	1.37836e+00	2.64206e+00	9.59791e-03
2.22375e+04	3.75543e+08	2.14787e+00	4.42363e+00	-6.02801e-03
1.04083e+04	3.75553e+08	9.40477e-01	5.86608e+00	8.50046e-03
1.80727e+04	3.75571e+08	1.53849e+00	2.04332e-01	9.73962e-04
2.01560e+04	3.75591e+08	4.01121e-01	5.66297e+00	5.75255e-04
1.04712e+04	3.75602e+08	2.82661e+00	9.19370e-01	-3.65585e-03
2.03951e+04	3.75622e+08	1.89885e+00	2.80627e+00	-2.95995e-03
1.04154e+04	3.75633e+08	9.95036e-01	4.32792e+00	3.18755e-03
1.76258e+04	3.75650e+08	1.84055e+00	3.93995e+00	5.21885e-03
2.15351e+05	3.75866e+08	1.78790e+00	3.19587e+00	-1.86104e-03
2.38787e+04	3.75890e+08	3.94820e-01	9.76045e-01	9.65242e-03
2.47969e+04	3.75914e+08	1.28662e+00	5.98115e+00	2.23222e-03
1.84864e+04	3.75933e+08	7.04241e-01	2.74504e+00	9.53612e-03
1.39490e+04	3.75947e+08	2.20443e+00	4.74983e+00	-3.49497e-05
1.11357e+04	3.75958e+08	1.90813e+00	6.91650e-01	3.29479e-03
1.43717e+04	3.75972e+08	3.37407e+00	2.94613e+00	1.12025e-03
1.99649e+04	3.75992e+08	1.30199e+00	2.62236e+00	2.36387e-03
7.28427e+04	3.76065e+08	9.63071e-01	5.70429e+00	-8.59558e-03
1.42511e+04	3.76079e+08	2.38523e+00	1.68510e+00	8.83595e-03
1.22471e+04	3.76092e+08	1.50668e+00	4.38077e+00	4.91505e-03
2.40901e+04	3.76116e+08	1.25633e-01	3.12034e+00	3.37315e-03
6.59221e+04	3.76182e+08	2.29074e+00	2.15326e+00	8.86355e-04
1.81241e+04	3.76200e+08	8.70027e-01	4.85980e+00	9.73415e-03
2.56337e+04	3.76225e+08	2.23221e+00	5.78350e+00	4.23826e-03
1.63218e+04	3.76242e+08	6.67332e-01	4.77076e+00	-6.91500e-03
1.68695e+04	3.76259e+08	8.25613e-01	3.69205e+00	-7.25633e-03
2.05571e+04	3.76279e+08	9.21386e-01	4.52299e+00	-6.64727e-04
4.98195e+04	3.76329e+08	2.20891e+00	1.88266e-01	-3.37217e-04
1.33110e+04	3.76342e+08	1.41086e+00	1.01924e+00	3.94437e-03
1.08463e+04	3.76353e+08	2.44999e+00	5.97839e+00	6.70649e-03
2.80789e+04	3.76381e+08	5.90406e-01	9.86863e-01	2.94728e-03
3.95812e+04	3.76421e+08	1.09798e+00	4.49375e+00	-9.77558e-03
3.58525e+04	3.76457e+08	4.12555e-01	3.84308e+00	-1.95111e-03
1.24017e+04	3.76469e+08	1.14635e+00	5.18353e+00	6.47589e-03
2.33475e+04	3.76492e+08	6.44007e-01	3.76714e+00	5.00963e-03
2.36263e+04	3.76516e+08	3.45559e+00	3.52203e+00	-9.41072e-04
1.01011e+04	3.76526e+08	2.41177e+00	5.51239e+00	-3.86014e-03
2.56586e+05	3.76783e+08	9.56433e-01	5.21080e+00	5.32833e-03
5.71404e+04	3.76840e+08	3.56964e-01	1.89345e+00	4.65852e-04
2.68028e+05	3.77108e+08	1.51936e+00	5.31674e+00	-2.90499e-03
4.78221e+05	3.77586e+08	3.59857e-01	2.54059e+00	-3.02550e-03
1.95011e+05	3.77781e+08	3.09502e+00	3.20093e+00	-6.65794e-03
2.23783e+04	3.77804e+08	1.42040e+00	1.67628e+00	-2.13295e-03
3.98529e+04	3.77843e+08	1.90981e+00	3.67220e+00	8.76525e-04
5.39956e+04	3.77897e+08	8.72580e-01	4.37353e+00	-8.39825e-03
3.31816e+04	3.77931e+08	1.55798e+00	4.20839e+00	-6.51897e-03
1.25807e+04	3.77943e+08	1.71746e+00	1.82714e+00	7.13290e-03
1.02259e+04	3.77953e+08	1.13124e+00	6.50112e-01	4.06231e-03
1.06300e+04	3.77964e+08	1.25206e+00	1.63873e+00	4.18710e-03
4.29169e+04	3.78007e+08	1.18415e+00	1.28934e+00	7.38716e-03
1.32054e+05	3.78139e+08	1.68781e+00	4.46345e+00	8.19418e-03
2.64538e+04	3.78165e+08	2.59975e+00	5.48073e+00	3.53880e-03
1.09042e+04	3.78176e+08	9.65636e-01	1.21639e+00	-8.00780e-06
2.21029e+04	3.78198e+08	4.36514e+00	3.56280e+00	-5.93735e-03
2.98325e+04	3.78228e+08	1.13821e+00	5.28862e+00	-2.51476e-03
1.36492e+04	3.78242e+08	1.79163e+00	2.91276e+00	-1.29380e-04
1.64293e+04	3.78258e+08	4.45410e+00	5.06599e+00	-8.48903e-03
1.68032e+04	3.78275e+08	8.87384e-01	1.68643e+00	-9.38862e-03
2.07019e+04	3.78296e+08	6.08455e-01	4.31911e+00	-4.69949e-03
2.96389e+05	3.78592e+08	4.41762e-01	5.72451e+00	6.44468e-03
1.41978e+04	3.78606e+08	1.01138e+00	1.85706e+00	5.80916e-03
1.54968e+04	3.78622e+08	5.07175e-01	2.20421e+00	6.42164e-03
2.61470e+05	3.78883e+08	1.89494e+00	4.45718e+00	3.45867e-03
1.16720e+04	3.78895e+08	2.07970e+00	6.20498e+00	5.05939e-03
1.46598e+04	3.78910e+08	2.77178e+00	1.17743e+00	-2.06760e-03
1.87347e+04	3.78928e+08	8.79721e-01	3.54671e-01	1.38895e-03
1.00874e+04	3.78939e+08	4.18565e+00	9.10020e-01	5.10925e-03
1.28157e+04	3.78951e+08	1.50270e+00	1.33858e+00	-1.12842e-03
5.69106e+04	3.79008e+08	3.95196e+00	3.66219e-01	7.86138e-03
1.16651e+04	3.79020e+08	8.64390e-01	3.00912e+00	8.93431e-03
3.33356e+04	3.79053e+08	2.47122e+00	1.85640e+00	-7.88061e-03
2.83570e+04	3.79082e+08	2.92185e+00	6.00950e+00	-4.32907e-04
1.12463e+05	3.79194e+08	9.90987e-01	5.70553e+00	5.88181e-03
4.02447e+04	3.79234e+08	3.88096e+00	2.03272e+00	9.90585e-03
1.28171e+04	3.79247e+08	7.80255e-01	6.03771e+00	-4.57655e-03
1.19746e+04	3.79259e+08	3.82337e+00	2.27646e+00	-7.91068e-03
1.68094e+04	3.79276e+08	8.12837e-01	6.21437e+00	9.12257e-03
2.31753e+04	3.79299e+08	8.14541e-01	2.03931e+00	-1.44756e-03
1.25703e+04	3.79312e+08	3.66515e-01	5.23251e+00	-3.41010e-03
1.20485e+04	3.79324e+08	1.08140e+00	1.64375e+00	4.90420e-03
1.05757e+04	3.79334e+08	3.02355e+00	2.01011e+00	-2.30989e-03
2.80039e+04	3.79362e+08	2.08809e+00	2.20745e-01	-2.62317e-03
1.18621e+04	3.79374e+08	5.07291e-01	4.33324e+00	-6.79793e-03
1.95523e+04	3.79394e+08	5.49505e-01	1.89925e+00	-8.32547e-03
1.52408e+06	3.80918e+08	1.74499e+00	9.20187e-01	2.89574e-03
5.42060e+04	3.80972e+08	1.26795e+00	5.18389e+00	-6.16423e-03
1.66189e+04	3.80989e+08	1.15185e+00	2.94571e+00	-3.34268e-03
1.36350e+04	3.81002e+08	1.34847e+00	4.64993e-01	5.63605e-03
1.20397e+04	3.81014e+08	5.73473e-01	2.81009e+00	-5.38191e-03
6.67312e+04	3.81081e+08	2.26439e-01	1.05398e+00	8.33526e-03
1.76139e+04	3.81099e+08	9.85624e-01	3.64221e+00	9.15171e-03
1.90787e+04	3.81118e+08	1.59006e+00	4.09399e+00	-9.20707e-03
1.32753e+04	3.81131e+08	8.84827e-01	1.01407e+00	2.85089e-03
5.62993e+04	3.81187e+08	1.00020e+00	2.27440e+00	-6.83002e-03
1.56131e+04	3.81203e+08	3.31431e+00	1.40347e+00	-7.16007e-03
1.37768e+04	3.81217e+08	1.54134e+00	3.89138e+00	-7.87747e-03
1.24473e+04	3.81229e+08	7.85005e-01	2.04816e+00	-6.86306e-03
1.88864e+04	3.81248e+08	1.97906e-01	5.89270e+00	-2.84059e-03
3.77277e+04	3.81286e+08	6.89483e-01	1.88866e+00	-7.80729e-03
1.76141e+04	3.81303e+08	1.28501e+00	3.74231e+00	-6.58440e-03
4.36241e+04	3.81347e+08	1.95474e+00	2.28025e+00	8.04348e-03
3.53463e+04	3.81382e+08	5.51128e-01	2.73497e+00	-7.32981e-03
2.58247e+04	3.81408e+08	4.02419e-01	3.69839e+00	-4.32041e-03
1.31598e+05	3.81540e+08	2.28514e+00	4.43936e+00	2.52447e-03
3.58959e+04	3.81576e+08	3.20202e+00	3.15414e+00	-1.89339e-04
2.23236e+04	3.81598e+08	8.61078e-01	1.57604e+00	9.30235e-04
1.02551e+04	3.81608e+08	1.32974e+00	2.78227e+00	-6.78173e-03
1.86917e+04	3.81627e+08	9.90673e-01	4.30313e+00	4.68855e-03
1.02828e+04	3.81637e+08	1.33310e+00	5.03490e+00	3.75862e-03
1.04364e+04	3.81648e+08	1.64596e+00	5.48993e+00	8.00348e-03
6.84086e+04	3.81716e+08	1.70290e+00	4.72408e+00	-5.16770e-03
1.43815e+04	3.81730e+08	1.90397e+00	1.76375e+00	4.40671e-03
2.52898e+04	3.81756e+08	1.13300e+00	1.19660e+00	-6.96951e-03
3.62659e+04	3.81792e+08	3.21659e-01	1.02408e+00	-3.13425e-03
1.99291e+04	3.81812e+08	1.04129e+00	2.79214e+00	9.97420e-03
1.07748e+04	3.81823e+08	1.07931e+00	6.06170e+00	-5.33909e-03
1.79564e+04	3.81841e+08	2.10446e+00	5.97725e+00	2.32836e-03
3.35945e+04	3.81874e+08	8.81352e-01	4.22502e+00	-2.40441e-03
1.37741e+05	3.82012e+08	6.30271e-01	3.80628e+00	1.46942e-03
1.21955e+04	3.82024e+08	3.24899e+00	2.49675e+00	6.58289e-03
3.56599e+04	3.82060e+08	3.39898e-01	3.62575e+00	-8.30427e-03
7.97514e+04	3.82140e+08	2.53632e+00	5.44984e+00	6.88017e-03
3.35750e+04	3.82173e+08	9.78531e-01	4.31422e+00	-4.87779e-03
1.62411e+04	3.82189e+08	1.67728e+00	3.54682e+00	2.21976e-03
2.07580e+04	3.82210e+08	3.07878e+00	4.15678e+00	-9.40234e-03
1.82118e+05	3.82392e+08	1.84588e+00	8.52659e-01	7.94827e-03
1.42960e+04	3.82407e+08	1.72749e+00	1.96798e+00	-3.90546e-03
2.20561e+04	3.82429e+08	1.50787e+00	4.76200e+00	-1.17212e-03
3.84512e+04	3.82467e+08	2.22833e+00	4.85429e+00	-9.53472e-03
1.34109e+05	3.82601e+08	2.62651e+00	5.81960e+00	5.10859e-03
3.10776e+04	3.82632e+08	1.68982e+00	3.99545e-01	4.94322e-03
2.67882e+04	3.82659e+08	3.92640e-01	2.21653e+00	4.44328e-04
1.46788e+04	3.82674e+08	1.74028e+00	4.94312e+00	-5.89654e-04
1.12265e+04	3.82685e+08	8.40779e-01	3.99523e-01	-7.11832e-03
2.20949e+04	3.82707e+08	6.23981e-01	5.61826e+00	1.42703e-03
4.00632e+04	3.82747e+08	9.64684e-01	5.98363e+00	-2.18174e-03
2.44695e+04	3.82772e+08	7.77069e-01	6.65737e-01	-6.74825e-03
1.48628e+04	3.82786e+08	3.76791e+00	1.34883e+00	5.59885e-03
1.07676e+04	3.82797e+08	1.97068e+00	4.70141e+00	2.89846e-03
1.12769e+04	3.82808e+08	1.96974e+00	2.60793e+00	-7.09043e-03
2.49308e+04	3.82833e+08	3.88323e+00	3.31698e+00	-2.38197e-03
1.48886e+05	3.82982e+08	8.39190e-01	4.95857e+00	-6.58403e-03
1.29209e+04	3.82995e+08	1.51047e+00	1.53710e+00	6.02602e-03
1.62916e+04	3.83012e+08	2.47663e+00	1.25553e+00	-1.27971e-03
1.06854e+04	3.83022e+08	2.66290e+00	7.52025e-01	8.62198e-03
5.51033e+04	3.83077e+08	8.83253e-01	2.22693e+00	-3.60058e-03
2.72984e+05	3.83350e+08	1.91027e+00	4.17532e+00	5.02462e-03
9.82432e+04	3.83449e+08	1.22558e+00	2.35055e+00	-7.21421e-03
2.63130e+04	3.83475e+08	5.24268e-01	1.07316e+00	5.25603e-03
2.54491e+04	3.83500e+08	1.68146e+00	1.77778e-02	-3.98610e-03
1.89421e+05	3.83690e+08	2.71700e+00	4.56133e-01	7.00324e-03
1.01744e+04	3.83700e+08	2.06147e+00	9.66667e-01	2.49048e-03
5.10950e+04	3.83751e+08	2.31225e+00	1.61199e+00	-2.49899e-03
9.99129e+04	3.83851e+08	1.01371e+00	6.14674e+00	8.93165e-03
1.03653e+04	3.83861e+08	5.08210e-01	3.96574e-01	-1.08759e-03
4.05105e+04	3.83902e+08	5.90790e-01	2.57565e-01	7.40588e-03
1.18307e+04	3.83914e+08	2.72809e+00	1.43370e-01	3.08228e-03
1.35978e+04	3.83927e+08	2.54575e+00	5.51184e+00	-1.30091e-03
1.61532e+04	3.83943e+08	4.16030e+00	3.02031e+00	-5.28872e-03
4.05444e+04	3.83984e+08	3.75432e+00	1.26927e-01	-7.70184e-03
2.45718e+04	3.84008e+08	2.79344e+00	9.66457e-01	-1.60135e-03
1.80121e+04	3.84026e+08	1.00753e+00	1.34938e+00	7.87161e-03
1.38664e+04	3.84040e+08	8.33022e-01	2.09750e+00	9.68273e-03
3.48401e+04	3.84075e+08	2.02891e+00	3.60692e+00	3.32312e-03
1.75447e+04	3.84093e+08	1.76389e+00	4.25361e+00	5.72975e-04
1.03741e+04	3.84103e+08	5.40862e-01	9.77469e-01	-7.74968e-03
2.96206e+04	3.84133e+08	3.15483e-01	1.04139e+00	-4.86858e-03
1.74284e+04	3.84150e+08	4.38568e+00	1.25897e+00	3.62038e-03
1.73377e+05	3.84324e+08	2.52300e+00	2.64673e+00	-3.75870e-03
1.73685e+04	3.84341e+08	2.32599e+00	8.18011e-01	-5.21123e-03
1.72310e+04	3.84358e+08	8.41399e-01	5.53759e+00	1.80727e-04
8.90891e+04	3.84447e+08	1.03244e+00	2.72137e+00	-5.28456e-03
1.37247e+05	3.84584e+08	1.11669e+00	3.99157e+00	-5.16812e-03
1.48756e+04	3.84599e+08	1.04957e+00	3.58815e+00	-1.47909e-03
6.14267e+04	3.84661e+08	3.06976e+00	1.89180e+00	8.12087e-03
1.51295e+04	3.84676e+08	1.40750e+00	5.95596e+00	-4.57423e-03
1.93568e+05	3.84869e+08	4.23556e+00	3.58105e-01	-9.43169e-03
1.76620e+04	3.84887e+08	6.47187e-01	4.42649e+00	-7.51851e-03
1.21348e+04	3.84899e+08	2.97000e+00	2.87915e+00	-1.83267e-03
1.06880e+04	3.84910e+08	1.20562e+00	2.93341e+00	-4.87099e-03
1.23112e+04	3.84922e+08	2.31634e+00	5.94947e-01	-6.21943e-03
2.57736e+04	3.84948e+08	1.06259e+00	3.33298e+00	-6.61187e-03
1.44980e+04	3.84963e+08	9.63875e-01	4.91675e+00	-4.88344e-03
5.63888e+05	3.85526e+08	1.43642e+00	5.20723e+00	3.70864e-03
1.39072e+04	3.85540e+08	7.80636e-01	4.90066e+00	2.51214e-03
7.23965e+05	3.86264e+08	3.30092e+00	2.93547e+00	3.46609e-03
1.62039e+04	3.86281e+08	3.55925e+00	1.46679e+00	8.14194e-03
1.48554e+04	3.86295e+08	1.29538e+00	3.62256e+00	-8.75994e-03
1.34705e+04	3.86309e+08	5.00969e-01	1.53236e+00	-4.45658e-03
7.18658e+04	3.86381e+08	6.10691e-01	3.91808e+00	-6.98904e-03
2.62896e+04	3.86407e+08	1.70051e+00	1.56570e+00	-4.95233e-03
2.66840e+04	3.86434e+08	2.84356e+00	5.91035e-01	-9.87056e-03
3.55891e+04	3.86469e+08	3.16728e+00	5.12859e+00	7.26640e-03
1.31250e+04	3.86482e+08	3.38721e+00	4.59202e+00	9.13105e-03
4.81739e+04	3.86531e+08	6.17990e-01	4.95450e+00	-3.74139e-03
1.12809e+04	3.86542e+08	2.88793e+00	4.94777e+00	-8.66622e-03
1.60489e+04	3.86558e+08	6.96197e-01	2.96150e+00	6.20091e-03
1.73576e+05	3.86731e+08	8.23488e-01	2.98933e-01	-3.95331e-03
8.30891e+04	3.86815e+08	1.99657e+00	4.02559e+00	2.89416e-04
5.37814e+05	3.87352e+08	1.31154e+00	4.08650e+00	7.69593e-03
5.09257e+04	3.87403e+08	1.65485e+00	3.02903e-01	3.13685e-03
2.51758e+04	3.87428e+08	3.15214e-01	6.21368e+00	-4.61975e-04
3.23824e+05	3.87752e+08	2.54086e-01	4.21771e+00	1.97988e-03
2.65171e+04	3.87779e+08	2.06428e+00	3.91744e+00	-2.45209e-03
1.64083e+04	3.87795e+08	9.40386e-01	4.43059e-01	-8.06349e-03
1.50370e+04	3.87810e+08	3.73803e+00	3.70546e-01	-6.27149e-03
6.82453e+04	3.87878e+08	1.41008e+00	2.87441e+00	8.51734e-03
2.32266e+04	3.87902e+08	9.30311e-01	4.47464e+00	8.03540e-03
3.76011e+04	3.87939e+08	2.57270e+00	6.26614e+00	-4.24866e-03
1.20777e+04	3.87951e+08	2.77193e+00	6.27421e+00	-6.07587e-03
6.83649e+04	3.88020e+08	2.72363e+00	2.06377e+00	9.87153e-03
4.89258e+04	3.88069e+08	1.24069e+00	2.06443e+00	-5.47683e-03
1.73434e+04	3.88086e+08	1.65835e+00	5.66672e+00	2.84213e-03
1.10638e+04	3.88097e+08	3.86118e+00	2.01955e+00	2.91399e-03
6.88975e+04	3.88166e+08	1.63154e+00	4.67997e-01	5.12369e-03
1.40354e+04	3.88180e+08	8.74986e-01	1.05096e+00	5.56642e-03
6.22555e+04	3.88242e+08	7.13145e-01	4.64308e-01	-2.79071e-03
8.67087e+04	3.88329e+08	1.45994e+00	4.76646e+00	8.38332e-03
2.23744e+04	3.88351e+08	3.00498e-01	6.03263e+00	-2.47384e-03
5.03557e+04	3.88402e+08	4.39617e-01	1.53075e+00	2.41183e-03
3.52981e+04	3.88437e+08	7.13285e-01	5.97496e+00	4.27560e-03
1.09650e+04	3.88448e+08	3.11065e+00	4.56221e+00	-8.76302e-03
1.29350e+04	3.88461e+08	2.12326e+00	2.95301e+00	-8.35063e-03
2.42348e+04	3.88485e+08	3.49083e+00	2.27847e+00	-7.84344e-03
5.37539e+04	3.88539e+08	1.09756e+00	5.10174e+00	3.25324e-03
1.35246e+04	3.88552e+08	8.31673e-01	2.59231e+00	6.66873e-03
1.02423e+04	3.88563e+08	1.69435e+00	3.14836e+00	9.44004e-03
1.21228e+04	3.88575e+08	2.29420e+00	5.01841e+00	-9.63741e-03
3.75806e+04	3.88612e+08	6.70306e-01	6.01861e+00	-3.52096e-03
2.61595e+04	3.88639e+08	7.90019e-01	4.69237e+00	7.11005e-03
2.62602e+04	3.88665e+08	8.01581e-01	5.85355e+00	-9.05729e-03
1.12156e+04	3.88676e+08	3.91512e-01	5.10223e-01	9.98110e-03
1.33679e+04	3.88689e+08	1.86542e+00	4.56982e+00	7.19262e-03
8.45224e+04	3.88774e+08	2.13122e+00	2.59082e+00	9.62028e-03
5.77029e+05	3.89351e+08	1.76115e+00	3.97940e+00	-8.21343e-03
1.57772e+04	3.89367e+08	1.08530e+00	2.27530e+00	5.01316e-03
2.53028e+04	3.89392e+08	3.13185e+00	5.66060e+00	-2.04025e-03
1.55258e+04	3.89408e+08	2.67938e+00	3.96439e+00	5.35736e-03
1.42518e+04	3.89422e+08	2.02439e+00	5.28575e+00	3.16565e-03
2.96645e+04	3.89451e+08	1.19602e+00	2.24012e+00	-1.23377e-05
1.79654e+05	3.89631e+08	3.96148e+00	2.72342e+00	5.68987e-03
3.05963e+04	3.89662e+08	8.69171e-01	1.40827e+00	2.56199e-03
8.12694e+04	3.89743e+08	1.57156e+00	9.26895e-01	9.73096e-04
8.79423e+04	3.89831e+08	1.35531e+00	2.41364e+00	-4.86597e-03
1.34137e+04	3.89844e+08	1.44010e+00	3.12665e+00	4.84159e-03
1.87805e+05	3.90032e+08	3.01929e-01	3.93851e+00	2.54648e-03
5.40469e+05	3.90573e+08	1.01946e+00	2.02667e-01	9.75582e-03
1.81529e+04	3.90591e+08	4.20561e+00	1.31116e+00	-2.93423e-03
2.24331e+04	3.90613e+08	1.12106e+00	4.08792e-01	-9.23731e-03
2.16572e+04	3.90635e+08	7.70434e-01	5.14077e+00	5.74123e-03
1.27739e+05	3.90763e+08	1.76317e+00	5.08621e+00	9.44848e-03
1.30662e+04	3.90776e+08	6.85573e-01	4.24451e+00	-5.40605e-03
1.18851e+04	3.90788e+08	1.97152e+00	4.24704e-01	3.00742e-04
6.22219e+04	3.90850e+08	1.66518e+00	1.09791e+00	-9.32415e-04
1.29800e+04	3.90863e+08	1.47268e+00	2.03395e+00	-7.62896e-03
6.87101e+05	3.91550e+08	2.38442e+00	4.59421e+00	-8.20251e-03
7.36229e+04	3.91623e+08	1.58840e+00	4.03602e+00	-2.46734e-03
1.95894e+05	3.91819e+08	8.52833e-01	3.60212e+00	6.11917e-03
1.04028e+04	3.91830e+08	1.31270e+00	4.45201e+00	6.72915e-03
1.94681e+04	3.91849e+08	2.18451e+00	5.29991e+00	-7.49291e-03
1.70972e+04	3.91866e+08	2.47568e-01	1.72039e+00	-8.75076e-03
1.12150e+04	3.91878e+08	7.67835e-01	2.46271e+00	-5.25253e-03
1.64920e+06	3.93527e+08	2.07439e+00	3.38887e+00	1.34229e-03
1.51510e+04	3.93542e+08	2.23968e+00	6.10237e+00	1.02616e-03
1.30458e+04	3.93555e+08	1.11538e+00	6.13094e+00	-8.78394e-03
1.55454e+04	3.93570e+08	1.92137e+00	2.42777e+00	-5.32927e-03
1.19118e+04	3.93582e+08	6.36608e-01	6.25648e+00	-3.75323e-04
2.58425e+05	3.93841e+08	1.91857e+00	1.23724e+00	6.03800e-03
6.38754e+04	3.93905e+08	2.24692e+00	2.06643e+00	-9.55233e-03
1.26398e+04	3.93917e+08	1.74674e+00	4.77200e+00	4.16929e-03
2.80151e+04	3.93945e+08	2.36838e-01	5.59028e+00	4.30521e-03
2.24156e+05	3.94170e+08	2.15740e+00	4.34040e+00	-7.49177e-03
4.15446e+04	3.94211e+08	1.97562e+00	4.70025e+00	8.29954e-03
1.58374e+04	3.94227e+08	5.57386e-01	3.83822e+00	8.16174e-03
1.66660e+04	3.94244e+08	1.65432e+00	4.49322e+00	-2.32041e-03
1.45740e+04	3.94258e+08	1.84644e+00	3.62545e+00	9.09899e-03
1.75851e+04	3.94276e+08	1.63674e+00	4.26668e+00	-3.14015e-03
1.26078e+04	3.94288e+08	3.20652e-01	2.49320e+00	-4.96528e-03
4.60200e+04	3.94334e+08	1.22957e+00	1.09731e+00	-2.57742e-03
7.39271e+05	3.95074e+08	2.61584e+00	2.79890e+00	2.82897e-03
1.36929e+04	3.95087e+08	1.33165e+00	3.01033e+00	1.11465e-03
1.00674e+04	3.95097e+08	1.02316e+00	8.48897e-01	-1.53954e-03
1.01280e+04	3.95108e+08	1.85625e+00	2.10699e+00	1.17977e-03
1.18930e+04	3.95119e+08	7.82844e-01	5.66029e+00	8.06485e-03
1.78115e+04	3.95137e+08	1.48820e+00	4.02133e+00	-4.01094e-03
2.37986e+04	3.95161e+08	1.67707e+00	3.53321e+00	-8.70645e-03
1.89431e+04	3.95180e+08	7.87152e-01	4.14156e+00	-5.36981e-04
1.74316e+04	3.95197e+08	1.56754e+00	3.60198e+00	-4.98132e-03
2.98849e+04	3.95227e+08	2.28342e+00	1.92148e+00	-2.85618e-03
2.14031e+04	3.95249e+08	1.45274e+00	2.03214e+00	1.07527e-03
2.42940e+04	3.95273e+08	1.09039e+00	2.08032e-01	6.55155e-03
4.02053e+04	3.95313e+08	1.10505e+00	5.75812e+00	3.24906e-03
5.47866e+04	3.95368e+08	2.94006e-01	3.43170e+00	3.66246e-04
2.76054e+04	3.95396e+08	3.37954e+00	4.86031e+00	-4.94667e-03
1.85761e+04	3.95414e+08	8.96907e-01	5.10724e+00	4.69570e-03
4.97240e+04	3.95464e+08	8.07054e-01	2.08695e+00	-3.01637e-03
1.25187e+04	3.95476e+08	1.95177e+00	3.75374e+00	-1.31155e-03
6.61465e+05	3.96138e+08	3.79238e-01	5.90274e+00	9.53385e-03
1.10909e+04	3.96149e+08	1.06170e+00	5.47924e+00	-8.45048e-03
2.26844e+04	3.96172e+08	1.74603e+00	3.83777e+00	9.13534e-03
4.90658e+05	3.96662e+08	9.05198e-01	5.04278e+00	-4.02775e-03
1.08084e+04	3.96673e+08	2.40801e+00	2.64451e+00	9.28852e-04
1.19534e+04	3.96685e+08	1.89457e+00	5.53654e+00	2.89971e-03
3.15099e+04	3.96717e+08	8.52305e-01	3.82865e+00	9.10358e-03
6.48254e+05	3.97365e+08	2.78607e-01	1.83570e+00	4.33545e-03
4.94523e+04	3.97414e+08	1.34103e+00	2.25859e+00	-2.79973e-03
5.68329e+04	3.97471e+08	1.09644e+00	1.39190e+00	-6.41060e-03
2.32865e+04	3.97494e+08	8.11574e-01	1.56382e+00	9.87802e-03
1.42015e+04	3.97509e+08	3.47664e+00	4.98339e+00	-2.22655e-03
1.11366e+04	3.97520e+08	7.67396e-01	5.00523e-01	-6.20874e-03
1.24805e+04	3.97532e+08	2.54568e+00	2.59227e-01	9.37756e-03
1.39072e+04	3.97546e+08	2.20266e+00	1.27288e+00	2.54272e-03
1.29705e+04	3.97559e+08	2.00034e+00	6.24357e+00	3.66830e-03
1.68431e+04	3.97576e+08	2.83070e-02	6.00885e+00	2.90246e-03
3.41093e+04	3.97610e+08	2.32823e+00	5.61215e+00	-6.26532e-03
1.04434e+04	3.97620e+08	1.23612e+00	5.33585e+00	6.50322e-03
1.81253e+04	3.97639e+08	1.60639e+00	2.75088e+00	-7.37528e-03
6.73928e+04	3.97706e+08	4.52311e-01	1.04451e+00	2.78310e-03
1.26620e+05	3.97833e+08	3.26690e+00	1.41884e+00	7.13560e-03
3.50934e+04	3.97868e+08	4.60551e-01	6.25188e+00	7.04468e-03
3.71410e+04	3.97905e+08	4.24884e-01	3.15899e+00	-9.05530e-03
1.00412e+06	3.98909e+08	3.54924e+00	3.98823e+00	-9.88127e-03
1.12297e+05	3.99021e+08	3.18152e+00	1.09538e+00	-3.83594e-03
2.87883e+04	3.99050e+08	3.59119e+00	4.67272e+00	-1.88777e-04
1.29721e+04	3.99063e+08	5.03084e-01	4.41079e+00	-6.71879e-04
1.75383e+04	3.99081e+08	2.09496e+00	2.91781e-02	-8.30082e-03
1.15776e+04	3.99092e+08	1.41753e+00	1.60850e+00	-4.86643e-03
2.96191e+04	3.99122e+08	8.67800e-01	3.48836e+00	3.73798e-03
7.87748e+04	3.99201e+08	1.62407e+00	2.77943e+00	6.36224e-03
1.04704e+04	3.99211e+08	1.33055e+00	7.51755e-01	5.72574e-03
1.79622e+04	3.99229e+08	1.39831e+00	3.28644e+00	-1.99076e-03
1.22972e+04	3.99241e+08	1.22850e+00	3.93102e+00	-8.90190e-03
1.36775e+04	3.99255e+08	1.55665e+00	2.71510e+00	-6.98097e-03
2.01445e+04	3.99275e+08	3.74663e-02	5.47381e+00	4.31206e-03
1.16165e+04	3.99287e+08	8.51627e-01	1.86427e+00	-7.87577e-04
1.06190e+06	4.00349e+08	2.23758e+00	5.64572e+00	5.60988e-04
3.95824e+05	1.00074e+09	1.52906e+00	2.78289e-01	6.37858e-03
2.32649e+04	1.00077e+09	1.43663e+00	2.57212e+00	-3.01066e-03
1.11091e+04	1.00078e+09	1.57632e+00	5.63799e+00	-8.40732e-03
1.48237e+04	1.00079e+09	4.62606e-01	3.70489e+00	9.48593e-03
1.52851e+04	1.00081e+09	1.99102e-01	4.34942e+00	-5.78483e-03
2.22769e+04	1.00083e+09	2.59775e+00	2.64693e+00	5.83703e-03
1.17021e+04	1.00084e+09	2.02247e+00	1.81000e+00	9.07690e-03
1.97527e+04	1.00086e+09	8.55874e-01	4.66903e+00	2.13276e-03
1.10257e+04	1.00087e+09	1.89868e+00	1.17718e+00	6.63489e-03
1.14249e+04	1.00089e+09	7.44301e-01	1.84795e+00	3.98084e-03
1.87191e+04	1.00090e+09	1.04632e+00	5.42990e+00	5.36348e-04
1.02100e+04	1.00091e+09	2.72410e+00	1.43165e+00	8.42673e-03
1.26475e+04	1.00093e+09	8.61673e-01	6.02462e+00	6.06175e-03
1.72811e+04	1.00094e+09	1.73266e-01	4.89023e+00	4.07387e-03
2.01382e+04	1.00096e+09	5.11266e-01	1.73128e+00	-4.70307e-03
2.12252e+04	1.00099e+09	1.11318e+00	2.74463e+00	3.64269e-04
1.53890e+04	1.00100e+09	1.37827e+00	2.83139e+00	3.08658e-03
1.11065e+04	1.00101e+09	7.46225e-01	2.27702e+00	3.59582e-03
1.04858e+04	1.00102e+09	1.24067e+00	5.25480e+00	-5.72842e-03
1.63843e+04	1.00104e+09	6.16955e-01	3.36446e-01	-7.79980e-03
1.27597e+04	1.00105e+09	1.10687e-01	1.00921e-01	-6.62184e-03
1.20770e+04	1.00106e+09	2.17193e+00	5.89629e+00	3.30644e-04
1.92168e+04	1.00108e+09	2.21284e+00	5.81375e+00	-9.97219e-03
2.09351e+04	1.00110e+09	3.85910e-01	5.30118e+00	-7.61884e-03
3.92304e+04	1.00114e+09	1.71012e+00	4.96689e+00	-3.43560e-03
4.83012e+04	1.00119e+09	3.86827e-01	4.76651e+00	-5.13402e-03
5.40531e+04	1.00125e+09	3.29222e+00	2.34322e+00	6.18896e-03
5.13588e+04	1.00130e+09	1.03202e+00	4.96677e-01	-8.66381e-03
3.08230e+04	1.00133e+09	2.47016e+00	1.35792e+00	1.34288e-03
1.01304e+04	1.00134e+09	6.74886e-01	1.58072e+00	7.02058e-03
2.12389e+04	1.00136e+09	1.37346e+00	2.44896e+00	4.98483e-03
2.64895e+04	1.00139e+09	2.64752e-01	4.63446e+00	2.97795e-03
1.00683e+04	1.00140e+09	1.75912e+00	3.70508e-01	-2.17689e-03
2.03483e+04	1.00142e+09	9.37275e-01	2.88673e-01	-3.26257e-03
3.42448e+05	1.00176e+09	9.88497e-01	4.33086e+00	-4.01367e-03
1.64480e+04	1.00177e+09	8.82282e-01	8.65018e-02	-9.59472e-03
4.16613e+04	1.00182e+09	1.86728e+00	1.02371e+00	-9.76133e-03
1.45366e+04	1.00183e+09	1.03624e+00	5.40408e+00	5.92824e-03
8.70584e+04	1.00192e+09	1.50203e+00	5.94122e+00	-1.02564e-05
3.79810e+04	1.00196e+09	1.20358e+00	4.35022e+00	6.93117e-03
1.13316e+04	1.00197e+09	9.04714e-01	4.79023e+00	-7.41527e-03
1.11679e+04	1.00198e+09	1.84516e+00	2.68537e-01	-1.21925e-03
5.33581e+05	1.00251e+09	1.93197e+00	3.51383e+00	1.60634e-03
1.08416e+04	1.00252e+09	1.46865e+00	3.50056e+00	4.31797e-03
1.25525e+04	1.00254e+09	2.59925e+00	1.62705e+00	-7.52214e-03
1.49046e+04	1.00255e+09	2.12133e+00	4.62018e+00	-8.90052e-03
1.62570e+04	1.00257e+09	1.94424e+00	1.27190e+00	-6.99048e-04
2.79776e+04	1.00259e+09	1.79762e+00	3.45980e-01	-6.85168e-03
3.06415e+04	1.00263e+09	6.06044e-01	3.33959e-01	-5.02532e-03
1.21794e+04	1.00264e+09	6.06046e-01	7.68639e-01	8.04469e-03
2.04238e+04	1.00266e+09	1.89157e+00	6.11074e+00	8.76530e-03
1.22764e+04	1.00267e+09	3.46436e+00	5.55342e+00	6.73391e-03
3.56868e+04	1.00271e+09	2.30818e+00	6.38417e-01	-8.08080e-03
2.30624e+04	1.00273e+09	1.05832e+00	5.97906e+00	2.64979e-03
2.33363e+05	1.00296e+09	9.27373e-01	1.72000e+00	4.77904e-05
2.29426e+04	1.00299e+09	4.54458e-01	5.91276e+00	-8.60981e-03
6.06366e+04	1.00305e+09	1.15527e+00	3.27972e+00	-9.59895e-03
4.24212e+05	1.00347e+09	2.51418e+00	5.75170e+00	-1.10922e-03
1.51942e+04	1.00349e+09	2.36963e+00	1.71386e+00	-1.09597e-03
2.43234e+04	1.00351e+09	1.31690e+00	4.17869e+00	-6.54949e-03
1.48560e+05	1.00366e+09	4.08674e+00	5.90905e+00	-4.43251e-03
1.22505e+04	1.00367e+09	2.73592e+00	3.51899e+00	5.87404e-04
3.45621e+04	1.00370e+09	3.99216e+00	7.06891e-01	8.31227e-03
6.79593e+04	1.00377e+09	1.24626e+00	5.33483e+00	-1.03508e-03
1.49276e+04	1.00379e+09	8.46329e-01	2.80470e+00	6.60084e-03
4.16117e+04	1.00383e+09	1.49322e+00	2.58487e+00	2.85393e-03
1.24794e+04	1.00384e+09	5.12414e-01	2.94958e+00	6.31866e-03
1.24101e+04	1.00385e+09	1.61843e+00	1.49573e+00	-7.17763e-03
3.85674e+04	1.00389e+09	1.80805e+00	2.61910e+00	-6.36582e-03
1.89084e+04	1.00391e+09	1.72339e+00	3.40908e+00	-2.29279e-03
1.05869e+04	1.00392e+09	4.83258e-01	5.50477e+00	6.94904e-03
9.15606e+04	1.00401e+09	4.70579e-01	4.11785e+00	1.05355e-03
1.75344e+04	1.00403e+09	3.00625e+00	2.45645e+00	-4.09102e-04
9.09345e+04	1.00412e+09	1.37651e+00	6.59143e-01	9.29470e-03
4.36006e+04	1.00417e+09	1.48020e+00	2.00426e+00	-2.94501e-03
2.76262e+04	1.00419e+09	1.90106e+00	4.70373e+00	-4.75813e-04
6.64580e+04	1.00426e+09	3.53722e-01	5.51631e+00	3.01994e-03
2.06237e+04	1.00428e+09	4.63364e-01	8.21474e-01	-7.44844e-03
1.08586e+04	1.00429e+09	6.90473e-01	7.51996e-01	-6.96084e-04
1.88567e+04	1.00431e+09	1.61019e+00	1.98205e+00	6.94202e-03
6.39374e+04	1.00437e+09	1.26475e+00	6.09619e+00	-6.10658e-03
4.97741e+04	1.00442e+09	1.00661e+00	5.41590e+00	9.18392e-03
1.79584e+04	1.00444e+09	1.42263e+00	4.48691e+00	1.31651e-03
1.40654e+04	1.00446e+09	1.27175e+00	1.51431e+00	-6.46762e-03
1.56327e+04	1.00447e+09	1.51276e+00	3.62078e-01	9.31516e-03
1.10992e+04	1.00448e+09	2.30327e-01	2.07216e+00	-7.80194e-03
2.29798e+06	1.00678e+09	7.72764e-01	4.77246e+00	9.96024e-03
2.61719e+04	1.00681e+09	6.73871e-01	2.44826e+00	-1.63871e-03
1.72957e+04	1.00682e+09	5.23898e-01	1.15208e+00	8.12799e-03
8.48221e+04	1.00691e+09	1.87995e+00	3.91189e+00	-7.97622e-05
2.92105e+04	1.00694e+09	9.26537e-01	7.61482e-01	-3.63850e-03
1.25250e+04	1.00695e+09	2.51086e+00	3.62758e+00	-8.75940e-03
1.43613e+04	1.00697e+09	6.54830e-01	2.30247e+00	6.57017e-04
2.73658e+04	1.00699e+09	2.15715e+00	1.73218e+00	2.89357e-03
1.35457e+04	1.00701e+09	1.62034e+00	3.91046e+00	9.34578e-03
1.10891e+04	1.00702e+09	1.48237e+00	5.09102e+00	3.23163e-03
2.31979e+04	1.00704e+09	2.02813e-01	1.47064e+00	2.48029e-03
2.71133e+04	1.00707e+09	1.23937e+00	4.91945e+00	-6.47067e-03
1.06873e+04	1.00708e+09	2.50974e+00	5.30744e+00	1.03679e-03
1.83204e+04	1.00710e+09	1.47282e+00	4.38725e+00	-4.15374e-03
8.48226e+04	1.00718e+09	1.70459e+00	1.41094e+00	3.30206e-03
2.57978e+04	1.00721e+09	4.95115e-01	4.04838e+00	3.98732e-03
1.61717e+04	1.00722e+09	1.22435e+00	1.68527e+00	-3.26090e-03
1.33584e+04	1.00724e+09	1.90610e+00	2.83899e+00	5.12177e-04
1.74120e+04	1.00725e+09	1.09028e+00	1.78937e+00	-7.39367e-03
2.16612e+04	1.00728e+09	5.28321e-01	6.19833e+00	7.09650e-03
1.20698e+04	1.00729e+09	1.78885e+00	2.13688e+00	4.35958e-03
1.24134e+04	1.00730e+09	1.57901e+00	5.52018e-01	-3.48817e-05
3.32195e+04	1.00733e+09	1.72114e+00	2.74316e+00	8.45737e-03
3.61795e+04	1.00737e+09	1.04846e+00	5.61596e+00	-7.94642e-03
1.89490e+05	1.00756e+09	1.59284e+00	6.19054e+00	-1.74489e-03
1.22296e+04	1.00757e+09	6.83739e-01	2.94224e+00	5.12785e-03
2.84695e+04	1.00760e+09	1.69590e+00	5.80020e+00	-9.46525e-03
1.17314e+04	1.00761e+09	2.14394e-01	5.67414e+00	1.75538e-03
3.14141e+04	1.00764e+09	2.34923e+00	5.01851e+00	-6.46020e-03
1.52394e+05	1.00780e+09	1.67326e+00	4.76539e+00	-6.23953e-03
3.22583e+04	1.00783e+09	7.92472e-01	1.11308e+00	-9.71365e-03
1.89398e+05	1.00802e+09	7.19391e-01	1.99010e+00	9.41555e-03
1.05562e+04	1.00803e+09	1.36597e+00	4.18257e+00	-4.91771e-04
1.99241e+04	1.00805e+09	1.54891e+00	4.11373e-01	-3.40651e-03
5.67418e+04	1.00810e+09	1.01007e+00	1.38580e+00	4.39748e-03
2.19574e+04	1.00813e+09	2.10951e+00	4.43688e+00	-7.88793e-03
2.38506e+04	1.00815e+09	1.87333e+00	4.56600e+00	-1.60212e-03
3.04791e+04	1.00818e+09	2.59139e+00	3.42013e+00	1.14865e-03
7.22104e+04	1.00825e+09	2.12513e+00	2.33532e+00	5.75160e-06
3.54001e+04	1.00829e+09	2.70902e+00	2.55420e+00	-2.12018e-03
2.69254e+04	1.00831e+09	7.02481e-01	7.00405e-01	-2.52194e-04
4.26324e+04	1.00836e+09	8.04179e-01	4.25585e+00	-2.20772e-03
1.37721e+04	1.00837e+09	1.70369e+00	5.11395e+00	-6.44038e-03
1.92937e+04	1.00839e+09	1.47437e+00	2.65373e+00	9.49971e-03
3.23648e+05	1.00871e+09	1.69344e+00	6.15563e+00	-4.19428e-03
1.49573e+04	1.00873e+09	2.26518e-01	5.87965e+00	3.28779e-03
2.76392e+05	1.00901e+09	2.31389e+00	4.82376e+00	4.42113e-03
4.03133e+04	1.00905e+09	2.28458e+00	1.27238e+00	-4.49587e-03
1.15331e+04	1.00906e+09	7.95587e-01	5.47414e+00	3.81109e-03
1.78025e+05	1.00924e+09	1.40439e+00	5.29776e+00	-8.57674e-03
4.33996e+04	1.00928e+09	6.06238e-01	2.14831e+00	-4.40804e-03
1.98427e+04	1.00930e+09	2.77341e+00	4.11623e+00	-9.56252e-03
3.89929e+04	1.00934e+09	3.38253e+00	5.69926e+00	6.42614e-03
5.02025e+04	1.00939e+09	4.50522e-01	5.54465e+00	-8.65680e-03
1.14646e+04	1.00940e+09	4.09440e+00	1.30604e+00	-9.27378e-03
1.08147e+04	1.00941e+09	4.59827e-01	5.96606e+00	3.83026e-04
1.86701e+04	1.00943e+09	7.45596e-01	1.18977e+00	-2.77384e-03
1.14650e+05	1.00954e+09	3.57328e-01	4.79422e+00	-2.70135e-03
1.00523e+04	1.00955e+09	1.11724e+00	1.47490e+00	-7.89631e-03
1.34550e+04	1.00957e+09	2.87227e+00	2.57713e+00	6.94480e-04
1.02578e+04	1.00958e+09	1.75055e+00	4.65142e+00	-6.76725e-03
5.32495e+04	1.00963e+09	2.61451e+00	4.19850e+00	5.01780e-03
1.05670e+04	1.00964e+09	1.01579e+00	2.66382e+00	-7.93546e-03
2.99752e+05	1.00994e+09	3.09429e+00	2.12297e+00	2.59420e-03
2.79745e+04	1.00997e+09	6.85716e-01	5.53337e+00	-8.77775e-03
1.75694e+05	1.01014e+09	1.36482e-01	4.20227e+00	7.99647e-03
3.10735e+04	1.01018e+09	2.95470e+00	3.30230e+00	-9.61267e-03
2.11576e+04	1.01020e+09	4.26490e-01	2.23671e+00	6.29305e-03
6.83379e+04	1.01027e+09	9.27551e-01	5.49954e+00	-5.33737e-03
7.02677e+04	1.01034e+09	4.08984e-01	3.31932e+00	5.80263e-03
2.74795e+04	1.01036e+09	1.20099e+00	5.45313e+00	2.11357e-03
2.25675e+04	1.01039e+09	1.69547e+00	4.56793e+00	5.61058e-03
1.68292e+04	1.01040e+09	1.70994e+00	2.01914e+00	2.91752e-03
1.67456e+04	1.01042e+09	2.82029e+00	6.23887e+00	7.45962e-03
1.45561e+04	1.01043e+09	1.91314e+00	1.46382e+00	-4.58692e-03
1.68455e+05	1.01060e+09	1.50447e+00	4.45098e+00	-8.97613e-03
2.13673e+04	1.01062e+09	5.90722e-01	2.98986e+00	5.97260e-03
1.35657e+05	1.01076e+09	1.91963e+00	3.64870e+00	7.92661e-03
5.20649e+04	1.01081e+09	1.70335e+00	4.39625e+00	-3.26389e-03
1.17153e+04	1.01082e+09	1.98016e+00	5.38975e+00	-3.07698e-03
1.05042e+04	1.01083e+09	1.20848e+00	3.57349e+00	-3.42901e-03
1.47409e+04	1.01085e+09	7.76743e-01	4.33070e+00	9.65152e-03
1.58096e+04	1.01086e+09	2.59187e+00	3.13433e+00	-4.79894e-03
1.35752e+04	1.01088e+09	1.10495e+00	4.66769e+00	-7.20486e-03
1.33715e+04	1.01089e+09	2.87153e+00	3.61421e+00	-9.63685e-03
1.53379e+04	1.01091e+09	1.36921e+00	3.17178e+00	-3.11869e-03
3.59688e+04	1.01094e+09	1.64899e+00	2.40925e+00	-4.11335e-04
1.31892e+05	1.01107e+09	1.98149e+00	1.09047e+00	9.30586e-03
2.43151e+04	1.01110e+09	2.05947e+00	3.02679e-01	5.40227e-03
1.24697e+04	1.01111e+09	1.43477e+00	6.29936e-01	-8.99797e-03
1.13353e+04	1.01112e+09	9.49181e-01	5.00077e+00	-6.22568e-03
2.91572e+04	1.01115e+09	1.61768e+00	4.85376e-01	8.39152e-03
2.96417e+04	1.01118e+09	3.48370e-01	1.47649e+00	7.10396e-03
6.93758e+04	1.01125e+09	3.31042e+00	1.22636e+00	-2.91362e-03
2.45844e+04	1.01127e+09	7.16548e-01	5.38612e+00	-9.65229e-03
1.34431e+04	1.01129e+09	2.63115e+00	2.62061e+00	-8.56206e-03
2.47941e+04	1.01131e+09	1.23015e+00	3.24146e+00	3.48331e-03
3.98469e+04	1.01135e+09	1.12514e+00	1.34754e-03	-3.02053e-03
3.35110e+04	1.01139e+09	5.73720e-01	2.40014e+00	8.83374e-03
4.26215e+04	1.01143e+09	3.29738e-01	2.00075e+00	-2.21351e-03
5.79901e+04	1.01149e+09	6.88994e-01	4.05716e+00	2.17296e-03
2.20497e+04	1.01151e+09	6.11666e-01	2.44053e+00	-7.10672e-03
1.74984e+04	1.01153e+09	2.14571e+00	4.04460e-03	-7.08675e-03
1.18690e+06	1.01271e+09	3.98832e+00	7.14099e-01	-4.11846e-03
2.46041e+04	1.01274e+09	1.67072e+00	1.28438e+00	3.30456e-03
1.06523e+04	1.01275e+09	7.71203e-01	3.11859e+00	-1.02433e-03
1.27795e+04	1.01276e+09	2.08538e+00	3.86248e+00	6.13932e-03
1.97057e+04	1.01278e+09	2.12765e+00	5.92306e+00	3.97814e-03
4.48263e+04	1.01283e+09	8.35257e-01	5.50441e-01	-8.60038e-03
1.26709e+04	1.01284e+09	2.22836e+00	1.37421e+00	-5.46804e-03
1.11067e+04	1.01285e+09	3.50749e+00	5.41495e+00	8.15542e-03
1.51438e+06	1.01436e+09	1.12538e-01	5.25777e+00	-9.26699e-03
1.32569e+04	1.01438e+09	3.24069e-01	4.73182e+00	-7.10823e-03
1.05733e+04	1.01439e+09	1.06866e-01	1.46656e+00	-1.27939e-03
2.14045e+04	1.01441e+09	3.12899e+00	2.85540e+00	-9.60438e-03
1.45627e+04	1.01442e+09	1.34954e+00	3.54570e+00	1.40200e-03
2.53153e+05	1.01468e+09	9.60271e-01	3.06310e-01	-2.61213e-03
2.63596e+04	1.01470e+09	2.68620e+00	7.55161e-01	-4.09913e-03
1.68729e+04	1.01472e+09	1.15485e+00	1.03795e+00	7.24456e-03
3.02819e+04	1.01475e+09	3.39447e-01	4.16947e+00	5.54572e-03
1.04678e+04	1.01476e+09	2.07448e+00	4.74569e+00	6.13599e-04
1.68472e+05	1.01493e+09	3.13802e+00	3.80113e+00	-3.48084e-03
1.32806e+04	1.01494e+09	1.62894e+00	1.90091e+00	7.65610e-03
6.56313e+04	1.01501e+09	2.47474e-01	1.36209e+00	-3.84735e-03
1.78738e+04	1.01503e+09	3.18339e+00	4.61688e+00	6.46739e-03
1.25853e+04	1.01504e+09	1.26090e+00	2.79556e+00	9.37914e-04
1.31058e+04	1.01505e+09	2.82048e+00	3.72873e+00	-4.51936e-03
3.62587e+04	1.01509e+09	2.54211e+00	6.22325e+00	4.33210e-03
2.54067e+04	1.01511e+09	1.13077e+00	2.30438e+00	7.16601e-03
1.03998e+04	1.01512e+09	1.57577e+00	3.37254e+00	-8.47339e-03
1.11130e+05	1.01524e+09	1.12354e+00	2.78541e+00	-6.10952e-03
3.56921e+04	1.01527e+09	2.13006e+00	6.57448e-01	-7.82019e-03
2.38515e+04	1.01529e+09	3.43278e-01	3.13117e+00	4.67712e-04
1.66221e+04	1.01531e+09	1.20609e+00	5.77673e+00	8.54099e-03
1.77920e+04	1.01533e+09	8.70322e-01	4.22894e+00	-7.67989e-03
1.96759e+04	1.01535e+09	5.33580e-01	3.36761e+00	6.83645e-03
1.99909e+04	1.01537e+09	4.56766e-01	3.30360e+00	4.24730e-03
3.26635e+04	1.01540e+09	4.15056e+00	3.84504e+00	3.89797e-03
1.38139e+04	1.01542e+09	6.38480e-01	2.11793e+00	-4.44912e-05
1.08105e+04	1.01543e+09	4.91614e-01	5.49820e+00	1.09772e-03
1.29733e+04	1.01544e+09	3.40765e+00	4.04467e+00	-2.95179e-03
1.67954e+04	1.01546e+09	2.98834e+00	1.35532e+00	9.93832e-03
1.43076e+04	1.01547e+09	1.86455e+00	3.50263e+00	-6.31426e-03
3.74722e+04	1.01551e+09	1.13916e+00	6.20525e+00	-8.04795e-03
1.34220e+04	1.01552e+09	7.63494e-01	6.09039e+00	5.83793e-03
6.48301e+04	1.01559e+09	1.26822e-01	4.15494e+00	1.48129e-03
3.22034e+05	1.01591e+09	2.03381e+00	1.54014e+00	4.64092e-03
1.06193e+04	1.01592e+09	1.74424e+00	1.45084e+00	-8.26739e-03
1.70337e+04	1.01594e+09	3.55981e+00	2.62940e+00	-8.62888e-03
2.38631e+04	1.01596e+09	9.07264e-01	5.39920e+00	4.38285e-03
1.33915e+04	1.01597e+09	1.80187e+00	2.37771e-01	-8.39506e-03
1.11569e+04	1.01598e+09	1.27401e+00	3.18193e+00	9.38244e-03
1.00365e+04	1.01599e+09	2.20362e+00	4.60290e+00	7.18905e-03
1.21257e+04	1.01601e+09	2.48444e+00	5.64703e-01	5.33534e-03
1.17228e+04	1.01602e+09	5.78680e-01	4.51014e+00	5.99496e-03
3.96367e+04	1.01606e+09	9.15958e-01	9.20540e-01	4.96926e-03
1.27857e+04	1.01607e+09	6.90016e-01	4.59386e+00	5.11051e-03
1.06310e+05	1.01618e+09	1.12018e+00	3.83630e+00	2.12712e-03
1.72800e+04	1.01619e+09	7.93781e-01	8.51945e-01	3.34512e-04
1.37669e+04	1.01621e+09	1.59216e+00	5.59666e+00	-7.58289e-03
1.39567e+04	1.01622e+09	2.24754e+00	2.20382e+00	1.69098e-03
4.11225e+04	1.01626e+09	9.56525e-01	5.78197e+00	-3.47854e-03
1.19637e+04	1.01627e+09	3.68055e+00	4.62545e-01	3.83071e-03
1.31057e+04	1.01629e+09	5.49754e-01	4.12085e-01	-2.22494e-03
4.52683e+05	1.01674e+09	2.04399e+00	1.81918e+00	2.68827e-03
1.21777e+05	1.01686e+09	1.15013e-01	4.20117e+00	-3.62636e-03
1.42121e+04	1.01688e+09	7.86606e-01	3.87409e+00	8.69459e-03
1.07993e+04	1.01689e+09	2.75242e-01	6.21341e+00	-8.51901e-03
5.71241e+04	1.01694e+09	4.18343e+00	5.33800e+00	2.12253e-03
1.13776e+04	1.01696e+09	1.30798e+00	3.21698e+00	4.46203e-03
1.66984e+05	1.01712e+09	2.43491e+00	3.65514e+00	-6.03281e-03
1.13232e+04	1.01713e+09	6.68774e-01	5.91358e+00	5.89668e-03
1.05426e+04	1.01714e+09	1.03289e+00	4.75178e+00	-6.50261e-05
1.98889e+04	1.01716e+09	1.49002e+00	1.14230e-01	-3.44096e-03
1.32143e+04	1.01718e+09	1.92810e-01	8.48668e-01	-8.62203e-03
2.94007e+04	1.01721e+09	1.11695e+00	5.86056e+00	5.82026e-03
3.56680e+04	1.01724e+09	1.96055e+00	4.92094e+00	8.38435e-03
2.83545e+05	1.01753e+09	1.16012e+00	4.60092e+00	-8.15731e-03
1.75494e+04	1.01754e+09	7.22536e-01	1.07068e+00	8.83978e-03
1.07997e+04	1.01755e+09	9.15141e-01	9.64794e-01	-4.01114e-03
4.98628e+04	1.01760e+09	4.07234e-01	3.19477e+00	-6.04110e-04
1.47692e+04	1.01762e+09	1.19646e+00	4.52555e+00	8.28421e-03
1.08487e+04	1.01763e+09	1.01616e+00	5.81359e+00	8.69936e-04
2.07785e+04	1.01765e+09	2.73861e+00	2.73291e+00	1.72705e-03
1.38315e+04	1.01766e+09	1.46681e+00	5.06610e+00	-3.91319e-03
5.06716e+04	1.01772e+09	4.22120e-02	5.50518e+00	-2.66331e-03
1.14474e+04	1.01773e+09	8.47787e-01	9.92141e-01	-3.11165e-03
1.03887e+04	1.01774e+09	9.28147e-01	4.33584e+00	-5.35234e-03
6.85318e+04	1.01781e+09	8.44765e-01	1.83674e+00	7.06353e-04
1.15899e+04	1.01782e+09	1.18039e+00	1.90292e+00	6.71446e-03
1.13458e+04	1.01783e+09	7.09894e-01	4.63736e+00	7.45637e-04
2.33038e+04	1.01785e+09	7.02678e-01	3.74451e+00	-3.09175e-03
3.44144e+04	1.01789e+09	3.43897e-01	2.72981e+00	-9.83128e-03
1.03470e+04	1.01790e+09	1.41808e+00	2.62958e+00	9.30421e-03
2.37843e+04	1.01792e+09	2.66612e+00	5.83224e+00	-2.84276e-03
6.26669e+04	1.01798e+09	8.38782e-01	2.65338e+00	-8.35750e-03
1.31927e+04	1.01800e+09	6.06096e-01	2.94479e+00	-7.89918e-04
5.53253e+04	1.01805e+09	1.73463e+00	1.30823e+00	4.42121e-03
1.05198e+06	1.01910e+09	1.02838e+00	3.95465e+00	8.26235e-03
1.93152e+05	1.01930e+09	6.98551e-01	2.13811e-01	9.93136e-03
1.81372e+04	1.01932e+09	5.82169e-01	4.42962e+00	3.00869e-03
1.33349e+04	1.01933e+09	1.47284e+00	2.80302e+00	5.02507e-03
1.07040e+04	1.01934e+09	2.67729e-01	1.07410e+00	9.93744e-03
6.89762e+04	1.01941e+09	1.51057e+00	1.53582e+00	2.48118e-03
4.02883e+04	1.01945e+09	2.17281e+00	8.38419e-01	-4.01332e-03
1.77650e+04	1.01947e+09	1.08862e+00	9.19672e-01	-4.11138e-03
1.41451e+04	1.01948e+09	8.29378e-01	4.65520e+00	-4.54400e-03
1.65984e+04	1.01950e+09	2.79016e-01	2.32270e+00	-5.30416e-03
4.45554e+04	1.01954e+09	9.51683e-01	3.84073e+00	6.47543e-03
4.27409e+04	1.01958e+09	6.96226e-01	4.87720e+00	-9.92123e-03
3.05739e+04	1.01961e+09	1.66867e+00	5.50695e+00	-3.86706e-03
1.40637e+04	1.01963e+09	9.81767e-01	3.69328e+00	-2.60633e-03
4.27289e+04	1.01967e+09	2.64535e+00	2.91406e+00	-9.21759e-04
1.18626e+06	1.02086e+09	1.10817e+00	1.91016e+00	2.98209e-03
2.53437e+04	1.02088e+09	2.12142e+00	5.66949e+00	9.25633e-03
1.25031e+04	1.02090e+09	1.96516e+00	1.26437e+00	-7.19610e-04
1.19700e+04	1.02091e+09	8.44461e-01	8.11620e-01	-4.82050e-03
1.96129e+04	1.02093e+09	1.52268e+00	3.10236e+00	4.78293e-03
9.96417e+04	1.02103e+09	1.46386e+00	2.43181e+00	-4.59913e-03
3.44408e+04	1.02106e+09	4.65699e-01	5.07805e+00	6.38905e-03
2.49273e+04	1.02109e+09	2.33795e+00	4.61653e+00	4.84141e-03
2.19350e+04	1.02111e+09	1.80385e+00	3.80167e+00	1.10564e-03
1.49773e+04	1.02112e+09	5.87040e-01	7.17597e-01	-4.49120e-03
1.43182e+05	1.02127e+09	3.88234e+00	1.90919e+00	2.61905e-03
1.19816e+04	1.02128e+09	2.76805e+00	5.76630e+00	7.22859e-03
1.60148e+04	1.02129e+09	1.09001e+00	4.16796e+00	4.71006e-03
1.82609e+04	1.02131e+09	7.38186e-01	2.55302e+00	-1.29528e-03
6.38427e+04	1.02138e+09	3.10514e+00	2.66173e+00	8.68116e-03
1.13502e+04	1.02139e+09	4.53985e-01	1.63941e+00	8.46226e-04
1.00075e+04	1.02140e+09	2.03278e+00	4.26762e+00	4.60454e-03
9.30160e+04	1.02149e+09	4.34560e-01	2.31342e+00	-6.28812e-03
2.99055e+04	1.02152e+09	1.38939e+00	5.89049e+00	-9.88925e-04
2.76271e+05	1.02180e+09	1.85246e+00	4.56553e-02	-2.31245e-03
1.87734e+06	1.02367e+09	4.40890e+00	4.76162e+00	-2.28794e-03
2.15058e+04	1.02370e+09	2.22837e+00	4.72255e+00	6.19900e-03
2.12098e+04	1.02372e+09	3.66213e+00	1.90467e-01	-6.04246e-03
1.09515e+06	1.02481e+09	2.02329e+00	1.44229e+00	-6.27876e-03
1.09072e+05	1.02492e+09	9.13267e-01	3.34591e+00	-5.59308e-03
1.61083e+04	1.02494e+09	1.76792e+00	6.08405e+00	-5.51259e-03
5.14916e+04	1.02499e+09	3.14232e+00	1.19810e+00	3.37425e-03
1.26893e+04	1.02500e+09	4.26528e+00	5.94560e+00	5.00227e-03
2.02482e+04	1.02502e+09	2.89893e-01	3.25134e+00	-3.17355e-03
1.41523e+04	1.02504e+09	1.90489e+00	2.56167e+00	-4.92418e-03
1.08910e+04	1.02505e+09	8.10519e-02	4.36872e+00	8.96798e-03
1.24579e+04	1.02506e+09	7.16556e-01	3.91041e+00	1.39937e-03
3.14471e+05	1.02537e+09	1.81642e+00	6.80895e-01	-6.09892e-03
1.85133e+04	1.02539e+09	3.76237e+00	3.72529e+00	-7.78783e-03
2.10877e+04	1.02541e+09	1.74285e+00	4.22836e+00	6.83843e-03
9.08218e+04	1.02550e+09	1.66011e-01	1.15615e+00	3.75984e-03
2.08160e+04	1.02553e+09	1.13509e+00	1.60891e+00	-5.00093e-05
1.24099e+04	1.02554e+09	1.42923e+00	3.92229e+00	-7.07946e-03
2.32396e+04	1.02556e+09	3.22385e+00	1.87771e+00	8.07250e-03
1.58608e+04	1.02558e+09	1.11924e-01	1.61085e+00	-4.79581e-03
1.15800e+04	1.02559e+09	1.54438e+00	3.36098e+00	-2.01410e-03
1.73211e+04	1.02561e+09	7.00195e-01	3.73162e+00	-2.41737e-03
2.54258e+04	1.02563e+09	2.22468e+00	3.37304e+00	2.10251e-03
1.00988e+04	1.02564e+09	5.79887e-01	9.08497e-01	7.52091e-03
1.13582e+04	1.02565e+09	2.68730e+00	2.35839e+00	8.62202e-03
3.06350e+04	1.02568e+09	3.65083e+00	1.83720e-01	2.56156e-03
3.49222e+04	1.02572e+09	2.39866e+00	5.63127e-01	-7.59621e-03
1.30668e+04	1.02573e+09	6.67461e-01	4.29342e+00	-3.05241e-03
1.32128e+04	1.02574e+09	1.15205e+00	4.64908e+00	-6.24236e-03
1.96641e+04	1.02576e+09	2.97817e+00	5.82348e+00	3.41370e-03
1.70531e+04	1.02578e+09	9.54281e-01	1.63966e+00	-4.77512e-03
9.52582e+04	1.02588e+09	8.62643e-01	5.33561e+00	-2.10986e-03
1.51550e+04	1.02589e+09	3.41307e+00	2.97685e+00	-5.57977e-03
1.69654e+04	1.02591e+09	1.69554e+00	2.32923e+00	-9.36882e-04
3.31737e+04	1.02594e+09	3.15640e-01	2.83056e+00	7.46332e-03
4.93234e+04	1.02599e+09	6.60000e-01	2.63057e+00	-9.35630e-03
1.10059e+04	1.02600e+09	1.56998e+00	3.54223e+00	5.28609e-03
1.70298e+04	1.02602e+09	5.09792e-01	4.92949e+00	5.77822e-03
1.61675e+04	1.02604e+09	2.37799e+00	3.47971e+00	-2.19879e-03
3.65026e+05	1.02640e+09	9.33400e-01	4.19917e+00	-5.07955e-03
3.18136e+04	1.02643e+09	4.30709e-01	1.01554e+00	-8.75140e-03
6.25382e+04	1.02649e+09	3.46205e+00	4.01155e+00	-5.97052e-03
1.01659e+04	1.02650e+09	7.87389e-01	5.96120e+00	2.11685e-03
7.56779e+04	1.02658e+09	8.48425e-01	1.77366e+00	6.11168e-03
2.61692e+04	1.02661e+09	2.22144e+00	2.75381e+00	-5.34097e-03
2.64378e+04	1.02663e+09	5.07245e-01	2.23833e+00	6.00826e-03
1.80488e+04	1.02665e+09	1.60485e+00	1.07268e-01	-3.16478e-03
1.51084e+04	1.02667e+09	1.47446e+00	5.32802e+00	5.44221e-03
3.53149e+04	1.02670e+09	5.28127e-01	3.08381e-03	9.84658e-03
2.91733e+04	1.02673e+09	3.09729e+00	3.88513e+00	-9.32039e-03
1.22305e+04	1.02674e+09	4.49032e+00	3.01837e+00	-5.77403e-03
1.14894e+04	1.02675e+09	9.57436e-01	1.83353e+00	-6.71111e-03
3.55319e+04	1.02679e+09	8.87919e-01	3.37222e+00	-3.05787e-03
2.06583e+04	1.02681e+09	2.02213e+00	2.34736e+00	-1.38469e-03
1.85099e+04	1.02683e+09	7.53748e-01	5.68143e+00	4.42640e-03
3.90088e+04	1.02687e+09	7.70061e-01	1.08003e+00	6.66649e-03
2.43142e+04	1.02689e+09	2.07548e+00	1.92165e-01	-6.40800e-03
5.14710e+04	1.02694e+09	3.20198e-01	5.80893e-02	3.96473e-03
1.16504e+04	1.02696e+09	2.87511e-01	2.38071e+00	6.96651e-03
1.53599e+04	1.02697e+09	2.35385e+00	1.70414e+00	3.86511e-03
1.17794e+04	1.02698e+09	2.31535e+00	1.19998e+00	9.14053e-04
5.52793e+04	1.02704e+09	7.26893e-01	1.82626e+00	6.87727e-03
1.15602e+05	1.02715e+09	6.99568e-01	1.98390e+00	9.03158e-03
7.69553e+04	1.02723e+09	2.31182e-01	2.01331e+00	-2.87102e-03
1.57737e+04	1.02725e+09	4.41541e-01	1.05565e+00	2.05040e-03
3.85618e+04	1.02728e+09	1.67661e+00	2.96733e+00	-1.11678e-03
4.24057e+04	1.02733e+09	5.79365e-01	3.49530e+00	-2.83630e-03
1.07200e+04	1.02734e+09	2.00262e+00	4.77640e+00	-4.25306e-03
1.02193e+04	1.02735e+09	2.27427e+00	2.93585e+00	-2.28186e-03
5.94744e+05	1.02794e+09	1.91290e+00	2.41964e+00	-6.32068e-03
1.21261e+04	1.02796e+09	1.37649e+00	2.22285e+00	9.00996e-03
2.11189e+04	1.02798e+09	1.28270e+00	7.90354e-02	6.62666e-03
2.29782e+05	1.02821e+09	1.86504e+00	4.56389e+00	1.69938e-03
1.39400e+05	1.02835e+09	2.76484e+00	9.28846e-02	-7.29155e-03
1.16039e+04	1.02836e+09	1.63769e+00	3.70643e+00	-6.88424e-03
1.00599e+04	1.02837e+09	2.51035e+00	6.22209e-01	-5.42467e-03
3.56500e+04	1.02840e+09	2.60129e+00	4.89080e+00	7.14288e-03
1.63799e+04	1.02842e+09	1.34173e+00	5.75981e+00	-8.64754e-03
1.32439e+04	1.02843e+09	1.36091e+00	6.18441e+00	7.32590e-04
3.60707e+04	1.02847e+09	6.83373e-01	1.41603e+00	4.63508e-03
1.88716e+04	1.02849e+09	8.34749e-01	3.21466e-01	-2.17234e-03
2.94054e+04	1.02852e+09	2.17812e+00	3.72907e+00	-3.45108e-03
1.05653e+05	1.02862e+09	1.56104e+00	5.40100e+00	-5.28495e-03
1.61993e+04	1.02864e+09	1.26083e+00	1.96394e+00	-2.95914e-03
3.18028e+04	1.02867e+09	1.24340e+00	1.91814e+00	2.39665e-03
1.92087e+04	1.02869e+09	2.38919e+00	4.83561e+00	4.82622e-03
1.80979e+04	1.02871e+09	4.30471e-01	1.77900e+00	-6.22658e-03
2.10284e+04	1.02873e+09	4.15144e-01	8.70763e-01	3.74038e-03
1.01064e+04	1.02874e+09	2.37806e+00	3.72055e+00	4.87406e-03
1.02755e+04	1.02875e+09	1.98227e+00	5.15568e+00	-7.71914e-03
2.40242e+04	1.02877e+09	3.47842e+00	2.71136e+00	8.47307e-03
1.69291e+05	1.02894e+09	1.95833e-01	1.96296e+00	5.04488e-03
1.91697e+04	1.02896e+09	1.76743e+00	6.77858e-02	4.22401e-04
4.01858e+04	1.02900e+09	3.43825e+00	1.34148e+00	-4.44731e-03
4.17828e+04	1.02904e+09	4.16588e+00	1.51359e+00	-2.66468e-03
1.07509e+04	1.02905e+09	7.92488e-01	4.31876e-01	-9.15758e-04
3.02650e+04	1.02908e+09	3.15021e+00	1.07435e+00	-5.63736e-03
1.25074e+04	1.02910e+09	4.33092e-01	1.48911e+00	6.05440e-04
2.42717e+04	1.02912e+09	3.62131e-01	7.73899e-01	5.40625e-03
1.70387e+04	1.02914e+09	1.90477e-01	2.07801e+00	-6.86717e-05
1.00928e+04	1.02915e+09	2.55370e+00	1.00872e+00	2.85948e-03
3.75865e+04	1.02919e+09	3.26662e+00	5.87432e-01	-1.04280e-03
1.95657e+04	1.02921e+09	1.81191e+00	3.33272e+00	6.62167e-03
1.08436e+04	1.02922e+09	6.42847e-01	2.71828e+00	5.29905e-03
1.58347e+04	1.02923e+09	1.85860e+00	4.95721e-01	8.46955e-03
1.65658e+04	1.02925e+09	5.18151e-01	4.84074e+00	7.65070e-03
1.15012e+04	1.02926e+09	1.32745e+00	5.21706e+00	-1.75526e-04
3.57970e+04	1.02930e+09	2.46393e+00	1.14246e+00	6.23517e-03
2.85739e+04	1.02932e+09	6.34390e-01	2.07861e+00	6.70069e-03
1.81553e+04	1.02934e+09	1.10764e+00	5.09572e+00	4.42044e-03
1.18329e+04	1.02935e+09	2.45108e+00	3.00416e+00	-5.84584e-03
1.14135e+04	1.02937e+09	2.40518e+00	6.94452e-01	5.54433e-03
1.99947e+04	1.02939e+09	1.82482e+00	5.59465e+00	8.95009e-03
1.68982e+04	1.02940e+09	1.75912e+00	2.16010e+00	4.06565e-03
4.16261e+04	1.02944e+09	4.29241e-01	5.02642e+00	4.73006e-03
2.73816e+04	1.02947e+09	3.19706e+00	6.22098e-01	-3.72358e-04
1.00749e+05	1.02957e+09	6.84006e-01	4.37352e+00	-4.30741e-03
1.17583e+04	1.02958e+09	2.39341e+00	9.27634e-01	8.65565e-03
1.22572e+04	1.02960e+09	7.17024e-01	4.19881e+00	-2.20897e-03
2.98701e+04	1.02963e+09	1.37565e+00	5.61541e-01	4.79725e-03
1.06134e+04	1.02964e+09	1.31902e+00	1.73652e-01	2.36855e-03
1.59184e+04	1.02965e+09	5.57840e-01	7.17444e-01	-7.32639e-03
1.61007e+04	1.02967e+09	2.07119e+00	4.25007e+00	8.52712e-03
1.27300e+04	1.02968e+09	1.05700e+00	1.30231e+00	-4.62681e-06
1.47958e+04	1.02970e+09	2.59985e+00	4.34168e+00	5.70729e-05
5.02290e+04	1.02975e+09	3.68271e-01	2.61893e+00	3.07708e-03
1.03874e+06	1.03079e+09	2.88789e+00	1.23962e+00	2.60600e-03
1.20920e+04	1.03080e+09	2.75003e+00	4.48627e+00	-9.99606e-03
3.54076e+04	1.03083e+09	3.96318e+00	5.86194e+00	6.16657e-03
1.19878e+04	1.03085e+09	3.51768e+00	1.41507e+00	-3.62909e-03
1.12845e+04	1.03086e+09	2.89943e-01	4.16008e+00	-8.64509e-04
3.82268e+04	1.03089e+09	7.55277e-01	1.11719e+00	-3.84009e-03
1.84871e+04	1.03091e+09	2.15504e+00	5.46279e+00	-4.60182e-03
7.80082e+04	1.03099e+09	2.46518e+00	3.90009e+00	5.56415e-03
2.24030e+04	1.03101e+09	1.32740e+00	1.70256e+00	-1.13542e-03
1.17315e+04	1.03103e+09	1.34775e+00	3.44899e+00	9.22142e-03
1.31948e+04	1.03104e+09	2.15005e+00	4.10853e+00	7.98517e-03
1.67921e+05	1.03121e+09	7.64651e-01	4.93603e+00	3.83368e-03
6.03038e+04	1.03127e+09	1.12614e+00	3.17857e+00	-9.33323e-03
1.46499e+04	1.03128e+09	2.81132e+00	1.49350e+00	-1.45819e-03
1.91739e+04	1.03130e+09	4.02766e-01	6.19324e+00	-5.82974e-03
9.04125e+04	1.03139e+09	8.92169e-01	4.63773e+00	5.83317e-03
3.19842e+04	1.03142e+09	2.26998e+00	1.41056e+00	-9.26640e-03
1.06894e+04	1.03143e+09	2.46141e-01	3.54961e+00	3.14511e-03
1.40601e+04	1.03145e+09	2.17737e+00	4.69505e+00	7.53043e-03
1.07924e+04	1.03146e+09	1.40101e+00	5.14753e+00	-7.81966e-03
3.62345e+04	1.03149e+09	6.90274e-01	6.07316e+00	-3.21055e-03
1.79171e+04	1.03151e+09	3.26548e+00	1.48049e+00	1.28128e-03
1.95114e+04	1.03153e+09	3.21206e+00	2.89324e+00	-9.60428e-03
1.83552e+04	1.03155e+09	7.36065e-01	5.93363e+00	-6.07828e-03
1.46910e+04	1.03157e+09	3.63221e+00	1.99154e+00	-1.00614e-03
2.09943e+05	1.03178e+09	9.90504e-01	4.20138e+00	-5.61838e-03
1.15814e+04	1.03179e+09	2.41001e+00	6.16802e+00	-2.51824e-03
5.34393e+04	1.03184e+09	2.08692e+00	3.64969e+00	9.30896e-03
1.19866e+05	1.03196e+09	1.08305e+00	2.34123e+00	-9.07303e-03
3.71387e+04	1.03200e+09	2.11309e+00	1.22329e+00	-3.95135e-03
2.97360e+04	1.03203e+09	1.77234e+00	2.39967e+00	-5.43226e-03
4.14825e+04	1.03207e+09	1.83133e+00	5.30783e+00	5.64555e-03
9.56253e+04	1.03216e+09	2.53236e+00	5.67913e-01	9.20847e-03
1.55102e+04	1.03218e+09	1.88617e+00	1.17389e+00	-4.16394e-03
1.62756e+04	1.03220e+09	6.28068e-01	3.88147e+00	3.59987e-03
1.32659e+04	1.03221e+09	1.92959e+00	1.88759e+00	-5.38924e-03
1.48573e+04	1.03222e+09	1.23799e+00	3.60162e+00	-1.59533e-03
1.05995e+04	1.03223e+09	9.72471e-01	5.38208e+00	-1.94276e-03
1.42895e+04	1.03225e+09	1.14230e+00	3.07171e+00	1.76656e-03
1.15318e+05	1.03236e+09	1.29312e+00	5.86554e+00	1.28904e-03
1.03292e+04	1.03237e+09	2.75684e+00	7.01463e-01	-2.49429e-03
3.46297e+04	1.03241e+09	5.77421e-01	4.41644e+00	3.03941e-03
1.00579e+04	1.03242e+09	8.65908e-01	1.74191e+00	-4.29832e-03
1.31674e+04	1.03243e+09	2.86379e+00	4.51547e+00	8.27401e-04
1.08697e+04	1.03244e+09	1.60908e+00	2.20698e+00	9.57326e-03
9.40475e+04	1.03254e+09	2.13308e+00	2.16131e+00	8.03193e-03
9.93476e+04	1.03264e+09	2.40205e+00	4.75345e+00	1.05978e-03
3.88330e+04	1.03268e+09	7.30382e-01	5.29956e+00	-5.21099e-03
1.74480e+04	1.03269e+09	2.69724e+00	2.53191e-01	3.18954e-03
1.36442e+04	1.03271e+09	1.72084e+00	5.29992e+00	-9.44593e-03
1.31056e+04	1.03272e+09	8.27153e-01	5.38808e+00	-2.64239e-03
1.10530e+04	1.03273e+09	1.92050e+00	4.43490e+00	4.02612e-03
1.26470e+04	1.03274e+09	1.04372e+00	1.45011e-01	4.79190e-04
1.06704e+04	1.03275e+09	6.07316e-01	5.53647e+00	6.61270e-03
3.89120e+04	1.03279e+09	1.06064e+00	1.21665e+00	1.79928e-04
2.14831e+04	1.03281e+09	4.61538e-01	1.42552e+00	3.03956e-03
1.66882e+04	1.03283e+09	2.83058e+00	3.00299e+00	-2.81243e-03
1.39669e+04	1.03285e+09	4.07940e-01	3.65988e-01	-7.07317e-03
1.59205e+05	1.03300e+09	3.36023e+00	4.69610e-01	5.25249e-03
9.08680e+04	1.03310e+09	4.50534e-01	4.66490e+00	-1.59957e-03
1.34367e+05	1.03323e+09	1.31655e+00	3.50637e+00	-8.96623e-03
1.30473e+04	1.03324e+09	1.59957e+00	2.73046e+00	9.70466e-03
1.38452e+04	1.03326e+09	5.23384e-01	4.59890e+00	-2.54090e-03
2.41568e+04	1.03328e+09	1.11765e+00	2.10328e+00	1.66919e-03
3.01770e+05	1.03358e+09	1.53418e+00	3.80104e+00	4.22990e-03
1.17020e+05	1.03370e+09	3.92754e+00	2.43625e+00	-7.65409e-03
3.17403e+04	1.03373e+09	5.66827e-01	5.71702e+00	-9.76203e-03
5.30787e+04	1.03378e+09	1.27553e+00	2.48150e+00	-8.93877e-03
2.58808e+05	1.03404e+09	2.92732e+00	3.36951e+00	6.97058e-03
5.87127e+04	1.03410e+09	1.47419e+00	4.58638e+00	-5.58608e-03
4.29007e+04	1.03414e+09	3.28616e-01	5.46600e+00	7.36345e-03
4.09707e+04	1.03419e+09	1.27161e+00	2.83710e+00	-7.32612e-03
1.72773e+04	1.03420e+09	9.35213e-01	8.35306e-01	-4.06464e-03
2.60994e+04	1.03423e+09	4.05768e+00	2.58483e+00	-6.84745e-03
9.26528e+04	1.03432e+09	1.13403e+00	2.38484e+00	4.77061e-03
1.13994e+04	1.03433e+09	1.80418e+00	5.59458e+00	-1.51698e-03
1.69676e+04	1.03435e+09	1.85017e+00	5.83717e-01	-9.71618e-04
3.53604e+04	1.03439e+09	3.01217e-01	1.82337e-01	6.44221e-03
2.07122e+04	1.03441e+09	2.52400e+00	2.39123e+00	-3.64160e-03
1.45874e+04	1.03442e+09	3.06537e+00	2.97404e-02	-1.85169e-03
2.65467e+04	1.03445e+09	1.54296e+00	2.11653e+00	4.84429e-03
6.44862e+04	1.03451e+09	7.66991e-01	2.21298e+00	-9.80412e-03
4.85764e+04	1.03456e+09	3.30466e+00	2.22628e+00	3.68983e-03
8.83975e+04	1.03465e+09	1.79311e+00	5.26440e+00	5.04875e-03
7.56096e+04	1.03472e+09	2.82854e+00	4.83338e+00	4.63132e-03
1.18638e+04	1.03474e+09	1.07581e+00	2.29871e+00	-9.38186e-03
7.82825e+04	1.03481e+09	7.11984e-01	5.28386e+00	-7.03552e-03
1.62232e+04	1.03483e+09	1.14289e+00	3.70360e+00	-7.40686e-03
4.01352e+04	1.03487e+09	8.43330e-01	4.78315e+00	-2.72772e-04
1.00402e+05	1.03497e+09	1.49293e+00	4.23853e+00	7.82899e-03
1.01257e+04	1.03498e+09	2.46625e+00	4.08715e+00	-2.33857e-03
1.54096e+04	1.03500e+09	2.76705e+00	2.19182e+00	7.76396e-03
1.73740e+04	1.03501e+09	1.94820e+00	4.60121e+00	-3.33839e-03
5.53516e+04	1.03507e+09	2.23078e+00	5.05066e+00	-2.17596e-03
1.69046e+04	1.03509e+09	2.01096e+00	2.86599e-01	4.04776e-03
5.31941e+04	1.03514e+09	1.80796e+00	5.97196e+00	2.71546e-03
3.50664e+04	1.03517e+09	1.80372e+00	5.96753e+00	-8.61650e-03
4.61774e+04	1.03522e+09	1.74667e+00	4.51508e+00	6.48085e-03
1.23718e+04	1.03523e+09	3.22192e+00	7.22671e-01	-2.27202e-03
1.02617e+04	1.03524e+09	2.77416e+00	3.32874e+00	4.33402e-03
1.23012e+04	1.03526e+09	1.14010e+00	1.35179e-02	-8.18049e-03
1.53976e+04	1.03527e+09	1.21447e+00	2.47941e+00	-8.40862e-03
4.05566e+04	1.03531e+09	1.63542e+00	5.20343e+00	-6.05745e-03
5.97162e+04	1.03537e+09	4.64283e-01	1.61650e-01	2.12068e-03
1.27976e+04	1.03538e+09	2.33021e+00	4.44874e+00	-9.71524e-03
1.00980e+04	1.03539e+09	1.59213e+00	3.03954e+00	-4.17833e-03
1.35031e+04	1.03541e+09	9.58776e-01	6.00871e+00	-9.39020e-03
1.74339e+04	1.03543e+09	5.93925e-01	5.62452e+00	-3.42188e-03
1.74739e+04	1.03544e+09	2.29524e+00	2.24899e+00	-6.36676e-03
4.72050e+05	1.03591e+09	1.22885e+00	4.00484e+00	5.86230e-03
1.60342e+04	1.03593e+09	1.89792e+00	2.61174e+00	-4.00501e-03
4.39136e+04	1.03597e+09	1.65389e+00	2.54417e-01	9.94153e-04
1.42038e+05	1.03612e+09	2.27621e+00	1.82418e+00	9.81732e-03
3.65982e+04	1.03615e+09	1.22836e+00	3.30375e+00	-2.05418e-03
2.70172e+05	1.03642e+09	1.13842e+00	5.90357e+00	8.22963e-03
1.17245e+04	1.03644e+09	2.41357e+00	2.71416e+00	-9.20572e-03
2.12416e+04	1.03646e+09	1.44558e+00	3.01320e+00	9.10891e-03
1.71792e+04	1.03647e+09	5.47046e-01	3.99144e+00	9.45700e-03
1.17302e+04	1.03649e+09	1.50276e+00	2.77663e+00	-1.81796e-03
1.95352e+04	1.03650e+09	1.90319e+00	6.01699e+00	-6.49630e-03
1.19224e+04	1.03652e+09	1.74324e+00	2.54158e+00	1.24242e-03
6.62126e+04	1.03658e+09	2.10010e+00	2.45652e+00	2.47357e-03
1.77010e+05	1.03676e+09	1.37917e+00	3.80345e+00	5.28769e-03
2.50135e+04	1.03678e+09	2.74642e+00	2.45890e+00	-4.53503e-03
2.84052e+04	1.03681e+09	1.22668e+00	6.03198e+00	9.34244e-03
1.26784e+04	1.03683e+09	3.44182e+00	5.93533e+00	4.13589e-03
2.44381e+04	1.03685e+09	1.02019e+00	2.28145e+00	-8.91232e-03
1.24997e+04	1.03686e+09	1.16183e+00	5.19101e+00	6.12218e-03
3.95019e+04	1.03690e+09	5.09322e-01	3.42666e+00	-3.97521e-03
1.03261e+04	1.03691e+09	4.02381e+00	3.20661e+00	-1.04760e-03
1.95992e+05	1.03711e+09	1.50849e+00	5.79747e-01	7.67776e-03
2.05881e+04	1.03713e+09	4.87664e-01	3.37128e+00	-1.11816e-03
1.19809e+04	1.03714e+09	9.84726e-01	4.75535e+00	-2.62298e-03
4.84575e+04	1.03719e+09	3.35679e+00	4.83543e+00	5.11975e-03
1.51611e+05	1.03734e+09	4.62225e-01	1.51076e+00	1.65514e-03
2.78794e+04	1.03737e+09	6.09787e-01	4.10923e+00	7.76796e-03
2.10540e+04	1.03739e+09	2.51755e+00	1.94002e+00	1.47363e-03
1.18914e+04	1.03740e+09	1.04020e+00	3.95917e+00	-1.34726e-04
1.20918e+04	1.03741e+09	8.97652e-01	6.00336e+00	-3.03060e-03
1.97723e+05	1.03761e+09	1.75959e-01	4.28567e+00	4.40765e-03
2.27964e+05	1.03784e+09	1.86760e+00	1.66402e+00	2.03133e-03
2.08726e+04	1.03786e+09	4.94105e-01	2.47319e+00	-2.55635e-03
1.24068e+04	1.03787e+09	1.85813e+00	4.40022e+00	7.32895e-03
1.18772e+04	1.03789e+09	2.17641e+00	3.73359e+00	-2.16277e-03
1.26891e+04	1.03790e+09	3.56471e+00	4.44395e+00	-5.37856e-03
1.33086e+04	1.03791e+09	2.26863e-01	1.24395e+00	-8.81610e-03
4.34972e+04	1.03795e+09	1.13084e+00	4.57618e-02	6.65924e-03
1.31413e+04	1.03797e+09	1.36241e+00	3.05772e+00	-4.32041e-03
1.07767e+04	1.03798e+09	2.87601e+00	3.59679e+00	-6.40491e-05
1.72404e+04	1.03800e+09	3.81891e-01	1.20616e+00	3.13598e-03
3.26882e+04	1.03803e+09	7.01653e-01	4.13378e+00	-8.93607e-03
1.78170e+05	1.03821e+09	1.32059e+00	2.31077e+00	7.13724e-03
1.16827e+04	1.03822e+09	8.59212e-01	1.74282e+00	9.70128e-04
2.94575e+04	1.03825e+09	4.60850e-01	3.29722e+00	4.27033e-03
1.61019e+05	1.03841e+09	8.47803e-01	5.28363e+00	6.15155e-03
1.16052e+04	1.03842e+09	1.39893e+00	1.97339e+00	-2.86450e-04
1.16273e+04	1.03843e+09	1.38049e+00	2.79071e-01	8.85406e-03
1.69249e+04	1.03845e+09	6.08973e-01	3.04086e+00	-7.04447e-03
1.47594e+04	1.03846e+09	1.12901e+00	2.45469e+00	-7.18261e-03
1.98059e+04	1.03848e+09	1.79775e+00	5.88587e-01	-9.61784e-03
1.64054e+05	1.03865e+09	2.24928e+00	2.05767e-01	-6.45346e-03
2.28294e+06	1.04093e+09	4.26637e+00	1.35777e+00	-8.27309e-03
2.02980e+04	1.04095e+09	1.35251e+00	5.99590e+00	-4.71408e-03
1.68120e+04	1.04097e+09	2.49100e+00	1.15448e-01	-1.46531e-03
1.08266e+04	1.04098e+09	5.34744e-01	4.02922e+00	-4.08009e-03
6.32313e+04	1.04104e+09	3.28867e+00	6.21997e+00	1.96532e-03
1.93201e+04	1.04106e+09	3.11058e+00	2.87990e+00	-2.96162e-04
1.31483e+04	1.04107e+09	1.62461e+00	4.58447e+00	7.43017e-03
1.14567e+04	1.04109e+09	1.80840e+00	1.52593e+00	9.21066e-03
2.53740e+04	1.04111e+09	1.05054e+00	1.63381e+00	9.28446e-03
1.53585e+04	1.04113e+09	2.95357e+00	5.30493e+00	5.44493e-03
1.49945e+04	1.04114e+09	1.64222e-01	1.52964e+00	-8.58887e-03
3.75152e+04	1.04118e+09	2.84223e+00	5.89369e+00	-8.93709e-03
1.37385e+05	1.04132e+09	5.77107e-01	6.26938e+00	2.29714e-03
1.05592e+04	1.04133e+09	8.01958e-01	2.96829e+00	-1.41428e-03
2.10538e+04	1.04135e+09	1.19621e+00	1.52529e+00	-2.38742e-03
1.83732e+04	1.04137e+09	2.16302e+00	2.93097e+00	8.26302e-03
8.56946e+04	1.04145e+09	7.27867e-01	5.92173e+00	9.41072e-03
1.73753e+04	1.04147e+09	2.79173e-01	3.86237e+00	8.76101e-03
1.61263e+04	1.04149e+09	5.18973e-01	5.44586e+00	-5.69373e-03
2.68803e+04	1.04151e+09	5.02298e-01	1.82141e+00	-8.31523e-03
1.39947e+04	1.04153e+09	3.41387e+00	3.30827e+00	-2.63372e-03
2.97725e+05	1.04182e+09	3.22321e+00	1.72001e+00	3.43302e-03
1.42598e+05	1.04197e+09	2.07679e+00	4.42793e+00	-2.53900e-03
2.71572e+04	1.04199e+09	1.65447e+00	4.53233e+00	-4.69226e-03
1.43438e+04	1.04201e+09	7.69220e-01	5.11397e+00	2.49527e-03
3.44026e+04	1.04204e+09	3.22159e+00	3.58025e+00	9.04530e-03
1.27098e+04	1.04206e+09	2.76087e+00	6.11503e+00	-4.45623e-03
1.29524e+04	1.04207e+09	4.23074e+00	3.00617e+00	-2.01051e-03
1.36305e+04	1.04208e+09	4.16158e+00	6.00967e+00	-5.60897e-03
3.38872e+04	1.04212e+09	2.80790e+00	5.68845e+00	7.04378e-03
2.39762e+04	1.04214e+09	2.61900e+00	4.05338e+00	4.69277e-03
2.47416e+04	1.04216e+09	1.97778e+00	1.73411e+00	3.90751e-03
2.75091e+04	1.04219e+09	1.45692e+00	5.45628e+00	9.62746e-04
2.22315e+04	1.04221e+09	7.73156e-01	3.39126e+00	-6.69979e-03
6.77464e+05	1.04289e+09	2.67510e+00	6.00697e+00	3.75411e-03
1.11774e+04	1.04290e+09	5.43200e-01	5.31992e-01	1.33845e-03
1.61298e+04	1.04292e+09	3.65106e+00	6.11435e+00	-4.01596e-03
1.21309e+04	1.04293e+09	3.92143e+00	1.37272e+00	4.19400e-03
6.75927e+04	1.04300e+09	1.56679e+00	4.83842e+00	-8.16148e-03
2.19200e+04	1.04302e+09	1.66834e+00	4.69656e+00	7.72474e-03
3.17218e+04	1.04305e+09	2.70558e+00	4.23333e+00	9.74397e-03
1.74606e+04	1.04307e+09	6.33445e-01	3.19321e+00	8.56923e-03
3.97133e+04	1.04311e+09	2.95193e+00	1.53168e+00	-9.97567e-03
6.65080e+04	1.04318e+09	5.64309e-01	2.54825e+00	4.19262e-03
1.86295e+04	1.04319e+09	2.23933e+00	2.02502e+00	7.55556e-03
1.89516e+04	1.04321e+09	2.10009e+00	5.14226e+00	-2.64704e-03
2.00148e+04	1.04323e+09	1.64615e+00	6.22389e+00	-8.41512e-03
3.12508e+04	1.04326e+09	4.55935e-01	5.29621e+00	4.94900e-03
2.85596e+04	1.04329e+09	5.56146e-01	1.45121e-01	-9.33239e-03
1.67230e+05	1.04346e+09	3.45396e-01	1.33565e-02	9.58213e-03
1.63143e+05	1.04362e+09	3.08776e+00	4.90632e+00	3.51731e-03
1.02496e+04	1.04363e+09	5.99827e-01	4.40316e+00	4.28124e-03
1.77486e+04	1.04365e+09	1.54579e+00	4.50559e+00	8.21148e-03
5.49414e+04	1.04371e+09	1.58456e+00	1.65375e+00	-7.51866e-03
4.17803e+04	1.04375e+09	8.96866e-01	3.52258e+00	4.99090e-03
1.10891e+04	1.04376e+09	6.29153e-01	2.73633e+00	-4.85409e-03
1.01315e+04	1.04377e+09	2.26406e+00	3.13239e+00	3.65435e-03
1.03696e+04	1.04378e+09	9.17799e-01	1.52047e+00	5.66235e-03
1.49524e+05	1.04393e+09	2.16503e+00	8.29412e-01	2.51822e-03
1.41432e+04	1.04394e+09	9.34236e-01	3.98148e+00	3.39563e-03
2.83975e+04	1.04397e+09	8.63269e-01	1.01150e+00	-1.04419e-03
3.20722e+05	1.04429e+09	8.24089e-01	2.99320e+00	-3.36457e-03
1.32931e+05	1.04443e+09	1.50526e+00	1.74929e-01	2.35412e-03
1.10731e+04	1.04444e+09	1.45733e+00	1.85328e+00	6.71301e-03
1.65383e+04	1.04445e+09	6.25279e-01	3.92373e+00	-6.18503e-03
2.84121e+04	1.04448e+09	1.41542e+00	3.15363e+00	5.92688e-03
1.09173e+04	1.04449e+09	2.03160e+00	1.65069e+00	9.08768e-03
3.78553e+04	1.04453e+09	5.88378e-01	1.75744e+00	9.13703e-03
1.11040e+04	1.04454e+09	5.27908e-01	1.80074e+00	9.80428e-03
1.39387e+04	1.04456e+09	6.04668e-01	5.57828e+00	-4.52946e-03
1.02221e+05	1.04466e+09	9.49472e-01	2.11988e+00	-7.54566e-03
1.56288e+04	1.04467e+09	6.38651e-01	1.30786e+00	-1.78937e-03
2.21969e+04	1.04470e+09	1.76387e+00	1.78791e+00	6.30702e-04
3.08364e+04	1.04473e+09	1.83079e+00	3.27349e+00	-1.90105e-04
3.16903e+04	1.04476e+09	1.84737e+00	1.23576e+00	-3.57958e-03
1.63915e+04	1.04477e+09	1.76836e-01	5.07189e+00	-3.67248e-03
5.77573e+04	1.04483e+09	8.11673e-01	3.46452e+00	-8.86629e-03
1.05813e+04	1.04484e+09	2.65811e+00	1.30019e+00	2.75239e-03
3.04247e+04	1.04487e+09	1.86965e+00	1.36270e+00	-4.79856e-03
1.02912e+05	1.04498e+09	1.35085e+00	8.84364e-01	-7.09709e-03
2.10871e+04	1.04500e+09	1.90381e+00	4.58069e+00	-1.04018e-03
1.26535e+04	1.04501e+09	9.86201e-01	3.12630e+00	-8.28410e-05
2.90390e+04	1.04504e+09	1.20284e+00	5.64764e+00	-2.93213e-03
1.14826e+04	1.04505e+09	3.80783e+00	4.20696e+00	-7.69835e-03
1.17366e+04	1.04506e+09	2.75174e-01	4.61658e+00	-8.20451e-03
2.49103e+04	1.04509e+09	8.74287e-01	2.17664e+00	4.62653e-03
2.71231e+04	1.04511e+09	1.13422e+00	1.80669e+00	1.01924e-03
3.58334e+04	1.04515e+09	1.41907e+00	4.25303e+00	2.76437e-03
5.14614e+04	1.04520e+09	2.90637e-01	3.82754e+00	8.88128e-04
2.56229e+04	1.04523e+09	5.33307e-01	6.17368e+00	-1.92160e-03
1.83613e+04	1.04525e+09	7.18284e-01	4.69449e+00	7.83531e-04
2.46877e+04	1.04527e+09	1.06956e+00	5.97789e+00	1.58424e-03
1.12808e+04	1.04528e+09	3.26591e+00	2.15610e+00	1.99955e-03
6.85196e+04	1.04535e+09	2.49623e+00	2.65013e+00	-5.63726e-03
1.56811e+04	1.04537e+09	1.34244e+00	4.34484e+00	-8.60519e-04
1.03416e+04	1.04538e+09	1.05227e+00	2.42994e+00	-5.69519e-03
2.60558e+04	1.04540e+09	4.39587e-01	4.44165e+00	-2.12322e-03
2.63131e+04	1.04543e+09	1.50376e+00	1.58699e+00	7.78389e-03
8.17814e+05	1.04625e+09	4.94692e-01	4.74953e+00	6.72246e-03
5.07007e+04	1.04630e+09	1.02544e+00	4.87689e+00	3.17854e-03
2.23240e+04	1.04632e+09	6.22221e-01	6.28190e+00	7.48645e-04
9.56113e+04	1.04642e+09	2.76444e+00	2.64086e+00	1.90254e-03
8.22972e+04	1.04650e+09	2.19195e-01	5.85524e+00	-9.46858e-03
1.75432e+04	1.04651e+09	2.31302e+00	4.41512e+00	-1.78077e-03
1.20596e+04	1.04653e+09	1.09367e+00	4.59182e-01	-9.61163e-03
1.43196e+04	1.04654e+09	2.47253e+00	6.13603e+00	9.99669e-03
1.54835e+04	1.04656e+09	2.77539e+00	6.25928e+00	9.20680e-04
1.48628e+04	1.04657e+09	1.72129e+00	3.97615e+00	9.28257e-03
1.13257e+04	1.04658e+09	5.57670e-01	3.42099e+00	-1.93425e-03
5.86907e+04	1.04664e+09	1.30429e+00	3.46002e-01	3.90033e-03
1.15098e+04	1.04665e+09	2.12218e+00	2.16514e+00	7.48263e-03
2.96597e+04	1.04668e+09	2.09066e+00	1.50707e+00	3.10752e-03
3.92211e+05	1.04707e+09	4.07020e-01	1.24943e+00	-4.75267e-03
1.30459e+04	1.04709e+09	6.58826e-01	2.02259e+00	-9.65093e-03
1.27040e+04	1.04710e+09	7.12269e-01	2.14155e+00	1.97263e-03
1.29263e+04	1.04711e+09	2.46531e-01	2.26824e-01	-5.34711e-03
2.26385e+04	1.04714e+09	2.37917e+00	3.46164e+00	-3.77663e-03
7.39059e+05	1.04788e+09	1.03872e+00	4.94333e+00	-9.32204e-03
1.16685e+04	1.04789e+09	1.97060e+00	2.55710e+00	-9.36238e-04
1.04418e+04	1.04790e+09	1.29507e+00	5.28359e+00	-8.51117e-05
1.53733e+04	1.04791e+09	1.60667e+00	6.93206e-01	-3.97735e-03
1.26128e+04	1.04793e+09	2.07963e+00	4.80336e+00	-9.70969e-03
1.29133e+04	1.04794e+09	2.65221e+00	4.71485e+00	-4.24434e-04
1.03331e+05	1.04804e+09	1.64390e+00	1.45870e+00	-5.50892e-03
1.08754e+04	1.04805e+09	1.50778e+00	1.93118e+00	3.36194e-03
1.55664e+04	1.04807e+09	1.83572e+00	2.64598e+00	-5.26915e-03
3.11782e+04	1.04810e+09	9.72075e-01	5.29039e+00	6.19066e-04
2.15116e+04	1.04812e+09	2.09374e+00	2.10456e+00	3.37299e-03
2.28401e+04	1.04814e+09	2.75218e+00	2.97277e+00	-3.83364e-03
1.03278e+04	1.04815e+09	1.12836e+00	5.93952e-01	3.16253e-03
2.87999e+04	1.04818e+09	1.59023e+00	5.20842e+00	8.75027e-03
7.62131e+04	1.04826e+09	1.89800e+00	4.99336e+00	7.13902e-03
4.06796e+04	1.04830e+09	1.39394e+00	2.98618e+00	-6.46358e-03
2.29519e+05	1.04853e+09	1.05439e+00	1.47296e+00	1.93095e-03
1.17021e+04	1.04854e+09	3.11581e+00	5.47518e+00	-7.18666e-03
3.81980e+04	1.04858e+09	3.34768e+00	1.85400e+00	1.28068e-03
2.93946e+04	1.04861e+09	4.35341e-01	4.09710e-01	-6.99086e-03
2.04194e+05	1.04881e+09	4.98975e-01	3.33688e+00	-3.49523e-04
1.63896e+05	1.04898e+09	7.72003e-01	4.99316e+00	3.73690e-03
1.45698e+04	1.04899e+09	7.85102e-01	5.99859e+00	3.39585e-03
2.86251e+04	1.04902e+09	1.73536e-01	2.94019e+00	-6.28429e-03
2.52388e+04	1.04905e+09	1.63430e+00	3.49571e+00	-9.50614e-03
1.92206e+05	1.04924e+09	4.13288e-01	1.14932e+00	5.51006e-03
1.58272e+04	1.04925e+09	2.42895e+00	3.97801e+00	5.71285e-03
3.89634e+04	1.04929e+09	1.76578e+00	6.19593e-01	6.27017e-03
7.06535e+04	1.04936e+09	7.55692e-01	2.45045e+00	6.52062e-03
1.31498e+04	1.04938e+09	6.30223e-02	1.39171e+00	-4.10716e-03
1.00829e+04	1.04939e+09	1.20283e+00	7.86195e-01	-2.46777e-04
2.97680e+04	1.04942e+09	8.74004e-01	8.31987e-01	-5.70304e-03
2.79412e+04	1.04944e+09	1.83515e+00	2.43825e+00	-1.42192e-03
1.55795e+04	1.04946e+09	7.69053e-01	3.15636e-01	8.98592e-03
1.96644e+05	1.04966e+09	1.19950e+00	3.35642e+00	7.34100e-03
9.57570e+04	1.04975e+09	1.95098e+00	1.49201e+00	9.43354e-03
2.30581e+04	1.04977e+09	5.55680e-01	1.17294e+00	-6.56556e-03
1.46757e+04	1.04979e+09	2.96051e-01	2.38662e+00	5.04864e-03
1.75982e+04	1.04981e+09	1.20032e+00	2.71535e+00	9.42838e-03
1.50856e+04	1.04982e+09	1.44295e+00	4.40035e+00	5.66793e-03
2.40641e+04	1.04985e+09	1.01059e+00	3.42952e+00	-2.42080e-03
8.33560e+04	1.04993e+09	1.12443e+00	4.92068e+00	2.16752e-03
1.19740e+04	1.04994e+09	3.96034e+00	1.70992e-01	2.40156e-03
3.39975e+05	1.05028e+09	1.59550e+00	2.90318e+00	5.61406e-03
2.76594e+04	1.05031e+09	2.23397e+00	2.13776e+00	8.59020e-03
7.25523e+04	1.05038e+09	2.95403e+00	2.56010e+00	-2.56529e-03
4.81652e+04	1.05043e+09	3.95535e-01	8.83260e-01	-6.09754e-03
1.23692e+04	1.05044e+09	1.91287e+00	3.31865e+00	8.11306e-03
1.09933e+04	1.05045e+09	3.05517e+00	5.30772e+00	-9.54297e-03
1.13886e+04	1.05046e+09	1.07567e+00	1.47565e+00	-9.23352e-03
1.14765e+05	1.05058e+09	9.51635e-01	5.65510e-01	9.55161e-04
1.36525e+04	1.05059e+09	8.19870e-01	5.63673e+00	8.91154e-03
2.40083e+05	1.05083e+09	7.00512e-01	3.28189e+00	-9.51015e-04
5.08260e+04	1.05088e+09	6.94567e-01	9.84885e-01	-7.87168e-03
5.38517e+04	1.05094e+09	7.83498e-01	3.01564e+00	8.61674e-03
5.00261e+04	1.05099e+09	6.82076e-01	6.21527e+00	6.15226e-04
4.40841e+04	1.05103e+09	9.66229e-01	4.13215e-02	-2.39208e-03
1.35036e+04	1.05105e+09	2.33700e+00	2.59272e-01	8.91843e-03
1.18013e+04	1.05106e+09	1.62027e+00	6.12785e+00	3.79243e-03
1.62985e+04	1.05107e+09	1.71501e+00	4.12436e+00	5.97872e-03
2.53756e+05	1.05133e+09	3.32241e+00	2.30100e+00	-6.78382e-03
1.04665e+04	1.05134e+09	2.56986e+00	2.65181e+00	-6.71111e-03
1.06996e+05	1.05144e+09	9.53601e-01	2.54177e+00	7.93659e-04
2.03473e+04	1.05146e+09	1.76694e+00	5.05503e-01	8.46987e-03
1.55225e+04	1.05148e+09	3.14377e+00	6.09540e+00	-3.75772e-03
7.96243e+04	1.05156e+09	5.42789e-01	4.49492e+00	-8.36210e-03
2.40933e+04	1.05158e+09	3.34785e+00	2.41011e+00	-9.31603e-03
3.24574e+04	1.05162e+09	5.86876e-01	4.57650e+00	-5.34764e-03
4.72757e+04	1.05166e+09	1.67805e+00	5.70013e+00	-8.41725e-03
4.45693e+04	1.05171e+09	1.25151e+00	4.29169e+00	4.75084e-03
5.66095e+04	1.05177e+09	9.66874e-01	4.70889e+00	-7.26551e-03
4.56527e+04	1.05181e+09	3.14644e+00	1.62431e+00	-4.51070e-03
2.77772e+04	1.05184e+09	1.58555e+00	2.33840e+00	-7.95381e-03
5.65781e+04	1.05190e+09	1.50739e+00	2.50023e-01	5.32005e-03
1.73747e+04	1.05191e+09	7.24656e-01	6.18063e+00	2.47751e-03
1.70643e+04	1.05193e+09	2.49542e+00	1.56525e+00	-6.23966e-03
1.97636e+05	1.05213e+09	1.14812e+00	5.39064e+00	-8.43974e-03
4.85685e+04	1.05218e+09	1.79236e-01	4.39751e+00	-8.48282e-04
5.48935e+04	1.05223e+09	1.86646e+00	2.38112e+00	-8.09017e-04
7.49855e+04	1.05231e+09	3.33193e-01	4.98852e-01	3.73997e-03
3.01617e+05	1.05261e+09	2.07605e+00	2.28885e+00	3.67002e-03
4.64742e+04	1.05265e+09	1.56388e+00	3.59609e+00	-5.93004e-04
1.45002e+04	1.05267e+09	8.35544e-01	4.25078e+00	9.25710e-03
1.11889e+04	1.05268e+09	1.66676e+00	9.02662e-01	-4.82985e-03
1.73403e+04	1.05270e+09	4.27178e-01	4.62123e-01	7.45179e-03
1.10386e+04	1.05271e+09	3.03562e+00	3.75243e+00	5.40979e-03
1.19744e+04	1.05272e+09	8.06729e-01	2.71426e+00	-9.98951e-03
1.54236e+04	1.05274e+09	3.07233e-01	5.30813e-01	5.58863e-03
6.69778e+05	1.05340e+09	3.24454e+00	3.83886e-01	-6.53046e-04
2.43736e+04	1.05343e+09	1.24656e+00	5.11820e+00	3.38215e-03
2.71732e+04	1.05346e+09	3.39737e+00	3.91737e+00	-8.51638e-03
1.38579e+05	1.05360e+09	6.17729e-01	1.29753e+00	-6.41324e-03
6.22064e+04	1.05366e+09	2.51514e+00	4.44933e+00	-5.46014e-04
1.92825e+04	1.05368e+09	5.27240e-01	2.02989e+00	-6.91826e-03
1.06400e+04	1.05369e+09	5.71794e-01	4.46701e+00	-7.41265e-03
2.02987e+04	1.05371e+09	8.32011e-01	2.74848e+00	4.63808e-03
1.30946e+04	1.05372e+09	6.48999e-01	1.60575e+00	6.94397e-03
1.87698e+04	1.05374e+09	1.90155e+00	3.42311e-01	-9.71276e-03
1.91587e+04	1.05376e+09	1.68699e+00	4.77584e+00	-5.18942e-04
1.02494e+05	1.05386e+09	5.80457e-02	1.73991e+00	-8.65700e-03
2.00495e+04	1.05388e+09	8.89036e-01	3.01079e+00	-9.39512e-03
1.43788e+04	1.05390e+09	6.43538e-01	3.84992e+00	5.24267e-03
9.55717e+04	1.05399e+09	8.21065e-01	4.27594e+00	7.61866e-03
2.72321e+04	1.05402e+09	1.61517e+00	6.25738e+00	-3.64788e-03
4.64276e+04	1.05406e+09	8.95727e-01	1.01152e+00	-6.25040e-03
2.10338e+04	1.05409e+09	6.77284e-01	5.28086e+00	2.24897e-03
1.25079e+04	1.05410e+09	8.55944e-02	4.21899e+00	-9.31482e-03
1.12686e+04	1.05411e+09	1.79308e+00	1.44219e+00	-2.02106e-03
1.38353e+05	1.05425e+09	2.91603e+00	4.01963e+00	8.01976e-04
2.27844e+04	1.05427e+09	9.89070e-01	1.59789e+00	7.56280e-03
5.58958e+04	1.05433e+09	1.03197e+00	4.33533e+00	1.33243e-03
2.71970e+04	1.05435e+09	1.75819e+00	3.99151e+00	-2.11066e-03
4.01247e+04	1.05439e+09	1.81991e+00	2.99768e+00	-7.45112e-03
1.43183e+04	1.05441e+09	4.35016e-01	5.20875e+00	-2.98895e-03
1.18877e+04	1.05442e+09	1.44950e+00	4.43579e+00	-3.29996e-03
1.04838e+04	1.05443e+09	1.44943e+00	2.99200e+00	-2.49409e-03
2.82567e+04	1.05446e+09	9.97635e-01	5.22681e+00	8.27397e-04
6.30041e+04	1.05452e+09	6.68667e-01	2.71709e+00	6.94014e-03
3.23290e+04	1.05455e+09	3.24922e+00	3.94404e+00	-3.93327e-03
1.26549e+04	1.05457e+09	7.21430e-01	2.34946e+00	5.98685e-03
1.39319e+04	1.05458e+09	2.91649e+00	3.76732e+00	-3.87459e-03
1.15336e+04	1.05459e+09	2.77147e+00	9.43185e-01	1.94914e-03
1.87692e+04	1.05461e+09	6.44487e-01	3.87969e+00	-6.16311e-03
1.84708e+04	1.05463e+09	1.57353e+00	2.92008e+00	-1.49606e-03
1.64478e+04	1.05465e+09	1.83022e+00	2.41468e+00	2.12987e-03
1.27319e+04	1.05466e+09	1.15037e+00	5.16160e+00	-1.00980e-03
4.50298e+04	1.05470e+09	3.10164e+00	2.82898e+00	4.64839e-03
1.33784e+04	1.05472e+09	1.12773e+00	5.32732e+00	-5.37714e-03
1.60213e+04	1.05473e+09	1.52965e+00	4.59446e+00	-1.87829e-03
2.19510e+04	1.05476e+09	6.34274e-01	1.10706e+00	-1.54227e-03
2.07287e+04	1.05478e+09	9.84291e-01	5.15502e+00	-5.99955e-03
1.78336e+04	1.05479e+09	2.04557e+00	6.80447e-01	4.68999e-03
1.86554e+04	1.05481e+09	1.22131e+00	2.49095e+00	-4.25596e-03
1.31517e+05	1.05494e+09	4.31249e+00	5.88326e+00	-2.58789e-03
1.20271e+05	1.05506e+09	3.34005e-01	1.48254e+00	-4.73019e-03
1.17821e+04	1.05508e+09	1.01431e+00	2.95050e+00	3.65710e-03
2.08621e+04	1.05510e+09	3.64249e+00	3.05939e+00	-6.81287e-03
1.18521e+04	1.05511e+09	1.45213e-01	4.92664e+00	7.65450e-03
4.33076e+04	1.05515e+09	3.88176e+00	2.53205e+00	-5.40917e-03
1.02748e+05	1.05525e+09	2.76224e+00	1.58538e+00	5.68693e-03
1.60345e+05	1.05541e+09	1.48536e+00	5.76357e+00	7.61249e-03
1.49098e+04	1.05543e+09	1.15105e+00	3.08231e+00	1.29206e-03
1.40992e+04	1.05544e+09	2.73455e+00	5.67627e+00	-8.70464e-03
3.03009e+04	1.05547e+09	1.47650e+00	3.58081e+00	-3.29146e-03
1.00738e+05	1.05558e+09	6.19882e-01	1.36025e+00	-4.40098e-03
2.46569e+04	1.05560e+09	1.49289e+00	1.34791e+00	-1.04422e-04
1.76382e+04	1.05562e+09	2.68569e+00	2.41334e-01	3.87447e-03
1.85103e+04	1.05564e+09	4.00979e+00	3.29464e-01	1.84343e-03
1.37711e+04	1.05565e+09	1.34146e+00	3.40522e+00	-6.59074e-03
1.21423e+04	1.05566e+09	8.70905e-01	4.36972e+00	-6.45281e-03
1.29577e+04	1.05567e+09	5.83062e-01	7.52305e-01	-4.27821e-03
2.85741e+04	1.05570e+09	1.94516e+00	6.15438e+00	7.30093e-03
1.03000e+04	1.05571e+09	1.30597e+00	1.58909e+00	-9.37376e-03
1.62990e+04	1.05573e+09	1.70031e+00	1.89834e+00	-7.88283e-03
1.26241e+04	1.05574e+09	3.09274e-01	1.86089e+00	-4.72712e-03
7.32824e+04	1.05582e+09	1.04971e+00	2.45999e+00	-6.15035e-03
1.01630e+04	1.05583e+09	7.61239e-01	5.91639e+00	3.64524e-03
1.74080e+04	1.05584e+09	8.33418e-01	2.57071e+00	8.16217e-03
3.44951e+04	1.05588e+09	2.73280e-01	2.66904e+00	-8.92186e-03
1.09798e+04	1.05589e+09	1.51111e+00	2.80049e+00	8.76921e-03
1.09097e+04	1.05590e+09	5.33456e-01	2.54816e+00	-7.85756e-03
1.08300e+05	1.05601e+09	1.62825e+00	1.89998e+00	3.33343e-03
9.30784e+04	1.05610e+09	7.41885e-01	5.13461e+00	5.65845e-03
3.01788e+04	1.05613e+09	1.12174e+00	1.17886e+00	-8.77954e-03
1.06538e+04	1.05614e+09	1.53880e+00	4.86262e+00	-1.37839e-03
1.13313e+04	1.05615e+09	2.96195e+00	5.87347e+00	5.43272e-03
1.72869e+05	1.05633e+09	3.38951e+00	5.61286e+00	-5.88737e-03
1.91986e+04	1.05635e+09	1.25679e+00	7.73283e-03	5.46227e-03
1.18164e+04	1.05636e+09	2.06617e+00	3.01131e+00	4.04110e-03
1.37533e+04	1.05637e+09	1.27209e+00	4.83921e-01	4.36434e-03
1.84374e+04	1.05639e+09	2.28064e+00	1.64794e-02	-2.71039e-03
2.53874e+04	1.05641e+09	2.94960e-01	4.91554e+00	4.36337e-03
2.60784e+04	1.05644e+09	7.24749e-01	2.91778e+00	-7.64285e-03
1.26059e+04	1.05645e+09	1.61073e+00	3.27762e+00	-4.98137e-03
3.52594e+04	1.05649e+09	2.45258e-01	1.73171e+00	9.74667e-03
5.72131e+04	1.05655e+09	2.88581e+00	5.03020e-01	3.12606e-03
1.30343e+04	1.05656e+09	1.94716e+00	3.69775e+00	7.91802e-03
7.04445e+04	1.05663e+09	5.62445e-01	5.05914e-01	8.92318e-03
3.61674e+04	1.05667e+09	1.86199e-01	5.13433e+00	-7.29643e-03
1.01665e+04	1.05668e+09	2.71083e+00	4.24803e+00	-9.55008e-03
4.73669e+04	1.05672e+09	1.02879e+00	2.94433e+00	4.52981e-03
1.92202e+04	1.05674e+09	2.34791e+00	8.60930e-01	3.61793e-03
3.32506e+04	1.05678e+09	5.41264e-01	2.75366e+00	2.15066e-03
5.23642e+04	1.05683e+09	7.80950e-01	4.40584e+00	-1.26795e-03
2.15407e+04	1.05685e+09	1.76336e+00	4.97194e+00	-7.00587e-04
1.08704e+04	1.05686e+09	3.07266e-01	5.69479e+00	-7.86106e-03
7.09445e+04	1.05693e+09	2.75824e+00	1.40835e+00	4.55556e-03
6.63743e+05	1.05760e+09	2.64909e+00	5.63360e+00	-4.37173e-03
1.81316e+04	1.05761e+09	1.01364e+00	7.18994e-01	1.62792e-03
2.35247e+04	1.05764e+09	6.01875e-01	3.81896e+00	-3.28769e-03
3.09160e+04	1.05767e+09	3.52528e+00	9.22660e-01	-2.67867e-03
8.25223e+04	1.05775e+09	3.10607e+00	5.58367e+00	7.97081e-03
1.43959e+04	1.05776e+09	2.29103e+00	6.00827e+00	9.03142e-03
1.02139e+04	1.05777e+09	9.37220e-01	7.47420e-01	7.48296e-03
3.19544e+04	1.05781e+09	3.35998e+00	4.76571e+00	-6.42981e-03
2.98886e+04	1.05784e+09	1.92723e-01	5.33363e+00	-1.54374e-03
1.26606e+04	1.05785e+09	1.64039e+00	4.41608e+00	7.09593e-03
2.34638e+04	1.05787e+09	5.15861e-01	3.91127e+00	-2.29556e-03
1.69958e+04	1.05789e+09	7.05338e-01	5.28979e+00	-1.24348e-03
4.04703e+04	1.05793e+09	8.79447e-01	5.86929e+00	-6.77956e-04
3.13291e+04	1.05796e+09	3.61161e-01	4.67715e-01	3.54497e-03
1.86574e+04	1.05798e+09	1.35061e+00	4.74512e+00	4.76872e-03
5.78567e+04	1.05804e+09	4.11814e+00	9.28970e-01	-8.78059e-03
2.48049e+04	1.05806e+09	1.41116e+00	3.71386e+00	-8.77759e-03
1.04840e+04	1.05807e+09	1.43750e+00	3.76508e+00	-6.23000e-03
1.60417e+04	1.05809e+09	2.20066e+00	4.13090e+00	7.01928e-03
8.40095e+04	1.05817e+09	2.75236e+00	2.26359e-01	1.10459e-03
8.65564e+04	1.05826e+09	1.39935e+00	4.75508e+00	-2.51689e-03
6.61534e+04	1.05833e+09	1.34783e+00	2.79059e+00	-2.58159e-03
8.57819e+04	1.05841e+09	2.36861e+00	4.66558e+00	-4.60932e-03
1.43883e+04	1.05843e+09	1.69775e+00	3.68205e+00	-3.77906e-04
1.47817e+04	1.05844e+09	2.05494e+00	7.24653e-01	-5.98512e-03
1.04518e+04	1.05845e+09	9.80560e-01	1.55335e+00	3.83706e-03
1.28309e+04	1.05846e+09	1.64163e+00	5.29320e+00	3.84393e-03
1.32116e+04	1.05848e+09	1.70129e+00	3.82941e-01	5.55538e-03
1.43636e+04	1.05849e+09	2.24288e-01	2.70796e+00	9.62852e-03
3.44794e+04	1.05853e+09	1.28929e+00	1.52393e+00	-3.95085e-03
1.01427e+04	1.05854e+09	2.50974e+00	6.40395e-01	-7.86337e-03
2.05880e+04	1.05856e+09	2.17748e+00	3.76073e+00	-9.49385e-03
1.00254e+04	1.05857e+09	1.78792e+00	1.46066e+00	2.26320e-03
7.71887e+04	1.05864e+09	1.31891e+00	4.56805e-01	-2.51067e-03
1.06138e+04	1.05865e+09	1.83393e+00	3.15152e+00	5.65713e-03
2.73237e+04	1.05868e+09	1.48900e+00	1.19295e+00	-9.57583e-03
1.16188e+04	1.05869e+09	2.09124e+00	1.39851e+00	-2.58332e-03
1.65963e+04	1.05871e+09	8.67439e-01	6.03960e+00	5.18177e-03
1.29761e+04	1.05872e+09	1.68663e+00	2.64953e+00	-7.93448e-03
1.09504e+04	1.05873e+09	9.30370e-01	5.96863e-01	-5.65798e-03
1.59483e+04	1.05875e+09	1.91414e+00	4.14586e+00	-6.18363e-03
1.45970e+04	1.05876e+09	1.12566e+00	4.98705e+00	5.35704e-03
1.91571e+04	1.05878e+09	5.41938e-01	4.92803e+00	-2.67900e-03
6.92206e+04	1.05885e+09	1.08799e+00	3.04952e+00	9.69859e-04
1.75224e+04	1.05887e+09	1.03150e+00	4.30767e+00	6.25512e-03
2.10908e+04	1.05889e+09	4.09972e+00	1.74132e+00	1.93789e-03
1.25095e+04	1.05890e+09	1.01192e+00	1.56022e+00	-2.70622e-03
1.28241e+04	1.05892e+09	1.95471e+00	6.66441e-01	-6.79287e-03
3.72424e+04	1.05895e+09	1.88225e+00	2.51569e+00	-6.39143e-03
3.20508e+04	1.05899e+09	1.55749e+00	8.74168e-01	4.82256e-03
1.09180e+05	1.05910e+09	2.05629e+00	2.42889e+00	7.68294e-03
1.08582e+04	1.05911e+09	1.28128e+00	4.52398e+00	-8.69145e-03
7.19074e+04	1.05918e+09	2.05803e+00	3.66257e+00	8.40286e-03
3.31839e+04	1.05921e+09	1.59361e+00	3.12703e+00	4.48561e-03
5.18643e+04	1.05926e+09	1.42923e+00	6.09982e+00	-1.69691e-03
4.40585e+04	1.05931e+09	1.34365e+00	4.84134e+00	8.27589e-04
2.42663e+04	1.05933e+09	3.28681e-01	5.70212e-01	-1.24512e-03
2.18927e+04	1.05935e+09	3.57039e+00	3.24687e+00	8.91972e-03
5.11085e+04	1.05940e+09	1.67524e+00	3.64465e+00	-5.07958e-03
4.68455e+04	1.05945e+09	2.25351e+00	4.83871e+00	-9.93255e-03
1.51240e+04	1.05947e+09	1.59969e+00	2.96748e+00	-2.17979e-03
1.81221e+04	1.05948e+09	1.91250e+00	3.04263e+00	3.27500e-03
1.21264e+04	1.05950e+09	9.33254e-01	6.26050e-01	6.67608e-03
1.09778e+04	1.05951e+09	1.60823e+00	1.80241e+00	-7.34019e-03
4.60327e+04	1.05955e+09	8.84569e-01	4.65146e+00	3.60309e-04
7.61530e+04	1.05963e+09	1.21160e+00	4.18417e+00	-9.74128e-03
3.51360e+04	1.05967e+09	1.65903e+00	4.93898e-01	6.85372e-03
2.86070e+04	1.05969e+09	4.29581e-01	4.40608e+00	5.24131e-04
9.55146e+04	1.05979e+09	1.03263e+00	2.00944e+00	-4.70082e-03
1.35257e+05	1.05992e+09	8.01143e-01	1.67008e+00	6.45215e-03
1.48954e+04	1.05994e+09	3.12148e-01	3.23919e+00	3.02479e-03
3.58385e+04	1.05998e+09	8.95177e-01	4.90969e+00	-6.41983e-03
5.28039e+04	1.06003e+09	4.17479e-01	9.52716e-02	-8.58063e-04
1.09407e+04	1.06004e+09	5.57826e-01	4.02496e+00	-9.78364e-03
1.23731e+04	1.06005e+09	1.23406e+00	3.29429e+00	-9.31198e-03
3.42789e+04	1.06009e+09	3.09583e+00	4.75888e+00	-8.52867e-03
6.06717e+04	1.06015e+09	6.60126e-01	5.16280e+00	-8.49134e-03
2.25875e+04	1.06017e+09	3.12958e+00	6.02597e+00	2.20245e-03
3.41638e+04	1.06020e+09	6.34617e-01	3.35361e+00	-2.35262e-03
4.10425e+04	1.06024e+09	1.39440e+00	2.17002e+00	-4.69412e-03
1.10631e+04	1.06026e+09	7.20841e-01	1.78447e+00	8.69459e-03
6.74861e+04	1.06032e+09	3.53653e+00	5.50412e+00	-1.49372e-03
2.92944e+04	1.06035e+09	1.83724e+00	2.47331e+00	-1.91839e-03
2.54573e+04	1.06038e+09	1.64552e+00	4.44311e+00	9.94221e-03
6.06860e+04	1.06044e+09	2.13516e+00	5.44566e+00	8.02499e-03
1.04446e+04	1.06045e+09	3.30121e-01	3.21945e+00	5.34167e-03
8.17534e+04	1.06053e+09	2.15769e+00	1.83789e+00	6.00708e-03
2.95992e+04	1.06056e+09	1.18625e+00	1.66876e+00	-3.29092e-03
4.86937e+04	1.06061e+09	2.60117e+00	5.43611e+00	6.51757e-03
2.45754e+04	1.06063e+09	1.37303e+00	2.89273e+00	-4.01346e-03
3.57812e+04	1.06067e+09	1.18775e+00	3.72241e+00	6.70832e-03
1.68852e+04	1.06069e+09	4.68919e-01	5.33784e-01	2.61937e-03
1.48246e+04	1.06070e+09	2.79733e+00	2.58047e+00	-3.31626e-03
7.09156e+04	1.06077e+09	7.11959e-01	4.15105e-01	-1.00192e-03
1.18157e+04	1.06078e+09	2.43390e-01	2.56063e+00	-4.38124e-04
2.74234e+04	1.06081e+09	2.60191e-01	2.02351e+00	8.97053e-03
1.51747e+05	1.06096e+09	2.36864e-01	6.92866e-01	1.19113e-03
1.33312e+04	1.06098e+09	1.78359e+00	3.32296e+00	8.87579e-03
3.88153e+04	1.06101e+09	2.39092e+00	8.73430e-01	6.54020e-03
5.20250e+05	1.06154e+09	1.00114e+00	2.66256e+00	-3.98524e-03
2.34957e+04	1.06156e+09	3.50608e-01	1.99692e+00	-9.80318e-03
1.79843e+04	1.06158e+09	5.21291e-01	2.95664e+00	8.52207e-03
2.05268e+04	1.06160e+09	6.90573e-01	4.49607e+00	-4.46504e-03
1.97302e+04	1.06162e+09	9.26344e-01	2.19787e-01	-5.16518e-03
2.71543e+04	1.06164e+09	1.68767e+00	3.69830e+00	-5.07289e-03
2.28528e+04	1.06167e+09	3.74924e+00	4.08223e+00	-3.48186e-03
1.49933e+04	1.06168e+09	2.00199e+00	1.14712e+00	-2.23144e-03
1.49411e+04	1.06170e+09	1.37497e+00	1.44212e+00	-2.40589e-03
3.41332e+04	1.06173e+09	2.49232e+00	3.41356e+00	6.79314e-03
2.05619e+04	1.06175e+09	1.78545e+00	3.94842e+00	3.42604e-03
2.79488e+04	1.06178e+09	3.78399e+00	5.22845e+00	9.53843e-03
1.00039e+04	1.06179e+09	1.54454e+00	3.55389e+00	1.57939e-03
1.10134e+04	1.06180e+09	1.82653e+00	1.87986e+00	9.29307e-03
1.32547e+04	1.06181e+09	5.97554e-01	5.39862e+00	2.04518e-03
3.75482e+04	1.06185e+09	2.03116e+00	1.72930e+00	-7.47548e-03
1.95975e+05	1.06205e+09	8.43584e-01	4.76546e+00	-7.67120e-04
3.60169e+04	1.06208e+09	3.31914e+00	1.81572e+00	-9.57520e-03
3.11815e+05	1.06240e+09	5.26981e-01	6.03060e+00	-2.02363e-03
1.00746e+04	1.06241e+09	1.41487e+00	5.75412e+00	-8.30927e-03
1.36300e+04	1.06242e+09	7.30461e-01	4.42744e+00	5.81217e-03
2.13724e+04	1.06244e+09	3.32655e+00	2.58661e+00	-2.32470e-03
2.00898e+04	1.06246e+09	7.42346e-01	2.28639e+00	-7.82170e-03
1.20743e+04	1.06247e+09	3.58152e-01	2.64656e+00	-1.12325e-04
1.04786e+04	1.06248e+09	8.45278e-01	2.95341e+00	-1.76736e-03
1.02967e+05	1.06259e+09	8.71116e-01	4.87557e+00	-2.50128e-03
1.36240e+05	1.06272e+09	1.56387e+00	1.00388e+00	-2.98671e-03
3.54739e+04	1.06276e+09	3.09877e+00	4.83062e+00	4.09894e-03
4.14165e+04	1.06280e+09	4.25996e-01	1.40081e-01	-3.16618e-03
1.92684e+04	1.06282e+09	2.38259e+00	4.70826e+00	9.59178e-03
4.35685e+04	1.06286e+09	1.80598e+00	1.15381e+00	6.11561e-03
1.22805e+04	1.06287e+09	3.55391e-01	5.85288e+00	-5.02533e-03
1.36937e+04	1.06289e+09	2.53134e+00	6.16510e+00	-6.86780e-03
2.84597e+04	1.06292e+09	8.95566e-01	3.80368e+00	-3.48520e-03
1.13096e+05	1.06303e+09	1.90414e+00	4.79819e+00	-3.65959e-03
3.65399e+04	1.06307e+09	1.21257e+00	1.92009e+00	-4.89000e-03
1.60087e+04	1.06308e+09	1.49235e+00	4.33494e+00	-7.48427e-04
1.64253e+04	1.06310e+09	8.03801e-01	4.44382e+00	1.09723e-04
2.26712e+05	1.06332e+09	9.92992e-01	5.46857e+00	-3.94193e-04
2.12963e+04	1.06335e+09	1.67677e+00	4.88893e+00	-2.82102e-03
9.93693e+04	1.06345e+09	1.54850e+00	3.81825e+00	5.09353e-03
9.99328e+04	1.06355e+09	1.57997e-01	5.47056e+00	2.22459e-03
1.36133e+04	1.06356e+09	4.33933e-01	5.61179e+00	4.18424e-03
7.88804e+04	1.06364e+09	1.47016e+00	2.50212e+00	-7.15246e-04
2.44709e+04	1.06366e+09	2.24339e+00	6.15901e+00	1.35565e-03
2.50310e+04	1.06369e+09	7.38273e-01	3.06738e+00	2.48255e-03
1.08412e+04	1.06370e+09	2.07326e+00	4.92844e-01	-5.09675e-03
1.73220e+04	1.06372e+09	1.10610e+00	1.78165e+00	-9.61509e-03
1.61396e+04	1.06373e+09	7.03610e-01	3.99988e+00	-6.69377e-03
3.87581e+04	1.06377e+09	1.03378e+00	6.07105e+00	1.74877e-03
4.81666e+04	1.06382e+09	2.16496e+00	2.03976e+00	-1.34967e-03
3.22012e+04	1.06385e+09	8.34776e-01	4.64241e-01	2.45134e-03
9.80889e+04	1.06395e+09	1.48499e+00	5.54168e+00	-8.88095e-03
1.79331e+04	1.06397e+09	1.00125e+00	4.53180e+00	6.74019e-03
1.59011e+04	1.06398e+09	7.16783e-01	5.68566e+00	3.67236e-04
7.85281e+04	1.06406e+09	5.27424e-01	4.64094e+00	6.87738e-03
3.46062e+04	1.06410e+09	4.07353e+00	3.89532e+00	7.42539e-03
1.52296e+04	1.06411e+09	4.84542e-01	3.29649e+00	9.91550e-03
3.39131e+05	1.06445e+09	6.58226e-01	5.83793e+00	-1.33142e-03
1.11215e+04	1.06446e+09	1.08129e+00	6.08527e+00	8.13266e-03
1.18230e+04	1.06447e+09	1.61014e+00	2.68856e-01	-8.21917e-03
1.20335e+05	1.06459e+09	1.43085e+00	3.58574e+00	1.67142e-03
1.66683e+04	1.06461e+09	9.38816e-01	5.05149e+00	-2.89784e-03
1.16395e+04	1.06462e+09	1.34052e+00	1.45790e+00	-6.52132e-03
4.27737e+04	1.06466e+09	9.98092e-01	5.61567e+00	3.31058e-04
2.04867e+04	1.06469e+09	2.42967e+00	4.67164e+00	2.63809e-04
4.90102e+04	1.06473e+09	1.35359e+00	1.96516e+00	1.92360e-03
4.19948e+04	1.06478e+09	1.76035e+00	1.01600e-03	5.23010e-03
1.29281e+04	1.06479e+09	9.78225e-01	2.05428e+00	-2.60051e-03
1.32943e+04	1.06480e+09	1.50308e+00	5.78174e+00	4.70173e-03
1.44215e+04	1.06482e+09	2.26230e+00	2.55335e+00	-3.48532e-03
2.21674e+05	1.06504e+09	1.79818e+00	4.96657e+00	7.46623e-03
3.76084e+05	1.06541e+09	1.12702e+00	4.94044e+00	-9.90226e-03
1.29284e+04	1.06543e+09	2.65379e+00	3.54462e+00	-2.08362e-03
1.57620e+05	1.06559e+09	5.69048e-01	2.55460e-01	1.00610e-03
2.65788e+04	1.06561e+09	4.61376e-01	2.21346e+00	2.36252e-03
1.57627e+04	1.06563e+09	2.53834e+00	4.39888e-01	9.00080e-03
3.59405e+04	1.06566e+09	2.08827e-01	2.28693e+00	6.32381e-03
1.07680e+04	1.06567e+09	2.40065e+00	1.51875e+00	3.08142e-03
3.39185e+04	1.06571e+09	8.49909e-01	5.92512e+00	-6.34036e-03
2.98143e+04	1.06574e+09	1.99258e+00	4.53787e+00	3.00731e-03
1.97707e+05	1.06594e+09	5.72066e-01	3.19583e+00	-1.16796e-03
1.02041e+04	1.06595e+09	1.88762e+00	5.14903e+00	4.61001e-03
1.98616e+04	1.06597e+09	5.08444e-01	2.60091e+00	-9.34101e-03
3.72438e+04	1.06600e+09	1.11353e+00	5.55480e+00	-8.94006e-03
1.70871e+04	1.06602e+09	2.48085e+00	3.16583e+00	-2.19800e-03
1.42991e+04	1.06603e+09	6.82904e-01	5.18424e-01	8.39144e-04
2.16621e+04	1.06606e+09	8.51618e-01	6.25176e+00	-2.86238e-03
3.11968e+04	1.06609e+09	2.67525e+00	7.32476e-01	-6.81107e-03
2.56270e+04	1.06611e+09	4.36146e+00	5.94503e+00	5.88235e-03
1.26301e+04	1.06613e+09	5.84552e-01	4.34550e+00	-7.35262e-03
4.33499e+04	1.06617e+09	1.78814e+00	1.83989e+00	-7.86401e-03
3.97780e+04	1.06621e+09	1.06128e+00	1.14087e+00	7.07818e-03
1.25699e+04	1.06622e+09	3.17455e-01	4.81146e-01	2.86139e-04
2.81020e+04	1.06625e+09	3.85405e-01	5.51549e-01	4.80114e-03
4.08092e+04	1.06629e+09	8.72593e-01	1.24872e+00	9.92517e-03
1.41056e+04	1.06630e+09	8.00171e-01	5.31675e+00	5.60181e-03
3.22629e+04	1.06634e+09	7.81528e-01	3.82794e-01	5.20274e-03
1.55912e+04	1.06635e+09	4.94939e-01	3.63626e+00	6.53226e-04
2.20095e+04	1.06637e+09	1.59833e+00	9.44980e-01	4.29356e-03
4.69039e+04	1.06642e+09	1.78038e+00	3.56301e+00	3.29096e-03
1.17130e+04	1.06643e+09	1.31908e+00	5.63338e+00	-2.65081e-03
1.47125e+05	1.06658e+09	6.30302e-01	5.22184e+00	-3.13197e-03
2.52170e+04	1.06661e+09	1.37029e+00	1.11650e+00	7.66684e-03
2.03203e+04	1.06663e+09	1.42149e+00	4.08223e+00	5.40129e-03
3.12086e+04	1.06666e+09	2.40273e+00	6.76953e-01	-3.47608e-03
1.49298e+04	1.06667e+09	1.31098e+00	1.47464e+00	6.04635e-03
1.26864e+04	1.06668e+09	1.84444e+00	2.73113e+00	-1.47260e-03
1.03738e+04	1.06669e+09	1.79011e+00	3.39406e+00	3.14779e-03
5.00903e+04	1.06674e+09	9.57415e-01	4.43322e+00	2.15642e-03
5.66346e+04	1.06680e+09	7.94532e-01	2.30666e+00	-7.14307e-03
8.05351e+04	1.06688e+09	3.54325e+00	3.55306e+00	-6.62431e-03
1.06377e+04	1.06689e+09	1.10110e+00	5.77291e+00	-2.48975e-03
1.44033e+04	1.06691e+09	1.80948e+00	2.78193e+00	6.85705e-03
1.27872e+04	1.06692e+09	1.65603e+00	1.65526e+00	-9.33688e-04
2.58486e+04	1.06695e+09	2.76718e+00	1.73633e+00	4.31303e-03
1.47963e+04	1.06696e+09	2.55732e+00	3.40439e+00	-4.77354e-03
1.07492e+04	1.06697e+09	4.30100e+00	6.25627e+00	9.53572e-03
4.92065e+04	1.06702e+09	1.54654e+00	4.65870e+00	6.72868e-03
1.08982e+04	1.06703e+09	3.96745e+00	4.12886e+00	-1.34736e-03
1.02208e+04	1.06704e+09	1.75829e+00	6.27653e+00	5.18328e-03
1.01411e+04	1.06705e+09	2.70841e+00	7.78604e-01	-2.46961e-03
1.28673e+04	1.06706e+09	1.76859e-01	3.77887e+00	-5.49186e-03
1.05062e+04	1.06707e+09	4.88241e-01	4.22911e+00	-6.94327e-03
1.56609e+04	1.06709e+09	2.56233e-01	1.68155e+00	1.08231e-03
1.97528e+04	1.06711e+09	1.64205e+00	3.52680e+00	1.51375e-03
2.59665e+04	1.06714e+09	7.78047e-01	3.09024e+00	7.28278e-03
2.10997e+04	1.06716e+09	9.01955e-01	5.13456e+00	9.72131e-04
1.77215e+04	1.06718e+09	6.85712e-01	4.02212e+00	-6.74960e-04
4.02450e+04	1.06722e+09	7.64315e-01	4.00078e+00	-4.25511e-03
6.54164e+04	1.06728e+09	2.63183e+00	4.00908e+00	-9.30091e-03
1.38065e+04	1.06729e+09	2.86259e+00	6.44500e-01	-1.53752e-03
1.33269e+04	1.06731e+09	1.19145e+00	1.90087e+00	2.36593e-03
1.41610e+04	1.06732e+09	2.54345e-01	3.31049e+00	-2.35496e-03
1.90143e+04	1.06734e+09	3.20553e+00	3.75489e-01	8.43226e-03
1.45965e+04	1.06736e+09	2.77900e+00	1.20523e+00	8.66789e-03
1.77807e+04	1.06737e+09	3.89454e+00	5.93041e+00	-6.36230e-04
1.76419e+04	1.06739e+09	4.71736e-01	2.91432e+00	6.72180e-03
3.87300e+04	1.06743e+09	8.59139e-01	5.78395e+00	7.19267e-03
9.87364e+04	1.06753e+09	1.11119e+00	1.89684e+00	-8.77709e-03
1.95706e+04	1.06755e+09	2.04818e+00	3.43690e+00	-8.30869e-03
1.01240e+04	1.06756e+09	1.68327e+00	1.82177e+00	3.95563e-03
1.06486e+04	1.06757e+09	2.37153e+00	2.72955e+00	-2.81175e-03
1.51641e+04	1.06758e+09	6.21761e-01	5.09118e-01	5.04840e-03
9.41636e+05	1.06853e+09	2.04221e+00	5.03699e+00	-4.81041e-03
2.17990e+04	1.06855e+09	1.49657e+00	3.95028e+00	-3.04025e-03
1.44407e+04	1.06856e+09	3.29108e+00	6.25109e+00	-1.99989e-04
3.62231e+04	1.06860e+09	5.16696e-01	2.18908e+00	2.83134e-03
2.53964e+04	1.06862e+09	2.93051e+00	3.68005e+00	9.08849e-03
1.54565e+04	1.06864e+09	3.62928e-01	5.62746e+00	3.96603e-03
1.68480e+04	1.06866e+09	7.97803e-01	2.88684e+00	4.80342e-04
1.72031e+04	1.06867e+09	1.76726e+00	6.11963e+00	-9.16406e-03
4.04777e+04	1.06871e+09	1.02100e+00	3.62569e+00	-8.91350e-03
2.33656e+04	1.06874e+09	9.17291e-01	6.17581e-01	2.22241e-03
5.52018e+04	1.06879e+09	1.07258e+00	5.53098e+00	-9.15116e-03
1.91393e+04	1.06881e+09	1.60366e+00	3.06487e+00	-4.87100e-03
1.33896e+04	1.06882e+09	5.66021e-01	1.13071e+00	3.14158e-03
3.47809e+04	1.06886e+09	1.76292e+00	4.90839e-01	1.16262e-03
1.24010e+04	1.06887e+09	4.17431e-01	1.17067e+00	-2.21190e-03
1.01082e+04	1.06888e+09	1.04255e+00	4.84564e+00	-4.88576e-03
1.58066e+04	1.06890e+09	3.70289e+00	5.82231e+00	-1.63938e-03
2.11063e+04	1.06892e+09	1.43212e+00	3.82478e+00	-8.17249e-03
3.80266e+04	1.06896e+09	2.08109e+00	5.42417e+00	-7.04212e-03
4.15659e+04	1.06900e+09	2.13555e+00	4.77291e+00	-7.07830e-03
2.24501e+04	1.06902e+09	1.96362e+00	1.72234e+00	5.41018e-03
2.75594e+04	1.06905e+09	1.24191e+00	5.04010e+00	-2.04388e-03
1.15569e+05	1.06916e+09	1.65805e+00	4.51480e+00	-2.29622e-03
4.46850e+05	1.06961e+09	3.09645e+00	4.72939e+00	9.07795e-04
1.07962e+04	1.06962e+09	6.58913e-01	1.88837e+00	8.30028e-03
1.22618e+04	1.06963e+09	1.56514e+00	6.22535e+00	-8.15523e-03
1.67503e+04	1.06965e+09	1.27314e+00	3.52865e-01	-2.10422e-04
1.04304e+04	1.06966e+09	7.35775e-01	6.13003e+00	-7.00860e-03
2.48228e+04	1.06969e+09	1.44160e+00	3.48771e+00	-7.10290e-03
1.53716e+04	1.06970e+09	8.24632e-01	1.58847e+00	-9.44484e-03
1.19278e+04	1.06971e+09	3.57241e-01	3.64644e-01	4.24439e-03
6.08972e+04	1.06977e+09	2.12152e+00	2.05485e+00	6.81652e-03
1.14006e+05	1.06989e+09	9.38951e-01	4.35994e+00	-3.44059e-03
8.23060e+04	1.06997e+09	3.67668e+00	3.63306e+00	-5.52349e-03
2.80276e+04	1.07000e+09	3.46054e+00	1.32536e-01	-1.40779e-04
1.32163e+04	1.07001e+09	7.44992e-01	5.52480e+00	-6.39565e-03
1.39164e+04	1.07003e+09	3.55655e-01	4.31386e+00	1.66541e-03
1.70025e+04	1.07004e+09	1.69728e+00	2.91960e+00	-8.32434e-03
7.89084e+04	1.07012e+09	9.46195e-01	4.40836e+00	-8.18072e-03
1.20039e+04	1.07013e+09	8.20470e-01	3.17771e+00	3.82209e-03
2.91234e+04	1.07016e+09	2.01309e+00	5.75309e+00	1.28708e-03
1.04364e+04	1.07017e+09	5.55353e-01	5.40470e+00	-8.24372e-03
3.28583e+04	1.07021e+09	3.30731e-01	2.97022e+00	2.40493e-03
1.57376e+04	1.07022e+09	3.74433e+00	1.02240e+00	-1.32559e-03
1.08190e+04	1.07023e+09	2.09834e+00	5.26596e+00	-3.27388e-03
3.51781e+04	1.07027e+09	5.89724e-01	2.40150e+00	4.24280e-03
2.66610e+04	1.07029e+09	9.61411e-01	5.05928e+00	7.45264e-03
1.85698e+04	1.07031e+09	4.02111e+00	1.77548e+00	-5.52899e-03
2.42488e+04	1.07034e+09	3.02568e-01	3.75389e-01	-3.89269e-03
1.27148e+04	1.07035e+09	1.31904e+00	3.57500e+00	-5.02471e-03
1.09784e+04	1.07036e+09	8.84140e-01	2.69655e-01	2.35569e-03
1.59759e+04	1.07038e+09	2.37147e+00	6.04603e+00	-3.77916e-03
1.37451e+04	1.07039e+09	3.37485e+00	1.72303e+00	9.97127e-04
9.24976e+04	1.07048e+09	8.03257e-01	3.09121e+00	8.24378e-03
3.67793e+04	1.07052e+09	1.87742e+00	2.10838e+00	-2.46272e-03
3.13333e+04	1.07055e+09	1.32908e+00	1.67660e-02	-8.79376e-04
3.83639e+04	1.07059e+09	1.61647e+00	4.44815e+00	-2.04517e-03
6.69806e+05	1.07126e+09	7.34665e-01	4.73418e-01	-3.33427e-03
3.24538e+04	1.07129e+09	8.95576e-01	2.80281e+00	-2.84982e-04
1.82457e+04	1.07131e+09	1.15421e+00	3.83295e+00	-4.35801e-03
3.15114e+04	1.07134e+09	2.07807e+00	4.75985e+00	6.06047e-03
1.14569e+04	1.07135e+09	1.46355e-01	1.40921e+00	-8.89757e-03
1.16212e+04	1.07136e+09	8.98763e-01	8.55224e-01	-4.76184e-03
1.77823e+04	1.07138e+09	4.21610e-01	8.66266e-01	-6.89849e-03
1.20525e+04	1.07139e+09	2.51680e+00	3.85371e+00	3.24744e-03
3.50279e+05	1.07174e+09	3.54115e+00	3.61987e+00	-8.96575e-03
4.15983e+04	1.07179e+09	1.05286e+00	6.26428e+00	-6.51142e-03
1.31137e+04	1.07180e+09	3.88344e+00	8.72423e-01	5.85406e-03
1.02833e+04	1.07181e+09	1.09706e+00	5.85922e+00	8.33538e-03
1.90570e+05	1.07200e+09	2.22143e+00	4.47247e+00	4.15038e-03
4.96813e+04	1.07205e+09	2.17451e+00	1.87711e+00	-3.55925e-03
4.83928e+04	1.07210e+09	7.91004e-01	1.60717e-02	-5.34621e-03
5.45853e+04	1.07215e+09	3.01020e+00	4.41734e+00	3.31907e-05
2.33665e+04	1.07218e+09	3.94709e+00	3.79358e+00	4.94690e-03
2.23577e+04	1.07220e+09	1.12465e+00	3.28038e+00	-9.06369e-03
1.50096e+04	1.07221e+09	2.55258e+00	3.86733e+00	1.35124e-03
3.37119e+04	1.07225e+09	3.31768e-01	3.86545e+00	8.28236e-03
1.47546e+04	1.07226e+09	1.82356e+00	3.59244e+00	-4.51395e-03
1.39416e+04	1.07228e+09	1.23462e+00	9.15220e-01	6.38780e-03
1.09476e+04	1.07229e+09	2.51942e+00	3.12855e+00	-2.98991e-03
1.00991e+05	1.07239e+09	1.68777e+00	2.17205e+00	1.65338e-03
4.68912e+05	1.07286e+09	1.62645e+00	2.55544e+00	1.88022e-03
1.13456e+04	1.07287e+09	1.54558e+00	4.68198e+00	1.62623e-03
3.96026e+04	1.07291e+09	2.77433e-01	5.90285e+00	4.24296e-04
1.44842e+04	1.07292e+09	2.73252e+00	6.12749e+00	-3.56855e-03
2.00965e+04	1.07294e+09	2.49442e+00	1.88809e+00	-1.94314e-03
3.42375e+04	1.07298e+09	1.08650e+00	2.33125e-01	-1.17897e-03
1.38682e+04	1.07299e+09	3.16533e-01	5.91785e+00	-5.82196e-03
2.53904e+04	1.07302e+09	9.36160e-01	1.14886e+00	8.11389e-03
1.22221e+05	1.07314e+09	1.39372e+00	3.04420e+00	-7.76454e-03
1.06707e+04	1.07315e+09	1.46678e+00	5.23384e+00	-8.02039e-03
2.95006e+04	1.07318e+09	8.72799e-01	5.29609e+00	7.87800e-03
1.06737e+04	1.07319e+09	1.93148e+00	3.48868e+00	3.78317e-03
1.02691e+04	1.07320e+09	6.78773e-01	2.00426e-01	6.33777e-03
1.05576e+05	1.07330e+09	1.89431e+00	5.93589e-01	-5.81803e-03
1.29883e+04	1.07332e+09	1.63120e+00	5.03534e+00	-6.58091e-03
2.49181e+04	1.07334e+09	4.89461e-01	7.62229e-01	9.02215e-03
1.21134e+04	1.07335e+09	1.39269e+00	2.46803e-01	-7.77016e-03
1.43417e+04	1.07337e+09	1.14765e+00	9.10482e-01	7.54640e-03
5.70630e+05	1.07394e+09	6.94456e-01	3.27627e-01	3.32839e-04
1.05933e+04	1.07395e+09	1.09071e+00	5.03586e+00	7.00072e-03
1.32906e+04	1.07396e+09	2.02205e+00	5.24834e+00	7.80893e-03
5.52019e+04	1.07402e+09	3.18756e+00	1.81071e-01	3.63700e-03
2.31657e+04	1.07404e+09	2.13467e+00	3.15723e+00	1.03544e-03
1.94125e+04	1.07406e+09	1.51467e+00	5.26729e+00	-2.88401e-03
5.01955e+04	1.07411e+09	1.48115e+00	3.46178e+00	7.45045e-03
5.16727e+04	1.07416e+09	2.13600e+00	7.45299e-01	-3.81049e-04
6.64923e+04	1.07423e+09	1.54981e+00	2.82204e+00	9.09846e-03
2.14792e+04	1.07425e+09	3.79488e-01	1.15144e+00	4.16459e-03
1.86633e+04	1.07427e+09	7.17776e-01	4.47404e-01	-1.73054e-03
3.40430e+04	1.07430e+09	1.39898e+00	2.25561e+00	-2.41254e-03
1.06259e+05	1.07441e+09	6.49757e-01	2.32687e+00	-7.93971e-04
1.12590e+04	1.07442e+09	7.26019e-01	5.32553e+00	-5.05610e-03
1.65490e+04	1.07444e+09	1.67466e+00	6.17340e+00	7.06200e-03
1.05691e+04	1.07445e+09	1.92689e+00	5.20036e-01	-1.85871e-04
1.51657e+04	1.07446e+09	1.62897e+00	5.33870e-01	-9.51929e-03
6.04052e+04	1.07452e+09	1.10701e+00	3.08119e+00	-1.25531e-03
1.10791e+04	1.07454e+09	8.97245e-01	5.31160e+00	-3.26214e-03
1.28307e+04	1.07455e+09	6.55110e-01	2.16297e+00	9.97984e-03
3.92779e+04	1.07459e+09	2.84612e+00	1.60636e+00	-4.37681e-03
2.73327e+04	1.07461e+09	2.23186e+00	3.67474e+00	-1.78642e-03
1.09385e+04	1.07463e+09	2.89646e+00	3.48260e+00	-7.04435e-03
1.22929e+04	1.07464e+09	2.26427e-01	7.32715e-01	3.09974e-03
1.61471e+04	1.07465e+09	9.51865e-01	2.47577e+00	-8.14041e-03
1.23628e+04	1.07467e+09	4.08968e+00	3.32248e+00	6.00443e-03
1.04888e+04	1.07468e+09	5.32635e-01	2.88521e-01	-2.41016e-03
2.01118e+04	1.07470e+09	4.35991e-01	2.15035e+00	5.16137e-03
1.06089e+04	1.07471e+09	3.35494e+00	1.46929e+00	-3.99204e-03
1.26586e+04	1.07472e+09	1.46906e+00	4.70087e+00	-1.56857e-03
4.50381e+04	1.07477e+09	1.40167e+00	5.63495e+00	-5.08737e-03
1.37756e+06	1.07614e+09	6.33480e-01	5.83635e+00	-1.70335e-03
1.02847e+04	1.07615e+09	2.87258e+00	3.96600e+00	1.95775e-03
1.20994e+04	1.07617e+09	1.03828e+00	1.25161e+00	-4.39251e-03
1.98157e+04	1.07619e+09	3.85627e-01	4.71347e+00	6.04590e-03
3.60695e+05	1.07655e+09	2.01760e+00	2.88231e+00	4.32173e-03
2.91967e+04	1.07658e+09	8.24574e-01	1.86805e+00	-9.64031e-03
2.20792e+04	1.07660e+09	8.42659e-01	3.44103e+00	-8.91481e-03
1.19910e+04	1.07661e+09	7.76651e-01	4.55114e+00	7.73568e-03
1.69624e+04	1.07663e+09	2.12397e+00	1.50844e+00	-8.82282e-03
1.74139e+04	1.07664e+09	5.19569e-01	3.60407e+00	-5.69375e-03
1.17666e+04	1.07666e+09	1.21102e+00	3.55953e-01	-8.76711e-03
2.66551e+04	1.07668e+09	1.83325e+00	3.34622e+00	9.00620e-03
3.11160e+04	1.07671e+09	3.81792e-01	2.29984e+00	7.94685e-04
1.27487e+04	1.07673e+09	8.14371e-01	6.08153e+00	9.84497e-03
2.80975e+04	1.07675e+09	9.11377e-01	3.92402e+00	3.94975e-03
1.29369e+05	1.07688e+09	2.88368e+00	5.09275e+00	9.90738e-03
1.19847e+04	1.07690e+09	8.54459e-01	2.92753e+00	6.93471e-03
1.78532e+04	1.07691e+09	1.81944e+00	3.13705e+00	-5.63560e-03
1.76751e+05	1.07709e+09	2.43096e+00	1.32540e+00	-7.63327e-03
4.72428e+04	1.07714e+09	1.16719e+00	1.92195e+00	5.54348e-03
1.74846e+04	1.07715e+09	1.74594e-01	5.13110e+00	8.20335e-03
1.24597e+04	1.07717e+09	3.68597e-01	3.21298e+00	-7.24690e-04
1.05135e+04	1.07718e+09	3.65000e-01	5.10589e+00	5.68361e-03
1.15001e+04	1.07719e+09	1.41466e+00	3.13002e-01	1.28576e-03
1.39920e+06	1.07859e+09	1.32363e+00	2.12495e+00	-5.61263e-03
1.47193e+04	1.07860e+09	2.35862e+00	4.63479e+00	-2.49654e-03
5.66237e+04	1.07866e+09	1.51391e+00	5.55142e+00	3.46889e-03
4.12939e+04	1.07870e+09	3.24761e-01	2.28561e+00	9.44190e-03
2.84357e+04	1.07873e+09	7.75557e-01	5.70831e+00	-9.55994e-03
3.08280e+04	1.07876e+09	2.71872e+00	1.22664e+00	4.60685e-03
1.73267e+04	1.07878e+09	1.27068e+00	4.04659e+00	-2.59559e-03
1.35858e+05	1.07891e+09	1.47130e+00	4.48290e+00	-3.44867e-03
1.13337e+05	1.07903e+09	8.45215e-01	9.05686e-01	-7.32790e-03
1.40576e+04	1.07904e+09	1.53023e+00	6.19279e+00	-9.44723e-03
1.50533e+04	1.07906e+09	5.11618e-01	4.74676e+00	-9.08363e-03
1.05491e+04	1.07907e+09	5.85243e-01	1.95427e+00	8.41685e-03
2.45120e+04	1.07909e+09	2.46026e+00	4.34576e+00	1.19727e-03
2.58376e+05	1.07935e+09	2.21754e+00	6.86691e-01	2.54548e-03
1.32716e+04	1.07936e+09	1.95611e+00	3.43177e-01	-2.91420e-03
1.18611e+04	1.07937e+09	5.81239e-01	3.52218e+00	8.32556e-03
3.09547e+04	1.07941e+09	6.30788e-01	5.97334e+00	2.90817e-03
3.54842e+04	1.07944e+09	3.75610e+00	3.91459e+00	6.66827e-03
1.80023e+04	1.07946e+09	4.00363e-01	2.91292e+00	6.09964e-03
1.52541e+04	1.07947e+09	6.52363e-01	2.24901e+00	5.76315e-03
1.78177e+04	1.07949e+09	3.71879e+00	3.37393e+00	-7.66338e-03
2.01779e+04	1.07951e+09	3.35087e+00	3.45812e+00	4.71815e-03
2.45280e+04	1.07954e+09	1.42956e+00	2.88383e+00	9.72201e-03
1.78225e+05	1.07971e+09	7.43167e-01	5.41282e+00	8.74598e-03
1.92858e+04	1.07973e+09	2.02834e+00	4.02853e+00	-4.20834e-03
9.77238e+05	1.08071e+09	2.00909e+00	3.93008e-01	2.35857e-03
5.26554e+04	1.08076e+09	8.27084e-01	1.14597e+00	7.64188e-03
7.13079e+04	1.08084e+09	1.50366e+00	3.70562e+00	4.86657e-03
2.49283e+04	1.08086e+09	1.81102e-01	5.73657e+00	-8.46476e-03
1.73507e+04	1.08088e+09	7.05598e-01	3.53074e+00	1.45149e-04
6.27483e+04	1.08094e+09	1.54737e+00	6.17566e+00	-3.58850e-04
1.18911e+04	1.08095e+09	8.95987e-01	1.08697e+00	9.69010e-04
4.45820e+04	1.08100e+09	1.59679e+00	3.88363e+00	-6.45208e-03
2.77316e+04	1.08102e+09	6.12002e-01	4.58425e-01	-9.25885e-03
2.16947e+05	1.08124e+09	1.19271e+00	4.97736e+00	-8.36037e-03
3.28057e+04	1.08127e+09	1.66367e+00	1.83300e+00	-8.97168e-03
1.56410e+04	1.08129e+09	1.49044e+00	3.88517e-01	2.22364e-03
2.85447e+04	1.08132e+09	7.45671e-01	4.73777e+00	8.38988e-03
7.80830e+04	1.08140e+09	3.53786e+00	5.56679e-01	4.91190e-03
1.39720e+04	1.08141e+09	1.02490e+00	3.18958e+00	1.25480e-03
1.98250e+04	1.08143e+09	1.15565e+00	1.70707e+00	-9.85025e-03
1.10142e+04	1.08144e+09	1.24275e+00	4.89445e+00	-2.10416e-03
2.20404e+04	1.08146e+09	1.39730e+00	3.77077e+00	-9.80784e-03
1.26453e+04	1.08148e+09	3.78248e-01	3.88015e+00	-7.19082e-03
1.50228e+04	1.08149e+09	3.40477e-01	5.21181e+00	-5.99667e-03
2.11312e+04	1.08151e+09	3.71403e+00	2.98821e+00	-3.63935e-03
2.72517e+05	1.08178e+09	1.10450e+00	5.66282e+00	6.05926e-03
1.49073e+04	1.08180e+09	1.11184e+00	3.34883e+00	9.27330e-03
4.54822e+04	1.08185e+09	1.45814e+00	2.46013e+00	-9.49473e-03
1.06991e+04	1.08186e+09	4.78451e-01	5.80272e+00	-6.30546e-03
1.67566e+04	1.08187e+09	3.09709e+00	1.19562e-01	-1.81316e-03
3.41374e+04	1.08191e+09	7.72413e-01	2.90012e+00	-3.25043e-03
1.43069e+04	1.08192e+09	2.38390e+00	1.89575e-02	-3.45653e-03
1.10730e+04	1.08193e+09	1.19584e-01	3.00694e+00	1.88976e-03
1.78064e+04	1.08195e+09	3.74120e-01	2.96856e+00	-5.54248e-03
1.64275e+04	1.08197e+09	3.63123e+00	3.05640e+00	9.28900e-03
1.78378e+04	1.08198e+09	3.53524e+00	2.92798e+00	-6.98971e-03
4.69259e+04	1.08203e+09	4.57680e-01	4.78704e+00	9.75149e-03
1.36904e+04	1.08204e+09	2.85531e+00	1.13488e+00	-6.77591e-03
1.00766e+04	1.08205e+09	5.14192e-01	2.96704e+00	-9.42371e-03
1.72644e+04	1.08207e+09	4.28862e+00	4.65599e+00	-6.89788e-03
1.34032e+05	1.08221e+09	2.29542e+00	3.11788e+00	7.49626e-03
3.37522e+04	1.08224e+09	1.75401e+00	1.64011e+00	-3.91397e-03
1.64203e+04	1.08226e+09	6.51100e-01	4.66916e+00	5.42513e-03
6.25443e+05	1.08288e+09	7.67782e-01	3.17506e+00	-6.08319e-03
7.87509e+04	1.08296e+09	1.18641e+00	9.80586e-01	2.94334e-03
3.42106e+04	1.08299e+09	1.55456e+00	1.00779e-01	-3.69895e-03
1.08206e+04	1.08301e+09	6.93027e-01	5.29553e+00	-4.37966e-03
3.86622e+04	1.08304e+09	2.02036e+00	2.10602e+00	4.89665e-03
1.28555e+04	1.08306e+09	5.52632e-01	4.35331e+00	4.13172e-03
7.84578e+04	1.08314e+09	1.90875e+00	5.10820e+00	-1.59698e-03
1.96087e+05	1.08333e+09	1.47303e+00	6.61060e-01	1.49215e-03
1.57781e+04	1.08335e+09	1.40441e+00	5.21382e+00	9.53850e-03
3.42034e+05	1.08369e+09	2.36790e+00	8.38324e-02	1.02111e-03
1.15227e+04	1.08370e+09	1.30899e+00	4.90191e+00	-3.89903e-03
5.35827e+04	1.08375e+09	6.71521e-01	5.51728e+00	1.07166e-03
1.93793e+04	1.08377e+09	2.53540e+00	1.78540e+00	2.26590e-03
1.36203e+04	1.08379e+09	2.15906e+00	9.52189e-01	7.71144e-03
1.12105e+04	1.08380e+09	2.44901e+00	5.29924e+00	-5.72508e-03
5.79994e+04	1.08386e+09	1.45878e+00	3.51457e+00	7.65323e-03
1.01779e+04	1.08387e+09	5.55103e-01	1.10332e-01	-1.13304e-03
1.16527e+04	1.08388e+09	1.43718e+00	1.98699e+00	1.59105e-03
1.41041e+04	1.08389e+09	1.61050e+00	3.66161e+00	5.41708e-03
2.08109e+04	1.08391e+09	1.08033e+00	2.29909e+00	-2.86982e-03
1.22142e+04	1.08393e+09	7.53076e-01	6.77394e-01	-3.11008e-03
1.20665e+05	1.08405e+09	3.34247e+00	3.26714e-01	-7.66087e-03
7.15751e+04	1.08412e+09	3.17286e+00	7.38412e-01	-8.68758e-03
1.71988e+04	1.08414e+09	1.06727e+00	1.56874e+00	-2.38498e-03
2.29873e+04	1.08416e+09	2.34518e+00	8.03080e-01	1.53772e-03
3.39186e+04	1.08419e+09	2.39710e-01	2.08358e-01	-3.78076e-03
1.23124e+04	1.08420e+09	9.93605e-01	2.30298e+00	-2.52404e-03
1.58062e+04	1.08422e+09	8.17590e-01	2.38109e+00	5.40388e-03
3.07043e+04	1.08425e+09	4.48095e+00	3.02912e+00	-3.61510e-03
1.23487e+04	1.08426e+09	3.14931e+00	1.26860e+00	-1.64973e-03
2.68596e+04	1.08429e+09	1.22833e+00	6.70748e-01	7.04040e-03
3.19697e+04	1.08432e+09	1.55182e-01	2.57099e+00	-2.02132e-03
2.31694e+04	1.08435e+09	4.47406e-01	5.48011e+00	2.37209e-03
2.71873e+04	1.08437e+09	7.69876e-01	3.18458e+00	7.38219e-03
1.00082e+05	1.08447e+09	3.49969e+00	4.53980e+00	8.82345e-03
1.02675e+04	1.08448e+09	1.14972e+00	3.89019e+00	-7.89113e-03
1.60968e+04	1.08450e+09	5.47027e-01	2.91411e+00	6.91736e-03
1.12526e+04	1.08451e+09	1.61135e+00	8.80084e-01	-1.72507e-04
6.74836e+04	1.08458e+09	7.68625e-01	6.05882e+00	9.37922e-03
2.15724e+04	1.08460e+09	1.53991e+00	3.93040e+00	6.37638e-03
2.00907e+04	1.08462e+09	5.54301e-01	2.47398e-01	-6.54206e-04
6.67196e+04	1.08469e+09	1.12697e+00	4.21962e+00	1.61298e-03
1.46921e+04	1.08470e+09	1.37867e+00	2.26134e+00	1.12698e-03
8.56013e+04	1.08479e+09	2.71138e+00	5.28615e-01	2.33388e-03
2.02757e+04	1.08481e+09	1.59481e+00	4.06265e+00	-4.19688e-03
3.31876e+05	1.08514e+09	1.98209e+00	3.43379e+00	1.63000e-03
1.80279e+04	1.08516e+09	1.23425e+00	5.93725e+00	-5.90748e-03
1.01737e+05	1.08526e+09	1.58472e+00	3.23945e+00	-2.64185e-03
1.89768e+04	1.08528e+09	1.28935e+00	3.94520e+00	-9.23353e-03
1.90971e+04	1.08530e+09	8.58432e-01	3.34964e-02	-2.60689e-03
1.26564e+06	1.08656e+09	1.99493e+00	3.76415e+00	1.70303e-03
2.03395e+05	1.08677e+09	1.39413e+00	4.15608e+00	-2.08474e-03
4.43670e+05	1.08721e+09	1.73646e+00	2.16509e+00	3.53168e-03
4.82177e+04	1.08726e+09	2.53759e+00	5.09245e+00	7.08969e-03
1.45534e+04	1.08727e+09	7.28312e-01	1.62951e+00	-8.08977e-03
6.93154e+05	1.08796e+09	7.66614e-01	6.54633e-01	2.69041e-04
3.31796e+04	1.08800e+09	7.71131e-01	1.83079e+00	-3.07779e-04
1.78168e+04	1.08802e+09	8.96791e-01	4.45905e+00	2.74774e-03
3.60523e+04	1.08805e+09	1.28142e+00	5.69143e+00	-3.55747e-03
6.29592e+04	1.08811e+09	1.34086e+00	1.10443e+00	8.02748e-03
1.01241e+04	1.08813e+09	4.05155e+00	5.54886e+00	-3.68793e-03
5.35743e+04	1.08818e+09	1.21703e+00	5.74227e+00	5.25164e-03
1.96047e+04	1.08820e+09	1.13853e+00	4.18186e+00	9.44578e-03
1.37088e+04	1.08821e+09	2.41653e+00	6.99715e-01	1.04435e-03
1.74274e+04	1.08823e+09	3.94811e-01	2.90233e+00	-6.04603e-03
1.23055e+04	1.08824e+09	5.61471e-01	5.63324e+00	8.49203e-04
2.32162e+04	1.08826e+09	1.46539e+00	2.37490e+00	5.32597e-04
5.87340e+04	1.08832e+09	1.67784e+00	4.93924e-02	8.99383e-03
1.34437e+04	1.08834e+09	6.63309e-01	4.54634e+00	4.56015e-03
1.76053e+04	1.08835e+09	1.65229e+00	5.81971e+00	9.10060e-03
1.57151e+04	1.08837e+09	1.27511e+00	3.85088e+00	-9.43721e-03
2.15845e+04	1.08839e+09	1.30324e+00	2.72645e+00	-5.87183e-03
1.06416e+05	1.08850e+09	5.69097e-01	7.77700e-01	-4.26311e-03
4.62147e+04	1.08854e+09	1.16982e+00	2.68447e+00	9.95137e-03
3.96483e+04	1.08858e+09	6.51996e-01	4.43443e-01	9.59224e-03
2.40075e+04	1.08861e+09	1.14986e+00	5.00001e+00	-6.77747e-03
2.30367e+05	1.08884e+09	6.06460e-01	5.90185e+00	-2.60366e-03
1.07112e+04	1.08885e+09	2.18973e+00	1.27192e+00	-9.03849e-04
1.00398e+04	1.08886e+09	5.29381e-01	2.30219e+00	-8.41809e-03
1.08231e+05	1.08897e+09	1.27748e+00	4.28655e+00	-7.90636e-03
8.05325e+05	1.08977e+09	1.00221e+00	9.14086e-01	-6.16565e-03
2.21642e+04	1.08980e+09	2.18800e+00	3.21767e+00	9.43532e-03
6.07255e+04	1.08986e+09	1.01146e+00	2.36563e+00	4.93954e-04
2.50093e+04	1.08988e+09	1.36170e+00	6.57204e-01	5.77442e-03
1.32089e+04	1.08989e+09	1.63695e+00	6.63088e-01	9.09049e-03
1.89482e+04	1.08991e+09	2.07368e+00	7.27271e-01	5.65260e-03
2.13225e+05	1.09013e+09	1.22159e+00	4.53874e-01	-8.99499e-03
2.82584e+04	1.09015e+09	1.36357e+00	5.94376e+00	7.98781e-04
1.17865e+04	1.09017e+09	1.37425e+00	3.20313e+00	9.92567e-03
2.02385e+04	1.09019e+09	3.67597e+00	1.03479e-01	5.35430e-03
1.86387e+04	1.09021e+09	2.80077e+00	1.35469e+00	-1.85984e-04
2.04272e+04	1.09023e+09	1.19995e+00	4.73216e+00	9.90806e-03
4.99963e+04	1.09028e+09	1.18350e+00	4.16221e+00	-1.88469e-03
1.88515e+04	1.09029e+09	2.24221e-01	6.12779e+00	-4.76333e-03
1.07533e+04	1.09031e+09	1.99193e+00	5.72590e+00	-8.11877e-03
6.69057e+04	1.09037e+09	3.51616e+00	3.64418e+00	-9.21313e-03
1.90810e+04	1.09039e+09	1.50200e+00	6.13900e-01	2.91331e-03
1.33643e+04	1.09040e+09	4.52335e-01	3.05911e+00	4.76675e-03
1.49286e+04	1.09042e+09	2.31100e-01	1.54136e+00	4.12847e-03
1.10466e+04	1.09043e+09	2.19926e+00	3.39533e+00	6.62022e-03
3.95265e+04	1.09047e+09	1.24285e+00	3.09989e+00	7.41706e-03
1.26995e+04	1.09048e+09	9.10084e-01	1.73619e+00	2.78238e-03
2.21525e+04	1.09050e+09	2.12189e+00	2.31007e-01	-4.51760e-03
3.47103e+04	1.09054e+09	3.06641e+00	4.82909e+00	9.59316e-03
1.42169e+04	1.09055e+09	4.13300e-01	2.50798e+00	6.68984e-03
1.18287e+04	1.09057e+09	4.08787e-01	4.06670e+00	-5.37055e-03
1.06530e+04	1.09058e+09	8.80899e-01	3.66619e+00	-6.77603e-04
2.11671e+04	1.09060e+09	1.29189e+00	2.31630e+00	-4.45201e-03
1.00046e+04	1.09061e+09	1.24449e+00	6.04010e+00	-5.14219e-03
1.07580e+04	1.09062e+09	3.78740e+00	3.79415e+00	5.66622e-03
1.27976e+05	1.09075e+09	1.06698e+00	9.60899e-01	-9.62666e-03
1.13018e+04	1.09076e+09	1.75877e+00	3.60070e+00	-5.43772e-04
1.20058e+04	1.09077e+09	2.83438e+00	2.24567e+00	4.76146e-03
1.19711e+04	1.09078e+09	1.35918e+00	3.19630e-01	-7.21710e-03
1.96195e+05	1.09098e+09	1.40515e+00	3.61033e+00	5.08353e-03
3.47917e+04	1.09101e+09	6.48065e-01	3.43821e+00	4.26274e-03
1.31014e+04	1.09103e+09	1.59602e+00	5.49386e+00	3.39847e-03
5.59658e+04	1.09108e+09	1.93199e+00	4.80524e+00	1.87675e-03
1.32393e+05	1.09121e+09	8.45236e-01	2.69550e+00	-5.27153e-03
1.16582e+04	1.09123e+09	1.05180e+00	2.59906e+00	2.55822e-03
1.17932e+05	1.09134e+09	2.91341e-01	4.49265e+00	4.86205e-03
2.07672e+04	1.09136e+09	2.32278e+00	5.45219e+00	-7.64417e-03
2.89540e+05	1.09165e+09	9.09501e-01	5.59435e+00	-4.38098e-03
3.11048e+04	1.09168e+09	1.59040e+00	4.01822e-01	-9.63589e-03
1.46175e+04	1.09170e+09	2.73766e+00	4.43389e+00	-4.33843e-03
1.01130e+04	1.09171e+09	6.50232e-01	3.59555e+00	6.13771e-03
3.79591e+04	1.09175e+09	1.79183e+00	2.11183e+00	-9.41574e-03
4.51360e+04	1.09179e+09	1.77273e-01	2.86981e+00	5.15051e-03
1.81154e+05	1.09197e+09	2.17398e+00	5.90641e+00	3.20245e-03
1.17780e+04	1.09199e+09	1.49346e+00	1.98774e+00	9.65485e-03
1.01205e+04	1.09200e+09	2.31934e+00	3.08879e+00	-6.17037e-03
1.29198e+04	1.09201e+09	3.03541e+00	5.84163e-01	7.67527e-03
2.20325e+04	1.09203e+09	1.48556e+00	5.16859e+00	-3.94263e-03
1.81473e+05	1.09221e+09	6.24018e-01	1.82029e+00	-2.81511e-03
1.66879e+04	1.09223e+09	1.22099e+00	6.16877e+00	-3.20848e-03
1.20458e+04	1.09224e+09	2.16271e-01	2.63018e+00	3.43606e-04
1.71370e+04	1.09226e+09	8.02512e-01	3.70826e-01	-6.19066e-03
1.59951e+05	1.09242e+09	3.23996e-01	5.29888e+00	1.10446e-03
1.42544e+04	1.09243e+09	5.93079e-01	3.27032e+00	-7.06729e-05
2.73808e+04	1.09246e+09	2.24071e+00	5.21641e+00	1.93232e-04
1.61660e+04	1.09248e+09	3.99529e+00	1.58389e+00	-5.98430e-03
2.31063e+04	1.09250e+09	6.99049e-01	4.60508e+00	2.08496e-03
3.55494e+04	1.09253e+09	5.57546e-01	1.52507e+00	7.62420e-03
1.36332e+04	1.09255e+09	1.36057e+00	5.80516e+00	-4.54943e-03
1.17837e+04	1.09256e+09	9.36278e-01	5.44993e+00	-7.93564e-03
7.49104e+04	1.09263e+09	1.38124e+00	4.08658e+00	-7.69838e-04
1.56649e+04	1.09265e+09	9.49823e-02	4.43636e+00	8.13608e-03
1.52343e+04	1.09267e+09	3.84194e-01	3.70642e+00	-9.08097e-03
1.12931e+04	1.09268e+09	3.05254e-01	5.05096e+00	-3.05231e-03
2.71341e+04	1.09270e+09	8.20782e-01	5.83493e+00	-3.96210e-03
1.05308e+04	1.09271e+09	4.13689e-01	1.62502e+00	-5.84264e-04
1.29567e+04	1.09273e+09	4.97683e-01	3.57783e+00	-2.26472e-03
4.10481e+04	1.09277e+09	1.33753e+00	3.45417e+00	-2.72563e-03
5.30135e+04	1.09282e+09	1.61833e+00	1.28263e+00	-4.91979e-03
3.50531e+04	1.09286e+09	2.19359e+00	5.65050e+00	-2.16869e-03
3.83985e+04	1.09290e+09	2.59316e+00	1.79386e+00	-2.14668e-03
2.27046e+04	1.09292e+09	1.18636e+00	4.90467e+00	-9.39241e-03
2.26413e+04	1.09294e+09	6.43625e-01	4.94862e-01	-4.36519e-03
1.81431e+04	1.09296e+09	3.70968e-01	2.97691e+00	-3.26784e-03
2.51071e+04	1.09298e+09	1.14411e+00	6.10801e+00	-1.55051e-03
1.07714e+04	1.09299e+09	2.36316e+00	2.05978e+00	-4.47183e-04
1.05384e+04	1.09301e+09	2.66143e+00	3.22565e+00	6.52990e-04
7.74492e+04	1.09308e+09	1.47610e+00	1.05132e+00	1.48504e-03
2.57007e+04	1.09311e+09	4.95377e-01	6.12620e+00	9.49132e-03
1.92790e+05	1.09330e+09	6.96882e-01	4.75225e+00	-6.44287e-03
3.93123e+04	1.09334e+09	4.32307e+00	4.41999e+00	-2.49931e-03
1.05010e+04	1.09335e+09	1.44451e+00	1.57984e+00	3.96316e-03
1.17327e+05	1.09347e+09	1.68320e+00	1.31563e+00	5.70925e-03
2.79735e+04	1.09350e+09	1.02762e+00	3.84674e+00	6.96168e-03
2.13074e+04	1.09352e+09	2.46411e+00	4.69279e+00	-5.69192e-03
2.84154e+04	1.09355e+09	1.33376e+00	2.19764e+00	9.42620e-03
3.27373e+04	1.09358e+09	8.54818e-01	5.16304e+00	1.63568e-03
1.12533e+04	1.09359e+09	2.35155e+00	4.86688e+00	-4.69942e-03
4.82076e+04	1.09364e+09	1.40198e+00	4.40792e+00	-3.12664e-03
3.70929e+04	1.09368e+09	1.28767e+00	2.46698e+00	1.20832e-03
2.73814e+04	1.09370e+09	9.78112e-01	1.93404e+00	-8.85912e-03
1.27799e+04	1.09372e+09	9.76019e-01	1.11481e+00	-1.79125e-03
1.02706e+04	1.09373e+09	4.98213e-01	4.89277e+00	-5.70510e-03
1.49178e+04	1.09374e+09	4.63993e-01	1.99535e+00	9.65651e-03
1.97008e+05	1.09394e+09	8.10501e-01	2.56835e+00	7.12924e-03
1.40371e+04	1.09395e+09	1.33551e+00	3.99480e+00	8.42472e-03
1.08612e+04	1.09396e+09	1.40181e+00	3.88639e+00	3.44930e-03
5.87762e+04	1.09402e+09	2.00523e+00	2.61989e+00	-5.59470e-03
8.34534e+04	1.09410e+09	1.24515e+00	3.56897e+00	1.98812e-03
1.37264e+05	1.09424e+09	1.25659e+00	6.90723e-01	4.32977e-03
2.89851e+04	1.09427e+09	1.08722e+00	5.84388e+00	1.90935e-03
3.97847e+04	1.09431e+09	3.83786e-01	5.62775e+00	3.19163e-03
1.49477e+04	1.09433e+09	1.16081e+00	1.36050e+00	6.04769e-03
3.73944e+04	1.09436e+09	1.35184e+00	2.59553e+00	-1.06301e-04
3.04078e+04	1.09439e+09	4.60652e-01	6.07970e+00	4.04648e-03
2.51304e+04	1.09442e+09	9.51349e-01	4.96720e+00	-3.72743e-03
1.54385e+04	1.09443e+09	3.83134e+00	4.89082e+00	-6.61980e-03
1.19223e+04	1.09445e+09	1.77622e+00	5.49543e+00	5.19738e-03
1.95581e+04	1.09447e+09	6.33645e-01	3.58987e+00	4.43168e-03
1.94964e+04	1.09448e+09	1.37879e+00	5.62562e-01	3.92929e-03
1.40773e+04	1.09450e+09	1.77882e+00	4.11947e+00	-8.86667e-03
2.08299e+04	1.09452e+09	1.87996e+00	4.66353e-01	2.27514e-03
7.64883e+04	1.09460e+09	7.86600e-01	5.29424e+00	-8.14256e-03
1.14684e+04	1.09461e+09	2.95296e+00	6.71048e-02	-7.02465e-03
1.37417e+04	1.09462e+09	2.17518e+00	2.58378e+00	1.71450e-03
1.01172e+04	1.09463e+09	2.74435e+00	2.07656e+00	9.65025e-03
1.16202e+04	1.09464e+09	1.05795e+00	3.36090e+00	-1.29696e-03
1.09495e+04	1.09465e+09	1.29885e+00	1.70655e+00	-3.04462e-03
7.02712e+04	1.09472e+09	1.64079e+00	1.99876e+00	-9.03411e-03
2.65038e+04	1.09475e+09	3.74852e+00	2.05718e+00	-7.63228e-03
1.04954e+04	1.09476e+09	5.80547e-01	4.25792e+00	-5.47411e-03
1.11140e+04	1.09477e+09	1.42086e+00	3.09800e+00	-7.26511e-04
1.65668e+04	1.09479e+09	9.57537e-01	1.90879e+00	4.69784e-03
1.01011e+04	1.09480e+09	2.14842e+00	3.88318e+00	9.69211e-03
1.40144e+04	1.09481e+09	1.80483e-01	5.43482e+00	4.50347e-03
3.42722e+04	1.09485e+09	5.58167e-01	1.70580e+00	3.59372e-03
1.01514e+04	1.09486e+09	3.64559e+00	3.15445e+00	1.42464e-03
2.31006e+04	1.09488e+09	2.16648e+00	3.12349e+00	9.64611e-03
1.25413e+04	1.09489e+09	7.90442e-01	9.49088e-01	5.04099e-03
7.73530e+04	1.09497e+09	5.21394e-01	1.33010e+00	-1.26064e-03
1.53513e+04	1.09499e+09	2.46425e-01	5.61673e+00	3.51513e-03
3.68136e+04	1.09502e+09	2.60781e+00	4.90179e+00	-6.71787e-03
1.52047e+04	1.09504e+09	9.15323e-01	2.61609e+00	7.34114e-03
1.96336e+04	1.09506e+09	8.89692e-01	5.55808e+00	-2.98299e-03
8.65968e+04	1.09514e+09	1.50885e+00	1.96456e+00	4.30657e-03
2.99874e+04	1.09517e+09	1.68049e+00	1.66270e+00	2.62724e-03
2.24558e+04	1.09520e+09	4.72309e-01	5.54896e+00	-3.68145e-03
4.26127e+04	1.09524e+09	1.46120e+00	1.49835e-03	-6.16951e-04
2.31799e+04	1.09526e+09	1.49197e+00	1.80858e+00	-2.71565e-03
1.71292e+06	1.09698e+09	4.29462e+00	3.32961e+00	1.86055e-04
2.89433e+04	1.09700e+09	1.24296e+00	6.11240e+00	-6.30013e-03
2.73108e+04	1.09703e+09	1.86505e-01	5.13962e-01	5.90082e-04
1.19342e+04	1.09704e+09	3.69347e+00	4.94151e+00	5.30166e-03
7.74835e+04	1.09712e+09	2.13047e+00	2.68943e+00	8.37295e-03
9.60263e+04	1.09722e+09	3.15957e-01	4.89369e+00	-9.97191e-03
4.39396e+04	1.09726e+09	1.71176e-01	1.43013e+00	5.86763e-03
1.05394e+04	1.09727e+09	1.71451e+00	6.17078e+00	7.98522e-04
1.93925e+04	1.09729e+09	2.26034e+00	1.30408e+00	1.09100e-03
3.32401e+04	1.09732e+09	1.46605e+00	3.21415e+00	-7.54463e-04
2.46112e+04	1.09735e+09	1.54683e+00	1.63622e+00	-3.08438e-03
2.64390e+04	1.09738e+09	1.25835e+00	8.98589e-01	4.65878e-03
2.09884e+04	1.09740e+09	1.90501e+00	4.48697e+00	1.99745e-03
3.41299e+04	1.09743e+09	9.71746e-01	8.61334e-01	-4.03638e-03
8.42950e+04	1.09751e+09	2.00731e+00	1.76174e+00	4.65067e-04
1.15545e+04	1.09753e+09	1.06744e+00	3.81762e+00	2.55047e-03
1.92511e+06	1.09945e+09	2.96483e+00	3.70555e+00	3.83595e-03
1.90342e+04	1.09947e+09	1.89780e+00	5.79510e+00	-5.43870e-03
1.57140e+04	1.09949e+09	1.74907e+00	2.43056e+00	-3.14024e-04
2.63912e+05	1.09975e+09	1.78738e+00	5.73826e-01	5.42938e-05
1.95053e+04	1.09977e+09	2.80586e+00	2.32732e+00	3.47828e-03
2.20412e+04	1.09979e+09	2.18993e+00	5.38122e+00	7.81343e-03
1.50847e+04	1.09981e+09	1.29211e+00	5.53650e-01	9.59436e-03
1.53556e+04	1.09982e+09	2.14609e+00	4.86716e+00	1.48240e-03
8.99565e+04	1.09991e+09	2.14566e+00	8.01451e-01	-5.88251e-03
3.68781e+05	1.10028e+09	2.94116e+00	9.41669e-01	7.14656e-03
1.17857e+04	1.10029e+09	8.77123e-01	6.13136e+00	-8.20729e-03
5.77913e+04	1.10035e+09	3.62901e+00	3.44220e+00	9.52669e-03
4.34733e+04	1.10039e+09	4.82935e-01	4.10819e+00	7.00156e-03
1.71271e+04	1.10041e+09	7.26564e-01	5.81117e+00	5.80755e-03
1.78996e+04	1.10043e+09	4.39816e+00	6.25384e+00	6.87361e-03
8.15430e+04	1.10051e+09	3.99049e+00	5.00400e+00	-8.49725e-03
3.44682e+04	1.10054e+09	3.68528e-01	4.77764e+00	3.51366e-03
1.15897e+04	1.10056e+09	4.22283e+00	2.11940e+00	7.18723e-03
1.20821e+04	1.10057e+09	2.96793e+00	2.82421e+00	-6.86347e-03
1.45576e+04	1.10058e+09	3.32130e+00	3.83853e-01	-5.78110e-04
1.23778e+04	1.10060e+09	3.09399e+00	1.57989e+00	1.28974e-03
1.66451e+04	1.10061e+09	2.21135e-01	4.05030e+00	-9.31092e-03
8.05721e+04	1.10069e+09	6.30893e-01	2.55753e+00	-1.88472e-03
4.22739e+04	1.10073e+09	1.63848e+00	3.25712e+00	-8.29122e-03
1.93496e+04	1.10075e+09	4.27800e-01	4.98130e+00	7.76056e-03
1.73024e+04	1.10077e+09	1.64087e+00	5.33085e-01	-5.20118e-03
3.21427e+04	1.10080e+09	1.82496e+00	1.48097e+00	-6.94888e-03
4.56957e+04	1.10085e+09	1.92508e+00	5.14271e+00	6.28467e-03
1.14466e+05	1.10096e+09	1.45312e+00	3.64831e+00	7.67182e-03
2.46972e+04	1.10099e+09	1.10291e+00	3.20739e+00	1.83893e-04
1.04347e+04	1.10100e+09	1.05914e+00	6.21290e+00	3.02272e-03
3.11588e+04	1.10103e+09	3.96752e-01	4.31725e+00	-8.54121e-05
1.03958e+05	1.10113e+09	1.09462e+00	1.30566e+00	2.69058e-03
1.36817e+04	1.10115e+09	3.31860e+00	3.08572e+00	-2.08263e-03
1.07448e+04	1.10116e+09	7.78060e-01	8.21480e-01	6.63200e-03
1.74314e+04	1.10118e+09	1.88366e+00	3.97986e+00	9.70564e-03
1.27328e+04	1.10119e+09	6.60903e-01	3.87473e+00	-7.12730e-03
1.12250e+04	1.10120e+09	3.82481e-01	1.02297e-01	-4.41654e-03
1.73644e+04	1.10122e+09	1.87686e+00	3.44909e+00	5.07769e-03
4.95548e+04	1.10127e+09	1.69237e+00	2.69099e+00	5.87770e-03
1.05744e+04	1.10128e+09	1.00389e+00	5.59527e+00	-9.08673e-03
1.14433e+06	1.10242e+09	1.76705e+00	2.86932e+00	7.74020e-04
1.66492e+04	1.10244e+09	8.80594e-01	3.41335e+00	3.84290e-03
3.18227e+04	1.10247e+09	2.40184e+00	2.62244e+00	-3.78184e-03
3.17708e+04	1.10250e+09	4.22554e+00	2.18631e-01	-6.42903e-03
3.68832e+04	1.10254e+09	1.61313e+00	3.39872e+00	-6.99919e-03
5.93263e+04	1.10260e+09	1.67589e+00	9.61435e-01	-9.65480e-03
3.39862e+05	1.10294e+09	2.35972e+00	1.71629e-01	-2.59750e-03
8.88616e+05	1.10383e+09	1.41177e+00	4.49387e+00	7.61523e-03
1.13890e+04	1.10384e+09	2.07853e-01	5.89827e+00	8.51708e-03
1.01607e+04	1.10385e+09	1.16102e+00	1.46496e+00	5.87731e-03
1.25648e+05	1.10397e+09	1.54141e+00	1.73161e+00	-4.80709e-03
4.05400e+04	1.10401e+09	1.06670e+00	7.75812e-01	-1.57686e-03
2.61482e+04	1.10404e+09	1.77492e+00	4.08788e+00	8.64941e-03
1.25453e+05	1.10417e+09	8.74201e-01	1.11890e+00	2.96942e-03
1.07095e+04	1.10418e+09	1.33351e+00	6.26787e+00	-7.45814e-03
1.10981e+04	1.10419e+09	1.28005e+00	1.28519e+00	-3.69703e-03
1.52278e+04	1.10420e+09	1.19719e+00	2.03245e+00	-4.55494e-04
1.59086e+04	1.10422e+09	2.17968e+00	4.05247e+00	8.35983e-03
1.93174e+04	1.10424e+09	1.35553e+00	1.39398e+00	1.36704e-03
1.21013e+04	1.10425e+09	2.78106e+00	5.00523e+00	7.82865e-03
1.95334e+05	1.10445e+09	2.54345e+00	1.08213e+00	-4.94246e-03
7.75404e+04	1.10452e+09	1.75044e+00	5.05461e+00	8.27096e-03
1.11556e+05	1.10463e+09	9.68242e-01	3.15020e+00	-6.07651e-03
2.09749e+05	1.10484e+09	1.18101e+00	8.56161e-01	-1.58135e-03
4.27460e+04	1.10489e+09	2.91823e+00	3.49431e-02	-3.28137e-04
1.04958e+04	1.10490e+09	3.43621e+00	5.25729e+00	9.79927e-04
2.92898e+05	1.10519e+09	4.16330e-01	2.53509e+00	-1.42319e-03
2.19161e+04	1.10521e+09	9.10839e-01	5.71211e+00	-4.21733e-03
2.07546e+04	1.10523e+09	1.30601e+00	2.34007e+00	7.95725e-03
9.57953e+04	1.10533e+09	2.28277e-01	5.75390e+00	-3.32690e-03
2.74177e+05	1.10560e+09	3.49728e+00	5.43898e+00	-3.53952e-03
1.57372e+04	1.10562e+09	3.14221e+00	2.43310e+00	-1.08348e-03
4.54386e+05	1.10607e+09	1.17519e+00	4.21847e+00	5.18029e-03
1.10037e+04	1.10608e+09	6.25354e-01	2.30345e+00	-6.23883e-03
1.54467e+04	1.10610e+09	1.90175e+00	2.58901e+00	2.75016e-03
1.00494e+04	1.10611e+09	1.38973e+00	3.31356e+00	7.35480e-03
8.95305e+04	1.10620e+09	3.55980e+00	4.47592e+00	-1.45052e-03
4.98888e+04	1.10625e+09	9.88327e-01	3.66457e+00	-8.69626e-03
1.42112e+04	1.10626e+09	8.75644e-01	5.87483e+00	-2.30105e-03
1.68890e+06	1.10795e+09	2.52213e+00	2.26649e+00	-7.45685e-03
5.80103e+04	1.10801e+09	2.35162e+00	2.83726e+00	-6.97986e-04
2.37909e+04	1.10803e+09	9.47879e-01	3.81357e+00	-9.77969e-03
2.17159e+04	1.10806e+09	1.91939e+00	5.51999e+00	-3.56612e-03
2.49930e+04	1.10808e+09	8.97977e-01	1.74099e+00	-6.67177e-03
1.45546e+04	1.10810e+09	1.51053e+00	1.39753e+00	8.67675e-03
1.00407e+04	1.10811e+09	7.58974e-01	3.84671e+00	-8.53514e-03
1.36964e+04	1.10812e+09	3.27908e+00	4.96125e+00	-7.91952e-03
1.16342e+04	1.10813e+09	3.93264e+00	4.39489e+00	-4.97839e-03
1.99088e+04	1.10815e+09	3.27581e+00	5.52280e+00	2.81502e-03
4.54692e+04	1.10820e+09	2.08028e+00	1.30250e+00	5.47990e-03
7.20382e+04	1.10827e+09	4.68530e-01	2.64791e+00	-3.02728e-03
3.30137e+05	1.10860e+09	4.62737e-01	5.75418e+00	6.70983e-03
2.05220e+04	1.10862e+09	1.45507e+00	2.46366e+00	-3.11561e-04
2.74539e+04	1.10865e+09	2.75947e-01	2.94409e+00	8.22816e-03
1.70910e+04	1.10866e+09	1.35904e+00	5.66996e+00	1.06069e-03
1.39538e+04	1.10868e+09	1.51392e+00	2.05206e+00	9.29672e-03
3.25672e+04	1.10871e+09	3.88979e-01	4.74530e+00	7.08061e-04
1.92728e+05	1.10890e+09	2.25352e+00	5.44100e+00	-2.80750e-04
1.59003e+04	1.10892e+09	6.25088e-01	4.79877e+00	-2.99489e-03
2.41005e+04	1.10894e+09	2.33006e+00	1.63765e+00	3.85283e-03
1.73125e+04	1.10896e+09	7.66064e-01	4.07727e+00	9.46952e-03
1.25317e+04	1.10897e+09	9.57709e-01	5.89388e+00	4.99863e-03
5.02449e+04	1.10902e+09	9.01748e-01	4.41065e+00	8.51787e-03
1.08438e+04	1.10903e+09	2.24542e+00	1.50184e+00	-8.78204e-03
5.75498e+05	1.10961e+09	1.37093e+00	3.22966e+00	-6.87798e-03
1.14012e+05	1.10972e+09	1.92652e+00	1.33523e+00	-8.46901e-03
3.16724e+04	1.10975e+09	1.71759e+00	5.69382e+00	-4.77607e-03
1.75439e+04	1.10977e+09	1.64876e-01	3.92282e+00	-3.28080e-03
2.26672e+04	1.10980e+09	1.49064e+00	3.22711e+00	6.92748e-03
2.29346e+05	1.11002e+09	6.30583e-01	2.06467e+00	7.02961e-03
1.14701e+04	1.11004e+09	2.05083e+00	5.22819e+00	-4.94881e-04
1.80709e+04	1.11005e+09	1.61749e+00	2.68909e+00	-4.25045e-03
1.63869e+04	1.11007e+09	6.89978e-01	5.23453e+00	1.08400e-04
1.56583e+05	1.11023e+09	6.78504e-01	1.47520e+00	3.95045e-03
5.42721e+04	1.11028e+09	3.07498e+00	5.93055e+00	-3.78633e-03
1.05875e+04	1.11029e+09	4.33898e-01	4.99368e+00	-3.64637e-03
7.21709e+05	1.11101e+09	2.38458e+00	3.87910e+00	-5.20647e-03
1.17608e+04	1.11103e+09	1.02361e+00	5.52935e+00	4.98170e-05
1.43387e+05	1.11117e+09	8.13575e-01	9.98008e-01	-2.95922e-03
1.07680e+04	1.11118e+09	3.11417e+00	3.00254e+00	-1.71039e-03
1.17714e+04	1.11119e+09	1.87001e+00	2.80164e+00	-4.09870e-04
1.19293e+04	1.11120e+09	2.45041e+00	5.74361e+00	-6.41705e-03
1.48941e+04	1.11122e+09	8.58527e-01	5.88654e+00	6.88235e-03
1.00858e+04	1.11123e+09	2.93557e-01	4.91520e+00	-3.81174e-03
1.56837e+04	1.11124e+09	3.89454e-01	6.00971e+00	8.00343e-03
1.69518e+04	1.11126e+09	1.70927e+00	5.67968e+00	-7.46509e-04
4.35929e+04	1.11130e+09	3.43125e-01	4.46208e+00	5.04516e-03
1.59292e+04	1.11132e+09	1.54338e+00	3.31248e+00	-4.09577e-03
2.85710e+04	1.11135e+09	1.39241e+00	2.10239e+00	-6.51366e-03
3.25243e+05	1.11167e+09	3.82585e-01	6.04470e+00	1.17629e-03
1.56149e+04	1.11169e+09	7.41206e-01	1.68345e+00	7.53117e-03
1.46456e+04	1.11170e+09	2.98476e-01	4.72039e+00	6.55308e-03
1.61197e+04	1.11172e+09	8.83587e-01	5.74899e+00	-5.30847e-03
4.12688e+04	1.11176e+09	1.11925e+00	1.34412e+00	-9.80470e-03
1.40973e+04	1.11178e+09	1.73306e+00	6.22903e+00	-7.29713e-03
2.71248e+04	1.11180e+09	1.65799e+00	4.05138e+00	4.97168e-03
5.35909e+04	1.11186e+09	2.48581e+00	4.17804e+00	-2.82328e-03
7.03774e+04	1.11193e+09	3.33804e-01	3.64049e+00	-4.88305e-03
2.59001e+04	1.11195e+09	1.05474e+00	4.72416e+00	5.49018e-03
3.34472e+04	1.11199e+09	1.01728e+00	9.56918e-01	7.82069e-03
6.94691e+04	1.11206e+09	2.71752e+00	1.29448e+00	5.58203e-03
7.35529e+04	1.11213e+09	5.40108e-01	3.56148e+00	7.55906e-04
1.64394e+04	1.11215e+09	4.03628e+00	1.83835e+00	6.40964e-03
1.56844e+04	1.11216e+09	2.34897e+00	2.69466e-01	-3.69036e-04
1.12122e+04	1.11217e+09	1.94818e+00	3.81855e+00	-6.52707e-03
1.66856e+04	1.11219e+09	1.35664e+00	2.13474e+00	4.01511e-03
1.08157e+04	1.11220e+09	1.29604e+00	3.86350e+00	2.63941e-03
1.81194e+04	1.11222e+09	3.85290e+00	1.62232e+00	-4.46184e-03
1.12950e+04	1.11223e+09	5.80684e-01	7.06860e-01	8.59864e-03
1.12563e+04	1.11224e+09	6.46350e-01	3.06229e+00	-7.07441e-03
1.03296e+04	1.11225e+09	3.03796e+00	1.61964e+00	-1.39402e-03
3.24634e+04	1.11228e+09	3.68407e-01	3.45053e+00	-7.63176e-03
1.49224e+04	1.11230e+09	7.08262e-01	1.42141e+00	-7.32267e-03
2.97383e+04	1.11233e+09	2.90865e+00	1.72538e+00	-8.72939e-03
3.10694e+04	1.11236e+09	2.34025e-01	3.62636e+00	-2.49294e-04
1.17598e+04	1.11237e+09	7.27889e-01	3.86021e+00	1.85601e-03
1.90397e+04	1.11239e+09	9.72592e-01	3.02445e+00	-2.41129e-03
1.12072e+04	1.11240e+09	3.30813e+00	1.96930e+00	-7.83374e-03
1.03613e+04	1.11241e+09	1.28919e+00	1.90109e+00	2.42588e-03
1.35552e+04	1.11243e+09	1.10705e+00	1.65745e+00	4.77341e-03
2.33770e+04	1.11245e+09	1.00738e+00	4.91136e+00	-2.01947e-03
1.35420e+04	1.11246e+09	5.62735e-01	4.31427e+00	2.00386e-03
1.07631e+05	1.11257e+09	1.97915e+00	2.18585e+00	1.41717e-03
2.03297e+04	1.11259e+09	8.74833e-01	4.71988e+00	-1.03531e-03
2.19803e+04	1.11261e+09	6.85627e-01	4.87550e+00	-7.92367e-03
1.17370e+04	1.11262e+09	6.22415e-01	5.65103e+00	-6.43295e-03
2.73165e+04	1.11265e+09	2.99452e+00	2.78731e+00	6.96714e-03
2.14927e+04	1.11267e+09	1.33869e+00	2.19813e+00	-3.80307e-03
2.05894e+04	1.11269e+09	2.62200e+00	8.65670e-01	1.17595e-03
1.34150e+04	1.11271e+09	7.24811e-01	1.45610e+00	2.37275e-03
1.17707e+04	1.11272e+09	1.40055e+00	4.33957e+00	-7.53195e-03
3.42992e+04	1.11275e+09	1.34672e+00	5.74096e+00	-5.32350e-03
2.68135e+04	1.11278e+09	1.45836e+00	4.10377e+00	5.37042e-03
1.77370e+04	1.11280e+09	8.06550e-01	4.10641e+00	-7.40878e-05
1.44088e+04	1.11281e+09	1.31073e-01	4.05333e+00	8.66820e-03
1.01505e+04	1.11282e+09	2.72838e+00	4.98768e+00	-9.69168e-03
2.55222e+04	1.11285e+09	2.13024e+00	4.41128e-01	2.16357e-03
3.88790e+05	1.11324e+09	5.60835e-01	2.82833e+00	-3.92438e-03
3.90922e+04	1.11328e+09	2.65574e-01	2.49317e+00	-5.28094e-04
2.11687e+04	1.11330e+09	2.71676e+00	3.60727e+00	5.26168e-03
1.47504e+04	1.11331e+09	8.44469e-01	6.11736e-01	-1.01583e-03
1.02142e+04	1.11332e+09	1.00169e+00	3.41314e+00	4.04178e-03
1.02885e+04	1.11333e+09	5.03062e-01	1.88951e+00	-9.13163e-03
3.81633e+04	1.11337e+09	2.45805e+00	5.34175e+00	-1.78630e-03
2.52775e+04	1.11340e+09	1.72777e+00	5.17240e-01	-3.41140e-03
1.10508e+04	1.11341e+09	9.04829e-01	2.87312e+00	8.03622e-03
3.93322e+04	1.11345e+09	9.42158e-01	1.09149e+00	1.91798e-03
1.58830e+04	1.11346e+09	8.62535e-01	2.03335e+00	-4.97237e-04
1.07599e+04	1.11347e+09	1.86621e+00	4.90403e+00	7.02578e-03
1.41382e+04	1.11349e+09	6.22066e-02	5.05225e+00	-1.22460e-03
1.28915e+04	1.11350e+09	1.14026e+00	5.19008e+00	4.98681e-03
4.17695e+04	1.11354e+09	9.70933e-01	2.98030e+00	-8.30556e-03
1.48739e+04	1.11356e+09	1.00515e+00	6.26947e-01	7.73604e-03
3.79531e+04	1.11359e+09	9.39321e-01	5.21598e-01	-2.59632e-03
2.07418e+05	1.11380e+09	1.06120e+00	2.03441e+00	-9.08893e-03
1.03927e+04	1.11381e+09	1.86920e+00	3.23306e+00	-5.77693e-03
3.56766e+04	1.11385e+09	2.38867e+00	8.37164e-01	6.17176e-04
1.82567e+04	1.11387e+09	2.47583e+00	6.11082e+00	1.85280e-03
5.34538e+04	1.11392e+09	1.82762e+00	4.54212e-01	-2.58259e-04
1.17041e+04	1.11393e+09	7.31552e-01	1.09687e+00	4.74456e-03
5.51869e+04	1.11399e+09	1.45900e+00	1.49658e+00	-2.90682e-03
2.48073e+04	1.11401e+09	1.13024e+00	4.16373e+00	-2.08420e-03
5.41466e+04	1.11406e+09	1.17776e+00	5.31980e+00	-5.45454e-03
1.06822e+04	1.11408e+09	3.60384e+00	5.36144e+00	-6.22191e-03
2.08595e+04	1.11410e+09	1.28146e+00	4.06690e+00	-1.59090e-03
8.34799e+04	1.11418e+09	1.14573e+00	3.19558e+00	-4.65544e-03
1.09502e+04	1.11419e+09	2.90870e-01	3.45524e+00	-5.41063e-03
1.17438e+04	1.11420e+09	1.27531e+00	2.86398e+00	-8.34607e-03
3.64155e+04	1.11424e+09	2.98107e-01	1.47214e+00	-6.22499e-03
1.54310e+04	1.11425e+09	1.20438e+00	3.71900e+00	-6.07626e-03
2.50833e+04	1.11428e+09	1.26703e+00	5.84990e-01	-6.96792e-03
2.83981e+05	1.11456e+09	1.66749e+00	1.00835e+00	-2.78989e-03
1.10815e+04	1.11457e+09	3.40679e-01	3.06532e+00	2.15384e-04
3.34382e+04	1.11461e+09	3.48442e+00	2.54342e+00	5.03846e-03
1.18112e+04	1.11462e+09	6.65177e-01	5.97745e+00	4.32802e-03
2.90606e+04	1.11465e+09	2.10884e+00	3.42667e+00	-8.35477e-03
1.14729e+04	1.11466e+09	1.76058e+00	2.52172e+00	2.21077e-03
2.62518e+04	1.11469e+09	9.01392e-01	1.96841e+00	-1.17703e-03
1.71898e+04	1.11470e+09	1.55414e+00	2.34823e+00	5.91313e-03
1.49294e+04	1.11472e+09	1.91236e+00	2.12809e+00	-9.92436e-03
7.80973e+04	1.11480e+09	7.28294e-01	3.06104e+00	-2.10674e-03
1.63273e+04	1.11481e+09	5.60791e-01	3.12803e+00	-8.79490e-03
3.83749e+04	1.11485e+09	3.80012e+00	2.66783e+00	7.30260e-03
2.15034e+04	1.11487e+09	1.40975e+00	5.58294e+00	-4.15248e-03
2.01247e+04	1.11489e+09	3.77819e+00	5.27481e+00	-1.52778e-03
5.27862e+04	1.11495e+09	2.34332e+00	3.98906e+00	-2.26323e-03
1.20575e+04	1.11496e+09	1.87242e+00	5.07406e+00	-9.32152e-04
1.28815e+04	1.11497e+09	1.14343e+00	3.74229e+00	2.71815e-03
6.14649e+05	1.11559e+09	6.58740e-01	2.01988e+00	2.33439e-03
2.07956e+05	1.11579e+09	3.95664e+00	6.23472e-01	2.39809e-03
1.40230e+04	1.11581e+09	1.29656e+00	8.46711e-01	-3.70709e-03
4.88673e+05	1.11630e+09	7.35702e-01	1.44906e+00	-4.30372e-03
3.00126e+04	1.11633e+09	1.37536e+00	5.87657e+00	-1.68674e-04
2.07460e+04	1.11635e+09	3.49615e+00	5.26785e-01	7.48601e-04
2.48720e+04	1.11637e+09	8.01565e-01	3.02201e+00	-2.11263e-03
1.64938e+04	1.11639e+09	2.35288e+00	3.74688e+00	1.10990e-03
1.05659e+04	1.11640e+09	6.68162e-01	5.33076e+00	5.07953e-03
1.55400e+04	1.11641e+09	1.38195e+00	4.03750e+00	4.44780e-03
2.71388e+04	1.11644e+09	1.11564e+00	3.21157e+00	-1.55380e-03
3.42127e+05	1.11678e+09	1.47632e+00	3.00606e-01	1.92844e-03
1.63357e+04	1.11680e+09	3.59121e-01	4.26810e+00	-2.43234e-03
1.23885e+04	1.11681e+09	3.01284e+00	4.61116e+00	-3.10448e-03
4.92520e+04	1.11686e+09	2.67652e+00	2.27553e+00	-3.81519e-03
1.80638e+04	1.11688e+09	1.07818e+00	1.51031e+00	-2.89234e-03
4.25022e+04	1.11692e+09	1.07796e+00	5.52404e+00	-8.92000e-03
1.30778e+04	1.11694e+09	5.74128e-01	9.90003e-01	-6.94002e-03
1.13356e+04	1.11695e+09	2.20652e+00	7.26755e-01	-8.53906e-03
1.50814e+04	1.11696e+09	1.04343e+00	4.60729e+00	-3.00514e-03
1.31195e+04	1.11697e+09	1.92787e+00	5.76168e+00	-1.89020e-04
2.31563e+04	1.11700e+09	1.66557e+00	5.43919e+00	6.82156e-03
1.11700e+04	1.11701e+09	1.28882e+00	4.05329e+00	7.96046e-03
2.67333e+04	1.11704e+09	2.01723e+00	1.23151e+00	8.22225e-03
1.02742e+05	1.11714e+09	2.27545e+00	3.82101e+00	-6.67363e-03
2.64876e+04	1.11717e+09	9.39797e-01	3.61317e+00	-2.99296e-03
1.71471e+04	1.11718e+09	9.15904e-01	3.55516e-01	-8.09762e-03
2.89199e+05	1.11747e+09	5.91464e-01	3.35262e+00	-3.21130e-03
3.52572e+04	1.11751e+09	8.32228e-01	5.71442e+00	-4.77602e-03
4.88415e+04	1.11756e+09	2.50914e+00	6.10600e+00	2.34557e-03
1.82926e+05	1.11774e+09	1.03183e+00	2.22075e+00	1.30690e-03
1.54546e+04	1.11775e+09	5.09527e-01	2.93378e-01	-9.46167e-03
4.31935e+04	1.11780e+09	1.72253e+00	6.92617e-01	-6.01970e-03
1.00407e+04	1.11781e+09	3.48370e-01	4.41845e+00	3.05027e-03
4.19862e+04	1.11785e+09	1.72755e+00	4.41572e+00	-6.81967e-03
5.14607e+04	1.11790e+09	1.77872e+00	3.75564e+00	-1.37291e-03
2.37052e+04	1.11792e+09	4.33761e+00	1.09113e+00	1.47614e-03
1.81538e+04	1.11794e+09	1.24479e+00	5.33434e+00	-4.80632e-03
3.58698e+04	1.11798e+09	3.31221e-01	3.48818e-01	-5.77506e-03
3.99109e+04	1.11802e+09	1.24267e+00	5.48540e+00	-9.45752e-03
1.11100e+04	1.11803e+09	7.95961e-02	2.76236e+00	-1.07116e-03
3.70722e+04	1.11807e+09	8.23998e-01	1.74106e+00	2.19577e-03
1.27187e+04	1.11808e+09	1.81125e+00	4.61033e+00	7.55236e-03
2.22458e+04	1.11810e+09	1.47896e+00	5.87319e+00	6.61854e-03
2.97144e+05	1.11840e+09	9.01956e-01	1.29732e+00	-3.10650e-03
1.17101e+04	1.11841e+09	4.23700e-01	3.35338e+00	8.86055e-03
2.08396e+04	1.11843e+09	1.78312e+00	2.48418e+00	-2.60953e-03
2.81348e+04	1.11846e+09	3.27174e-01	6.19971e+00	2.35513e-04
1.82579e+04	1.11848e+09	2.70828e+00	7.44401e-02	-6.22355e-03
1.61770e+04	1.11849e+09	1.39290e+00	2.99167e+00	8.03831e-03
2.23694e+04	1.11852e+09	7.56431e-01	5.15322e+00	1.96035e-03
2.26934e+04	1.11854e+09	3.18699e-01	2.23956e+00	4.41247e-03
8.37970e+04	1.11862e+09	4.37688e+00	1.69652e+00	5.91487e-03
4.72595e+04	1.11867e+09	2.51671e+00	1.43995e+00	4.45479e-04
1.14437e+04	1.11868e+09	1.11542e+00	3.15237e+00	3.56555e-03
1.52793e+05	1.11883e+09	4.07223e+00	4.29478e+00	-6.48161e-03
2.65160e+04	1.11886e+09	6.59830e-01	5.43228e+00	3.68984e-04
1.18866e+04	1.11887e+09	2.08000e+00	4.37685e+00	1.72366e-03
1.34221e+04	1.11889e+09	9.18954e-01	4.50577e-01	-4.56556e-03
7.02026e+04	1.11896e+09	2.59934e-01	4.75672e+00	-7.85169e-03
1.24959e+04	1.11897e+09	2.55377e-01	4.60881e+00	-6.16584e-03
1.70038e+04	1.11899e+09	3.77841e+00	1.78357e+00	-5.53499e-03
1.30886e+04	1.11900e+09	7.42426e-01	1.72754e+00	-9.05693e-03
1.83449e+04	1.11902e+09	1.01871e+00	4.65760e+00	6.36818e-03
1.19414e+04	1.11903e+09	3.95587e+00	5.53880e+00	5.13867e-03
1.09578e+04	1.11904e+09	9.15997e-01	5.37779e+00	5.14656e-03
2.24570e+04	1.11906e+09	2.91740e+00	2.82981e+00	-5.71239e-03
2.96707e+04	1.11909e+09	5.59198e-01	1.58502e+00	-4.07265e-03
1.08742e+04	1.11910e+09	8.70166e-01	3.48936e+00	9.19836e-03
1.53123e+04	1.11912e+09	1.93688e+00	3.58333e+00	-9.86421e-03
2.46614e+04	1.11914e+09	3.27685e-02	9.27127e-01	-2.24290e-03
3.83465e+04	1.11918e+09	1.73612e+00	1.97995e+00	7.88254e-03
1.48446e+04	1.11920e+09	1.78794e+00	6.21022e+00	7.33242e-03
4.53567e+04	1.11924e+09	3.43859e-01	4.56258e+00	-8.65036e-03
3.50414e+04	1.11928e+09	1.21087e+00	1.60092e+00	-6.38969e-03
1.93227e+04	1.11930e+09	3.10895e+00	5.66006e+00	1.01711e-03
7.10664e+04	1.11937e+09	7.51879e-01	1.97812e+00	-3.26815e-03
1.36556e+04	1.11938e+09	2.04587e+00	4.73680e+00	8.10519e-04
3.29532e+04	1.11941e+09	2.07000e+00	5.12972e+00	-2.98545e-03
1.02131e+04	1.11942e+09	4.20924e+00	4.26627e+00	2.79939e-03
1.80425e+04	1.11944e+09	3.64103e-02	4.15535e+00	-5.74294e-03
1.29444e+04	1.11945e+09	4.20553e+00	6.35961e-01	-4.45979e-03
1.23131e+05	1.11958e+09	1.68309e+00	7.01088e-01	3.66896e-03
1.15052e+04	1.11959e+09	9.36021e-01	5.85898e+00	-7.94865e-03
1.89114e+04	1.11961e+09	4.52414e-01	1.88423e+00	2.35451e-03
1.44883e+04	1.11962e+09	2.23890e+00	2.25304e+00	7.26803e-03
1.44291e+04	1.11964e+09	2.92553e+00	1.97423e+00	5.24809e-03
1.40670e+04	1.11965e+09	2.24145e+00	5.17433e+00	-7.42478e-03
4.20776e+04	1.11969e+09	4.27525e-01	1.86214e-01	3.69445e-03
2.28971e+04	1.11972e+09	1.64193e+00	8.14992e-02	6.57315e-03
2.30238e+04	1.11974e+09	1.11153e+00	7.78701e-01	-4.48171e-03
6.80641e+04	1.11981e+09	3.67412e+00	1.70949e+00	2.63930e-03
1.07414e+04	1.11982e+09	2.50621e+00	4.71563e+00	9.31597e-03
6.22486e+04	1.11988e+09	8.32473e-01	2.18330e-01	-4.13683e-03
1.24336e+04	1.11989e+09	7.44724e-01	2.59646e+00	-3.76159e-03
1.02519e+05	1.12000e+09	3.46871e-01	1.98159e+00	-7.95711e-03
1.75443e+04	1.12001e+09	8.55077e-01	1.43306e+00	-4.87786e-03
1.09961e+04	1.12002e+09	1.23631e+00	1.68933e+00	-8.68425e-04
1.11885e+04	1.12003e+09	2.75011e+00	3.96175e+00	-3.56242e-03
2.24875e+04	1.12006e+09	1.95346e+00	5.32037e+00	-9.83117e-04
1.49921e+04	1.12007e+09	5.79950e-01	1.97447e+00	-5.04427e-03
8.72537e+04	1.12016e+09	3.15086e+00	2.56199e+00	1.82256e-03
2.08203e+04	1.12018e+09	1.98951e+00	5.91592e+00	1.31246e-03
1.19615e+04	1.12019e+09	2.07228e-01	2.14150e+00	9.94515e-04
2.81658e+04	1.12022e+09	7.25563e-01	4.02892e+00	3.09900e-03
1.79760e+04	1.12024e+09	2.60982e+00	3.14675e-01	-5.42897e-03
1.63093e+06	1.12187e+09	1.26823e+00	2.08918e+00	-5.70533e-03
4.31109e+04	1.12191e+09	6.87686e-01	1.40495e+00	-1.47911e-04
1.64093e+04	1.12193e+09	2.26375e-01	2.94354e+00	3.63753e-04
4.14287e+04	1.12197e+09	1.34876e+00	4.78071e+00	-4.33412e-03
1.80613e+04	1.12199e+09	1.57176e+00	5.09416e+00	-6.15938e-03
1.43253e+04	1.12200e+09	1.64542e+00	7.97301e-01	-9.22180e-03
3.36327e+04	1.12204e+09	1.17856e+00	1.96532e+00	-8.25923e-03
1.36544e+05	1.12217e+09	1.99801e+00	3.81052e+00	2.30964e-03
2.95870e+05	1.12247e+09	8.86909e-01	6.22968e+00	-1.25860e-03
1.39300e+04	1.12248e+09	1.14087e+00	1.37680e+00	4.55962e-03
6.71094e+04	1.12255e+09	2.49291e-01	4.77471e+00	-9.63662e-03
4.18533e+04	1.12259e+09	4.04511e+00	6.22083e+00	7.54973e-03
1.84484e+04	1.12261e+09	1.67788e+00	6.27998e+00	4.08693e-03
1.33278e+05	1.12274e+09	4.47013e-01	3.18596e+00	-1.17622e-03
8.90023e+04	1.12283e+09	5.40841e-01	4.13799e+00	9.06735e-03
2.25342e+04	1.12286e+09	1.02422e+00	1.14420e+00	5.70335e-03
3.99721e+04	1.12290e+09	4.07217e-01	8.01650e-01	9.43699e-03
3.62501e+04	1.12293e+09	1.69417e+00	5.86019e+00	-8.08711e-04
1.39916e+04	1.12295e+09	8.21283e-01	5.06790e+00	6.39082e-03
1.64339e+05	1.12311e+09	3.77140e-01	2.60307e+00	-8.99825e-03
1.91458e+04	1.12313e+09	1.25780e+00	3.41471e+00	9.57709e-03
1.78767e+04	1.12315e+09	4.35166e-01	2.30003e+00	5.65128e-03
2.24113e+04	1.12317e+09	2.03421e+00	3.20886e+00	5.20267e-03
3.17481e+04	1.12320e+09	8.29832e-01	1.75875e+00	1.54744e-03
3.28563e+04	1.12323e+09	1.34156e+00	4.48331e+00	2.68064e-03
1.13066e+04	1.12324e+09	3.26569e-02	2.55120e+00	5.02576e-03
1.27046e+04	1.12326e+09	9.76775e-01	3.43270e+00	-6.02966e-03
1.58886e+04	1.12327e+09	2.60836e+00	4.17554e+00	-1.04821e-03
1.09254e+04	1.12328e+09	2.82041e-01	4.64292e+00	-1.88641e-03
1.41471e+04	1.12330e+09	5.71677e-01	1.86208e+00	-8.40613e-04
1.36398e+04	1.12331e+09	2.70499e+00	5.60903e+00	-5.31520e-03
1.71142e+04	1.12333e+09	3.92387e-01	4.65451e+00	-4.90366e-03
1.43183e+04	1.12334e+09	1.99371e-01	5.92878e+00	-3.89276e-03
6.37500e+04	1.12341e+09	1.14297e+00	5.88144e-01	2.32009e-03
3.58903e+05	1.12377e+09	9.18614e-01	4.53221e+00	-6.22830e-03
1.55911e+05	1.12392e+09	7.37525e-01	2.61252e+00	8.08889e-03
3.34986e+04	1.12396e+09	2.20263e+00	6.21137e+00	-4.23507e-03
4.60535e+04	1.12400e+09	6.15416e-01	1.60627e+00	5.98732e-03
1.40697e+04	1.12402e+09	2.67743e+00	3.73402e+00	5.29229e-04
1.21138e+04	1.12403e+09	1.01166e+00	7.59580e-01	-4.92459e-03
1.13935e+04	1.12404e+09	1.93474e+00	6.55758e-01	-8.47515e-03
1.13160e+05	1.12415e+09	2.24775e+00	5.42900e+00	3.23774e-03
1.28031e+04	1.12417e+09	2.94559e+00	4.87818e+00	-1.67053e-03
1.07703e+04	1.12418e+09	1.21568e+00	2.25142e+00	1.98987e-03
1.09224e+04	1.12419e+09	1.27155e+00	4.27616e+00	1.85121e-03
1.09866e+04	1.12420e+09	1.95516e+00	4.06818e+00	5.77680e-03
1.00284e+04	1.12421e+09	1.19289e-01	6.08395e+00	6.17858e-03
1.42528e+05	1.12435e+09	2.69614e+00	5.59785e+00	4.26583e-04
1.62406e+04	1.12437e+09	1.96803e+00	5.18916e+00	8.08107e-03
1.14038e+04	1.12438e+09	1.52771e+00	4.40766e+00	5.65128e-03
1.01560e+04	1.12439e+09	9.99650e-01	2.01514e+00	7.68075e-03
1.60693e+04	1.12440e+09	2.69216e-01	1.42943e+00	3.48898e-04
3.13826e+04	1.12444e+09	1.40958e-01	4.91795e+00	-5.18461e-03
2.03601e+05	1.12464e+09	1.57081e+00	7.09474e-01	7.88420e-04
1.02760e+04	1.12465e+09	1.26024e+00	3.96831e+00	1.79293e-03
1.35187e+04	1.12466e+09	2.31894e+00	5.28443e+00	8.28705e-03
1.22945e+04	1.12468e+09	4.58859e-01	3.42248e+00	-2.99999e-04
4.74960e+04	1.12472e+09	1.17203e+00	1.52711e+00	1.16228e-03
2.03946e+04	1.12474e+09	1.19604e+00	6.22852e+00	2.67560e-03
4.58437e+04	1.12479e+09	2.23679e+00	2.16397e+00	-2.63664e-03
1.68024e+04	1.12481e+09	2.02188e+00	2.87202e+00	-7.82277e-03
1.29727e+05	1.12494e+09	1.12690e+00	3.29737e+00	7.95473e-03
5.09917e+04	1.12499e+09	3.01246e+00	3.87884e+00	-4.00932e-03
3.78515e+05	1.12537e+09	1.91168e+00	1.69090e+00	2.83456e-03
1.11330e+05	1.12548e+09	1.27839e+00	2.12583e+00	-9.31761e-04
2.74023e+04	1.12550e+09	7.49879e-01	6.14346e+00	9.20444e-03
2.61032e+04	1.12553e+09	1.60670e+00	4.31830e+00	-8.31989e-03
6.65803e+05	1.12620e+09	9.17909e-01	3.88965e-01	-9.43848e-03
1.09672e+04	1.12621e+09	1.42702e+00	2.49242e+00	6.85354e-03
2.90023e+04	1.12624e+09	4.01584e-01	5.85678e+00	4.75752e-03
1.14595e+04	1.12625e+09	6.98850e-01	3.64067e+00	3.36935e-03
6.97658e+04	1.12632e+09	2.00757e+00	2.27276e-01	-2.98406e-03
9.16596e+04	1.12641e+09	1.34351e+00	2.79036e+00	-3.05564e-03
9.05357e+04	1.12650e+09	1.08861e+00	3.67776e+00	1.63720e-03
1.84356e+04	1.12652e+09	3.70008e-01	5.77047e+00	-3.60204e-03
2.65999e+05	1.12678e+09	2.05103e+00	5.24766e+00	1.03764e-03
1.83012e+04	1.12680e+09	1.02791e+00	2.66744e-01	8.19833e-03
1.61113e+04	1.12682e+09	3.00256e+00	3.33122e+00	-6.83399e-03
1.85268e+04	1.12684e+09	6.24838e-01	5.08680e-01	1.22257e-03
2.11386e+04	1.12686e+09	3.42479e+00	1.93693e+00	-5.60824e-03
3.02983e+04	1.12689e+09	1.85007e+00	3.80859e+00	-1.90172e-03
1.20322e+04	1.12690e+09	5.23465e-01	1.75234e+00	-7.11767e-03
1.00301e+05	1.12700e+09	2.49355e+00	4.18568e+00	5.06473e-03
2.07096e+06	1.12907e+09	3.41800e+00	1.48279e+00	-4.71916e-03
3.47906e+04	1.12911e+09	1.49748e+00	3.39562e+00	4.97804e-03
3.38173e+04	1.12914e+09	9.83947e-01	3.09757e+00	5.65856e-03
4.12384e+04	1.12918e+09	4.35291e+00	4.42826e+00	2.93484e-03
4.01555e+04	1.12922e+09	1.33514e+00	5.24329e+00	-7.37550e-03
6.65428e+04	1.12929e+09	1.73129e+00	4.61664e+00	2.43725e-03
1.33136e+05	1.12942e+09	6.72810e-01	1.74800e+00	-3.04453e-04
1.05995e+04	1.12943e+09	1.59509e+00	5.64032e+00	-2.43558e-03
1.24941e+04	1.12944e+09	6.19869e-01	1.94375e+00	-1.96804e-03
1.29594e+04	1.12946e+09	2.94078e+00	5.23987e+00	-7.34948e-03
1.94247e+04	1.12948e+09	1.22854e+00	4.64711e+00	1.89894e-04
1.74487e+04	1.12949e+09	1.04416e+00	1.23312e+00	8.56920e-03
1.24162e+04	1.12951e+09	8.99708e-01	3.83743e+00	1.41747e-03
5.24779e+04	1.12956e+09	1.39723e+00	3.88068e+00	4.20082e-03
1.04378e+05	1.12966e+09	1.78295e+00	4.09995e+00	7.75393e-03
1.20591e+04	1.12968e+09	1.44662e+00	5.06470e+00	-3.27641e-03
1.28086e+04	1.12969e+09	1.95662e+00	9.14298e-02	2.01065e-03
3.97964e+04	1.12973e+09	2.23797e+00	4.55663e+00	-2.02182e-03
5.27257e+04	1.12978e+09	2.24636e+00	3.71926e+00	-4.66331e-03
3.11805e+04	1.12981e+09	4.19339e+00	3.53272e+00	2.82435e-03
2.19273e+04	1.12983e+09	1.78284e+00	3.20245e+00	9.61162e-03
1.79075e+04	1.12985e+09	1.46540e+00	3.75584e+00	8.48889e-03
3.92210e+04	1.12989e+09	2.65229e+00	5.46466e+00	-3.43878e-03
3.07468e+04	1.12992e+09	1.98266e+00	2.14677e+00	-7.19556e-03
1.40822e+04	1.12994e+09	2.11993e+00	2.84071e+00	9.90763e-03
1.15157e+05	1.13005e+09	1.94202e+00	9.87738e-01	-8.33533e-04
1.62539e+04	1.13007e+09	1.67980e+00	3.38624e+00	-6.72292e-03
1.23864e+04	1.13008e+09	3.56490e+00	1.31313e+00	-4.19527e-03
2.24576e+05	1.13030e+09	1.87943e+00	1.69847e+00	1.20667e-03
1.93014e+04	1.13032e+09	1.81097e+00	1.02397e+00	6.44256e-04
1.12765e+04	1.13033e+09	3.62703e+00	5.50627e+00	-2.47537e-03
1.61409e+04	1.13035e+09	8.16440e-01	2.52704e+00	-1.51925e-03
1.69530e+04	1.13037e+09	4.39944e+00	5.78984e+00	5.40887e-03
1.49204e+04	1.13038e+09	1.08275e+00	2.71743e+00	3.66405e-03
1.52041e+04	1.13040e+09	1.81467e+00	5.89983e+00	7.13253e-03
1.17346e+04	1.13041e+09	5.08848e-01	6.35061e-01	-7.16896e-03
1.52607e+04	1.13042e+09	3.44459e+00	4.74259e+00	9.85102e-03
1.51235e+04	1.13044e+09	2.07421e+00	1.64487e-01	2.85241e-03
3.25034e+04	1.13047e+09	2.80753e+00	4.34774e+00	1.71263e-04
4.55118e+04	1.13052e+09	1.22490e+00	6.00302e+00	9.26129e-03
4.65802e+04	1.13056e+09	1.38423e+00	2.11639e+00	1.14381e-03
1.11814e+04	1.13058e+09	1.82335e+00	2.29467e+00	-4.49619e-04
5.66771e+04	1.13063e+09	2.86365e-01	5.62891e+00	-7.41976e-03
1.21226e+04	1.13064e+09	1.30352e+00	3.07296e+00	-7.88416e-03
1.12589e+04	1.13066e+09	1.58716e-02	4.66644e+00	-8.26687e-03
1.09069e+04	1.13067e+09	3.55502e-01	1.04056e+00	4.09801e-03
2.80541e+05	1.13095e+09	6.20880e-01	6.12242e+00	6.80864e-03
2.34123e+04	1.13097e+09	2.35624e+00	4.79141e+00	4.58356e-03
1.17938e+04	1.13098e+09	6.51283e-01	5.22784e+00	5.26005e-03
3.28660e+04	1.13102e+09	3.05315e-01	5.73220e+00	-4.02032e-03
1.00654e+04	1.13103e+09	2.09599e+00	1.18587e+00	4.80382e-03
4.07925e+04	1.13107e+09	3.57629e-01	2.00978e+00	-3.59876e-03
1.58306e+05	1.13122e+09	1.85508e+00	2.42462e+00	1.93243e-03
4.44933e+04	1.13127e+09	1.54878e+00	3.24477e+00	-7.06966e-03
1.37162e+04	1.13128e+09	7.80893e-01	3.02800e+00	-9.93743e-03
3.74024e+04	1.13132e+09	1.65631e+00	5.11429e+00	2.37806e-03
1.19768e+04	1.13133e+09	1.32396e+00	6.25269e-01	8.68959e-03
3.18155e+04	1.13136e+09	1.55192e+00	4.92371e+00	-7.89742e-03
1.76720e+04	1.13138e+09	1.07705e+00	5.84889e+00	-5.30767e-03
1.74678e+04	1.13140e+09	1.21571e+00	1.40217e+00	5.15954e-03
1.30384e+04	1.13141e+09	7.15987e-01	8.80637e-01	7.73316e-03
1.06543e+04	1.13142e+09	5.24859e-01	4.17231e+00	-2.49463e-03
4.40108e+04	1.13147e+09	1.12914e+00	5.69750e+00	-5.00728e-03
2.05885e+04	1.13149e+09	5.15161e-01	5.17546e+00	-8.07490e-03
1.21860e+04	1.13150e+09	1.05262e+00	3.10718e+00	-3.38015e-03
1.05356e+04	1.13151e+09	4.65341e-01	5.18336e+00	8.90378e-03
1.25733e+04	1.13152e+09	1.80852e-01	1.88414e+00	3.78928e-03
2.28105e+04	1.13155e+09	7.12875e-01	5.00400e+00	9.98648e-04
1.39373e+04	1.13156e+09	1.12179e+00	1.92929e+00	2.75302e-03
1.17110e+04	1.13157e+09	8.91527e-01	5.58073e+00	-1.49805e-03
2.81692e+04	1.13160e+09	1.67245e+00	6.02914e+00	3.98962e-03
3.20777e+04	1.13163e+09	6.23700e-01	2.05494e+00	2.09765e-03
1.36321e+04	1.13165e+09	2.05073e+00	5.34314e+00	4.03306e-03
2.39315e+05	1.13188e+09	2.45142e+00	1.59439e+00	-6.41389e-03
1.25506e+04	1.13190e+09	8.24889e-01	3.32727e+00	-8.27745e-03
1.20719e+04	1.13191e+09	7.02959e-01	6.03320e+00	5.83885e-03
1.77627e+04	1.13193e+09	7.78625e-01	1.94951e+00	-3.48699e-03
2.50060e+04	1.13195e+09	4.47777e-01	4.92070e+00	1.31782e-03
1.19476e+04	1.13196e+09	2.34014e-01	6.27191e+00	5.20985e-03
1.31253e+05	1.13209e+09	9.38421e-01	4.41230e+00	8.34842e-03
1.57023e+04	1.13211e+09	3.72052e+00	4.49153e+00	-9.03334e-03
6.23894e+04	1.13217e+09	1.19365e-01	3.59075e+00	-7.65846e-04
3.72150e+04	1.13221e+09	2.26865e+00	4.63259e+00	3.53493e-03
4.03779e+04	1.13225e+09	7.21053e-01	7.30642e-02	-6.81656e-03
5.62468e+04	1.13231e+09	2.55828e+00	2.02003e+00	-9.28172e-03
1.81957e+05	1.13249e+09	3.79607e-01	5.44651e+00	-8.66060e-03
2.42371e+04	1.13251e+09	1.45667e+00	3.33009e+00	-3.42196e-03
3.62270e+04	1.13255e+09	1.08062e+00	6.14672e+00	4.10260e-03
3.33424e+04	1.13258e+09	1.86854e+00	4.10526e+00	-4.64677e-03
4.62694e+04	1.13263e+09	6.00632e-01	2.99181e+00	-9.98771e-03
1.09530e+04	1.13264e+09	1.21569e+00	2.54938e+00	2.20035e-04
1.59103e+04	1.13266e+09	8.18326e-01	1.99758e+00	5.01422e-03
1.21362e+04	1.13267e+09	3.67104e+00	2.49740e+00	5.44695e-04
8.86632e+04	1.13276e+09	6.79802e-01	5.23083e-01	8.13037e-03
2.56064e+04	1.13278e+09	2.29700e+00	4.91042e+00	1.69986e-03
1.49722e+04	1.13280e+09	9.50706e-01	3.16375e+00	-1.52699e-03
4.17166e+04	1.13284e+09	1.93261e-01	3.75338e+00	-4.10081e-03
1.68695e+05	1.13301e+09	1.66720e+00	5.48578e+00	8.60816e-03
1.83584e+04	1.13303e+09	7.66273e-01	3.44764e+00	9.53758e-03
3.54247e+05	1.13338e+09	1.89100e+00	3.67809e+00	-4.35893e-03
8.14570e+05	1.13419e+09	2.10778e+00	5.98341e+00	-7.66634e-03
1.07795e+06	1.13527e+09	1.85494e+00	1.35335e+00	5.63908e-03
5.85715e+04	1.13533e+09	5.87617e-01	2.05671e+00	6.43585e-03
1.96047e+04	1.13535e+09	8.07323e-01	8.11999e-01	4.87447e-03
2.54470e+04	1.13538e+09	9.12681e-01	3.51402e-02	4.48786e-03
2.87019e+04	1.13541e+09	2.02136e+00	2.76151e+00	5.78269e-03
4.51306e+04	1.13545e+09	1.12598e+00	4.26050e+00	-9.92656e-03
7.92873e+04	1.13553e+09	1.93074e+00	3.85835e+00	-4.37727e-03
1.06936e+05	1.13564e+09	2.15614e+00	5.49538e+00	-6.62644e-04
7.99192e+04	1.13572e+09	6.88033e-01	3.12115e+00	7.97813e-03
1.41653e+05	1.13586e+09	2.32973e+00	2.07210e+00	-6.36277e-03
1.35616e+04	1.13587e+09	3.03957e+00	5.25896e-01	1.85360e-03
1.02694e+04	1.13588e+09	1.94190e+00	5.40212e+00	-5.43896e-04
1.19860e+04	1.13589e+09	1.71211e+00	4.10908e+00	5.52905e-03
8.43704e+04	1.13598e+09	4.65152e-01	1.83487e+00	-1.75142e-03
3.87079e+04	1.13602e+09	2.02546e+00	3.13173e+00	-5.26828e-04
1.21682e+05	1.13614e+09	3.96495e-01	5.80715e+00	4.96317e-03
2.13923e+04	1.13616e+09	1.94321e+00	6.09290e+00	-8.23002e-03
1.65723e+04	1.13618e+09	3.87005e-01	4.88581e+00	-7.05165e-03
2.46864e+05	1.13642e+09	1.62171e+00	3.78967e+00	1.73131e-03
1.93064e+04	1.13644e+09	1.57161e-01	6.15291e+00	-3.82085e-03
2.27541e+04	1.13647e+09	1.81226e+00	3.86678e+00	3.14325e-03
2.19440e+05	1.13668e+09	2.32900e+00	4.91358e+00	-4.59120e-03
5.25985e+04	1.13674e+09	6.77973e-01	7.71893e-01	5.19837e-03
3.73447e+05	1.13711e+09	5.17318e-01	5.76023e+00	5.80344e-03
4.55179e+04	1.13716e+09	9.67122e-01	3.47510e+00	-1.96521e-03
2.25952e+04	1.13718e+09	1.52323e+00	5.51302e+00	9.47287e-03
1.28366e+05	1.13731e+09	9.31906e-01	4.74324e+00	4.38703e-04
2.98842e+05	1.13761e+09	2.56428e+00	4.90698e+00	-5.31287e-03
4.55206e+04	1.13765e+09	3.41256e+00	1.86051e+00	-9.55362e-03
2.41383e+04	1.13768e+09	1.74484e+00	7.25708e-01	-7.70451e-03
1.04991e+04	1.13769e+09	1.74125e+00	3.53433e+00	5.20336e-03
1.36378e+05	1.13782e+09	1.71418e+00	4.63804e+00	-7.73672e-03
1.24245e+04	1.13784e+09	2.41829e+00	1.34429e+00	-9.13775e-03
3.04108e+04	1.13787e+09	4.36375e-01	4.99357e+00	2.55570e-03
6.44589e+04	1.13793e+09	2.80492e+00	2.30069e+00	-9.40831e-04
1.95221e+04	1.13795e+09	1.76473e+00	6.76921e-01	6.73231e-03
1.31312e+04	1.13796e+09	1.21275e+00	4.27742e-01	1.32540e-03
1.63728e+04	1.13798e+09	1.03534e+00	5.84134e+00	-9.72261e-03
1.15924e+05	1.13810e+09	5.67592e-01	5.69981e+00	7.16017e-03
1.01526e+04	1.13811e+09	7.72031e-01	5.14466e+00	-4.09730e-03
4.07337e+04	1.13815e+09	3.78340e+00	3.45639e+00	-8.27533e-03
2.32412e+04	1.13817e+09	6.97943e-01	4.39580e+00	8.20143e-03
3.72965e+04	1.13821e+09	2.04631e+00	2.66617e+00	-8.45749e-04
1.02570e+05	1.13831e+09	1.52183e+00	4.13944e+00	9.46305e-03
1.31338e+04	1.13832e+09	3.77221e-01	2.51767e+00	6.92951e-03
1.43385e+04	1.13834e+09	5.17342e-01	4.00858e-01	1.49999e-03
1.63063e+04	1.13835e+09	5.50120e-01	4.73462e+00	-5.46862e-04
5.88341e+04	1.13841e+09	1.65539e-01	9.16271e-01	4.67598e-03
1.15219e+04	1.13842e+09	3.77177e+00	1.80030e+00	-6.46360e-03
1.53425e+04	1.13844e+09	5.91636e-01	5.82604e+00	7.74589e-03
1.46117e+04	1.13845e+09	1.90748e+00	1.39415e+00	4.78741e-04
4.32725e+05	1.13889e+09	1.47547e+00	2.00749e+00	9.74346e-03
2.04351e+04	1.13891e+09	2.56112e+00	4.67163e+00	-5.08866e-03
1.57049e+04	1.13892e+09	6.01934e-01	2.17850e+00	-4.12468e-03
1.01576e+04	1.13893e+09	1.85981e+00	1.94623e+00	-4.66166e-03
1.33888e+04	1.13895e+09	3.88292e+00	1.92044e+00	8.97851e-03
1.35779e+04	1.13896e+09	3.05585e+00	6.11861e-01	2.72787e-03
1.15927e+05	1.13908e+09	1.38575e+00	2.08086e+00	5.06853e-03
2.76199e+04	1.13910e+09	3.50854e+00	2.99558e+00	6.68842e-03
1.09809e+04	1.13911e+09	1.65748e+00	2.12220e+00	-5.89053e-03
2.60820e+04	1.13914e+09	4.98380e-01	5.36811e+00	8.48261e-03
1.03767e+04	1.13915e+09	3.08417e+00	2.00704e-01	-5.24917e-03
1.48965e+04	1.13916e+09	7.33454e-01	2.68346e+00	-5.91561e-04
1.52838e+04	1.13918e+09	6.48790e-01	3.30856e+00	-9.95472e-03
2.94741e+04	1.13921e+09	2.25089e+00	5.25593e+00	-5.86424e-03
2.97363e+05	1.13951e+09	1.90560e+00	3.72526e+00	5.46069e-03
2.47708e+04	1.13953e+09	1.32344e+00	5.50043e+00	3.37876e-03
6.78961e+04	1.13960e+09	1.51060e-01	5.43952e+00	9.50229e-04
1.36368e+04	1.13961e+09	1.33665e+00	2.54374e+00	8.35390e-03
5.51127e+04	1.13967e+09	2.66020e-01	5.39288e+00	-5.74243e-03
3.24359e+04	1.13970e+09	3.32283e-01	4.29506e+00	-2.99893e-03
7.40292e+04	1.13977e+09	1.70100e+00	6.23023e-01	-2.29747e-03
1.35380e+04	1.13979e+09	8.47795e-01	5.57839e+00	7.68872e-03
8.23357e+04	1.13987e+09	1.26467e+00	2.89661e+00	3.25196e-04
1.15533e+04	1.13988e+09	1.02624e-01	5.23049e+00	-6.62954e-03
2.24492e+05	1.14011e+09	7.81860e-01	5.89045e+00	7.00661e-03
1.13192e+04	1.14012e+09	1.02187e+00	2.35170e+00	4.38267e-03
1.22680e+04	1.14013e+09	3.35529e-01	4.24164e+00	3.87099e-03
1.93243e+04	1.14015e+09	3.00098e+00	4.84630e-01	6.06035e-03
2.07360e+04	1.14017e+09	3.01787e+00	2.31110e+00	9.31339e-03
6.02888e+04	1.14023e+09	1.53176e+00	4.07878e+00	2.73043e-04
1.48441e+04	1.14025e+09	1.15075e+00	1.69558e+00	-4.14829e-04
5.96637e+04	1.14031e+09	1.42296e+00	8.44006e-01	5.92808e-03
2.60375e+05	1.14057e+09	3.50847e+00	3.01762e+00	7.67299e-03
1.00703e+05	1.14067e+09	1.54548e+00	2.36446e+00	-7.71181e-03
1.36961e+06	1.14204e+09	5.20992e-01	3.20936e+00	5.15135e-03
1.34860e+05	1.14217e+09	6.53649e-01	1.28047e-01	7.43019e-03
2.09814e+05	1.14238e+09	2.45649e-01	8.75616e-01	4.27532e-03
2.95355e+04	1.14241e+09	3.70890e+00	5.09643e+00	-4.60519e-03
1.40678e+04	1.14242e+09	2.58802e+00	7.06034e-01	-3.41874e-04
1.86476e+04	1.14244e+09	1.95429e+00	6.25295e+00	-3.06544e-04
2.17871e+04	1.14246e+09	2.85402e+00	2.70642e+00	5.35838e-03
1.76005e+05	1.14264e+09	1.26411e+00	5.36488e+00	-9.89564e-03
6.80827e+04	1.14271e+09	2.67529e-01	5.97088e+00	-1.35910e-03
3.93670e+04	1.14275e+09	1.00508e+00	4.17294e+00	-3.69102e-03
3.38415e+04	1.14278e+09	2.13104e+00	2.73832e+00	1.80982e-03
9.31276e+04	1.14288e+09	1.12326e+00	1.83462e+00	3.29078e-03
1.58629e+05	1.14303e+09	1.11799e+00	4.31163e-01	-9.44725e-03
1.98893e+04	1.14305e+09	2.37892e+00	4.93541e+00	5.99767e-03
2.84875e+05	1.14334e+09	2.44862e+00	3.31703e-01	-2.17441e-03
2.51821e+04	1.14336e+09	1.34259e+00	4.88878e+00	-2.19516e-03
1.94433e+04	1.14338e+09	2.82296e+00	1.79694e+00	5.05278e-03
1.75017e+04	1.14340e+09	1.11082e+00	8.06718e-01	1.43301e-03
2.00012e+04	1.14342e+09	4.98949e-01	5.17154e+00	1.16809e-03
1.06243e+04	1.14343e+09	1.38920e+00	4.78639e+00	6.63391e-03
1.08457e+04	1.14344e+09	1.59694e+00	4.60432e+00	-7.20488e-03
1.46773e+04	1.14346e+09	8.11861e-01	9.97296e-01	3.20622e-03
4.22928e+04	1.14350e+09	1.80409e+00	2.42278e-01	-5.59796e-03
3.26746e+04	1.14353e+09	1.89289e+00	4.41826e+00	4.02326e-03
2.26139e+04	1.14355e+09	1.68187e+00	3.51906e+00	4.27747e-03
2.93983e+05	1.14385e+09	1.18151e+00	3.42901e+00	6.88660e-04
2.19280e+05	1.14407e+09	1.75126e+00	5.45301e+00	1.95782e-03
1.82134e+04	1.14409e+09	1.46745e+00	2.68254e+00	8.75110e-03
3.00534e+04	1.14412e+09	4.88445e-01	1.19889e+00	7.08759e-03
1.02811e+04	1.14413e+09	1.67852e+00	1.00548e+00	7.80508e-03
1.07420e+04	1.14414e+09	1.30851e+00	4.21574e-01	-7.12293e-03
1.57292e+04	1.14415e+09	9.97954e-01	1.42276e+00	-4.10701e-03
4.76438e+04	1.14420e+09	2.29421e+00	1.57751e+00	5.36548e-03
1.48064e+04	1.14422e+09	1.76693e+00	1.71695e-01	-5.01161e-03
1.78418e+05	1.14439e+09	9.68153e-01	2.35461e+00	5.65225e-03
1.31955e+04	1.14441e+09	2.24216e+00	7.19432e-01	-5.27994e-03
1.24567e+04	1.14442e+09	3.93601e-01	1.81497e+00	-8.50307e-03
1.07352e+04	1.14443e+09	2.06140e+00	3.27270e+00	-4.97468e-03
1.05585e+04	1.14444e+09	1.36929e+00	4.18664e-01	-8.05575e-03
4.34088e+04	1.14448e+09	5.64390e-01	4.78974e+00	-6.64130e-03
2.50551e+04	1.14451e+09	2.13004e+00	3.02391e+00	-4.25218e-03
8.00339e+05	1.14531e+09	4.20405e-01	3.45604e+00	-5.93498e-03
2.10109e+05	1.14552e+09	4.17843e-01	2.47852e+00	-1.15037e-03
3.69494e+04	1.14556e+09	2.21952e+00	2.00927e-01	-3.08977e-03
1.53096e+04	1.14557e+09	4.06233e+00	1.97920e+00	-4.51095e-03
1.40398e+04	1.14559e+09	1.51748e+00	5.46310e+00	-9.46397e-03
2.00872e+04	1.14561e+09	5.93699e-01	5.50614e+00	-6.64092e-03
1.31713e+04	1.14562e+09	1.32490e+00	1.32126e+00	-4.58756e-03
1.93630e+04	1.14564e+09	1.31157e+00	4.14097e-01	5.59304e-03
2.54714e+04	1.14566e+09	9.43400e-01	2.97039e+00	-3.23124e-03
1.28836e+04	1.14568e+09	2.36474e-01	2.03997e+00	1.67921e-03
1.71409e+04	1.14569e+09	2.84554e+00	3.93409e+00	-1.70081e-03
2.29351e+05	1.14592e+09	2.03625e-01	2.92722e+00	6.08091e-03
1.12341e+04	1.14593e+09	4.00290e+00	4.84163e+00	-6.88805e-03
1.20060e+04	1.14595e+09	1.36744e+00	4.17568e+00	4.56530e-03
7.21237e+04	1.14602e+09	9.27195e-01	1.51519e+00	-5.83100e-03
6.89987e+04	1.14609e+09	1.92860e+00	4.00493e+00	4.05225e-03
1.56708e+05	1.14624e+09	8.76188e-01	2.15942e+00	6.62357e-04
1.19796e+05	1.14636e+09	2.04761e+00	3.43264e+00	7.58729e-03
1.06763e+04	1.14637e+09	1.02578e+00	5.64274e+00	6.86753e-03
4.43347e+04	1.14642e+09	9.96625e-01	3.91305e+00	8.64008e-03
1.11539e+04	1.14643e+09	6.19120e-01	2.62295e-01	7.42131e-04
7.63849e+04	1.14651e+09	5.26254e-01	8.52166e-01	1.77636e-03
1.97600e+04	1.14653e+09	1.36627e+00	3.08354e+00	7.33578e-03
1.46532e+04	1.14654e+09	8.20543e-02	1.14520e+00	9.53924e-03
1.02620e+04	1.14655e+09	2.97134e+00	5.37574e+00	-7.93246e-04
3.20566e+04	1.14658e+09	2.34818e+00	5.20212e+00	2.07029e-03
1.10322e+04	1.14659e+09	1.35443e+00	5.47746e+00	6.80377e-03
1.22438e+05	1.14672e+09	1.82943e-01	2.69976e-01	4.64840e-03
1.56958e+04	1.14673e+09	1.06153e-01	3.34777e+00	-1.11762e-03
2.25870e+04	1.14676e+09	1.74735e+00	2.95886e+00	5.61234e-03
1.01515e+04	1.14677e+09	1.62406e+00	1.64126e+00	1.81565e-03
1.18264e+04	1.14678e+09	2.89284e+00	4.71822e+00	-1.53710e-03
2.07441e+04	1.14680e+09	1.89906e+00	5.72580e+00	-5.57641e-03
2.47234e+04	1.14682e+09	1.41190e+00	5.96319e+00	4.12796e-03
1.12012e+04	1.14683e+09	2.19464e+00	5.26859e+00	-9.58125e-03
2.61650e+04	1.14686e+09	2.74171e+00	1.82360e-01	2.48496e-03
1.02130e+04	1.14687e+09	2.79628e+00	5.63892e+00	-5.66861e-03
1.28747e+04	1.14688e+09	2.46453e-01	1.48973e+00	-1.79533e-03
1.48357e+04	1.14690e+09	3.96672e+00	1.45371e+00	-6.52324e-03
5.14435e+05	1.14741e+09	7.84265e-01	9.82181e-01	-7.54240e-03
3.76811e+04	1.14745e+09	3.34414e-01	5.75811e+00	9.98109e-03
1.64385e+04	1.14747e+09	1.17107e+00	3.47558e+00	8.24211e-04
1.98756e+04	1.14749e+09	3.12039e-01	4.07515e+00	8.91386e-03
9.36887e+04	1.14758e+09	2.67752e+00	1.92180e+00	2.39757e-03
3.49866e+04	1.14761e+09	1.93408e+00	4.46054e-01	3.41050e-03
1.41345e+05	1.14776e+09	4.51195e-01	5.65263e+00	6.44887e-03
1.14567e+04	1.14777e+09	1.04928e+00	5.85279e-01	1.59844e-03
3.98280e+05	1.14817e+09	1.06693e+00	1.66922e+00	-2.20918e-04
6.36512e+04	1.14823e+09	8.06704e-01	5.24473e+00	5.83631e-03
1.68166e+04	1.14825e+09	2.83205e+00	7.87515e-02	-4.91677e-03
4.92171e+04	1.14830e+09	2.01705e+00	3.05391e+00	-4.49268e-03
2.34995e+04	1.14832e+09	2.30583e+00	1.94939e+00	-2.98541e-03
1.03170e+05	1.14842e+09	7.57782e-01	2.92214e-01	7.46447e-03
2.72740e+04	1.14845e+09	1.57231e+00	3.77440e+00	5.64131e-03
3.49592e+04	1.14848e+09	4.18509e-01	3.16555e+00	8.76586e-03
6.07865e+04	1.14855e+09	1.05409e+00	2.89055e+00	9.49873e-03
4.25909e+04	1.14859e+09	6.92628e-01	5.39792e+00	9.83103e-03
1.17613e+04	1.14860e+09	1.37354e-01	6.88968e-01	1.25213e-03
3.54466e+05	1.14895e+09	2.26781e-01	4.22913e+00	-4.51034e-03
1.03786e+04	1.14896e+09	1.00676e+00	1.11540e+00	8.19229e-03
1.54972e+04	1.14898e+09	3.38481e-01	5.47473e+00	-3.13392e-03
6.15656e+04	1.14904e+09	1.57240e-01	4.62417e+00	-8.76676e-03
5.09266e+04	1.14909e+09	1.93133e-01	3.40997e+00	7.69525e-03
1.14359e+04	1.14910e+09	1.50496e+00	1.10902e+00	3.70066e-03
1.18297e+04	1.14912e+09	1.26798e-01	3.35344e+00	-6.56837e-03
1.06629e+04	1.14913e+09	1.88220e+00	4.54190e+00	2.00437e-03
4.16012e+04	1.14917e+09	1.93004e+00	3.22327e+00	-2.40813e-03
1.80064e+04	1.14919e+09	3.99846e+00	1.42637e+00	-4.67802e-03
2.56942e+04	1.14921e+09	1.33979e+00	4.99905e+00	4.56749e-03
2.61832e+04	1.14924e+09	2.89285e+00	4.86938e+00	-4.25156e-04
7.66938e+04	1.14931e+09	2.48345e+00	5.97191e+00	2.50160e-03
2.26129e+04	1.14934e+09	1.90404e-01	4.32609e+00	-4.69646e-03
6.36752e+04	1.14940e+09	1.87119e+00	1.89023e-01	1.00548e-03
6.03337e+04	1.14946e+09	1.12691e+00	5.63496e+00	-9.13038e-03
1.30768e+04	1.14947e+09	2.14809e+00	2.00927e+00	3.04192e-03
1.18661e+04	1.14949e+09	2.24187e-01	6.56102e-01	6.94452e-03
1.87033e+04	1.14950e+09	2.53811e+00	3.47594e-01	-9.82496e-03
3.33654e+04	1.14954e+09	2.37426e+00	1.45394e+00	5.76186e-03
2.34392e+04	1.14956e+09	1.81135e+00	1.47066e-01	-1.42704e-03
3.11701e+04	1.14959e+09	1.03478e+00	4.96400e-01	4.91037e-03
1.87527e+05	1.14978e+09	7.83084e-01	5.39076e+00	7.08567e-03
4.22804e+04	1.14982e+09	2.38991e+00	2.90857e+00	2.70217e-03
1.09100e+04	1.14983e+09	2.32232e+00	1.53644e+00	9.21372e-03
3.76235e+04	1.14987e+09	6.55490e-01	2.49217e-01	-8.45041e-03
1.33055e+05	1.15000e+09	3.20840e+00	3.98419e+00	-4.45717e-03
1.19671e+04	1.15002e+09	6.31256e-01	1.93532e+00	4.15614e-03
5.76938e+04	1.15007e+09	4.52055e-01	4.75321e+00	6.06493e-03
4.98575e+05	1.15057e+09	1.19061e+00	1.33484e+00	-9.64242e-03
5.15922e+04	1.15062e+09	5.77029e-01	1.22285e+00	-6.78779e-03
1.32765e+04	1.15064e+09	1.71086e+00	2.41221e+00	-9.05868e-03
5.03618e+04	1.15069e+09	1.11466e+00	8.26607e-01	4.03478e-03
2.22456e+04	1.15071e+09	2.44025e+00	6.10679e+00	-2.97143e-03
1.46202e+04	1.15072e+09	8.15355e-01	8.41739e-01	-1.53925e-03
1.18582e+04	1.15074e+09	1.91493e+00	8.29590e-02	-9.77695e-04
1.04226e+04	1.15075e+09	8.81012e-01	5.62088e+00	-6.95252e-04
1.52027e+04	1.15076e+09	5.11282e-01	3.26003e+00	-8.16329e-03
1.61648e+04	1.15078e+09	1.93321e+00	6.42215e-02	2.70753e-03
2.13399e+04	1.15080e+09	2.64632e+00	4.09298e+00	-5.80404e-03
1.60214e+04	1.15082e+09	1.64051e+00	2.90422e+00	9.39671e-03
1.40575e+05	1.15096e+09	1.34461e+00	3.05330e+00	-8.96069e-03
2.35772e+04	1.15098e+09	1.58927e+00	2.24071e+00	-3.29983e-03
1.19177e+04	1.15099e+09	1.86634e+00	4.81185e+00	-9.56324e-05
2.16415e+04	1.15101e+09	9.34398e-01	5.48470e+00	-1.93081e-03
1.32350e+04	1.15103e+09	7.21320e-01	6.43936e-01	-8.08137e-03
1.00047e+04	1.15104e+09	1.11940e+00	4.10730e+00	-9.51066e-03
1.37085e+04	1.15105e+09	2.01425e-01	2.59032e+00	-9.06321e-03
2.28162e+04	1.15107e+09	3.65536e-01	5.77858e+00	5.63236e-03
2.36456e+04	1.15110e+09	8.17399e-01	1.70485e+00	4.90406e-03
3.16714e+04	1.15113e+09	2.20760e+00	6.18982e+00	-6.42717e-03
1.18978e+04	1.15114e+09	1.27049e+00	6.18979e+00	7.37839e-03
1.86879e+04	1.15116e+09	1.62467e+00	1.18506e-01	6.64832e-03
3.21223e+05	1.15148e+09	2.68932e+00	2.20638e+00	2.10510e-04
1.44190e+04	1.15149e+09	8.73415e-01	1.87578e+00	-6.72571e-03
1.01742e+04	1.15150e+09	3.72198e-01	5.00223e+00	-2.09503e-03
6.46273e+04	1.15157e+09	3.55568e+00	1.10503e+00	4.24947e-04
2.70852e+04	1.15160e+09	1.37134e+00	3.68743e+00	2.05768e-03
1.38624e+04	1.15161e+09	4.46931e-01	2.79826e+00	-9.95471e-03
5.15933e+04	1.15166e+09	1.17956e+00	4.99568e+00	9.34957e-03
1.23488e+04	1.15167e+09	1.44717e+00	5.22754e+00	-8.41150e-03
4.79743e+04	1.15172e+09	6.97279e-01	1.58424e+00	-6.69407e-03
1.73373e+04	1.15174e+09	2.93153e-01	5.67482e+00	9.58527e-04
6.36559e+04	1.15180e+09	1.06510e+00	6.00810e+00	-1.78605e-03
2.09233e+04	1.15182e+09	1.04164e+00	7.19072e-01	-1.30511e-03
2.12607e+04	1.15185e+09	1.60011e+00	5.98877e+00	-7.94066e-04
1.02664e+04	1.15186e+09	2.43919e+00	2.31946e+00	4.17139e-03
2.46620e+05	1.15210e+09	3.14928e+00	3.28369e+00	-5.40141e-03
2.61589e+04	1.15213e+09	1.96817e+00	5.49515e+00	9.51425e-03
1.19273e+05	1.15225e+09	4.07218e-01	4.65851e+00	3.21773e-03
1.72797e+04	1.15227e+09	1.12793e+00	1.89467e+00	-1.82224e-04
1.20532e+04	1.15228e+09	6.58013e-01	4.98073e+00	3.97518e-03
2.22613e+05	1.15250e+09	1.61519e+00	1.95411e+00	-4.07590e-03
1.65973e+04	1.15252e+09	6.17515e-01	3.41505e+00	-5.91704e-03
1.08892e+04	1.15253e+09	9.85943e-01	2.98386e+00	-1.52001e-03
1.29937e+04	1.15254e+09	2.10791e+00	2.06357e+00	-1.31680e-03
1.46500e+04	1.15255e+09	2.57853e-01	1.38021e-01	1.64414e-03
1.12781e+04	1.15257e+09	3.88955e+00	1.60597e+00	-9.27297e-03
7.74150e+04	1.15264e+09	5.06774e-01	3.59976e+00	-8.28319e-03
1.60666e+04	1.15266e+09	2.43315e+00	3.49624e+00	-8.19940e-03
1.60250e+04	1.15268e+09	2.02707e+00	4.32081e+00	2.75005e-03
2.44544e+04	1.15270e+09	1.67313e+00	4.52819e+00	7.29189e-03
1.64395e+04	1.15272e+09	8.92677e-01	4.34688e+00	-8.60099e-03
4.34343e+05	1.15315e+09	2.95181e-01	5.92565e+00	1.30150e-03
2.37672e+04	1.15317e+09	9.26102e-01	3.98179e+00	6.72427e-04
1.17470e+04	1.15319e+09	2.77794e+00	5.60338e+00	-9.57642e-03
1.29086e+04	1.15320e+09	2.10101e+00	2.63329e+00	6.85839e-03
2.12039e+04	1.15322e+09	3.93110e+00	3.97542e-01	1.22448e-03
1.36597e+05	1.15336e+09	1.12067e+00	2.15982e+00	-5.76073e-03
4.87106e+04	1.15341e+09	5.87512e-01	3.78498e+00	-1.34175e-04
1.19627e+04	1.15342e+09	1.96461e+00	9.80653e-01	-6.31675e-03
1.19443e+04	1.15343e+09	2.25028e+00	2.93531e+00	-9.99908e-04
8.19050e+04	1.15351e+09	1.65877e+00	8.57160e-02	-6.20674e-03
1.70314e+04	1.15353e+09	1.14407e+00	4.38243e+00	7.07928e-03
1.13191e+04	1.15354e+09	2.92648e+00	3.27209e+00	-6.01953e-03
2.24689e+04	1.15356e+09	1.65110e+00	5.92800e+00	2.63764e-03
6.12379e+04	1.15362e+09	1.23974e+00	5.63457e+00	-7.30338e-03
1.17777e+04	1.15364e+09	1.64734e+00	2.36955e+00	9.96073e-04
1.01638e+04	1.15365e+09	8.78377e-01	2.97712e+00	-9.54313e-03
1.02638e+04	1.15366e+09	4.38206e-01	8.21674e-01	-9.27963e-03
1.19954e+06	1.15486e+09	2.38655e-01	7.48749e-01	3.83911e-03
1.24775e+04	1.15487e+09	3.13896e+00	5.93059e+00	-2.89774e-03
4.57659e+04	1.15491e+09	2.59255e+00	5.94445e+00	-3.89855e-03
1.88341e+04	1.15493e+09	2.26560e+00	5.01214e+00	9.42680e-03
1.16797e+04	1.15494e+09	7.32166e-01	2.00317e+00	-2.40178e-04
1.61243e+04	1.15496e+09	2.50719e+00	3.60610e+00	5.98564e-03
4.34445e+04	1.15500e+09	2.58009e+00	3.83083e+00	4.68555e-03
9.27351e+04	1.15510e+09	2.60576e+00	5.35849e+00	3.80155e-03
4.50513e+04	1.15514e+09	8.54573e-01	2.67192e+00	5.99747e-03
1.90830e+04	1.15516e+09	1.80302e+00	4.66615e+00	8.86162e-03
8.50120e+04	1.15525e+09	1.45020e+00	5.06871e+00	-5.47732e-03
4.87652e+04	1.15529e+09	1.17156e+00	2.70165e+00	-6.13231e-03
6.95113e+04	1.15536e+09	1.05427e-01	2.71546e+00	-3.69589e-03
2.87952e+04	1.15539e+09	2.04894e+00	2.58700e+00	-3.24478e-03
1.05065e+04	1.15540e+09	4.12142e+00	2.17306e+00	-9.84956e-03
1.47873e+04	1.15542e+09	1.33644e+00	5.08154e+00	1.24378e-03
1.02810e+04	1.15543e+09	2.13813e+00	3.62569e-01	-1.93632e-03
9.43977e+04	1.15552e+09	2.31873e+00	5.28032e+00	2.30337e-03
3.16957e+04	1.15555e+09	2.79934e+00	4.60802e+00	-5.40813e-03
1.19338e+05	1.15567e+09	8.65847e-01	2.22204e+00	-6.63007e-03
5.79037e+04	1.15573e+09	4.41676e+00	2.60545e+00	8.50495e-04
1.14298e+04	1.15574e+09	1.69415e+00	1.66240e+00	-4.41014e-03
2.25098e+04	1.15577e+09	6.65954e-01	4.33319e+00	2.35462e-03
1.30162e+04	1.15578e+09	3.42759e-01	4.60292e+00	9.36408e-03
4.33746e+04	1.15582e+09	3.27241e-01	3.33175e+00	4.87702e-04
1.52988e+04	1.15584e+09	2.26293e+00	3.33936e+00	-5.71225e-03
2.51707e+04	1.15586e+09	3.08359e+00	1.48422e+00	-6.89488e-04
1.09842e+04	1.15587e+09	3.24475e+00	2.41577e+00	-4.73256e-04
2.61294e+05	1.15613e+09	6.50908e-01	4.10364e+00	6.47582e-03
3.30791e+04	1.15617e+09	2.05414e+00	2.34036e+00	-7.42704e-03
1.09509e+05	1.15628e+09	1.07876e+00	1.60465e+00	-7.37137e-03
3.88267e+04	1.15632e+09	6.14602e-01	1.06469e+00	4.39341e-03
4.19257e+04	1.15636e+09	4.56561e-01	3.59962e+00	-4.01125e-03
5.95521e+04	1.15642e+09	1.15399e+00	1.09969e+00	-6.58170e-03
8.56073e+04	1.15650e+09	1.08997e+00	3.86884e+00	7.33707e-03
1.77198e+05	1.15668e+09	1.96448e+00	1.99068e-01	1.88482e-03
4.27876e+04	1.15672e+09	2.33740e+00	1.67219e+00	-8.79775e-03
1.15090e+04	1.15673e+09	3.64803e+00	2.49432e+00	-3.47161e-03
3.94970e+04	1.15677e+09	1.50022e+00	5.88970e+00	-8.79927e-03
1.22290e+04	1.15679e+09	9.91143e-01	4.24826e+00	1.29882e-03
1.54632e+04	1.15680e+09	3.88232e+00	3.56695e+00	9.81536e-03
1.38040e+04	1.15682e+09	1.55248e+00	6.30174e-01	5.71123e-03
2.34730e+04	1.15684e+09	2.45667e-01	5.20101e-01	-5.23389e-03
1.90248e+04	1.15686e+09	9.12126e-01	6.12289e+00	4.05015e-03
3.31287e+05	1.15719e+09	2.09221e+00	6.23953e+00	6.70260e-04
3.21690e+04	1.15722e+09	6.31498e-01	4.77985e+00	-2.39624e-04
1.17605e+04	1.15723e+09	2.27723e+00	1.33020e+00	5.63024e-03
1.73855e+04	1.15725e+09	8.16267e-01	1.38613e+00	4.20089e-03
1.18654e+04	1.15726e+09	2.20504e+00	2.34449e+00	6.80197e-03
2.18146e+04	1.15728e+09	2.71235e+00	1.04910e+00	-3.70234e-03
1.64116e+04	1.15730e+09	2.65459e+00	2.17725e-01	-5.62548e-03
8.56409e+04	1.15739e+09	6.47778e-01	1.36232e+00	1.22357e-03
1.50044e+05	1.15754e+09	1.91539e+00	2.55867e+00	-8.21920e-03
2.41182e+04	1.15756e+09	4.60037e-01	3.15016e+00	-1.38507e-03
2.39230e+04	1.15758e+09	1.33149e+00	1.68081e+00	-5.38289e-03
1.61320e+04	1.15760e+09	1.71297e+00	4.37736e+00	7.44871e-03
1.14272e+04	1.15761e+09	1.56188e+00	4.39926e+00	5.08096e-03
1.13692e+04	1.15762e+09	2.53403e+00	4.23540e+00	-7.77539e-03
1.00871e+04	1.15763e+09	4.94209e-01	3.98876e+00	3.23123e-03
1.55275e+04	1.15765e+09	2.40152e+00	5.06071e+00	5.67886e-03
4.85772e+04	1.15770e+09	2.46034e+00	7.79471e-01	-1.49956e-03
2.34711e+04	1.15772e+09	1.12925e+00	4.86653e+00	-9.27066e-03
2.17370e+04	1.15774e+09	1.12625e+00	3.26918e+00	-2.53539e-03
1.18956e+04	1.15775e+09	5.92052e-01	3.33573e-01	-9.18740e-03
1.09326e+04	1.15777e+09	1.45599e+00	1.02808e-01	3.28940e-03
1.16620e+04	1.15778e+09	6.55265e-01	6.00603e-01	-1.65729e-03
1.12393e+05	1.15789e+09	2.80745e-01	3.43676e+00	-2.63927e-03
2.19276e+04	1.15791e+09	5.32740e-01	3.12580e+00	6.27035e-03
7.29508e+04	1.15798e+09	4.99925e-01	7.91805e-01	1.37627e-03
1.06688e+04	1.15800e+09	2.59946e+00	3.36349e+00	8.06849e-03
1.67426e+04	1.15801e+09	4.90233e-01	4.89337e+00	-4.19395e-03
1.39972e+04	1.15803e+09	4.23471e+00	1.74011e+00	-2.06155e-03
3.87604e+04	1.15806e+09	1.13317e+00	1.00849e+00	-5.53844e-03
1.86163e+04	1.15808e+09	1.83116e+00	2.78524e+00	7.60290e-03
1.03498e+04	1.15809e+09	3.82395e-01	3.41981e+00	-2.29109e-03
1.59357e+04	1.15811e+09	1.25179e+00	1.53958e+00	9.35571e-03
1.35947e+04	1.15812e+09	3.67952e-01	5.92882e+00	7.47395e-03
2.26736e+04	1.15815e+09	1.52140e+00	8.72440e-01	8.21580e-03
1.33532e+05	1.15828e+09	2.29902e+00	1.21691e+00	-9.48111e-03
1.73474e+05	1.15845e+09	3.06000e+00	1.62512e-01	5.34568e-04
5.43720e+04	1.15851e+09	7.08412e-01	2.25930e+00	3.06218e-03
2.46527e+04	1.15853e+09	2.25142e+00	5.50382e+00	2.61711e-03
1.99753e+04	1.15855e+09	2.70280e+00	9.59067e-01	8.40249e-04
1.34898e+04	1.15857e+09	3.86994e-01	4.72245e-01	-7.65756e-04
1.98631e+04	1.15859e+09	1.65616e+00	3.56720e-01	-3.56941e-03
1.06560e+04	1.15860e+09	8.61878e-01	1.20650e+00	3.09740e-03
2.60156e+04	1.15862e+09	1.61693e+00	5.80358e+00	6.60393e-03
1.57593e+04	1.15864e+09	3.36346e-01	3.90382e+00	-1.14121e-03
4.18640e+04	1.15868e+09	2.21422e+00	6.16956e+00	-2.93485e-04
1.55192e+05	1.15883e+09	3.77105e-01	4.62733e+00	-8.06583e-03
1.00282e+04	1.15884e+09	2.84785e+00	4.13572e+00	-1.95476e-03
1.60033e+05	1.15901e+09	3.40534e+00	4.71796e+00	-6.52451e-03
9.85370e+04	1.15910e+09	1.91701e+00	4.47937e+00	4.48114e-03
1.31213e+04	1.15912e+09	1.21721e+00	2.76870e+00	-8.91246e-03
5.44567e+04	1.15917e+09	1.98041e+00	3.85882e+00	-7.53114e-03
1.56272e+05	1.15933e+09	5.31474e-01	2.55636e-01	-8.82045e-03
2.55892e+04	1.15935e+09	2.90432e-01	1.65861e+00	1.76629e-03
8.38768e+04	1.15944e+09	3.40212e-01	2.04885e+00	5.52658e-03
2.27477e+04	1.15946e+09	3.72564e+00	4.37664e+00	7.49974e-04
1.49868e+04	1.15947e+09	1.54008e+00	6.11454e-01	9.33043e-03
2.02358e+04	1.15949e+09	1.05269e+00	5.15382e-01	7.19933e-03
2.10351e+04	1.15952e+09	1.14126e+00	2.26586e+00	9.33027e-03
1.40286e+05	1.15966e+09	1.89661e-01	2.14499e+00	5.18654e-03
2.01915e+04	1.15968e+09	3.37070e+00	5.41405e+00	8.58478e-04
2.97386e+04	1.15971e+09	2.47966e-01	5.32627e+00	7.59132e-03
1.08043e+04	1.15972e+09	3.18806e+00	1.89999e+00	-1.17607e-03
1.17821e+05	1.15983e+09	1.42102e+00	3.31842e+00	-8.06912e-03
1.22400e+04	1.15985e+09	2.02058e+00	1.30178e+00	4.05801e-03
1.20519e+04	1.15986e+09	1.39629e+00	6.13433e+00	-7.32597e-03
1.58677e+04	1.15987e+09	1.41321e+00	1.96026e+00	-3.76443e-03
2.47531e+04	1.15990e+09	2.32597e+00	5.73099e+00	-8.42215e-03
1.18690e+04	1.15991e+09	3.60782e+00	6.17350e+00	6.16743e-03
3.59318e+04	1.15995e+09	4.24230e+00	6.25542e+00	-2.12203e-03
1.00803e+04	1.15996e+09	1.58829e+00	5.04054e-01	4.98050e-03
1.50394e+04	1.15997e+09	1.35021e-01	2.75135e+00	9.06672e-03
9.70080e+04	1.16007e+09	1.65289e+00	7.19090e-01	4.77551e-03
1.63044e+04	1.16009e+09	1.99310e+00	2.29453e+00	-5.26004e-03
1.42116e+04	1.16010e+09	2.36638e+00	7.95359e-01	-1.67699e-03
4.85458e+04	1.16015e+09	2.89881e+00	5.96112e+00	-1.28158e-03
2.74740e+04	1.16018e+09	1.82890e+00	1.71907e+00	6.45435e-03
3.07041e+04	1.16021e+09	2.20301e+00	8.87550e-02	5.61182e-03
2.13367e+04	1.16023e+09	1.42434e+00	2.95770e+00	-5.36148e-03
2.88277e+04	1.16026e+09	3.47786e+00	2.13922e+00	-3.86879e-04
2.06231e+04	1.16028e+09	1.96748e+00	4.13535e+00	7.01178e-03
1.74776e+04	1.16030e+09	8.26819e-01	3.58403e+00	-4.16668e-03
4.26330e+05	1.16072e+09	2.15794e+00	3.21099e+00	9.10931e-03
1.79616e+04	1.16074e+09	2.13467e+00	5.59766e+00	7.07250e-04
1.56847e+05	1.16090e+09	5.53974e-01	5.45248e+00	-7.20729e-03
2.80800e+04	1.16092e+09	1.33371e+00	2.92903e+00	6.52341e-03
2.29248e+04	1.16095e+09	2.04016e+00	1.59902e+00	-2.58618e-03
5.79716e+04	1.16101e+09	1.40400e+00	5.36191e+00	2.11717e-03
1.41176e+04	1.16102e+09	2.06297e-01	3.33132e+00	-8.10491e-03
1.51469e+04	1.16103e+09	7.91153e-01	9.53227e-01	9.15573e-03
1.09609e+04	1.16105e+09	2.21330e+00	2.22644e+00	-8.84685e-03
1.13023e+04	1.16106e+09	1.46573e-01	4.96974e+00	-5.32837e-03
2.70063e+04	1.16108e+09	2.84958e+00	3.72678e+00	-3.90800e-03
4.67534e+04	1.16113e+09	3.32679e+00	8.15472e-02	-2.49637e-03
1.84550e+04	1.16115e+09	1.83720e+00	2.50722e+00	-3.81641e-03
1.59686e+04	1.16116e+09	1.00497e+00	1.76236e+00	8.14734e-03
2.29507e+04	1.16119e+09	2.58571e+00	5.63218e+00	8.28825e-03
5.51776e+04	1.16124e+09	1.48030e+00	2.11546e+00	7.47388e-03
1.05932e+05	1.16135e+09	6.06072e-01	1.10453e+00	8.41992e-03
3.86401e+04	1.16139e+09	1.88431e+00	6.16500e+00	-2.69693e-03
1.95148e+04	1.16141e+09	8.49782e-03	2.65400e+00	6.12085e-03
1.36048e+04	1.16142e+09	7.20107e-01	5.09573e+00	-4.21468e-04
2.76829e+04	1.16145e+09	3.43606e+00	2.86898e+00	-5.73339e-04
2.11414e+04	1.16147e+09	1.33773e+00	5.95708e+00	-7.50213e-03
2.63311e+05	1.16173e+09	8.06224e-01	3.20625e+00	2.66653e-03
4.17232e+04	1.16177e+09	6.53075e-01	3.18748e+00	7.07989e-03
1.90030e+04	1.16179e+09	4.92932e-01	3.93917e+00	-6.97577e-03
3.55380e+04	1.16183e+09	2.37143e+00	3.61765e-01	-9.16487e-03
3.25572e+04	1.16186e+09	8.87062e-01	1.60110e+00	-3.49988e-03
2.23207e+04	1.16188e+09	1.23212e+00	4.54906e+00	-2.79296e-03
1.14090e+04	1.16190e+09	2.82446e+00	2.68241e+00	1.47314e-03
1.11990e+04	1.16191e+09	3.00146e+00	2.80429e+00	2.39086e-03
5.70114e+04	1.16196e+09	1.15210e+00	4.60279e+00	5.82359e-03
4.88392e+04	1.16201e+09	1.73884e+00	3.63246e-01	-6.81933e-03
4.55336e+04	1.16206e+09	6.61609e-01	5.91286e+00	-4.38168e-03
1.01546e+04	1.16207e+09	3.94728e-01	6.14976e+00	5.16063e-03
1.23032e+04	1.16208e+09	3.16866e+00	1.73832e+00	-4.02983e-03
4.97796e+04	1.16213e+09	7.52193e-01	1.05838e+00	-1.58839e-03
1.03795e+04	1.16214e+09	8.81630e-02	1.35725e+00	-4.12165e-04
1.39825e+04	1.16215e+09	4.25904e+00	4.32197e+00	-8.90319e-03
1.18992e+04	1.16217e+09	3.33158e-01	4.89628e+00	5.27702e-03
1.07324e+04	1.16218e+09	5.89578e-01	4.49299e-01	-6.49641e-04
1.53747e+04	1.16219e+09	2.35810e+00	1.77984e+00	2.88563e-03
1.20649e+04	1.16220e+09	2.11401e+00	6.14583e+00	-9.33313e-03
6.87541e+04	1.16227e+09	2.66147e-01	3.33815e+00	-9.08001e-03
5.83311e+04	1.16233e+09	1.38265e+00	4.92288e-01	-2.18296e-03
8.75500e+04	1.16242e+09	1.19005e+00	3.91388e+00	3.27381e-03
1.31579e+04	1.16243e+09	9.27732e-01	3.76661e+00	8.76986e-03
1.09673e+04	1.16244e+09	4.21208e+00	3.82724e+00	4.68542e-03
9.86594e+04	1.16254e+09	1.40716e+00	2.02492e+00	6.94252e-03
2.85736e+04	1.16257e+09	1.08255e+00	5.73950e+00	-8.94761e-03
1.69060e+04	1.16259e+09	1.30474e+00	4.41713e+00	-8.95970e-03
1.63083e+06	1.16422e+09	1.14981e+00	4.23748e+00	-4.93883e-03
1.07930e+04	1.16423e+09	9.15251e-01	4.18159e+00	-9.60688e-03
1.08498e+04	1.16424e+09	1.19267e+00	5.25174e+00	4.08744e-03
1.53539e+04	1.16426e+09	5.02094e-01	5.44333e+00	-5.55296e-03
4.05077e+04	1.16430e+09	7.31635e-01	3.69230e+00	-6.24884e-03
1.24032e+04	1.16431e+09	2.28030e-01	1.46505e+00	9.32178e-03
1.02922e+04	1.16432e+09	4.84597e-01	5.36764e+00	4.46940e-03
3.07994e+04	1.16435e+09	2.27348e+00	4.48433e+00	-4.30849e-03
2.90108e+04	1.16438e+09	6.23174e-01	5.33466e+00	4.35515e-04
1.04638e+04	1.16439e+09	6.56524e-01	4.72975e+00	3.08679e-03
1.36109e+04	1.16440e+09	4.66133e-01	5.17276e+00	6.23342e-03
1.37500e+04	1.16442e+09	9.00940e-01	4.73366e+00	-8.04239e-03
1.94583e+04	1.16444e+09	1.07793e+00	5.85534e+00	-6.80733e-03
1.38754e+04	1.16445e+09	1.60249e+00	3.73363e+00	2.81012e-03
3.29749e+05	1.16478e+09	7.21683e-01	6.17370e+00	8.93891e-03
1.66310e+04	1.16480e+09	9.22130e-01	5.20413e+00	-3.10975e-03
2.62174e+04	1.16482e+09	1.09428e+00	4.90769e+00	6.25654e-03
1.75135e+04	1.16484e+09	3.76330e+00	2.36306e-02	-9.19565e-03
2.03733e+04	1.16486e+09	1.46965e+00	3.29387e+00	-9.33238e-04
1.24929e+04	1.16487e+09	6.76623e-01	6.19597e+00	-7.48051e-03
1.85528e+04	1.16489e+09	8.56480e-01	5.55201e+00	6.82832e-03
2.75218e+04	1.16492e+09	1.56952e+00	2.28229e+00	-8.62070e-03
4.29908e+04	1.16496e+09	6.55568e-01	5.39795e+00	4.00822e-03
1.18835e+04	1.16497e+09	4.54627e-01	1.98229e+00	-8.58296e-04
1.79709e+05	1.16515e+09	2.69953e+00	3.79395e+00	4.44514e-03
2.21699e+04	1.16518e+09	1.95014e+00	1.87477e-02	2.36482e-03
2.03432e+05	1.16538e+09	1.33388e+00	2.26460e+00	9.43209e-03
2.78704e+04	1.16541e+09	5.53055e-01	2.58590e+00	2.99781e-03
1.34304e+04	1.16542e+09	1.97240e-01	5.09862e+00	1.05303e-03
4.18529e+04	1.16546e+09	1.08920e+00	3.45696e+00	4.88216e-03
2.18240e+06	1.16764e+09	2.20669e+00	2.29178e+00	-2.18995e-03
1.03196e+04	1.16765e+09	3.84956e+00	5.01837e+00	-2.10463e-03
1.83062e+04	1.16767e+09	1.28239e+00	6.66275e-01	6.06695e-03
1.50227e+04	1.16769e+09	1.14012e+00	1.92014e+00	-6.88866e-03
1.05052e+04	1.16770e+09	4.34810e-01	1.38989e+00	6.59731e-03
1.09110e+04	1.16771e+09	1.73487e+00	1.35862e+00	-2.29782e-04
1.01696e+04	1.16772e+09	2.38356e+00	4.73848e+00	-8.41517e-03
6.61131e+04	1.16779e+09	5.17570e-02	3.27864e+00	-1.18586e-03
1.22072e+04	1.16780e+09	1.83600e+00	5.40409e+00	1.97438e-03
3.55447e+04	1.16783e+09	1.61582e+00	3.05502e+00	-1.17648e-03
3.79852e+04	1.16787e+09	1.04744e+00	2.70066e+00	9.48365e-03
1.01212e+05	1.16797e+09	1.35293e+00	5.56083e+00	-2.65886e-03
7.47866e+04	1.16805e+09	1.05965e+00	3.80375e+00	-8.78415e-03
1.57060e+05	1.16820e+09	8.69239e-01	2.84681e+00	4.26220e-03
1.01366e+04	1.16821e+09	4.13057e+00	1.09899e+00	-2.72013e-03
1.48713e+04	1.16823e+09	2.17208e+00	1.43774e+00	-9.93616e-03
1.05343e+04	1.16824e+09	1.43227e+00	4.44719e+00	6.46395e-03
1.56571e+04	1.16826e+09	2.29262e-01	1.26424e+00	-5.37020e-03
1.25485e+06	1.16951e+09	1.48373e+00	5.56294e+00	3.76643e-03
5.61904e+04	1.16957e+09	3.19690e+00	1.60610e+00	-6.24917e-03
1.63091e+04	1.16958e+09	1.42354e+00	1.22300e+00	-9.64275e-03
1.75598e+04	1.16960e+09	9.56536e-01	5.29444e+00	-6.41521e-03
1.15664e+04	1.16961e+09	1.57708e+00	5.72748e+00	2.88257e-03
1.24857e+04	1.16962e+09	8.92807e-01	1.36514e+00	-9.63480e-03
1.36265e+04	1.16964e+09	1.78150e+00	4.30201e+00	-2.97226e-03
5.24076e+04	1.16969e+09	6.26917e-01	3.25514e+00	6.85207e-03
6.04949e+05	1.17030e+09	5.89175e-01	3.08930e+00	5.17500e-03
1.33393e+04	1.17031e+09	2.83565e+00	2.77466e+00	-8.45134e-03
3.88704e+05	1.17070e+09	6.53214e-01	1.04374e+00	-4.21991e-03
8.03524e+04	1.17078e+09	7.41308e-01	1.32151e+00	-1.83909e-03
1.25288e+04	1.17079e+09	2.41770e+00	5.16064e+00	-1.49783e-03
4.17151e+04	1.17083e+09	1.82677e+00	3.62384e-01	3.76702e-03
3.26818e+04	1.17086e+09	2.01018e+00	3.58273e+00	7.19180e-03
1.00917e+04	1.17088e+09	9.18148e-01	4.82923e+00	-9.57968e-03
6.19223e+04	1.17094e+09	7.34564e-01	2.60226e+00	1.11927e-03
8.76466e+04	1.17102e+09	8.63328e-01	1.75416e-01	-6.53038e-03
1.05254e+04	1.17104e+09	8.87736e-01	4.21876e+00	7.53913e-03
1.58088e+04	1.17105e+09	1.02588e+00	4.26560e+00	-1.02060e-03
1.25233e+04	1.17106e+09	4.18133e+00	3.35041e+00	-3.94476e-03
3.08001e+04	1.17109e+09	1.29910e+00	1.45718e+00	4.09223e-03
7.73356e+04	1.17117e+09	1.17268e+00	4.79427e+00	-6.89576e-04
1.24826e+04	1.17118e+09	1.90021e+00	5.16574e-01	-6.15500e-03
1.07702e+04	1.17119e+09	1.30399e-01	4.31524e+00	9.01206e-03
4.78670e+04	1.17124e+09	5.56230e-01	2.33517e-01	5.11842e-03
2.90662e+04	1.17127e+09	2.52290e+00	1.41723e+00	7.58335e-03
3.93155e+04	1.17131e+09	2.32894e+00	5.93917e+00	-2.66023e-03
2.03598e+04	1.17133e+09	1.33217e-01	2.37026e+00	-2.39799e-03
1.00304e+04	1.17134e+09	2.25708e+00	3.07315e+00	-4.36998e-03
1.95196e+04	1.17136e+09	2.52944e+00	9.12037e-01	-4.35344e-03
1.30121e+04	1.17137e+09	3.43822e-01	5.62841e+00	-5.99921e-03
7.48281e+04	1.17145e+09	1.72142e+00	2.16683e+00	-1.74880e-03
1.01442e+04	1.17146e+09	3.43641e-01	5.76896e+00	9.50662e-03
1.66655e+05	1.17163e+09	1.42071e+00	2.85959e+00	-6.21925e-03
2.62025e+04	1.17165e+09	1.28827e+00	1.22392e+00	-4.82284e-03
1.26457e+04	1.17166e+09	7.60502e-01	1.86891e+00	-2.16478e-03
5.45921e+04	1.17172e+09	4.13040e-01	3.82129e+00	3.33674e-03
3.24277e+04	1.17175e+09	5.64865e-01	6.27666e+00	-2.61237e-03
9.74960e+04	1.17185e+09	8.19653e-01	5.63406e+00	8.22548e-03
1.19358e+04	1.17186e+09	2.72772e+00	5.29597e+00	5.52636e-03
1.06370e+04	1.17187e+09	1.01646e+00	3.74986e+00	-9.69071e-03
1.89007e+04	1.17189e+09	9.07636e-01	3.34915e+00	2.65110e-03
1.73702e+04	1.17191e+09	5.89388e-01	2.89529e+00	5.54826e-03
1.40615e+04	1.17192e+09	1.93651e+00	2.21902e+00	-4.74090e-03
1.63470e+04	1.17194e+09	2.10334e+00	3.02733e+00	-4.89491e-03
4.92081e+04	1.17199e+09	7.40077e-01	2.99076e+00	-6.46361e-03
1.49816e+05	1.17214e+09	1.98711e+00	2.32063e+00	5.82172e-03
1.69961e+04	1.17215e+09	8.40389e-01	4.63755e+00	3.61806e-03
1.92838e+04	1.17217e+09	2.96568e+00	6.20169e+00	-4.15106e-03
1.60759e+04	1.17219e+09	2.22041e+00	3.04910e-01	7.82313e-03
1.05240e+04	1.17220e+09	1.78523e+00	5.44204e+00	-7.07441e-03
1.85051e+05	1.17239e+09	3.72284e-01	1.80241e+00	6.26170e-03
6.29650e+04	1.17245e+09	8.03231e-01	5.73241e+00	-4.42970e-03
8.54257e+04	1.17253e+09	1.59203e+00	1.00820e-01	9.93317e-03
1.10958e+04	1.17254e+09	9.52604e-01	3.96681e+00	8.13211e-03
1.13203e+04	1.17256e+09	2.01104e+00	5.00223e+00	-8.76519e-03
1.04337e+04	1.17257e+09	4.44436e+00	5.10290e+00	-1.69286e-03
2.12205e+04	1.17259e+09	8.35439e-01	4.36265e-01	-5.58328e-03
2.08978e+04	1.17261e+09	1.35422e+00	6.10640e+00	8.99518e-03
1.55158e+04	1.17262e+09	6.05648e-01	1.63342e+00	-4.27242e-03
2.38805e+04	1.17265e+09	2.06872e+00	5.48673e+00	2.99645e-03
2.17895e+04	1.17267e+09	1.78293e+00	1.44448e+00	6.18976e-03
2.68500e+04	1.17270e+09	1.20262e+00	2.45351e+00	7.25217e-03
3.05058e+04	1.17273e+09	6.71725e-01	1.45334e+00	5.40674e-03
1.16290e+04	1.17274e+09	7.90714e-01	4.78737e+00	-6.55571e-03
6.72846e+04	1.17281e+09	1.80789e+00	1.15911e+00	9.89589e-03
1.05464e+04	1.17282e+09	1.84323e+00	4.01220e+00	-6.91213e-03
1.12746e+04	1.17283e+09	1.11850e+00	8.96135e-01	9.71803e-03
3.16828e+04	1.17286e+09	4.56193e-01	5.37954e-01	8.01979e-03
3.07043e+04	1.17289e+09	1.02303e+00	1.52494e+00	-9.29648e-03
1.74878e+06	1.17464e+09	3.87479e+00	5.86268e+00	-2.07937e-03
1.59195e+04	1.17465e+09	3.59447e+00	2.02553e+00	-8.10875e-03
2.04086e+04	1.17468e+09	1.29642e+00	1.08664e-01	-3.23821e-03
2.25993e+04	1.17470e+09	2.68646e+00	5.58884e+00	2.84041e-03
2.52689e+04	1.17472e+09	8.65041e-01	3.80702e+00	-4.23584e-03
1.08712e+04	1.17473e+09	3.39651e+00	2.65918e+00	9.29168e-03
1.06558e+04	1.17474e+09	2.46097e+00	4.20428e+00	2.94185e-03
1.16541e+04	1.17476e+09	4.30756e-01	4.63098e+00	1.02738e-03
6.26002e+04	1.17482e+09	1.45300e+00	1.80794e+00	-5.00183e-03
2.54127e+04	1.17484e+09	1.02159e+00	1.37674e+00	-8.84636e-03
2.53873e+04	1.17487e+09	1.13917e+00	5.58704e+00	9.20459e-03
2.34340e+04	1.17489e+09	3.07231e+00	5.76444e+00	-1.46085e-03
2.32987e+04	1.17492e+09	3.36518e+00	1.82582e+00	-1.42739e-03
1.16373e+04	1.17493e+09	1.74339e+00	5.88944e+00	-6.28369e-03
3.67022e+04	1.17496e+09	6.61319e-01	1.73017e+00	1.56922e-03
1.21072e+04	1.17498e+09	2.73625e+00	1.32121e+00	6.47922e-03
3.64239e+04	1.17501e+09	1.20569e+00	5.46915e+00	9.03182e-04
3.05732e+04	1.17504e+09	1.08063e+00	3.80960e+00	9.02663e-03
1.08053e+04	1.17505e+09	6.18695e-01	5.38004e+00	-4.08522e-03
1.21855e+04	1.17507e+09	1.62512e+00	3.12587e+00	9.41254e-03
4.11592e+05	1.17548e+09	1.85966e-01	2.67086e+00	-3.14622e-03
6.58777e+04	1.17554e+09	1.25649e+00	2.55120e+00	7.11181e-03
1.62911e+04	1.17556e+09	1.70782e+00	6.26399e+00	-2.28045e-03
2.40805e+04	1.17558e+09	1.73053e+00	6.23305e+00	-6.11627e-03
1.48411e+04	1.17560e+09	1.26240e+00	2.73638e+00	-6.47559e-03
3.08620e+04	1.17563e+09	1.06415e+00	5.18760e+00	-6.08598e-03
4.16573e+04	1.17567e+09	3.20537e+00	5.84588e-01	-4.41415e-03
2.74321e+05	1.17595e+09	6.59895e-01	1.37839e-01	-8.54796e-03
1.28418e+04	1.17596e+09	1.76250e+00	1.91649e+00	-8.23269e-03
3.84097e+04	1.17600e+09	6.74965e-01	3.30847e+00	-4.55679e-03
5.89112e+04	1.17606e+09	1.53868e+00	6.17672e+00	6.97839e-03
1.50098e+04	1.17607e+09	1.31099e+00	2.30302e+00	-6.86327e-03
1.37752e+05	1.17621e+09	2.10030e+00	1.54441e+00	1.99000e-04
1.61181e+04	1.17623e+09	2.20240e+00	3.56260e+00	7.54264e-03
6.99302e+04	1.17630e+09	1.56800e+00	1.47704e-01	2.38081e-03
4.52622e+04	1.17634e+09	2.11257e-01	4.47932e+00	-1.15121e-03
1.16765e+04	1.17635e+09	5.46857e-01	4.57910e+00	5.43847e-04
1.01479e+04	1.17636e+09	5.42985e-01	2.77735e+00	-8.71520e-03
1.62352e+05	1.17652e+09	1.38716e+00	3.92133e+00	-5.60828e-03
1.02172e+04	1.17654e+09	4.43081e-01	2.88990e+00	-1.68878e-04
4.13621e+04	1.17658e+09	9.32613e-01	5.79402e+00	-5.60699e-04
4.16674e+04	1.17662e+09	3.54600e+00	4.79985e+00	7.23588e-03
1.15307e+04	1.17663e+09	1.25285e+00	3.59974e+00	3.69789e-03
1.62177e+04	1.17665e+09	6.07593e-01	2.17240e+00	4.10868e-03
2.45852e+04	1.17667e+09	3.26337e-01	1.07687e+00	-9.84743e-03
2.79600e+04	1.17670e+09	5.95731e-01	5.49249e+00	-2.34417e-03
4.16262e+04	1.17674e+09	7.35683e-01	3.93115e+00	4.23884e-03
1.01034e+04	1.17675e+09	8.43631e-01	4.30695e+00	-5.05716e-03
3.21672e+04	1.17678e+09	5.57600e-01	5.89597e+00	-1.09841e-03
3.26856e+04	1.17682e+09	1.36303e+00	5.95780e+00	9.41698e-03
1.20025e+04	1.17683e+09	2.36761e+00	6.71474e-01	7.77755e-03
1.39696e+04	1.17684e+09	8.08561e-01	4.32187e+00	9.18177e-03
1.07874e+05	1.17695e+09	4.94897e-01	3.68157e+00	-8.38170e-03
3.38564e+04	1.17698e+09	5.14772e-01	4.33636e-01	5.14152e-03
9.96680e+04	1.17708e+09	5.70807e-01	1.60599e+00	-9.48041e-03
2.25775e+04	1.17710e+09	1.01284e+00	1.76311e+00	-1.53835e-03
1.86648e+04	1.17712e+09	8.34997e-01	3.16509e+00	1.50343e-04
1.29415e+04	1.17714e+09	2.36664e+00	2.86291e+00	-1.29348e-03
1.03646e+04	1.17715e+09	1.44743e+00	4.06664e+00	-7.06518e-03
1.23418e+04	1.17716e+09	7.57872e-01	8.33363e-02	9.20668e-03
1.55771e+04	1.17717e+09	1.71256e-01	1.83152e+00	6.19470e-03
2.16825e+04	1.17720e+09	9.62966e-01	7.11536e-01	7.75838e-03
1.49147e+04	1.17721e+09	4.94523e-01	5.65490e+00	-3.83654e-03
3.37963e+04	1.17725e+09	2.30083e+00	2.70590e+00	-1.26946e-03
1.45541e+04	1.17726e+09	6.76573e-01	9.82625e-03	9.37215e-03
1.04069e+04	1.17727e+09	2.07984e+00	5.52947e+00	6.02586e-03
2.32590e+04	1.17729e+09	9.61343e-01	5.78057e+00	7.59480e-04
1.83946e+05	1.17748e+09	3.59872e+00	5.64268e+00	-4.53116e-03
3.81620e+04	1.17752e+09	6.78530e-01	5.00992e+00	-6.41303e-03
4.60502e+04	1.17756e+09	5.75631e-01	5.97278e+00	5.36684e-03
7.12389e+04	1.17763e+09	1.11008e+00	4.68032e-01	-6.56805e-05
1.74613e+04	1.17765e+09	5.31312e-01	3.47378e+00	6.03652e-04
4.10319e+04	1.17769e+09	1.47630e+00	4.26631e+00	7.97286e-03
4.32187e+04	1.17773e+09	8.84031e-01	1.94945e+00	-4.36431e-03
2.02411e+04	1.17775e+09	5.70655e-01	4.08010e-01	-8.71228e-03
2.13411e+04	1.17778e+09	5.44433e-01	2.25680e+00	2.47652e-03
2.62780e+04	1.17780e+09	8.65172e-01	4.22748e+00	3.05867e-03
3.08150e+04	1.17783e+09	2.25592e+00	2.39634e+00	5.35678e-03
1.87650e+04	1.17785e+09	8.33872e-01	1.76049e+00	2.38989e-03
3.53967e+04	1.17789e+09	1.11947e+00	6.06758e-01	4.63504e-03
6.34865e+04	1.17795e+09	1.48663e+00	1.00951e-01	-2.69697e-03
1.69758e+04	1.17797e+09	1.95299e-01	3.05446e+00	-9.02686e-03
2.99809e+04	1.17800e+09	1.98807e+00	4.76677e+00	-6.90423e-04
8.33234e+04	1.17808e+09	3.70545e-01	4.74074e+00	-3.55993e-03
2.94765e+04	1.17811e+09	1.44667e+00	4.57781e+00	7.86476e-04
3.32257e+05	1.17844e+09	1.69400e+00	2.20465e+00	-1.46578e-03
1.26061e+06	1.17970e+09	1.01915e+00	5.44876e+00	-4.35426e-03
1.89954e+04	1.17972e+09	1.88057e+00	5.75681e+00	7.01973e-03
9.17212e+04	1.17981e+09	1.14408e+00	3.99882e+00	-5.71634e-03
1.32743e+04	1.17983e+09	1.10466e+00	5.25656e+00	8.85861e-03
1.43163e+04	1.17984e+09	1.98026e+00	4.36783e+00	2.49977e-04
4.86484e+04	1.17989e+09	9.82516e-01	1.33987e+00	-2.83834e-03
1.26995e+04	1.17990e+09	5.49397e-01	4.19549e+00	-7.46034e-04
1.39358e+05	1.18004e+09	3.54597e-01	5.61346e+00	1.38891e-03
4.93008e+04	1.18009e+09	2.53931e+00	1.51662e+00	-6.59700e-03
1.01574e+05	1.18019e+09	9.69311e-01	2.51165e+00	2.89565e-03
1.06585e+04	1.18020e+09	1.20371e-01	5.47966e+00	-2.99843e-03
2.40873e+04	1.18023e+09	1.18841e+00	3.07415e+00	-2.46265e-03
1.34770e+04	1.18024e+09	9.55448e-01	3.98629e-01	3.18108e-03
3.67616e+04	1.18028e+09	7.50269e-01	2.14444e+00	-6.01130e-03
1.87836e+04	1.18030e+09	1.04450e+00	5.41676e+00	-3.91537e-03
1.35364e+04	1.18031e+09	2.58325e+00	4.79843e+00	9.02058e-03
4.22107e+04	1.18035e+09	1.58593e+00	2.13934e+00	-3.29672e-03
5.83412e+04	1.18041e+09	6.31919e-01	3.04628e+00	9.04870e-03
1.93971e+04	1.18043e+09	7.17167e-01	6.11174e+00	3.53397e-03
1.55025e+04	1.18045e+09	2.01091e-01	2.81103e+00	5.49039e-03
8.48083e+04	1.18053e+09	1.00584e+00	3.24417e+00	8.90097e-03
4.62000e+04	1.18058e+09	6.95974e-01	4.59533e+00	6.71640e-03
1.11417e+04	1.18059e+09	1.08149e+00	4.78539e+00	8.17111e-03
4.03204e+04	1.18063e+09	1.21437e+00	5.13612e+00	5.67073e-03
1.37349e+04	1.18064e+09	3.98532e+00	1.62376e+00	8.22942e-03
1.19842e+04	1.18065e+09	1.87405e+00	5.35467e-01	-8.23824e-03
9.93477e+04	1.18075e+09	4.10615e-01	5.00278e+00	-4.43807e-03
1.04881e+04	1.18076e+09	1.52262e+00	3.58047e+00	-8.63680e-03
3.86687e+04	1.18080e+09	1.37058e+00	6.13235e+00	3.42074e-03
1.06238e+04	1.18081e+09	1.22287e+00	3.06275e+00	9.76480e-03
1.04086e+04	1.18082e+09	6.10211e-01	6.18518e+00	-3.56302e-03
1.23115e+04	1.18084e+09	7.30353e-01	3.67293e-01	1.37862e-03
1.46398e+04	1.18085e+09	1.35070e+00	3.79553e+00	-9.80686e-03
1.24174e+05	1.18098e+09	1.60310e+00	9.89946e-01	-9.54746e-03
1.03499e+04	1.18099e+09	2.63771e+00	1.72183e+00	-7.54427e-03
3.18755e+04	1.18102e+09	1.26510e+00	1.50081e+00	1.84593e-03
9.03029e+04	1.18111e+09	1.65582e+00	1.37453e+00	-1.40840e-03
7.55441e+04	1.18118e+09	3.49378e-01	2.55893e+00	-9.46776e-03
8.28841e+04	1.18127e+09	5.01619e-02	1.04864e+00	6.55220e-03
1.92967e+04	1.18129e+09	6.97436e-01	1.40661e+00	-3.36813e-03
1.01148e+04	1.18130e+09	9.77534e-01	3.91586e+00	-1.30001e-03
2.24298e+04	1.18132e+09	3.24285e+00	1.15332e+00	-4.57938e-03
1.73068e+04	1.18134e+09	1.46212e+00	4.39712e-02	-4.01424e-03
2.65121e+04	1.18136e+09	3.81554e-01	1.80514e+00	-5.12149e-03
5.15350e+04	1.18141e+09	1.81978e+00	4.88862e+00	-6.26247e-03
5.20277e+04	1.18147e+09	1.42025e+00	5.09633e+00	-1.92188e-03
1.13053e+04	1.18148e+09	1.57853e+00	9.38184e-01	4.42599e-04
1.24283e+04	1.18149e+09	3.56081e+00	1.77496e+00	-4.65166e-03
3.78674e+04	1.18153e+09	1.66363e+00	6.03013e+00	1.40398e-04
5.93961e+04	1.18159e+09	1.18308e+00	5.51470e+00	-2.02725e-03
2.63951e+05	1.18185e+09	1.62272e+00	3.88344e-01	-2.95328e-03
1.15093e+04	1.18186e+09	2.36300e+00	5.94804e+00	-3.89502e-03
1.19332e+04	1.18187e+09	2.44368e+00	8.16348e-01	5.36632e-03
2.18781e+04	1.18190e+09	7.25355e-01	4.48756e+00	6.94840e-03
1.10703e+06	1.18300e+09	1.38752e+00	4.20796e+00	9.76510e-03
9.86953e+04	1.18310e+09	1.63016e+00	5.43797e-01	-3.20460e-03
2.14594e+04	1.18312e+09	2.38329e+00	3.43839e+00	-2.05117e-04
2.65833e+05	1.18339e+09	6.13439e-01	2.46403e+00	2.02958e-03
3.70230e+04	1.18343e+09	1.51139e+00	1.19319e+00	-3.86134e-03
4.08226e+04	1.18347e+09	8.81136e-01	5.83247e+00	2.81403e-04
2.05686e+04	1.18349e+09	1.22169e+00	3.88140e+00	7.06917e-03
4.38145e+04	1.18353e+09	7.51584e-01	1.93370e+00	2.19364e-03
1.72339e+04	1.18355e+09	3.72772e+00	4.21575e+00	-2.89754e-03
1.07720e+04	1.18356e+09	6.79291e-01	3.88664e+00	-4.16320e-03
4.36110e+04	1.18360e+09	3.38002e-01	3.01192e+00	1.37691e-03
1.14790e+04	1.18361e+09	1.10222e+00	5.31633e+00	2.67560e-03
4.53815e+04	1.18366e+09	3.18451e-01	4.57617e-01	-1.71168e-03
1.01972e+06	1.18468e+09	2.66557e+00	1.36425e+00	2.14396e-03
3.54646e+04	1.18471e+09	2.01255e+00	3.37846e-01	6.06793e-03
2.85493e+04	1.18474e+09	4.27984e+00	4.15515e+00	-2.13200e-04
1.16656e+04	1.18475e+09	1.77501e+00	4.08018e+00	7.23001e-03
2.57193e+04	1.18478e+09	1.33860e+00	2.19208e-02	-8.42642e-03
1.03076e+04	1.18479e+09	3.20374e+00	9.13038e-01	7.88070e-03
1.59548e+05	1.18495e+09	6.17817e-01	3.81820e-01	1.11901e-03
1.40515e+04	1.18496e+09	5.30878e-01	5.68660e+00	-5.97256e-03
3.00636e+04	1.18499e+09	2.33778e+00	3.47132e+00	3.51947e-04
1.25786e+04	1.18501e+09	4.50428e-01	5.79611e+00	6.40277e-03
1.80427e+04	1.18502e+09	2.03253e+00	7.36119e-02	-7.11317e-03
1.62125e+04	1.18504e+09	9.67026e-01	4.27450e+00	5.28557e-03
1.41045e+04	1.18506e+09	4.40607e-01	3.82697e+00	-3.96582e-03
6.89160e+05	1.18574e+09	4.85507e-01	3.08753e+00	-1.61532e-03
3.90577e+04	1.18578e+09	1.50369e+00	4.43863e+00	-2.62386e-03
2.07325e+05	1.18599e+09	8.83335e-01	1.48692e+00	-8.47610e-03
2.27205e+04	1.18601e+09	1.99210e+00	4.85275e+00	-9.64102e-03
1.21751e+04	1.18603e+09	2.28608e+00	4.71606e+00	5.51585e-03
1.14231e+04	1.18604e+09	6.87448e-01	3.39188e+00	5.71385e-03
1.00235e+04	1.18605e+09	3.71251e+00	5.91656e+00	4.94669e-03
1.55585e+04	1.18606e+09	2.26940e+00	5.90610e+00	4.80061e-03
8.55140e+04	1.18615e+09	1.41982e+00	4.12961e+00	7.61332e-03
1.44540e+04	1.18616e+09	1.35478e+00	2.11719e+00	1.48143e-03
9.66378e+04	1.18626e+09	9.82379e-01	3.11909e+00	8.93174e-03
4.85978e+04	1.18631e+09	1.18594e+00	3.14933e+00	9.58342e-03
3.51408e+04	1.18634e+09	1.30856e+00	2.45254e-01	-2.08368e-03
1.65048e+04	1.18636e+09	7.49033e-01	5.49808e+00	-6.27683e-03
1.02565e+04	1.18637e+09	3.64897e+00	4.84483e+00	3.77958e-03
1.33377e+04	1.18638e+09	1.76433e+00	2.98177e+00	-5.53353e-03
2.54572e+04	1.18641e+09	1.51637e+00	3.31653e+00	-8.75164e-03
7.39837e+04	1.18648e+09	5.49894e-01	3.38877e+00	6.53014e-03
2.36340e+04	1.18651e+09	1.90783e+00	1.02710e+00	-8.34815e-03
1.92409e+04	1.18653e+09	3.90902e-01	5.43365e+00	-7.67388e-03
1.53018e+04	1.18654e+09	1.23133e+00	3.33512e+00	8.52259e-03
1.02177e+04	1.18655e+09	2.10818e+00	3.56460e+00	7.94983e-03
4.57066e+04	1.18660e+09	2.07467e+00	2.47711e+00	6.83161e-03
3.65589e+04	1.18663e+09	1.67457e+00	4.37981e+00	7.17929e-03
1.28950e+04	1.18665e+09	7.84351e-01	2.33206e+00	1.58017e-03
4.03297e+04	1.18669e+09	1.22071e+00	1.43638e-01	4.74803e-03
2.43846e+04	1.18671e+09	1.43879e+00	1.47662e+00	-8.76900e-03
2.38926e+04	1.18673e+09	1.72775e+00	1.87120e+00	-5.52970e-03
1.36670e+04	1.18675e+09	6.89264e-01	1.59888e+00	1.41883e-03
9.64198e+04	1.18684e+09	4.02118e+00	9.31266e-01	-5.92682e-03
2.28714e+04	1.18687e+09	3.77098e+00	5.63645e+00	2.48094e-03
1.44556e+04	1.18688e+09	3.87263e+00	1.83352e+00	4.05721e-03
2.54587e+04	1.18691e+09	1.31017e+00	1.00663e+00	7.79072e-03
1.67208e+04	1.18692e+09	1.23177e+00	2.22839e+00	-1.27164e-03
1.20845e+04	1.18694e+09	1.35559e+00	5.46789e+00	-9.89214e-03
1.66855e+05	1.18710e+09	1.99607e+00	5.04030e+00	7.83670e-04
1.10527e+04	1.18711e+09	1.02671e+00	5.53341e+00	5.55400e-03
1.14548e+05	1.18723e+09	9.67147e-01	6.05914e+00	2.02497e-04
3.40344e+04	1.18726e+09	4.46373e+00	5.27265e+00	9.59897e-04
2.40040e+04	1.18729e+09	6.69121e-01	4.54385e+00	-9.70617e-03
1.73946e+04	1.18730e+09	2.23022e+00	6.21967e+00	3.20266e-03
1.08466e+04	1.18732e+09	3.34183e-01	2.62506e+00	2.75104e-03
5.59574e+04	1.18737e+09	8.72674e-01	1.85015e+00	3.90429e-03
1.98217e+05	1.18757e+09	1.57258e+00	5.65651e+00	-7.59666e-03
4.34987e+04	1.18761e+09	2.96948e+00	4.71901e+00	5.52637e-03
1.05609e+04	1.18762e+09	3.00214e+00	1.91774e+00	4.86041e-04
1.83771e+04	1.18764e+09	2.22504e+00	5.81586e+00	-5.95017e-03
1.64909e+04	1.18766e+09	5.50747e-01	2.83604e+00	4.30056e-03
1.03495e+04	1.18767e+09	1.96200e+00	4.10922e+00	-9.23989e-03
2.15842e+04	1.18769e+09	3.74205e-01	4.51858e+00	-1.88467e-03
1.26179e+04	1.18770e+09	3.06140e-01	1.42832e-01	-7.84155e-03
3.48747e+04	1.18774e+09	2.87743e-02	3.66281e+00	6.66424e-03
7.92329e+04	1.18782e+09	2.08117e+00	2.61036e-01	-8.58831e-03
5.12777e+04	1.18787e+09	1.61495e+00	4.99378e-01	-7.47895e-04
1.43319e+04	1.18788e+09	2.03154e+00	2.74022e+00	7.04324e-03
3.02270e+04	1.18791e+09	8.58013e-01	6.24220e+00	1.65935e-03
3.76476e+05	1.18829e+09	2.92883e+00	5.16393e+00	9.80615e-03
1.42325e+04	1.18830e+09	1.10607e+00	4.61973e+00	-4.48239e-03
4.92832e+04	1.18835e+09	1.79666e+00	1.04723e+00	-8.59152e-03
7.90614e+04	1.18843e+09	1.24535e+00	6.16197e+00	-6.87275e-03
3.60538e+04	1.18847e+09	2.82562e+00	5.36691e+00	9.65184e-03
1.56192e+04	1.18848e+09	3.95581e-01	4.65884e+00	7.86067e-04
1.14393e+04	1.18849e+09	6.36841e-01	3.04264e+00	5.56321e-03
1.06939e+04	1.18851e+09	1.06074e+00	3.73576e-01	-8.51875e-03
1.00995e+04	1.18852e+09	2.01904e+00	6.04773e+00	-7.19104e-03
1.57120e+04	1.18853e+09	9.50433e-01	5.84399e+00	6.24821e-03
1.02205e+04	1.18854e+09	5.13443e-01	1.31430e+00	5.43526e-03
1.92811e+05	1.18873e+09	1.26438e+00	2.70659e+00	4.20417e-03
3.86803e+04	1.18877e+09	1.99463e+00	3.24509e+00	-8.35103e-03
3.96926e+04	1.18881e+09	1.87003e+00	2.22359e+00	4.34781e-03
2.09470e+04	1.18883e+09	1.10347e+00	1.30536e+00	-5.46988e-03
3.27475e+04	1.18887e+09	2.68687e+00	3.91018e+00	5.08672e-03
1.09795e+04	1.18888e+09	3.78519e+00	4.11587e+00	-8.51484e-03
1.40094e+04	1.18889e+09	1.81478e+00	5.36571e+00	-1.71345e-03
1.24314e+04	1.18890e+09	1.26251e+00	2.51284e-01	4.37297e-03
3.68151e+05	1.18927e+09	1.21993e+00	2.13714e+00	-1.19014e-03
1.58345e+04	1.18929e+09	4.94864e-01	2.29047e+00	3.38330e-03
3.38392e+04	1.18932e+09	3.50749e-01	2.91275e+00	7.71898e-03
1.42672e+04	1.18934e+09	1.19650e+00	1.23435e+00	3.40285e-03
3.23576e+04	1.18937e+09	1.29237e+00	3.75911e+00	4.87727e-03
3.59989e+04	1.18940e+09	2.08949e-01	4.37556e+00	7.15348e-03
5.83152e+04	1.18946e+09	4.07875e+00	6.28296e+00	-1.31358e-03
7.80881e+05	1.19024e+09	1.31534e+00	4.25667e+00	-7.69352e-04
3.28755e+04	1.19028e+09	4.33225e-02	1.29506e+00	-2.29626e-03
1.19958e+04	1.19029e+09	7.35645e-01	4.49191e-01	8.27987e-03
3.84837e+04	1.19033e+09	1.58810e+00	5.87702e+00	9.83678e-03
1.68933e+04	1.19034e+09	9.79749e-01	4.67258e+00	7.35933e-03
1.01799e+04	1.19035e+09	2.56623e+00	4.54213e+00	2.34787e-03
1.18327e+04	1.19037e+09	1.14508e+00	1.35140e-01	3.20078e-03
1.23227e+06	1.19160e+09	1.56770e+00	6.77960e-01	-4.18833e-03
3.35989e+04	1.19163e+09	2.63337e+00	5.60043e-01	3.11376e-03
1.45687e+04	1.19165e+09	1.99073e+00	1.18145e+00	4.32903e-04
2.26476e+04	1.19167e+09	5.35522e-01	5.57332e+00	-1.13434e-03
1.42487e+04	1.19168e+09	2.30558e-01	1.84880e+00	6.30995e-03
1.25696e+04	1.19170e+09	4.40475e-01	5.82251e+00	-4.75197e-03
1.65530e+04	1.19171e+09	3.85840e+00	1.84441e+00	-9.05698e-03
4.41843e+04	1.19176e+09	3.29432e+00	3.11926e+00	3.46834e-03
1.65360e+05	1.19192e+09	2.07212e+00	4.54183e+00	-3.96871e-04
1.24966e+04	1.19193e+09	1.20252e+00	3.72731e+00	2.70454e-03
1.08390e+04	1.19195e+09	2.46054e+00	4.41316e+00	-7.69259e-03
3.41720e+05	1.19229e+09	3.21985e+00	1.77907e+00	-2.18594e-04
1.53868e+04	1.19230e+09	1.65428e+00	4.14114e+00	-4.58522e-03
2.83559e+04	1.19233e+09	1.09098e-01	4.88578e+00	4.09661e-03
3.44477e+04	1.19237e+09	6.54631e-01	5.49278e+00	-9.43616e-03
9.92212e+04	1.19246e+09	2.48454e+00	2.86872e+00	8.78695e-03
1.67325e+04	1.19248e+09	1.93033e+00	1.15766e+00	-6.48241e-04
1.80405e+04	1.19250e+09	2.45299e+00	4.07168e+00	6.31687e-03
3.98338e+04	1.19254e+09	2.97136e-01	2.29389e+00	-5.07457e-03
4.40017e+04	1.19258e+09	1.87408e+00	3.25072e+00	8.49660e-03
1.03838e+04	1.19259e+09	2.04676e+00	1.71943e+00	-3.58896e-03
5.05644e+04	1.19264e+09	4.21591e+00	1.86971e+00	8.93796e-03
2.11211e+04	1.19266e+09	2.24569e+00	6.21648e+00	-3.46141e-03
2.90023e+05	1.19295e+09	2.07041e+00	1.55483e+00	-4.97041e-03
1.86150e+04	1.19297e+09	3.81190e+00	3.62132e-01	-1.73001e-03
3.57857e+04	1.19301e+09	1.30181e+00	3.35203e+00	8.42965e-03
3.64105e+04	1.19305e+09	1.16291e+00	2.68605e+00	9.22596e-03
4.97009e+05	1.19354e+09	2.04451e+00	7.97998e-01	1.11398e-03
1.36917e+04	1.19356e+09	7.54385e-01	3.67509e+00	-9.17397e-03
4.30437e+04	1.19360e+09	2.88246e+00	1.71857e+00	9.04189e-03
1.99059e+04	1.19362e+09	4.64028e-01	9.71617e-01	-5.76805e-03
1.36971e+04	1.19363e+09	1.01125e+00	3.30272e+00	-5.59390e-03
2.61691e+04	1.19366e+09	3.21969e-01	1.10322e+00	-5.25485e-03
1.22921e+04	1.19367e+09	8.72486e-01	2.91822e-01	3.15715e-03
2.41083e+04	1.19370e+09	4.27843e+00	6.24502e+00	-7.65964e-03
2.09971e+04	1.19372e+09	1.04719e+00	1.93067e+00	9.39278e-03
2.52407e+04	1.19374e+09	7.06443e-01	1.50922e+00	-3.64534e-03
1.12111e+04	1.19375e+09	1.21958e+00	5.84765e+00	-4.86296e-03
8.94219e+05	1.19465e+09	1.15354e+00	2.66998e+00	-8.92065e-03
1.44134e+05	1.19479e+09	1.40223e-01	6.33193e-01	7.92168e-03
1.76952e+04	1.19481e+09	1.28180e+00	3.34873e+00	-4.46447e-03
5.56951e+04	1.19486e+09	5.12521e-01	5.25862e+00	5.61427e-03
1.93991e+04	1.19488e+09	1.19850e+00	5.69162e+00	-5.74939e-04
5.36632e+05	1.19542e+09	8.67488e-01	5.57908e-01	3.48459e-03
2.93839e+04	1.19545e+09	1.98164e+00	2.10171e+00	6.78993e-03
1.65492e+04	1.19547e+09	1.25752e+00	7.80233e-01	-1.07554e-03
1.43174e+04	1.19548e+09	2.12459e+00	1.87823e+00	8.98541e-03
3.25237e+04	1.19551e+09	3.82205e-01	2.00078e+00	2.77613e-04
6.19835e+05	1.19613e+09	2.98612e-01	1.57513e+00	8.47670e-03
4.86969e+04	1.19618e+09	1.90556e+00	2.49109e+00	-7.80554e-03
1.01070e+04	1.19619e+09	8.82959e-01	2.08330e+00	2.13095e-03
1.26152e+04	1.19620e+09	1.87489e+00	2.99054e+00	-8.20636e-03
3.91317e+04	1.19624e+09	1.16688e+00	6.17576e-01	-5.53247e-03
2.41464e+04	1.19627e+09	1.46408e+00	3.68413e+00	7.33680e-03
1.75896e+04	1.19629e+09	2.00324e+00	2.84515e+00	-5.19003e-03
5.82956e+04	1.19634e+09	1.08297e+00	5.39102e+00	5.21407e-03
3.83774e+04	1.19638e+09	6.19798e-01	1.66746e+00	-1.43850e-03
4.32318e+04	1.19643e+09	5.67633e-01	3.77493e+00	6.04505e-03
3.44095e+04	1.19646e+09	1.88612e+00	5.05320e+00	-4.66776e-03
1.12157e+04	1.19647e+09	6.08328e-01	4.45327e+00	3.96732e-04
1.35023e+04	1.19648e+09	2.35440e+00	1.63883e+00	-9.87212e-03
2.13421e+05	1.19670e+09	1.47423e+00	4.44654e+00	6.82950e-03
1.32128e+04	1.19671e+09	1.66274e+00	3.32696e+00	-9.89734e-03
1.69299e+05	1.19688e+09	1.28854e+00	4.87242e+00	-5.70762e-03
6.37679e+04	1.19694e+09	1.80438e+00	6.18452e+00	8.75261e-03
1.12671e+04	1.19696e+09	2.68203e+00	4.36461e+00	6.31874e-03
8.91601e+04	1.19704e+09	2.52534e+00	3.61455e-02	8.85275e-03
2.19492e+06	1.19924e+09	1.06885e+00	3.82575e+00	-8.08285e-03
6.65789e+05	1.19991e+09	2.14941e+00	5.41470e+00	5.71305e-03
1.08953e+04	1.19992e+09	3.12330e+00	5.71504e+00	6.58774e-03
2.12882e+04	1.19994e+09	1.55674e+00	2.26495e+00	7.19233e-03
6.45335e+04	1.20000e+09	1.40071e+00	2.18400e+00	9.49572e-03
1.14200e+04	1.20001e+09	1.97693e+00	5.19965e+00	-8.59821e-03
2.34341e+04	1.20004e+09	5.64328e-01	5.67649e+00	-1.00246e-03
2.14574e+04	1.20006e+09	2.13398e+00	3.66196e+00	-1.20179e-03
2.52568e+04	1.20008e+09	5.33675e-01	2.03001e+00	-7.05467e-03
1.32667e+04	1.20010e+09	2.70589e+00	4.70935e+00	-4.91551e-03
1.01826e+04	1.20011e+09	2.50397e+00	3.86977e+00	-3.03182e-03
3.21796e+04	1.20014e+09	7.09166e-01	2.92426e+00	2.19630e-03
6.20313e+04	1.20020e+09	8.82632e-01	4.63493e+00	9.20889e-03
4.91090e+04	1.20025e+09	1.24124e+00	3.02353e+00	-9.34147e-03
5.40946e+04	1.20030e+09	3.61057e+00	3.09842e+00	-5.84068e-03
1.45532e+04	1.20032e+09	4.06143e-01	2.15893e+00	-6.88967e-03
1.07595e+04	1.20033e+09	2.20562e+00	4.30589e+00	-4.54146e-03
2.73390e+04	1.20036e+09	1.27738e+00	4.28202e+00	6.65326e-03
3.00427e+04	1.20039e+09	2.01108e+00	4.23177e+00	-1.31419e-03
3.66386e+04	1.20042e+09	2.51342e+00	2.60965e-01	-7.78318e-03
5.96623e+04	1.20048e+09	1.58558e+00	3.92259e+00	-2.75100e-03
7.47493e+04	1.20056e+09	1.28086e-01	1.57287e+00	4.43157e-03
1.32566e+04	1.20057e+09	2.04934e+00	1.99538e+00	-5.66364e-03
2.85784e+04	1.20060e+09	2.53501e+00	4.89261e+00	-7.69607e-03
1.04338e+04	1.20061e+09	6.51132e-01	1.29422e+00	5.21611e-03
3.41863e+05	1.20095e+09	1.91985e+00	7.09455e-01	5.17227e-03
1.46763e+04	1.20097e+09	5.24494e-01	4.59226e+00	9.76412e-03
4.94610e+04	1.20102e+09	1.70097e+00	2.71032e+00	-7.77451e-04
1.68034e+04	1.20103e+09	1.00623e+00	1.91388e+00	1.68903e-03
1.00918e+04	1.20104e+09	4.42489e-01	2.84156e+00	7.56163e-03
3.08965e+04	1.20107e+09	1.72283e+00	4.23618e+00	3.32997e-03
1.15366e+04	1.20109e+09	3.62202e+00	1.05300e+00	-5.58989e-03
1.73783e+04	1.20110e+09	2.22693e+00	4.48949e+00	-7.47069e-03
1.73747e+04	1.20112e+09	5.82932e-01	2.61621e+00	9.07965e-03
1.11112e+04	1.20113e+09	2.30733e+00	3.63827e+00	2.11068e-03
2.18809e+04	1.20115e+09	3.00630e+00	2.47135e+00	-3.44402e-04
3.10546e+04	1.20118e+09	2.03943e+00	5.06618e+00	-5.81762e-03
2.20670e+04	1.20121e+09	9.16701e-01	1.44819e+00	-9.05209e-03
3.45054e+04	1.20124e+09	2.44929e+00	1.22789e+00	5.08396e-03
1.68969e+04	1.20126e+09	2.14159e+00	2.11121e+00	9.79836e-03
2.22611e+04	1.20128e+09	9.10040e-01	3.76746e+00	-1.66541e-03
1.96915e+04	1.20130e+09	1.27432e+00	5.97500e+00	-3.96151e-03
3.45093e+05	1.20165e+09	3.81031e-01	2.67334e+00	1.26584e-03
1.05853e+04	1.20166e+09	6.38846e-01	1.35400e+00	1.81112e-03
1.24128e+04	1.20167e+09	1.22516e+00	1.60958e+00	-8.14541e-03
1.23000e+04	1.20168e+09	3.53532e+00	4.00872e+00	-4.55978e-03
1.39324e+04	1.20169e+09	4.22866e+00	4.46637e-01	-5.42447e-03
2.72421e+05	1.20197e+09	5.90556e-01	5.53826e+00	3.05686e-03
2.91768e+04	1.20200e+09	8.59212e-01	1.57431e-01	4.50437e-03
5.19478e+04	1.20205e+09	1.86439e+00	4.79837e+00	-8.94865e-03
1.56333e+04	1.20206e+09	1.39546e+00	2.39841e+00	-7.75588e-03
1.52214e+04	1.20208e+09	1.59570e+00	2.15058e+00	-4.75395e-03
3.26759e+04	1.20211e+09	6.51117e-01	8.06811e-01	7.13581e-03
1.85095e+05	1.20230e+09	2.36189e+00	2.55867e+00	2.68483e-03
2.25551e+05	1.20252e+09	5.51350e-01	2.73459e+00	5.03111e-03
1.52377e+04	1.20254e+09	7.89237e-01	8.04344e-01	-6.63634e-03
2.70701e+04	1.20256e+09	7.57772e-01	4.54827e+00	8.61511e-03
1.07462e+04	1.20258e+09	1.43046e+00	3.10260e+00	-9.40361e-03
1.75511e+04	1.20259e+09	7.79236e-01	5.25819e+00	9.68933e-03
2.20164e+04	1.20262e+09	1.60083e+00	7.75688e-01	-6.04224e-03
1.71176e+04	1.20263e+09	2.40257e+00	1.81575e+00	-8.01025e-03
1.02254e+04	1.20264e+09	5.42948e-01	5.06003e+00	6.98575e-03
1.93777e+04	1.20266e+09	9.92475e-01	2.29399e-01	6.57214e-03
1.00766e+04	1.20267e+09	2.15106e+00	3.91230e+00	9.61507e-03
1.08221e+04	1.20268e+09	2.92846e+00	1.19969e+00	-7.04677e-04
2.20551e+04	1.20270e+09	1.71826e+00	2.16400e+00	-5.15274e-03
3.80495e+04	1.20274e+09	3.53791e+00	3.61157e+00	-6.13137e-03
2.12301e+04	1.20276e+09	1.83611e-01	3.35170e+00	-7.75281e-03
2.41200e+05	1.20301e+09	4.95988e-01	3.63158e+00	-4.76616e-03
6.76699e+04	1.20307e+09	1.36184e+00	2.88476e+00	4.87043e-03
1.54070e+05	1.20323e+09	1.37135e+00	9.61798e-01	-7.93010e-03
1.16658e+04	1.20324e+09	2.09519e+00	3.50603e-01	-3.90004e-03
1.04290e+04	1.20325e+09	1.42709e+00	3.05876e-01	-9.86932e-03
1.57204e+05	1.20341e+09	1.16668e+00	6.27763e+00	-3.03120e-03
4.23734e+05	1.20383e+09	1.29186e+00	2.22364e+00	6.86883e-03
2.11617e+04	1.20385e+09	1.79462e+00	3.17409e+00	9.82049e-03
1.17866e+04	1.20386e+09	9.84316e-01	5.15668e+00	-6.08143e-03
1.80771e+04	1.20388e+09	8.51342e-01	5.65840e-01	-1.18412e-04
1.19365e+04	1.20389e+09	1.86684e+00	2.96167e+00	5.43274e-03
2.25304e+04	1.20392e+09	1.33453e+00	6.15992e+00	-2.35736e-03
7.17939e+04	1.20399e+09	8.86274e-01	2.59688e+00	5.01150e-03
3.57929e+04	1.20402e+09	1.71586e+00	5.50770e+00	4.30394e-03
1.25481e+04	1.20404e+09	8.79707e-01	6.11120e+00	-4.77675e-03
1.46686e+04	1.20405e+09	3.26852e+00	5.41170e-01	6.75603e-04
1.08711e+04	1.20406e+09	1.28659e+00	3.61841e+00	6.64040e-03
3.18831e+04	1.20409e+09	2.84567e+00	3.89892e+00	-8.83516e-03
9.70892e+04	1.20419e+09	3.73332e+00	1.96683e+00	-7.41915e-03
1.01869e+04	1.20420e+09	6.95959e-01	1.01339e-01	8.43220e-03
1.58634e+04	1.20422e+09	1.49168e+00	3.39769e+00	-6.44712e-03
3.79182e+04	1.20425e+09	1.07492e+00	7.18308e-01	-7.87884e-03
2.23790e+04	1.20428e+09	1.20418e+00	5.27677e+00	-2.75932e-03
2.87017e+04	1.20431e+09	2.02262e+00	2.37269e+00	-7.50745e-03
1.17307e+04	1.20432e+09	2.10177e+00	5.22490e+00	-3.95240e-03
1.64330e+04	1.20433e+09	2.17769e+00	3.16067e-01	4.94765e-03
2.71179e+05	1.20460e+09	2.53473e+00	5.06698e-01	-4.94489e-03
5.34022e+04	1.20466e+09	6.40038e-01	5.80228e+00	2.25291e-03
1.90631e+04	1.20468e+09	2.84685e+00	3.60977e+00	-6.09787e-03
1.74980e+04	1.20469e+09	1.01316e+00	1.49286e+00	-2.43997e-03
1.38771e+04	1.20471e+09	1.26415e+00	8.73537e-01	3.26077e-03
1.28995e+04	1.20472e+09	3.88320e-01	2.49042e+00	8.70286e-03
1.32451e+04	1.20473e+09	1.85394e+00	2.93416e+00	-3.03173e-03
7.15674e+04	1.20481e+09	1.88305e+00	5.74081e-01	4.15113e-03
1.05125e+04	1.20482e+09	1.16286e-01	6.19615e+00	6.33761e-03
3.57663e+04	1.20485e+09	3.86127e+00	3.10947e+00	9.76026e-03
1.13197e+04	1.20486e+09	1.12164e+00	1.67435e+00	2.40161e-04
3.20337e+04	1.20490e+09	1.82318e+00	4.49677e-01	2.46753e-03
3.73820e+04	1.20493e+09	1.30221e+00	3.46981e+00	-6.04552e-03
2.06989e+04	1.20495e+09	3.69997e+00	4.08112e+00	9.16708e-03
1.25025e+04	1.20497e+09	9.09503e-01	4.28111e+00	-1.63048e-03
1.76496e+04	1.20498e+09	3.39056e+00	4.08283e+00	1.90784e-03
4.40710e+04	1.20503e+09	1.71060e+00	6.88748e-01	9.62467e-03
1.01092e+04	1.20504e+09	1.14147e+00	1.43420e+00	6.11826e-03
2.33251e+04	1.20506e+09	1.00161e+00	3.76488e+00	-3.46069e-03
6.08964e+04	1.20512e+09	3.80662e+00	3.88533e+00	7.65791e-03
1.05522e+04	1.20513e+09	4.97456e-01	1.38152e+00	-7.63840e-03
6.21186e+04	1.20520e+09	1.01375e+00	3.73027e+00	-7.45484e-04
2.02534e+04	1.20522e+09	1.13429e+00	2.82603e+00	-1.64645e-03
1.54043e+04	1.20523e+09	1.98060e+00	1.95240e+00	-9.03707e-03
1.77666e+04	1.20525e+09	8.69554e-01	4.95844e+00	-2.12046e-03
1.56972e+04	1.20526e+09	1.36798e+00	2.28923e+00	4.11073e-03
1.35294e+04	1.20528e+09	1.93465e+00	1.67972e+00	-4.43359e-03
3.34268e+04	1.20531e+09	2.05167e+00	3.16875e+00	1.10624e-03
4.00284e+04	1.20535e+09	2.53733e+00	3.54910e+00	-1.89413e-04
3.34014e+04	1.20538e+09	5.98957e-01	4.91458e-02	4.52469e-04
1.68647e+04	1.20540e+09	1.35132e+00	5.03216e+00	-6.20865e-03
1.43163e+04	1.20542e+09	1.52839e+00	5.86733e+00	8.59119e-03
1.23606e+04	1.20543e+09	2.57455e-01	3.29687e+00	-3.20746e-03
1.67109e+04	1.20544e+09	1.74620e+00	5.78361e+00	1.81885e-03
1.85401e+05	1.20563e+09	1.26596e+00	9.37789e-01	-7.41989e-03
2.44363e+04	1.20565e+09	2.86299e+00	1.39276e+00	5.69041e-03
2.68685e+04	1.20568e+09	4.02800e-01	1.99401e+00	-5.67020e-03
1.14219e+04	1.20569e+09	4.03729e+00	4.12861e+00	9.79873e-03
1.00964e+04	1.20570e+09	2.79949e+00	1.26993e+00	-8.81263e-03
1.18439e+04	1.20571e+09	3.61071e+00	9.66914e-02	-2.84995e-03
3.01781e+04	1.20575e+09	1.37186e+00	1.74294e+00	-2.54214e-03
4.49823e+04	1.20579e+09	1.19803e-01	3.69352e+00	-2.83661e-03
1.45173e+04	1.20580e+09	1.44228e+00	4.62466e+00	-3.60909e-03
1.27173e+04	1.20582e+09	2.17636e+00	5.05808e+00	-9.63066e-03
2.72330e+04	1.20584e+09	9.37774e-01	8.48913e-01	3.45456e-03
1.05789e+04	1.20586e+09	1.23227e+00	9.92196e-02	9.65910e-04
1.00495e+04	1.20587e+09	1.48627e+00	6.31581e-01	-6.51861e-03
1.33489e+04	1.20588e+09	4.84827e-01	1.41472e+00	6.67452e-03
1.74589e+04	1.20590e+09	7.26829e-01	5.33028e+00	-3.84267e-03
3.72016e+04	1.20593e+09	1.10508e+00	2.96731e+00	-8.53763e-03
3.69490e+04	1.20597e+09	1.21555e-01	8.41679e-01	-9.88987e-03
4.48243e+04	1.20601e+09	1.68244e+00	1.78508e+00	5.05323e-03
4.58847e+05	1.20647e+09	1.66463e+00	5.99899e+00	-4.79401e-03
1.77519e+04	1.20649e+09	7.86786e-01	2.27581e+00	-9.09863e-03
2.14525e+05	1.20671e+09	2.45306e+00	1.44594e+00	1.19201e-03
3.08977e+04	1.20674e+09	2.76955e+00	4.35954e+00	-5.72410e-03
1.18591e+04	1.20675e+09	3.09651e+00	9.47037e-01	7.00074e-03
2.72900e+04	1.20678e+09	1.30782e+00	4.28446e+00	1.59302e-03
6.09987e+04	1.20684e+09	1.18904e+00	5.85168e+00	-6.41926e-03
1.22451e+05	1.20696e+09	1.98399e+00	5.43093e-01	9.57204e-04
8.42553e+04	1.20704e+09	2.03026e+00	5.64314e-01	-4.71258e-03
3.79390e+04	1.20708e+09	4.57498e-01	1.19871e+00	4.73068e-03
1.14008e+04	1.20709e+09	4.09873e-01	4.86774e+00	9.25844e-03
3.47136e+04	1.20713e+09	4.02480e-01	2.85667e+00	-7.87266e-03
2.20720e+04	1.20715e+09	9.78494e-01	2.77291e+00	-6.30910e-03
1.35270e+04	1.20716e+09	1.05471e+00	3.08841e+00	-1.79543e-03
3.98451e+04	1.20720e+09	1.48064e+00	2.68357e+00	-4.41686e-03
4.51130e+04	1.20725e+09	1.12363e+00	4.03624e+00	2.16844e-03
4.09618e+04	1.20729e+09	1.04340e+00	5.05139e-01	8.27283e-03
2.39667e+06	1.20969e+09	1.24613e+00	3.31810e+00	1.67884e-04
1.76158e+04	1.20970e+09	4.21814e-01	4.01086e+00	4.69327e-04
1.55933e+04	1.20972e+09	1.53980e+00	3.12882e+00	-7.67133e-03
1.61817e+04	1.20974e+09	4.06973e+00	2.84144e+00	-3.28227e-03
2.08396e+04	1.20976e+09	1.09429e+00	4.91344e+00	8.64119e-03
2.43155e+04	1.20978e+09	2.04261e-01	1.08702e+00	-2.03995e-05
2.50258e+05	1.21003e+09	1.68420e+00	5.76085e+00	4.46846e-03
1.12786e+04	1.21004e+09	7.65414e-01	5.19410e+00	6.87470e-03
1.91132e+04	1.21006e+09	3.42988e+00	2.98869e+00	-3.17788e-03
1.09744e+04	1.21007e+09	1.66493e+00	7.37980e-01	4.58124e-03
2.64700e+04	1.21010e+09	3.56468e-01	3.42393e+00	-5.50172e-03
1.86142e+04	1.21012e+09	1.86916e+00	5.73157e+00	-7.51273e-03
2.09563e+06	1.21221e+09	7.75175e-01	5.11416e+00	-9.16700e-03
7.20171e+04	1.21228e+09	8.89938e-01	6.05198e+00	-7.50284e-03
2.14008e+04	1.21231e+09	2.10918e+00	2.57603e+00	9.75153e-03
1.74994e+04	1.21232e+09	7.62247e-01	3.45819e+00	-9.63980e-04
1.45773e+05	1.21247e+09	3.80811e-01	2.37670e+00	5.51729e-03
1.72922e+04	1.21249e+09	2.56243e+00	6.47306e-02	2.13304e-03
1.65837e+04	1.21250e+09	2.76246e+00	5.81573e+00	2.07408e-03
1.37751e+04	1.21252e+09	1.43798e+00	3.53923e+00	-4.61168e-03
2.22105e+04	1.21254e+09	7.07212e-01	3.31078e+00	9.05058e-03
1.64027e+04	1.21256e+09	1.75907e+00	6.44188e-01	4.12189e-03
1.14323e+04	1.21257e+09	1.77336e+00	1.94048e+00	-3.85791e-03
5.11450e+04	1.21262e+09	1.61996e+00	2.71048e+00	-2.57344e-04
1.30132e+05	1.21275e+09	1.71239e+00	1.26313e+00	9.23693e-04
4.48831e+05	1.21320e+09	4.08072e-01	4.95299e+00	7.46246e-03
2.95219e+04	1.21323e+09	7.34156e-01	4.70047e+00	9.77934e-03
2.25709e+04	1.21325e+09	1.40812e+00	5.61226e+00	-4.30007e-03
6.23165e+04	1.21331e+09	3.40258e+00	1.28692e-01	-4.62293e-03
1.28006e+04	1.21332e+09	1.49165e+00	5.80603e+00	-2.74038e-03
1.56012e+05	1.21348e+09	9.07387e-01	3.24492e+00	2.44043e-03
1.58771e+04	1.21350e+09	1.18747e+00	1.99036e+00	8.90976e-03
1.09164e+04	1.21351e+09	3.39917e+00	4.85698e+00	5.68691e-03
2.90343e+04	1.21354e+09	7.36223e-02	5.16240e+00	6.55639e-03
2.75300e+04	1.21356e+09	2.07076e+00	3.92353e+00	-9.70742e-03
9.79935e+05	1.21454e+09	9.08287e-01	9.93781e-01	-2.98735e-03
1.04119e+04	1.21455e+09	1.36602e+00	1.44397e+00	6.56224e-03
1.31530e+04	1.21457e+09	3.96325e+00	1.95302e+00	-5.77310e-03
1.40384e+04	1.21458e+09	2.87348e+00	1.21500e+00	7.73875e-03
6.19485e+04	1.21464e+09	7.64770e-01	5.19356e+00	-2.83616e-03
1.59873e+05	1.21480e+09	1.33844e+00	6.06006e-01	-8.03070e-03
1.93134e+04	1.21482e+09	1.07276e+00	6.04968e+00	-9.41544e-03
1.91272e+04	1.21484e+09	3.09475e+00	5.67469e+00	5.17785e-05
1.33822e+04	1.21486e+09	1.50941e+00	3.40467e+00	-4.45265e-03
2.58623e+04	1.21488e+09	2.19863e+00	1.01755e+00	2.14626e-03
5.59452e+04	1.21494e+09	1.14309e+00	6.16964e+00	-7.23819e-04
2.37305e+06	1.21731e+09	1.31962e+00	5.43455e+00	2.87186e-04
1.69331e+04	1.21733e+09	1.32273e+00	2.65333e+00	9.78503e-03
1.80991e+04	1.21735e+09	9.60834e-01	3.73344e-01	-5.79101e-03
1.07242e+05	1.21745e+09	1.52673e+00	3.29074e+00	-7.58937e-03
1.90070e+04	1.21747e+09	1.75066e+00	1.35591e+00	-5.25342e-03
1.06261e+04	1.21748e+09	4.96404e-01	4.81605e+00	-2.60242e-03
1.36225e+04	1.21750e+09	1.56564e+00	4.21297e+00	-8.29305e-04
1.44946e+04	1.21751e+09	1.90163e-01	1.10411e+00	-5.38257e-03
1.01053e+04	1.21752e+09	1.21623e+00	3.65158e+00	9.19007e-03
2.41408e+04	1.21754e+09	1.19582e+00	1.59568e-01	8.47659e-03
4.61889e+05	1.21801e+09	1.95980e+00	1.28402e+00	-3.63872e-04
3.34399e+04	1.21804e+09	5.30668e-01	1.76345e+00	1.19874e-03
1.39782e+04	1.21805e+09	2.11457e+00	3.41012e+00	3.76925e-03
1.05332e+04	1.21806e+09	5.99989e-01	3.56725e+00	3.73499e-03
1.13337e+04	1.21808e+09	3.54911e+00	9.17464e-01	-2.83704e-03
1.28039e+04	1.21809e+09	1.38119e+00	5.47099e+00	-3.01949e-03
1.96119e+04	1.21811e+09	1.65898e+00	5.80197e+00	-9.71005e-03
1.48758e+04	1.21812e+09	3.09712e-01	2.31651e+00	-2.28835e-03
6.25703e+04	1.21819e+09	3.81209e+00	1.88629e+00	-7.13311e-03
1.04557e+04	1.21820e+09	2.75425e+00	4.71358e+00	-2.00557e-03
1.10049e+04	1.21821e+09	3.27722e+00	5.86755e+00	-3.82934e-03
1.03309e+04	1.21822e+09	4.24230e-01	1.02854e+00	-8.06656e-03
2.04980e+04	1.21824e+09	9.82089e-01	1.48915e+00	3.96814e-03
5.37794e+04	1.21829e+09	3.69899e+00	2.10241e+00	1.89148e-03
6.60246e+04	1.21836e+09	6.15185e-01	1.01297e-01	-4.94469e-03
2.41482e+04	1.21838e+09	1.56796e+00	1.18599e+00	-2.07568e-03
6.09463e+05	1.21899e+09	9.82143e-01	5.61536e+00	6.28801e-04
1.23005e+04	1.21900e+09	1.70853e+00	1.29939e+00	-8.49409e-03
2.27510e+04	1.21903e+09	3.28509e+00	1.39843e+00	-1.12447e-03
1.65330e+04	1.21904e+09	6.64780e-01	2.32162e+00	8.93272e-03
4.97939e+04	1.21909e+09	8.06107e-01	2.15658e+00	2.72251e-03
1.06724e+04	1.21910e+09	4.09363e+00	7.24047e-01	8.16048e-03
5.75132e+04	1.21916e+09	2.01507e+00	5.53918e+00	-1.43263e-03
1.87802e+04	1.21918e+09	3.21683e+00	2.97685e+00	-8.75650e-03
2.87064e+04	1.21921e+09	1.15175e+00	6.12466e+00	3.56080e-04
2.17498e+04	1.21923e+09	3.63550e+00	2.41384e+00	6.87440e-03
1.45005e+04	1.21924e+09	2.72346e+00	1.32346e+00	-1.97556e-03
1.14141e+04	1.21926e+09	2.82550e+00	9.47327e-01	7.38650e-03
1.87142e+04	1.21927e+09	1.29329e+00	4.29389e+00	3.00457e-04
4.48330e+04	1.21932e+09	4.05172e+00	3.04196e+00	-5.03413e-03
1.52097e+04	1.21933e+09	1.41538e+00	4.36024e+00	9.10560e-03
1.55492e+04	1.21935e+09	2.25201e+00	2.02518e+00	1.76960e-04
1.20741e+05	1.21947e+09	1.53093e+00	3.21823e+00	-5.65519e-03
1.16722e+04	1.21948e+09	1.46671e-01	8.41545e-01	-7.92388e-03
1.76077e+04	1.21950e+09	5.18371e-01	6.23606e+00	-9.11647e-03
2.12363e+04	1.21952e+09	2.56125e+00	3.55239e+00	-1.20841e-03
3.37165e+04	1.21956e+09	2.06344e+00	3.13702e+00	-6.17421e-03
1.99851e+05	1.21975e+09	1.15248e+00	6.23307e+00	-4.95283e-03
1.47070e+04	1.21977e+09	1.96810e+00	4.73045e+00	5.81045e-03
1.95713e+04	1.21979e+09	1.31443e+00	4.58164e+00	-5.57479e-03
1.09391e+04	1.21980e+09	8.26620e-01	4.04952e+00	9.72256e-03
4.05552e+04	1.21984e+09	4.48080e+00	5.65528e+00	-7.41072e-03
2.97020e+04	1.21987e+09	1.09866e+00	5.04520e+00	-7.71379e-04
1.60983e+04	1.21989e+09	6.10863e-01	3.31981e+00	-6.44515e-03
1.11655e+04	1.21990e+09	1.22749e+00	3.99404e+00	8.49011e-03
1.40825e+05	1.22004e+09	1.36950e+00	6.06357e+00	-7.74410e-03
4.20809e+04	1.22008e+09	1.24689e+00	5.29453e+00	-7.76360e-03
1.24806e+04	1.22009e+09	1.36552e+00	1.73828e+00	-8.44208e-03
8.18440e+04	1.22017e+09	1.69549e+00	1.64169e+00	6.12133e-03
2.87609e+05	1.22046e+09	4.34666e+00	6.57533e-01	-8.98356e-03
1.42677e+04	1.22048e+09	1.23801e+00	2.48606e+00	1.58296e-03
1.16923e+04	1.22049e+09	2.55152e+00	2.56702e-01	5.57813e-03
1.57672e+04	1.22050e+09	1.94262e+00	9.66848e-01	-9.48482e-03
2.12268e+04	1.22053e+09	2.01603e+00	2.17832e+00	6.02593e-03
3.59950e+04	1.22056e+09	1.74998e+00	9.29733e-01	7.22360e-03
1.01936e+04	1.22057e+09	2.76885e-01	5.48121e+00	7.04775e-04
8.23006e+04	1.22065e+09	1.25038e+00	1.12970e+00	3.55656e-03
1.64087e+04	1.22067e+09	9.40472e-01	5.99150e+00	-7.70478e-03
5.93901e+04	1.22073e+09	3.49746e+00	3.33895e+00	4.44730e-04
1.42942e+04	1.22074e+09	8.79948e-01	1.98877e+00	-7.08756e-03
7.50546e+04	1.22082e+09	1.61654e+00	5.38674e+00	-8.52808e-03
1.23679e+04	1.22083e+09	1.25759e+00	6.12174e+00	3.83034e-03
3.05312e+04	1.22086e+09	3.58951e+00	1.51223e+00	-9.70992e-03
1.26020e+05	1.22099e+09	4.66036e-01	4.72720e-01	5.51448e-03
2.00461e+05	1.22119e+09	2.99685e+00	4.31808e+00	9.28958e-03
2.10221e+04	1.22121e+09	6.42404e-01	5.09249e+00	8.64212e-03
1.03490e+04	1.22122e+09	1.15128e+00	5.48996e+00	-7.70956e-03
1.24198e+05	1.22134e+09	8.19827e-01	1.22775e+00	5.26928e-03
1.55307e+04	1.22136e+09	8.50664e-01	5.63755e+00	8.50914e-03
1.53671e+05	1.22151e+09	1.89941e+00	3.48201e+00	9.99511e-03
1.23102e+04	1.22153e+09	1.70797e+00	4.86365e+00	-1.02930e-04
1.30304e+04	1.22154e+09	1.88839e+00	2.76834e+00	-1.97813e-03
4.35258e+04	1.22158e+09	2.01371e+00	2.99015e+00	7.62126e-03
1.18323e+05	1.22170e+09	1.45568e+00	1.73241e-01	2.20025e-03
3.90433e+04	1.22174e+09	2.87520e+00	4.93500e+00	-4.66340e-03
2.97411e+04	1.22177e+09	6.23512e-01	5.12709e+00	-4.31483e-04
1.57707e+04	1.22178e+09	3.82651e-01	1.02595e+00	-2.96453e-03
1.46538e+04	1.22180e+09	1.43984e+00	4.28598e+00	4.08233e-03
2.46756e+04	1.22182e+09	1.39071e+00	3.29119e-01	-4.83583e-03
9.67989e+04	1.22192e+09	1.20841e+00	3.30320e+00	1.82864e-03
1.15162e+04	1.22193e+09	1.35279e+00	5.37858e+00	4.84714e-04
1.22170e+04	1.22194e+09	1.86688e+00	3.11324e+00	6.88447e-03
5.57944e+04	1.22200e+09	2.26258e+00	6.18781e-01	1.56959e-03
1.55926e+05	1.22216e+09	6.10523e-01	1.47029e+00	6.34945e-03
2.19726e+04	1.22218e+09	1.22497e+00	8.82460e-01	-1.12842e-03
2.79988e+04	1.22221e+09	2.52280e+00	2.34365e+00	4.40439e-03
2.33861e+04	1.22223e+09	5.81657e-01	3.51947e+00	-3.82649e-03
1.48413e+04	1.22224e+09	1.22262e+00	9.34258e-01	5.36216e-03
1.22301e+04	1.22226e+09	2.81972e+00	5.44271e+00	1.64591e-03
2.19722e+04	1.22228e+09	1.46197e+00	5.00995e+00	8.49605e-03
2.57010e+04	1.22230e+09	1.32624e+00	3.18772e+00	-6.41000e-03
4.59164e+04	1.22235e+09	4.97716e-01	6.95420e-01	-9.19064e-03
2.81217e+04	1.22238e+09	2.38767e+00	3.52685e+00	6.17141e-03
3.48065e+04	1.22241e+09	1.00722e+00	5.78872e+00	5.02598e-03
1.16256e+04	1.22243e+09	2.02286e+00	2.73280e-01	2.45226e-03
1.32345e+04	1.22244e+09	7.17281e-01	1.60836e-01	3.98096e-03
3.70119e+04	1.22248e+09	1.34303e-01	1.99149e+00	-9.26171e-03
7.28481e+04	1.22255e+09	1.90020e+00	1.53428e+00	-6.49640e-04
2.26164e+05	1.22277e+09	1.24993e+00	3.70189e+00	-5.20483e-03
3.16230e+04	1.22281e+09	1.77946e+00	5.87707e+00	-7.32706e-04
1.48629e+04	1.22282e+09	1.76060e-01	5.53279e+00	-8.76846e-03
2.29749e+04	1.22284e+09	1.19545e+00	4.42049e+00	-2.90907e-03
2.21018e+04	1.22287e+09	8.96977e-01	1.82780e+00	-9.64284e-03
1.46368e+04	1.22288e+09	2.50024e+00	2.15673e+00	-7.94791e-04
1.12193e+05	1.22299e+09	1.62016e+00	3.24056e+00	4.44360e-03
1.68781e+04	1.22301e+09	7.54998e-01	2.07875e+00	3.41348e-03
1.27441e+04	1.22302e+09	1.95028e+00	8.35907e-01	-9.71182e-03
4.57184e+04	1.22307e+09	1.72989e+00	3.88798e+00	-7.99821e-04
1.37558e+04	1.22308e+09	1.88296e+00	6.71413e-01	6.64299e-03
1.24063e+05	1.22321e+09	3.12888e+00	2.92084e+00	-8.13059e-03
1.53792e+04	1.22322e+09	8.50523e-01	4.96988e-01	1.22902e-03
5.49196e+04	1.22328e+09	7.01629e-01	3.47695e+00	2.10979e-03
1.61397e+04	1.22329e+09	1.22229e+00	3.59765e+00	7.65274e-03
9.37882e+05	1.22423e+09	1.55723e+00	5.26258e+00	2.64814e-03
1.11573e+04	1.22424e+09	1.46578e+00	5.05608e+00	-1.65732e-03
1.31304e+04	1.22425e+09	1.30872e+00	4.94671e+00	-7.53948e-03
1.00675e+04	1.22426e+09	1.43081e-01	2.47720e+00	6.86776e-03
2.11014e+04	1.22429e+09	1.01566e+00	3.98798e+00	9.33657e-03
2.04600e+04	1.22431e+09	1.22611e+00	3.70557e-01	4.70639e-03
1.48856e+04	1.22432e+09	3.75124e+00	1.75532e+00	5.95289e-03
1.52719e+05	1.22447e+09	3.08402e+00	2.49466e+00	-3.45541e-04
2.29251e+04	1.22450e+09	3.98026e-01	8.89334e-01	1.55850e-03
1.11961e+05	1.22461e+09	2.51353e+00	2.30112e+00	1.53974e-03
3.19758e+04	1.22464e+09	1.01902e-01	3.54834e+00	8.39592e-03
1.20168e+04	1.22465e+09	1.30277e+00	4.12857e+00	2.91833e-03
5.30366e+04	1.22471e+09	5.38929e-01	3.54919e+00	1.46862e-03
6.00555e+04	1.22477e+09	1.63381e+00	7.48308e-01	2.56654e-03
3.66659e+04	1.22480e+09	9.43586e-01	1.73006e+00	-8.35858e-03
1.45350e+06	1.22626e+09	1.41219e+00	5.53339e+00	-4.17277e-03
1.20356e+04	1.22627e+09	6.14824e-01	2.26043e+00	-3.98971e-03
1.56706e+04	1.22628e+09	1.13577e+00	3.74502e+00	-9.94506e-03
6.82880e+04	1.22635e+09	6.61371e-01	6.06746e+00	7.17830e-03
1.24549e+06	1.22760e+09	1.67167e+00	2.39595e+00	1.74662e-03
5.70098e+04	1.22765e+09	7.26457e-01	2.98271e+00	7.60947e-03
3.38146e+04	1.22769e+09	3.93348e+00	3.17692e+00	-3.77519e-03
6.55842e+04	1.22775e+09	7.64678e-01	1.27662e+00	7.57347e-03
2.22294e+04	1.22778e+09	6.74350e-01	3.75578e+00	1.02152e-03
1.15213e+04	1.22779e+09	1.21069e+00	2.28150e+00	-9.33298e-03
1.15599e+04	1.22780e+09	1.91310e+00	5.52278e+00	-2.24791e-03
7.73265e+05	1.22857e+09	9.93760e-01	3.40954e+00	8.90805e-03
1.85139e+04	1.22859e+09	9.86766e-01	2.74805e+00	-7.46062e-03
5.30546e+04	1.22864e+09	5.41510e-01	3.50401e+00	-6.96087e-03
1.90744e+05	1.22883e+09	3.59262e+00	4.71690e+00	8.07157e-03
1.23918e+04	1.22885e+09	8.79475e-01	4.38043e+00	-7.29278e-03
1.53656e+04	1.22886e+09	2.63969e+00	4.11550e+00	2.57904e-03
1.71645e+04	1.22888e+09	8.29461e-01	6.61587e-01	-6.21263e-04
1.20577e+04	1.22889e+09	8.66539e-01	4.20454e+00	2.91104e-03
3.98966e+04	1.22893e+09	2.69111e+00	3.59522e+00	8.37620e-03
1.07091e+04	1.22894e+09	9.79233e-01	5.27346e+00	9.60081e-03
1.15598e+04	1.22895e+09	2.21828e+00	1.32191e+00	-5.89354e-03
2.94663e+04	1.22898e+09	2.78267e-01	4.92031e+00	7.00302e-03
1.62843e+05	1.22915e+09	1.19662e+00	2.76635e+00	4.42244e-03
2.12118e+04	1.22917e+09	5.48101e-01	6.04495e-01	8.34585e-03
1.67593e+04	1.22918e+09	1.31138e+00	3.32062e+00	-9.91177e-03
2.46466e+04	1.22921e+09	2.60036e+00	2.20033e+00	-2.24087e-03
4.69167e+04	1.22926e+09	6.91495e-01	5.06514e+00	5.66848e-04
1.42827e+04	1.22927e+09	2.33467e+00	2.18906e+00	2.22704e-03
2.71203e+04	1.22930e+09	1.29624e+00	5.21798e+00	1.86668e-03
1.13313e+04	1.22931e+09	7.58951e-01	2.42808e+00	-5.14501e-03
1.49517e+04	1.22932e+09	2.21557e+00	3.99203e-01	-6.14174e-03
1.94157e+04	1.22934e+09	1.45380e+00	2.40296e+00	-8.09684e-03
1.92808e+04	1.22936e+09	5.35703e-01	3.73118e-01	4.36157e-03
6.18898e+04	1.22942e+09	9.12760e-01	1.08265e+00	2.75888e-03
2.62830e+04	1.22945e+09	2.40708e+00	3.04639e+00	3.35112e-03
1.85802e+04	1.22947e+09	1.43958e-01	4.74275e+00	-2.05159e-03
5.05863e+04	1.22952e+09	3.12805e+00	6.25173e-01	-2.47377e-03
1.92007e+04	1.22954e+09	8.81951e-01	5.13880e+00	-6.23582e-04
1.70924e+04	1.22956e+09	3.69053e-01	2.95225e+00	9.50934e-03
1.05284e+04	1.22957e+09	4.14235e-01	2.05916e+00	3.83054e-03
1.98577e+04	1.22959e+09	8.42307e-01	2.61403e+00	-1.71255e-03
1.36941e+06	1.23096e+09	1.58900e+00	1.54466e+00	4.07598e-03
3.75243e+04	1.23099e+09	1.91094e+00	3.88759e+00	-9.66559e-03
1.39721e+04	1.23101e+09	3.39153e+00	4.66380e+00	4.46016e-03
3.20098e+04	1.23104e+09	2.69415e-01	1.93977e+00	2.92685e-03
1.56096e+04	1.23105e+09	1.15021e+00	3.52583e+00	6.26872e-03
1.63756e+04	1.23107e+09	2.89039e-01	5.54096e+00	-5.11264e-03
3.21726e+04	1.23110e+09	2.48336e+00	5.60910e-01	-7.18921e-04
2.15219e+04	1.23112e+09	1.58081e+00	8.00249e-01	-2.83782e-03
5.52529e+04	1.23118e+09	1.97110e+00	5.04043e+00	9.83210e-03
1.10573e+04	1.23119e+09	2.72792e-01	2.17538e+00	5.84718e-03
1.01334e+04	1.23120e+09	6.48516e-01	3.23543e+00	-3.91668e-03
1.07005e+04	1.23121e+09	9.47606e-01	1.08272e+00	-9.53471e-03
3.88492e+04	1.23125e+09	9.42135e-01	3.73990e+00	8.09812e-03
1.09131e+04	1.23126e+09	1.91905e+00	8.88632e-01	-6.81434e-03
2.00887e+04	1.23128e+09	7.73682e-01	3.33367e-01	1.07216e-03
3.83429e+04	1.23132e+09	1.36001e+00	3.37777e+00	8.22993e-03
1.70962e+04	1.23134e+09	1.60023e-01	4.28807e+00	-7.83601e-03
4.30990e+04	1.23138e+09	1.91908e+00	5.34547e+00	4.07671e-03
7.07951e+04	1.23145e+09	9.26923e-01	5.61325e+00	2.89665e-03
1.17482e+04	1.23146e+09	6.12236e-01	5.56086e+00	5.29615e-03
1.56905e+04	1.23148e+09	1.31250e+00	4.89763e+00	-6.69810e-03
2.83702e+04	1.23151e+09	2.26111e-01	1.07939e+00	8.80859e-03
6.08900e+04	1.23157e+09	2.52163e+00	1.46613e+00	8.83801e-03
7.83157e+04	1.23165e+09	1.53852e+00	5.16068e+00	-2.90769e-03
1.28155e+04	1.23166e+09	2.94608e+00	3.66982e+00	-1.58010e-03
1.04950e+04	1.23167e+09	2.57081e+00	5.09212e+00	-5.32504e-03
1.66151e+04	1.23169e+09	2.17412e+00	4.29854e-01	2.64406e-03
7.22125e+04	1.23176e+09	5.64806e-01	2.55526e+00	7.54255e-03
3.31058e+04	1.23179e+09	6.78395e-01	2.30862e+00	6.30976e-03
1.85204e+04	1.23181e+09	1.86326e+00	1.26344e+00	5.74349e-03
2.05685e+04	1.23183e+09	2.59078e+00	2.28812e+00	-6.19334e-03
1.17961e+04	1.23184e+09	5.66001e-01	9.31360e-02	-4.16713e-03
4.70636e+04	1.23189e+09	1.65645e+00	1.22753e+00	6.46255e-03
2.57730e+04	1.23191e+09	1.02415e+00	3.59372e+00	3.24420e-03
1.75484e+04	1.23193e+09	8.95658e-01	3.82603e+00	-2.47503e-03
1.10045e+06	1.23303e+09	2.08132e+00	7.46974e-02	-1.39391e-03
1.29235e+04	1.23305e+09	1.06576e+00	3.73848e-01	-9.39081e-03
1.47564e+04	1.23306e+09	6.24419e-01	1.46842e+00	-3.59703e-03
1.57671e+04	1.23308e+09	1.42640e+00	3.99496e+00	3.96022e-03
4.06178e+04	1.23312e+09	2.64502e+00	1.32116e-01	-8.42007e-04
1.53490e+04	1.23313e+09	6.32717e-01	4.15079e+00	-9.70905e-03
1.04354e+04	1.23314e+09	7.17992e-01	5.30957e+00	5.90624e-03
3.66254e+04	1.23318e+09	2.59671e+00	8.45138e-01	-5.65794e-03
1.25223e+04	1.23319e+09	1.97121e+00	1.44255e+00	7.76731e-04
2.09748e+04	1.23321e+09	2.01905e+00	7.57835e-01	-7.39552e-03
3.09189e+04	1.23324e+09	1.90159e+00	2.46542e+00	4.36007e-03
3.52639e+04	1.23328e+09	7.30625e-01	1.61840e-01	-3.50846e-03
3.95168e+04	1.23332e+09	1.30094e+00	4.21932e+00	7.86629e-03
1.23240e+06	1.23455e+09	5.06234e-01	5.15940e+00	9.87120e-03
2.81859e+04	1.23458e+09	4.15058e+00	2.88114e+00	1.81439e-03
2.99395e+04	1.23461e+09	1.01058e+00	4.63693e+00	-4.90801e-03
2.64513e+04	1.23464e+09	1.16144e+00	2.55594e+00	3.90373e-03
5.74956e+04	1.23469e+09	5.62253e-01	5.92073e-01	3.98953e-03
1.01381e+04	1.23470e+09	1.93656e+00	3.22647e+00	1.72320e-03
1.46840e+04	1.23472e+09	2.83565e+00	5.27653e-01	-1.44839e-03
2.07452e+04	1.23474e+09	3.27425e-01	2.51464e+00	-9.46346e-03
2.93161e+05	1.23503e+09	3.01350e+00	5.13032e+00	2.77510e-04
1.31061e+04	1.23504e+09	1.20599e+00	4.62705e+00	9.86701e-03
1.06905e+04	1.23506e+09	1.37795e+00	4.99818e+00	-6.41959e-03
2.57211e+04	1.23508e+09	1.11535e+00	1.62294e+00	-9.83040e-03
1.26766e+04	1.23509e+09	1.26525e+00	6.20520e+00	9.45345e-03
1.66256e+04	1.23511e+09	2.30890e+00	2.00797e+00	-5.20227e-03
1.52248e+04	1.23513e+09	9.36033e-01	1.14776e+00	7.30824e-03
1.01633e+05	1.23523e+09	1.24224e+00	2.41055e-01	-3.70505e-03
2.03095e+04	1.23525e+09	5.82685e-01	3.11027e+00	4.71924e-03
2.93810e+04	1.23528e+09	7.44617e-01	2.48813e+00	-3.99142e-03
7.67835e+04	1.23535e+09	9.82874e-01	3.19687e+00	-8.68539e-03
2.94677e+04	1.23538e+09	1.14218e+00	4.71607e+00	-7.63825e-04
1.45316e+04	1.23540e+09	5.70193e-01	1.91936e+00	-8.99795e-03
2.07444e+04	1.23542e+09	1.16392e+00	4.13569e+00	-9.92743e-03
1.25637e+05	1.23554e+09	2.26443e+00	5.71781e+00	7.92075e-03
3.28944e+04	1.23558e+09	1.80644e+00	5.75874e+00	8.65756e-03
1.20648e+06	1.23678e+09	1.75298e+00	2.55330e+00	4.78580e-03
2.01896e+04	1.23680e+09	2.10634e+00	5.03253e+00	-5.54114e-03
3.89596e+04	1.23684e+09	5.37645e-01	3.56782e+00	-1.66954e-03
7.91514e+04	1.23692e+09	6.50509e-01	5.31636e-01	2.41064e-03
1.08879e+04	1.23693e+09	2.81353e+00	3.11266e+00	3.42182e-03
2.07808e+04	1.23695e+09	1.43550e+00	1.47049e+00	2.84604e-03
3.49535e+04	1.23699e+09	2.98225e+00	5.64341e-01	3.64190e-03
3.85703e+04	1.23703e+09	1.10209e+00	6.47331e-01	5.70891e-03
2.53585e+04	1.23705e+09	5.88868e-01	5.02075e+00	9.77912e-03
1.23829e+04	1.23706e+09	2.96153e+00	3.51763e+00	-1.22343e-03
3.20929e+04	1.23710e+09	1.62435e+00	2.65735e+00	6.20847e-03
4.16004e+04	1.23714e+09	2.53884e+00	5.70997e+00	9.26236e-03
2.36429e+04	1.23716e+09	6.29884e-01	3.09847e+00	5.65901e-03
1.78672e+04	1.23718e+09	3.91937e+00	6.01381e+00	2.37967e-03
1.50202e+04	1.23720e+09	1.07594e+00	4.41577e+00	-9.52449e-03
1.68829e+04	1.23721e+09	2.91474e+00	4.34981e+00	-8.28962e-03
1.92661e+04	1.23723e+09	8.02986e-01	5.35965e+00	4.91758e-04
2.45716e+04	1.23726e+09	1.07769e+00	2.03305e+00	1.25241e-03
1.26531e+04	1.23727e+09	3.72379e-01	4.71865e+00	3.62710e-03
2.23752e+04	1.23729e+09	6.97135e-01	6.02607e+00	8.23048e-03
2.00599e+04	1.23731e+09	3.10772e-01	5.54437e+00	-8.36677e-04
1.58388e+04	1.23733e+09	1.28287e+00	1.89475e+00	2.86211e-03
1.46018e+05	1.23747e+09	1.00562e+00	5.79821e+00	-7.08680e-03
3.69628e+04	1.23751e+09	2.03915e+00	2.78462e-01	3.48231e-03
4.53036e+04	1.23756e+09	3.17927e-01	3.79908e+00	-2.42311e-03
2.56547e+04	1.23758e+09	1.48282e-01	3.14026e+00	-5.17780e-03
1.13217e+05	1.23769e+09	2.28576e+00	2.20138e-01	3.46801e-03
1.83174e+04	1.23771e+09	4.58876e-01	5.43329e+00	-5.02229e-03
1.13656e+04	1.23772e+09	6.81729e-01	4.22155e+00	-6.81541e-03
1.36028e+04	1.23774e+09	4.11338e+00	6.22350e+00	-5.50831e-03
2.81138e+05	1.23802e+09	1.11439e+00	5.76155e+00	-1.23226e-03
5.43481e+04	1.23807e+09	1.79927e+00	1.50065e+00	-2.12133e-03
2.26594e+04	1.23810e+09	4.12562e-01	2.70222e+00	4.76586e-03
2.52425e+04	1.23812e+09	1.08404e+00	1.86009e+00	-2.36048e-03
1.24184e+04	1.23813e+09	4.12439e+00	1.89866e+00	-6.70392e-04
1.08962e+04	1.23814e+09	1.42379e+00	4.81720e+00	-7.23515e-03
1.47528e+04	1.23816e+09	2.74432e-01	4.44637e+00	1.08983e-03
7.63726e+04	1.23824e+09	6.93234e-01	2.92503e+00	7.06479e-03
1.85141e+04	1.23825e+09	8.72488e-01	1.37740e+00	7.92270e-03
1.05144e+05	1.23836e+09	2.46601e-01	2.40495e+00	-3.67257e-03
2.19053e+04	1.23838e+09	5.52079e-01	3.65792e+00	-3.45223e-03
4.97947e+04	1.23843e+09	6.47305e-01	4.38841e+00	-1.49493e-03
1.07425e+04	1.23844e+09	1.06670e+00	3.57084e+00	-8.81825e-03
1.60748e+04	1.23846e+09	2.29002e+00	1.47478e+00	-6.98092e-04
2.74791e+04	1.23848e+09	3.83850e+00	2.06274e-01	-4.83811e-04
2.92204e+05	1.23878e+09	1.10317e+00	3.21533e+00	1.25285e-03
3.41158e+04	1.23881e+09	5.21653e-01	5.15417e+00	5.91172e-03
4.21936e+04	1.23885e+09	2.43788e+00	8.19442e-01	-6.67935e-03
1.09830e+04	1.23886e+09	6.98327e-01	4.37115e+00	9.44924e-03
1.86561e+04	1.23888e+09	4.34251e-01	1.33528e+00	-7.00112e-03
1.49239e+04	1.23890e+09	1.91221e+00	1.86737e+00	-9.33443e-03
1.50056e+04	1.23891e+09	1.69470e+00	4.30721e+00	5.96987e-03
1.42588e+04	1.23893e+09	6.10334e-01	1.25614e+00	8.32814e-03
2.02890e+04	1.23895e+09	9.97086e-01	3.06580e+00	2.08581e-03
1.33152e+04	1.23896e+09	1.62826e+00	5.29269e+00	7.15586e-03
1.57442e+04	1.23898e+09	2.91404e+00	3.45749e+00	-8.46931e-03
1.37706e+04	1.23899e+09	7.49120e-01	3.49733e+00	3.82754e-04
2.55155e+04	1.23902e+09	2.64989e+00	3.12581e+00	-4.97480e-05
2.99885e+04	1.23905e+09	6.62850e-01	4.23936e+00	3.00670e-03
1.09454e+04	1.23906e+09	2.24143e+00	5.63155e+00	8.49058e-04
1.47713e+04	1.23907e+09	2.40985e+00	4.11686e-01	4.62566e-03
1.59609e+04	1.23909e+09	4.92875e-01	5.62732e+00	-4.69654e-03
9.38382e+04	1.23918e+09	1.99254e+00	1.89159e+00	4.16286e-03
2.45950e+04	1.23921e+09	4.44595e-01	1.33331e+00	-3.24605e-03
2.08010e+05	1.23941e+09	3.36064e+00	5.58433e+00	4.51169e-03
3.95339e+04	1.23945e+09	1.21954e+00	3.57584e-01	-5.45471e-03
1.60431e+04	1.23947e+09	3.91353e+00	6.11755e+00	8.33856e-03
1.22022e+04	1.23948e+09	8.62134e-01	2.31086e+00	-4.02291e-03
1.97207e+05	1.23968e+09	9.97397e-01	1.59217e+00	3.54863e-03
3.19080e+04	1.23971e+09	1.99852e+00	5.65846e+00	-9.90805e-03
3.37802e+04	1.23974e+09	1.26782e+00	4.07484e+00	-7.08564e-03
3.43774e+04	1.23978e+09	2.45408e+00	3.54735e+00	-3.00801e-03
3.97474e+04	1.23982e+09	2.93588e+00	3.98532e+00	-6.06200e-03
3.99788e+04	1.23986e+09	1.01236e+00	5.60114e+00	-2.00270e-04
1.11933e+06	1.24098e+09	1.92937e+00	4.31215e+00	6.71963e-04
1.49466e+04	1.24099e+09	1.41049e+00	1.86758e+00	-9.98737e-03
1.36379e+04	1.24101e+09	1.05832e+00	2.50650e+00	-6.76567e-03
1.02525e+04	1.24102e+09	6.69454e-01	5.55983e+00	-9.66103e-03
2.22410e+04	1.24104e+09	1.89809e+00	3.25603e+00	3.23493e-03
1.15551e+04	1.24105e+09	1.95185e+00	4.89512e+00	6.41305e-03
1.60745e+05	1.24121e+09	1.48489e+00	2.64062e+00	-8.37907e-03
1.28435e+04	1.24122e+09	1.74353e+00	4.69066e+00	-4.48015e-03
1.11350e+04	1.24124e+09	6.11813e-01	7.11305e-01	-7.69395e-03
2.62853e+05	1.24150e+09	4.73847e-01	7.46123e-01	3.65918e-03
1.05709e+04	1.24151e+09	6.94777e-01	3.15126e+00	-1.68010e-03
2.48067e+04	1.24153e+09	1.35777e+00	5.29167e+00	-6.51221e-03
3.33558e+04	1.24157e+09	1.47423e+00	5.26669e+00	2.00724e-03
3.98448e+04	1.24161e+09	2.71831e+00	5.58199e+00	7.34539e-03
8.52467e+05	1.24246e+09	1.34112e+00	2.01134e+00	1.21094e-03
1.48420e+04	1.24247e+09	1.79087e+00	4.95837e+00	7.38261e-03
1.17081e+04	1.24249e+09	1.30840e+00	4.23675e+00	-8.48397e-03
2.81264e+04	1.24251e+09	7.19619e-01	8.97009e-02	-8.77217e-03
3.58846e+04	1.24255e+09	1.28896e+00	1.93405e+00	4.06276e-03
1.65450e+04	1.24257e+09	1.18855e+00	3.14613e+00	3.73704e-03
1.48008e+04	1.24258e+09	2.11775e+00	2.94134e+00	3.81815e-03
6.30618e+04	1.24264e+09	1.85649e+00	4.81083e+00	3.70273e-03
5.70225e+04	1.24270e+09	5.96589e-01	2.53425e+00	2.12948e-04
1.15734e+04	1.24271e+09	6.67108e-01	2.52896e+00	-4.45781e-03
2.21410e+04	1.24273e+09	2.10175e+00	5.17312e+00	4.15291e-03
1.76041e+04	1.24275e+09	3.81745e-01	3.10524e+00	1.14017e-04
1.04616e+04	1.24276e+09	2.27922e+00	6.02828e+00	5.74838e-03
2.23582e+04	1.24279e+09	2.77579e+00	3.63524e+00	-3.50134e-03
1.80904e+04	1.24280e+09	1.22580e+00	4.60273e+00	-5.49655e-03
5.68769e+04	1.24286e+09	1.18339e+00	2.85165e+00	-6.75473e-03
2.48542e+04	1.24289e+09	2.64389e+00	2.20781e+00	-1.04697e-03
3.42310e+04	1.24292e+09	2.50217e+00	5.19097e+00	-7.53957e-03
1.24506e+04	1.24293e+09	1.04049e+00	1.20961e+00	5.10862e-03
1.70995e+04	1.24295e+09	1.97542e+00	1.40364e+00	-1.75816e-03
9.61917e+04	1.24305e+09	6.33111e-01	6.68150e-01	8.24304e-03
2.67336e+04	1.24307e+09	1.77750e+00	3.64122e+00	1.66788e-03
4.87343e+04	1.24312e+09	2.08697e+00	2.92375e-01	-1.46119e-03
1.50264e+04	1.24314e+09	6.76118e-01	3.67477e+00	-2.91689e-03
1.18749e+04	1.24315e+09	2.00033e+00	2.69375e+00	6.99914e-03
3.00064e+04	1.24318e+09	2.77353e-01	1.97323e+00	-9.29008e-03
6.22097e+04	1.24324e+09	2.17377e+00	1.95225e+00	-7.95167e-03
1.91707e+04	1.24326e+09	1.98469e+00	9.70567e-01	-5.23977e-03
1.47720e+04	1.24327e+09	1.80431e+00	8.47345e-01	3.97229e-03
1.56676e+04	1.24329e+09	3.91341e-01	1.22921e+00	1.72046e-03
4.99984e+04	1.24334e+09	2.15400e+00	5.12998e+00	7.65745e-04
1.09088e+04	1.24335e+09	2.77530e-01	3.81377e+00	-6.10155e-03
3.39650e+04	1.24338e+09	8.89776e-01	2.48936e+00	-7.44030e-03
1.17021e+04	1.24340e+09	1.45496e+00	3.60213e+00	1.56361e-03
1.74959e+04	1.24341e+09	7.15962e-01	2.58157e+00	-9.33889e-03
1.05353e+04	1.24342e+09	4.24508e-01	3.58854e+00	-8.99191e-04
1.25721e+04	1.24344e+09	5.18756e-01	2.06852e-01	-3.20944e-03
3.26778e+04	1.24347e+09	1.30193e+00	3.64984e+00	7.22793e-03
2.38601e+04	1.24349e+09	1.86751e+00	9.22466e-01	6.61831e-04
2.44694e+04	1.24352e+09	1.97885e-01	5.78274e+00	-9.94244e-03
1.86738e+05	1.24370e+09	1.44235e+00	1.87563e+00	-7.26993e-03
4.59378e+04	1.24375e+09	1.64971e+00	9.03614e-01	2.65087e-03
1.92113e+04	1.24377e+09	9.01172e-01	2.96741e+00	-2.23109e-03
2.44655e+05	1.24401e+09	2.34441e+00	1.43146e+00	-4.12745e-03
1.01546e+05	1.24412e+09	4.27640e-01	3.35348e+00	9.22210e-03
2.79656e+04	1.24414e+09	2.17446e+00	6.10336e+00	2.61262e-03
2.52460e+04	1.24417e+09	3.14751e+00	5.81024e+00	-8.47224e-05
5.88340e+04	1.24423e+09	9.93950e-01	3.65025e+00	-1.30796e-03
1.36551e+04	1.24424e+09	1.54871e+00	2.24606e+00	-3.77291e-03
2.01782e+04	1.24426e+09	1.07520e+00	1.83983e+00	-1.37468e-03
4.15592e+04	1.24430e+09	9.70952e-01	5.40703e+00	1.56855e-03
2.05392e+04	1.24432e+09	1.12120e+00	4.21466e+00	4.51762e-03
3.94984e+04	1.24436e+09	5.67382e-01	2.44891e+00	8.51593e-03
1.00431e+04	1.24437e+09	1.16023e+00	6.16852e+00	-9.52557e-03
2.61062e+04	1.24440e+09	1.59183e+00	3.07553e+00	-2.28990e-03
1.08587e+04	1.24441e+09	9.48202e-01	7.91165e-02	-9.67650e-03
1.07913e+05	1.24452e+09	1.81655e+00	4.73706e+00	5.01985e-03
1.03999e+04	1.24453e+09	1.86407e+00	9.60978e-02	-1.39683e-03
1.45929e+04	1.24454e+09	3.32259e+00	3.91980e+00	-5.30972e-04
6.25377e+05	1.24517e+09	1.15380e+00	1.17375e+00	-5.92506e-03
6.21451e+04	1.24523e+09	8.42707e-01	2.67574e+00	6.42564e-03
2.76841e+04	1.24526e+09	1.97238e+00	4.15565e-01	-1.30463e-03
1.27015e+04	1.24527e+09	3.45890e-01	4.80455e+00	4.30610e-03
1.47833e+04	1.24529e+09	6.26335e-01	5.48879e+00	-9.86132e-03
8.28585e+04	1.24537e+09	1.22858e+00	4.75772e+00	-6.95256e-03
1.36012e+04	1.24538e+09	1.09170e+00	2.04406e+00	8.23328e-03
1.19973e+04	1.24539e+09	1.52592e+00	2.26600e+00	8.46699e-03
1.67444e+04	1.24541e+09	2.80292e+00	7.91170e-01	6.91130e-03
5.71434e+04	1.24547e+09	3.93531e+00	4.69625e+00	-9.61380e-03
1.40794e+04	1.24548e+09	5.39488e-01	3.86603e+00	-1.61421e-03
1.96974e+04	1.24550e+09	1.87374e+00	2.65843e+00	-8.59515e-03
1.09885e+05	1.24561e+09	9.50048e-02	5.53841e+00	9.78526e-03
2.76577e+04	1.24564e+09	1.54953e+00	1.96166e+00	-3.79883e-03
2.40471e+04	1.24566e+09	1.87298e+00	3.70114e+00	-2.87311e-03
3.29040e+04	1.24570e+09	2.22232e+00	9.32459e-01	3.39616e-03
3.23375e+04	1.24573e+09	1.75018e+00	2.69297e+00	-5.61357e-03
1.29997e+04	1.24574e+09	2.74907e+00	2.31012e+00	-9.41668e-03
1.33248e+04	1.24575e+09	2.47607e+00	5.60256e+00	9.02594e-03
1.80543e+04	1.24577e+09	3.92915e+00	7.15155e-01	4.52895e-03
1.52801e+04	1.24579e+09	1.21074e+00	2.62874e-01	3.67725e-03
1.31788e+04	1.24580e+09	2.32761e+00	3.75032e-02	-7.38568e-05
1.41689e+05	1.24594e+09	2.05988e+00	1.94205e+00	6.42941e-03
1.02463e+04	1.24595e+09	2.91671e+00	2.09645e+00	-8.29342e-03
1.01266e+04	1.24596e+09	1.98673e+00	8.44164e-01	-7.56557e-03
1.03018e+04	1.24597e+09	9.30028e-01	3.03593e-02	-4.35530e-03
3.03320e+05	1.24628e+09	1.94214e+00	5.16584e+00	1.39292e-03
2.31500e+04	1.24630e+09	1.69986e+00	3.44960e+00	-4.55757e-03
1.08281e+05	1.24641e+09	4.98161e-01	3.52100e+00	-1.21497e-03
1.07465e+04	1.24642e+09	1.30072e+00	1.06364e+00	-9.42458e-03
1.76672e+04	1.24644e+09	9.01148e-01	4.19311e+00	4.06923e-03
1.22280e+04	1.24645e+09	2.70451e+00	4.57110e+00	-1.82735e-04
2.31914e+04	1.24647e+09	2.76964e+00	2.36154e+00	5.53668e-03
1.25254e+05	1.24660e+09	2.01677e+00	3.59624e+00	-3.82551e-03
1.50503e+04	1.24661e+09	1.84454e+00	7.27735e-01	-5.44122e-03
2.85840e+04	1.24664e+09	2.72889e+00	2.44275e+00	-7.62747e-03
2.77788e+04	1.24667e+09	2.41341e+00	1.21349e+00	1.53280e-03
1.13053e+04	1.24668e+09	3.56274e-01	2.19599e+00	-5.19643e-03
4.41816e+04	1.24672e+09	1.03022e+00	5.59458e+00	7.48829e-03
1.50509e+05	1.24688e+09	1.43311e+00	2.42054e+00	7.90100e-04
1.47593e+04	1.24689e+09	4.67184e-01	3.44484e+00	-5.40723e-03
5.72492e+04	1.24695e+09	3.43017e+00	5.67803e+00	-1.28159e-03
1.04308e+04	1.24696e+09	1.76518e+00	1.21543e+00	-5.27639e-03
2.15626e+04	1.24698e+09	3.63673e+00	2.20376e+00	2.57558e-03
2.33529e+04	1.24700e+09	1.05181e+00	1.02271e+00	7.63759e-04
1.40357e+04	1.24702e+09	1.05006e+00	5.85163e+00	-7.65790e-03
1.26835e+04	1.24703e+09	7.13138e-01	5.51804e+00	-3.06582e-03
1.09674e+05	1.24714e+09	1.15801e+00	1.04507e+00	-8.33940e-03
1.73133e+04	1.24716e+09	1.32267e+00	5.94664e+00	8.34680e-03
1.69799e+04	1.24717e+09	2.58684e+00	3.57380e+00	-5.97424e-03
8.40042e+04	1.24726e+09	6.31616e-01	1.98776e+00	9.44557e-03
1.70938e+04	1.24727e+09	1.47473e+00	4.49515e+00	-3.62622e-03
1.54069e+04	1.24729e+09	1.82473e+00	2.74017e+00	-6.38673e-05
4.56012e+04	1.24734e+09	1.01849e+00	1.11718e+00	1.58749e-03
1.37841e+04	1.24735e+09	2.82303e+00	6.23218e-01	8.36415e-03
1.70172e+05	1.24752e+09	8.90815e-01	3.85340e-01	-3.05510e-03
2.84178e+04	1.24755e+09	1.15503e+00	4.67768e+00	3.32164e-03
1.10152e+04	1.24756e+09	3.81791e+00	3.97257e+00	5.63162e-04
3.30385e+04	1.24759e+09	2.63884e+00	1.36525e+00	-3.31355e-03
3.37753e+04	1.24763e+09	1.63282e+00	8.84417e-01	4.45330e-03
1.08919e+06	1.24871e+09	7.60721e-01	5.00593e+00	9.42589e-03
1.20892e+04	1.24873e+09	2.59608e+00	4.22555e+00	5.40441e-03
1.96986e+04	1.24875e+09	1.36778e-01	1.01498e+00	-1.29458e-03
3.25608e+04	1.24878e+09	1.69428e+00	2.06272e+00	-9.30939e-03
2.07501e+04	1.24880e+09	3.72394e-01	1.46417e+00	-3.62613e-03
2.31869e+04	1.24882e+09	2.20567e+00	2.55883e+00	-1.63066e-03
2.17835e+04	1.24884e+09	5.45391e-01	3.38642e+00	6.47610e-03
6.55497e+04	1.24891e+09	3.13386e-01	4.05979e+00	1.89426e-03
2.17196e+04	1.24893e+09	2.01874e+00	5.62170e+00	2.60969e-03
1.67031e+04	1.24895e+09	2.11798e+00	3.79503e+00	3.62122e-03
1.68067e+05	1.24912e+09	2.27961e+00	1.11361e+00	-9.20074e-03
4.33894e+04	1.24916e+09	2.70398e+00	2.78176e+00	-4.36451e-03
3.35683e+04	1.24919e+09	1.86577e+00	5.30832e+00	4.82580e-03
2.65802e+05	1.24946e+09	4.23005e+00	1.03322e+00	-3.59471e-03
4.99039e+04	1.24951e+09	5.80873e-01	4.48137e-01	-6.46670e-03
3.56375e+04	1.24955e+09	2.48880e+00	7.48946e-05	-7.87145e-03
2.29794e+04	1.24957e+09	2.00461e+00	2.66383e-01	4.37947e-03
2.03259e+04	1.24959e+09	1.48588e+00	2.89289e+00	7.13412e-03
1.66920e+04	1.24961e+09	3.01457e+00	1.41189e+00	-7.42567e-03
2.89014e+05	1.24989e+09	2.60200e-01	2.50352e+00	-2.05931e-03
8.42866e+04	1.24998e+09	2.63664e+00	7.70643e-01	6.46424e-03
2.90240e+04	1.25001e+09	1.50210e+00	1.97156e+00	-6.31101e-03
1.30827e+04	1.25002e+09	6.57411e-01	4.02168e-01	2.39216e-03
4.20586e+04	1.25006e+09	1.55842e+00	1.51240e+00	-8.48082e-03
3.91564e+04	1.25010e+09	7.03272e-01	1.03768e+00	5.23946e-03
2.37713e+05	1.25034e+09	8.88946e-01	5.34350e+00	7.62592e-03
1.98076e+04	1.25036e+09	4.55435e-01	4.22585e+00	4.45312e-03
1.67826e+04	1.25038e+09	2.65786e+00	3.01164e+00	-9.04786e-04
6.76476e+04	1.25044e+09	3.31115e+00	5.35026e-01	-7.37060e-03
4.51133e+04	1.25049e+09	8.42889e-01	5.73472e+00	7.53969e-03
1.18777e+04	1.25050e+09	8.64661e-01	5.72195e+00	8.74738e-03
1.78430e+04	1.25052e+09	3.84540e-01	2.24984e+00	4.37773e-03
1.07929e+04	1.25053e+09	1.15301e+00	9.87365e-01	6.00619e-03
1.03207e+05	1.25063e+09	2.79225e+00	3.45342e+00	-8.07898e-03
1.61916e+04	1.25065e+09	6.84209e-01	4.10138e+00	-7.31748e-03
1.55170e+04	1.25066e+09	1.76430e+00	1.29372e+00	4.99639e-03
1.90243e+04	1.25068e+09	8.33925e-02	5.38185e+00	9.28209e-03
3.80831e+05	1.25106e+09	2.26903e+00	2.11909e+00	2.63964e-04
1.48738e+04	1.25108e+09	1.61601e+00	5.07691e+00	-9.72245e-03
2.43093e+04	1.25110e+09	4.94301e-01	4.79667e+00	9.80713e-03
1.49271e+04	1.25112e+09	2.34274e+00	1.15651e-01	-7.50794e-04
1.55206e+04	1.25113e+09	1.04264e+00	1.11760e+00	-3.92111e-03
1.66874e+04	1.25115e+09	2.58517e+00	4.26622e+00	-8.68388e-03
1.84701e+04	1.25117e+09	1.89172e+00	1.44480e+00	7.15307e-03
2.22114e+04	1.25119e+09	4.03513e+00	2.29482e-01	6.35092e-03
3.04851e+04	1.25122e+09	1.42914e+00	6.08385e+00	8.06675e-03
6.30650e+04	1.25128e+09	5.13813e-01	3.05280e+00	4.73140e-03
3.91367e+04	1.25132e+09	2.54841e+00	4.54482e+00	-7.97376e-04
3.80715e+04	1.25136e+09	9.03142e-01	4.30911e+00	-3.07148e-04
1.05393e+04	1.25137e+09	3.97207e-01	4.33516e+00	7.25847e-03
1.04772e+04	1.25138e+09	6.44119e-01	4.21066e+00	-9.86272e-04
1.90950e+04	1.25140e+09	3.59556e-01	2.03727e+00	3.19439e-03
1.95523e+04	1.25142e+09	2.16740e+00	1.63408e+00	-9.19197e-03
4.84064e+04	1.25147e+09	4.03967e+00	4.27720e+00	9.03188e-03
7.83620e+04	1.25155e+09	1.11242e+00	4.56063e+00	5.62835e-03
8.86652e+04	1.25164e+09	1.53133e+00	5.28649e+00	3.39666e-03
4.66949e+04	1.25168e+09	9.74247e-01	4.38963e+00	-5.67677e-03
1.03575e+04	1.25169e+09	3.23004e+00	4.75908e+00	6.55669e-03
2.64030e+04	1.25172e+09	5.84995e-01	7.94115e-01	6.62220e-03
1.52713e+04	1.25174e+09	1.12711e+00	4.89728e+00	-6.36510e-03
3.69437e+04	1.25177e+09	2.63245e+00	5.05398e+00	-1.31170e-03
2.86405e+04	1.25180e+09	2.01089e+00	5.61649e+00	3.15011e-03
1.04998e+04	1.25181e+09	1.20752e+00	4.28432e+00	-5.71811e-03
1.01200e+05	1.25191e+09	8.18956e-01	3.34846e+00	7.68346e-03
1.15818e+04	1.25192e+09	3.82429e+00	3.12882e-01	9.92686e-03
1.41257e+04	1.25194e+09	1.05777e+00	3.80747e+00	5.06809e-03
2.50129e+04	1.25196e+09	1.53336e+00	3.40542e+00	-5.13844e-03
1.17230e+04	1.25198e+09	1.17499e+00	1.37943e+00	-8.06010e-03
1.39304e+04	1.25199e+09	1.78053e+00	4.83362e+00	3.49872e-03
6.98759e+05	1.25269e+09	2.37481e+00	1.97702e+00	-6.04805e-03
6.14027e+04	1.25275e+09	2.64352e+00	1.38754e+00	2.30038e-03
2.19961e+04	1.25277e+09	1.24838e+00	2.53466e+00	7.78302e-03
1.64070e+04	1.25279e+09	1.27642e+00	1.45133e+00	-6.69994e-03
1.05140e+04	1.25280e+09	7.86321e-01	5.39902e+00	-1.32428e-03
1.09058e+04	1.25281e+09	1.94408e+00	5.62041e-01	3.47951e-03
1.89382e+04	1.25283e+09	1.50863e+00	3.60170e+00	2.53498e-03
5.69980e+04	1.25289e+09	4.97835e-01	3.68996e+00	-8.69443e-03
5.71541e+04	1.25294e+09	8.97360e-01	4.36446e+00	5.52576e-03
1.93844e+04	1.25296e+09	2.16997e+00	2.84267e+00	5.60887e-03
1.21391e+05	1.25308e+09	2.12249e+00	3.96889e+00	-2.39475e-03
8.32207e+04	1.25317e+09	1.40805e+00	5.58549e+00	-7.89863e-03
1.92446e+04	1.25319e+09	1.01449e+00	2.35456e+00	-6.48721e-03
7.39789e+04	1.25326e+09	5.53301e-01	9.70265e-01	-8.80687e-03
2.07193e+04	1.25328e+09	2.06325e-01	2.61981e+00	4.03274e-03
2.01748e+04	1.25330e+09	8.63553e-01	4.73000e+00	-9.17452e-03
2.83059e+04	1.25333e+09	1.08975e+00	8.66991e-01	6.58214e-03
3.60620e+04	1.25336e+09	6.48472e-01	3.94119e+00	-1.33123e-04
1.80487e+04	1.25338e+09	7.91280e-01	5.30836e+00	-5.87388e-03
1.78110e+04	1.25340e+09	2.52320e+00	6.67861e-02	-3.98611e-03
1.44278e+05	1.25354e+09	6.83413e-01	6.32133e-01	5.08484e-03
1.66363e+04	1.25356e+09	7.51927e-01	3.48782e+00	9.05759e-03
3.57584e+04	1.25360e+09	1.89638e+00	1.95972e+00	-7.64511e-03
2.37595e+05	1.25383e+09	3.71778e-01	2.40833e+00	-4.93975e-03
1.02460e+04	1.25385e+09	5.69339e-01	5.81756e+00	-3.38581e-03
3.82516e+04	1.25388e+09	7.42991e-01	4.37842e+00	4.88054e-03
5.96617e+04	1.25394e+09	2.42033e+00	5.26945e+00	-4.79261e-03
1.96343e+04	1.25396e+09	1.24480e+00	2.06811e+00	3.26024e-03
6.99317e+04	1.25403e+09	9.61453e-01	5.43905e+00	1.88042e-03
1.20498e+04	1.25404e+09	1.22389e+00	2.91160e+00	-7.30756e-03
3.24634e+04	1.25408e+09	2.40309e+00	1.55428e+00	-8.37649e-03
5.77469e+04	1.25413e+09	7.32029e-01	2.18785e+00	-6.52382e-04
1.20705e+04	1.25415e+09	1.15378e+00	2.03066e+00	-4.96674e-03
6.71542e+04	1.25421e+09	1.51372e+00	4.61331e+00	-8.61164e-04
1.20789e+04	1.25423e+09	1.06202e-01	6.13676e-01	-7.72655e-03
2.14166e+04	1.25425e+09	1.23153e+00	5.87529e+00	7.66815e-03
2.29431e+04	1.25427e+09	1.74365e+00	3.76799e+00	-2.69826e-03
2.04342e+04	1.25429e+09	1.68421e+00	5.15863e+00	-6.16399e-03
4.99352e+04	1.25434e+09	1.79455e+00	5.30321e-01	2.11504e-03
3.75833e+04	1.25438e+09	3.27470e-01	3.55025e+00	-6.16980e-03
2.57580e+04	1.25440e+09	1.21015e+00	2.02464e+00	-7.06952e-03
1.32961e+04	1.25442e+09	1.92018e+00	3.81757e+00	-9.67390e-04
1.05568e+04	1.25443e+09	3.41162e-01	4.40824e+00	8.05861e-03
1.63494e+04	1.25444e+09	6.64790e-01	2.47647e+00	-6.16118e-04
3.70297e+04	1.25448e+09	3.42370e+00	2.45486e+00	-5.35891e-03
1.09144e+04	1.25449e+09	1.71850e+00	5.06722e+00	2.42358e-03
1.20163e+05	1.25461e+09	8.91750e-01	6.19759e+00	-7.32131e-03
3.87189e+05	1.25500e+09	1.10107e+00	5.07238e+00	-1.07701e-03
4.63154e+04	1.25505e+09	2.39731e+00	4.96697e+00	9.99595e-03
3.26955e+04	1.25508e+09	1.88614e-01	2.39598e+00	-7.84046e-03
1.06387e+04	1.25509e+09	9.66848e-01	1.74827e+00	3.31165e-03
2.25725e+04	1.25511e+09	2.44416e+00	2.68214e-01	1.14651e-04
2.03910e+05	1.25532e+09	7.77517e-01	3.58864e+00	4.65876e-03
3.62340e+04	1.25535e+09	1.87958e+00	3.02525e+00	-2.13910e-03
4.92920e+05	1.25585e+09	6.84495e-01	6.10491e+00	8.96942e-03
1.50475e+04	1.25586e+09	4.99380e-01	1.99287e+00	-8.00800e-03
1.90207e+04	1.25588e+09	7.90859e-01	6.01337e-01	-5.94981e-03
2.28171e+04	1.25590e+09	1.14735e+00	2.68662e+00	2.28432e-03
4.64640e+04	1.25595e+09	7.24218e-01	4.96139e-01	-7.72611e-03
2.79869e+04	1.25598e+09	1.34727e-01	6.19341e+00	7.16638e-03
2.75301e+04	1.25600e+09	2.60731e+00	4.73495e+00	-5.30634e-03
1.79033e+04	1.25602e+09	2.38627e+00	5.97706e+00	-8.39565e-03
3.07473e+04	1.25605e+09	9.87158e-01	6.08305e+00	8.75723e-03
1.32329e+04	1.25607e+09	4.37522e+00	6.05289e+00	-2.35984e-04
1.28536e+04	1.25608e+09	1.98658e+00	5.07840e+00	-8.00660e-03
2.87786e+04	1.25611e+09	1.83585e+00	3.69867e+00	7.77183e-04
2.32190e+04	1.25613e+09	1.90696e+00	5.28628e+00	7.75743e-03
1.25881e+04	1.25614e+09	3.59417e+00	5.28911e+00	7.63680e-03
1.22816e+04	1.25616e+09	4.49571e-01	1.32880e+00	-6.37650e-03
2.36585e+04	1.25618e+09	2.05554e+00	5.84802e+00	7.79946e-03
1.63644e+04	1.25620e+09	1.63954e+00	4.75765e+00	-8.75165e-03
2.52577e+04	1.25622e+09	1.68798e+00	5.35205e+00	-9.15626e-03
4.35371e+04	1.25626e+09	8.91176e-01	2.08964e+00	-4.56379e-03
4.66848e+04	1.25631e+09	6.84340e-01	3.37366e+00	3.84540e-03
3.38514e+04	1.25634e+09	1.21604e+00	4.05808e+00	-6.05612e-03
1.33321e+04	1.25636e+09	2.32656e+00	5.86724e+00	9.95864e-03
1.59776e+04	1.25637e+09	8.41155e-01	2.61782e+00	-8.81927e-03
3.25848e+04	1.25641e+09	3.67819e+00	1.59178e+00	6.90739e-03
3.14070e+04	1.25644e+09	2.88914e+00	1.70421e+00	7.94496e-03
1.11347e+04	1.25645e+09	1.62209e+00	1.78297e+00	6.44951e-03
3.73800e+04	1.25649e+09	1.78073e+00	4.03294e+00	7.25728e-03
1.32886e+04	1.25650e+09	6.08589e-01	3.73374e-01	-2.28304e-03
2.30886e+04	1.25652e+09	1.04724e+00	1.27726e+00	8.01850e-03
1.31408e+04	1.25654e+09	6.82881e-01	3.07156e+00	-6.03113e-03
1.39098e+04	1.25655e+09	2.52023e+00	3.82756e+00	-2.06651e-03
1.63226e+04	1.25657e+09	1.30990e+00	4.34010e+00	-7.51708e-03
2.03464e+04	1.25659e+09	3.40508e+00	3.16746e+00	-8.90554e-04
1.27525e+04	1.25660e+09	3.12547e+00	6.25951e+00	-2.96140e-03
1.78915e+04	1.25662e+09	2.85454e+00	4.83852e+00	-3.75657e-03
1.14016e+04	1.25663e+09	7.45729e-01	3.14064e+00	-6.31468e-03
2.47580e+04	1.25665e+09	2.80102e+00	1.53447e+00	-7.39735e-03
1.39225e+04	1.25667e+09	1.46726e+00	1.15700e+00	6.56323e-03
4.97680e+04	1.25672e+09	6.19096e-01	2.53753e+00	8.29951e-03
1.24792e+05	1.25684e+09	3.47069e+00	2.84374e+00	-3.33671e-03
2.32597e+04	1.25687e+09	2.04059e+00	3.98902e+00	8.76778e-03
3.22310e+04	1.25690e+09	2.95121e+00	1.14136e+00	5.40769e-03
1.25066e+04	1.25691e+09	1.59473e+00	2.59362e+00	9.15943e-03
2.54609e+04	1.25694e+09	2.78349e+00	2.49588e+00	7.99251e-03
2.39281e+04	1.25696e+09	2.14885e+00	1.07923e+00	1.81860e-03
3.28004e+04	1.25699e+09	1.46248e+00	4.83454e-01	7.11855e-03
2.03470e+04	1.25701e+09	6.59185e-01	4.80039e+00	-8.52093e-03
2.84644e+05	1.25730e+09	2.42979e+00	2.37197e+00	-9.21392e-03
3.55108e+04	1.25733e+09	2.40377e-01	2.46808e+00	7.22850e-03
1.37995e+04	1.25735e+09	5.96868e-01	2.85374e+00	3.24733e-04
4.29405e+04	1.25739e+09	3.04878e+00	3.53086e+00	-8.83280e-03
1.57630e+05	1.25755e+09	2.62336e+00	2.31951e+00	3.31980e-03
2.84911e+04	1.25758e+09	6.37135e-01	3.22583e+00	-9.56249e-03
1.38489e+04	1.25759e+09	1.60134e+00	3.32833e+00	3.33265e-03
1.88202e+04	1.25761e+09	1.98118e+00	8.41813e-02	2.37967e-03
6.08164e+04	1.25767e+09	1.63566e+00	2.48879e+00	-7.32045e-03
2.59146e+04	1.25770e+09	2.79935e+00	3.53097e-01	-4.78721e-03
5.43063e+04	1.25775e+09	3.13275e+00	3.34052e+00	-5.93705e-03
9.75479e+04	1.25785e+09	1.70418e+00	2.14826e+00	-6.45469e-03
7.99285e+04	1.25793e+09	1.36438e-01	2.13658e+00	3.07044e-04
4.36587e+04	1.25797e+09	1.25598e+00	2.43382e+00	-2.72453e-03
4.63646e+04	1.25802e+09	4.36224e-01	4.29367e+00	-2.71866e-03
1.05443e+05	1.25812e+09	1.30984e+00	3.37303e+00	9.32848e-03
2.69298e+04	1.25815e+09	4.15047e+00	5.67061e-01	9.04560e-03
2.15743e+04	1.25817e+09	2.07386e+00	4.28855e+00	1.88777e-03
2.70387e+04	1.25820e+09	2.14249e+00	5.24227e+00	-1.29324e-03
2.06688e+04	1.25822e+09	8.38812e-01	5.83829e+00	9.33042e-03
1.14059e+04	1.25823e+09	7.98506e-01	5.59369e+00	-1.81028e-03
5.59381e+05	1.25879e+09	1.80484e-01	8.83209e-01	-4.31287e-04
1.28371e+04	1.25880e+09	5.36487e-01	6.79525e-01	-3.96603e-03
6.10916e+05	1.25941e+09	4.23169e-01	3.88276e+00	2.98853e-03
2.01367e+04	1.25943e+09	1.15653e+00	4.47773e+00	5.54882e-04
3.61354e+04	1.25947e+09	7.46638e-01	2.20420e+00	9.89514e-03
1.51400e+04	1.25948e+09	2.22719e+00	1.57750e-01	-2.52265e-03
4.16696e+04	1.25953e+09	8.99652e-01	5.97128e+00	-9.18586e-03
2.08606e+04	1.25955e+09	5.38361e-01	1.51110e+00	1.59788e-03
2.26864e+04	1.25957e+09	1.17183e+00	5.80694e+00	-6.52794e-03
7.35600e+04	1.25964e+09	7.31312e-01	3.41514e+00	5.15337e-03
1.07182e+04	1.25965e+09	1.94291e+00	4.12022e+00	-5.22044e-03
3.36146e+04	1.25969e+09	2.85289e+00	4.04853e+00	3.46262e-03
5.26438e+04	1.25974e+09	9.95775e-01	6.10794e+00	-3.24152e-03
2.78268e+04	1.25977e+09	8.37491e-01	4.88901e+00	-7.31472e-03
2.96383e+04	1.25980e+09	1.31711e+00	4.22135e+00	1.60551e-03
2.24331e+04	1.25982e+09	9.02633e-01	9.52137e-01	-6.17051e-03
3.15673e+04	1.25985e+09	2.82922e+00	5.96148e+00	3.13578e-03
2.61992e+04	1.25988e+09	2.12686e+00	5.44948e+00	-1.87487e-03
4.85699e+04	1.25993e+09	8.17357e-01	1.59824e+00	8.22611e-03
5.18063e+04	1.25998e+09	4.42224e-01	5.34260e+00	-6.69111e-03
1.48187e+04	1.25999e+09	1.44070e-01	4.73456e+00	1.46890e-03
4.28720e+04	1.26004e+09	4.67854e-01	4.86722e+00	-6.14501e-03
1.40184e+04	1.26005e+09	1.50419e+00	2.87716e-02	-2.96417e-03
3.09230e+04	1.26008e+09	4.84029e-01	8.64932e-01	-6.25206e-04
1.27699e+04	1.26009e+09	1.81024e+00	4.42795e+00	-7.78997e-03
1.32916e+04	1.26011e+09	1.65431e+00	2.03119e+00	-3.62185e-03
1.91890e+04	1.26013e+09	9.53431e-01	1.26973e-01	-8.82120e-03
1.78019e+04	1.26014e+09	8.26307e-01	3.85126e+00	6.28958e-03
4.37288e+04	1.26019e+09	7.27675e-01	2.50301e+00	3.49191e-03
2.00557e+05	1.26039e+09	1.91982e+00	3.75315e+00	8.96197e-03
1.79937e+04	1.26041e+09	2.04388e+00	4.10254e+00	-9.50343e-03
4.63829e+04	1.26045e+09	2.46779e+00	3.16732e+00	-6.38646e-03
1.98798e+04	1.26047e+09	8.56953e-01	4.31487e+00	1.67397e-03
4.88446e+04	1.26052e+09	1.31579e+00	2.49657e-01	9.45360e-04
1.58272e+04	1.26054e+09	4.35927e-01	6.13405e+00	6.85031e-03
5.37333e+04	1.26059e+09	6.94252e-01	2.34544e+00	9.75098e-03
1.31931e+04	1.26060e+09	2.81874e+00	4.31197e+00	-4.74121e-03
3.25401e+04	1.26064e+09	2.33151e+00	3.02447e+00	8.73920e-04
2.33723e+04	1.26066e+09	3.17836e+00	1.44567e+00	3.06140e-03
1.18999e+04	1.26067e+09	9.99554e-01	5.33672e-01	3.06721e-03
6.89521e+04	1.26074e+09	3.02905e-01	2.55209e-03	3.11467e-03
1.42003e+04	1.26076e+09	2.87977e+00	2.79331e+00	-4.78826e-03
3.13321e+04	1.26079e+09	1.78204e+00	2.75902e-01	-9.24484e-03
2.10832e+05	1.26100e+09	1.67671e+00	4.79271e+00	2.20626e-03
1.61681e+04	1.26101e+09	1.11152e+00	1.34208e+00	9.82023e-03
2.31751e+04	1.26104e+09	3.87363e+00	3.69596e+00	2.15669e-03
1.22965e+04	1.26105e+09	7.29976e-01	3.72703e+00	-9.51808e-03
1.68867e+04	1.26107e+09	2.71242e+00	3.63273e-01	-2.54802e-03
3.09833e+04	1.26110e+09	8.71596e-01	2.68969e+00	5.27450e-03
2.06738e+04	1.26112e+09	2.12965e-01	5.75959e+00	-4.78447e-03
1.45795e+04	1.26113e+09	1.27824e+00	6.08671e+00	4.21448e-03
3.74243e+05	1.26151e+09	1.41464e+00	3.68410e-01	6.52823e-03
1.05366e+05	1.26161e+09	1.61294e+00	3.92401e+00	-5.68974e-04
1.20707e+04	1.26162e+09	8.73743e-01	3.22432e+00	1.66161e-03
1.15662e+04	1.26164e+09	1.95405e+00	2.23412e-01	-7.76425e-03
1.39116e+04	1.26165e+09	2.00171e+00	4.23131e+00	-2.27994e-03
2.56036e+04	1.26167e+09	5.80115e-01	5.86164e+00	-3.90477e-03
5.39560e+04	1.26173e+09	1.22142e+00	2.99173e+00	5.78016e-03
2.35701e+04	1.26175e+09	1.53521e+00	5.89025e+00	3.79020e-03
6.70742e+05	1.26242e+09	1.58847e+00	1.88586e+00	-8.90261e-03
1.46534e+05	1.26257e+09	1.29970e+00	4.94564e+00	-6.65789e-03
6.16981e+04	1.26263e+09	5.34045e-01	7.43706e-01	7.65784e-06
1.24693e+04	1.26264e+09	4.78424e-01	2.78502e+00	3.12285e-03
2.92532e+04	1.26267e+09	3.15427e+00	3.97532e+00	-9.92577e-03
1.12068e+04	1.26268e+09	1.63537e+00	5.97163e+00	9.98654e-04
1.40502e+05	1.26282e+09	1.26376e+00	2.09190e+00	9.72108e-03
3.90879e+04	1.26286e+09	1.37289e-01	3.33901e+00	-1.17996e-03
1.46505e+06	1.26433e+09	1.97440e+00	3.53683e+00	-6.20235e-03
1.60549e+04	1.26434e+09	8.76515e-01	1.29184e-01	-7.48704e-03
2.06099e+04	1.26437e+09	2.03063e+00	3.10082e+00	-2.78848e-03
1.44738e+04	1.26438e+09	3.81265e+00	6.05842e+00	-5.76841e-03
2.07174e+04	1.26440e+09	1.27258e+00	7.85136e-01	-3.40625e-03
9.27814e+04	1.26449e+09	4.46664e+00	3.59028e+00	-7.85476e-03
1.07633e+05	1.26460e+09	2.58222e+00	1.88524e+00	-4.89711e-03
1.04717e+04	1.26461e+09	8.21158e-01	5.94299e+00	-5.57459e-03
1.06902e+04	1.26462e+09	3.76509e+00	3.62473e+00	-6.15419e-03
2.49778e+04	1.26465e+09	8.76595e-01	2.38013e+00	-4.76612e-03
2.72682e+04	1.26467e+09	4.36866e-01	3.52607e+00	8.23469e-04
1.32924e+04	1.26469e+09	1.29771e+00	5.29778e+00	1.59480e-03
1.12178e+04	1.26470e+09	7.13745e-01	1.89815e+00	3.26385e-03
1.98344e+04	1.26472e+09	2.85924e+00	5.86766e+00	-8.53272e-03
1.92042e+04	1.26474e+09	7.78708e-01	1.21396e+00	7.37648e-03
1.42119e+04	1.26475e+09	9.66642e-01	3.15542e+00	4.76826e-04
2.34470e+04	1.26478e+09	4.32472e-01	5.56432e-01	8.33869e-03
1.46390e+05	1.26492e+09	2.47076e+00	6.09845e+00	3.13187e-03
1.02409e+04	1.26493e+09	1.60060e+00	2.44594e+00	8.80704e-04
2.26187e+05	1.26516e+09	1.07623e+00	2.03189e+00	-8.20203e-03
1.69738e+04	1.26518e+09	3.06912e-01	3.08494e+00	-6.41205e-03
1.02862e+04	1.26519e+09	1.36997e+00	3.16576e+00	4.43377e-03
1.08566e+06	1.26627e+09	3.62008e+00	2.92075e+00	5.04580e-04
1.10300e+04	1.26628e+09	1.43011e+00	5.38053e-02	-1.92314e-04
1.35528e+05	1.26642e+09	8.80950e-01	5.87047e+00	-8.69480e-03
1.30573e+04	1.26643e+09	1.59929e+00	4.83920e+00	-9.31615e-03
1.28505e+04	1.26644e+09	1.49599e+00	2.45350e+00	-1.39076e-03
2.08693e+04	1.26646e+09	1.56359e+00	5.26022e+00	-3.64395e-03
1.81855e+05	1.26665e+09	1.41205e+00	3.36471e+00	-8.42987e-03
4.44886e+04	1.26669e+09	3.43495e+00	5.96330e+00	8.02022e-03
2.96529e+04	1.26672e+09	1.02773e+00	4.88598e+00	-1.70402e-03
3.30447e+04	1.26675e+09	6.45687e-01	1.65207e+00	-1.97721e-03
2.20993e+04	1.26678e+09	2.09327e+00	1.76824e+00	3.63288e-03
6.29637e+04	1.26684e+09	2.60848e-01	1.99739e+00	9.99167e-03
2.12730e+04	1.26686e+09	1.06445e+00	2.80475e+00	-3.95774e-03
1.06785e+04	1.26687e+09	2.50914e+00	3.59096e+00	6.74252e-03
1.46138e+05	1.26702e+09	5.34782e-01	1.97478e+00	-8.38181e-03
2.36660e+04	1.26704e+09	6.51430e-01	3.20592e-01	-5.47363e-03
1.73527e+04	1.26706e+09	3.12942e+00	4.86783e+00	6.78508e-03
1.57162e+04	1.26707e+09	1.31789e+00	1.16048e+00	-7.53480e-03
1.31882e+04	1.26709e+09	6.38296e-01	3.15416e+00	1.60873e-03
1.36733e+04	1.26710e+09	6.62581e-01	6.74122e-01	7.95121e-03
8.27838e+04	1.26718e+09	7.21656e-01	5.42622e+00	2.15373e-03
2.83055e+04	1.26721e+09	1.11570e+00	3.29524e+00	3.63159e-03
7.82696e+04	1.26729e+09	7.43886e-01	2.44488e+00	9.29441e-03
3.31682e+04	1.26732e+09	1.35590e+00	2.69186e+00	-6.11078e-03
2.11537e+04	1.26734e+09	2.45576e+00	6.23287e+00	6.27111e-03
2.33587e+04	1.26737e+09	2.59919e+00	5.89688e+00	4.59574e-03
4.56493e+04	1.26741e+09	9.04036e-01	1.37334e+00	-3.83290e-03
1.46499e+04	1.26743e+09	1.53722e+00	4.50025e+00	-9.64681e-03
1.01111e+05	1.26753e+09	2.32678e+00	3.61479e+00	-7.62280e-03
4.32772e+05	1.26796e+09	1.37742e+00	3.58283e+00	9.57655e-04
2.36360e+04	1.26799e+09	1.21419e+00	3.97524e+00	9.56098e-03
1.01202e+04	1.26800e+09	4.71401e-01	5.65512e+00	-5.01073e-03
1.07452e+04	1.26801e+09	9.62209e-01	4.86257e+00	-7.42527e-03
2.04125e+04	1.26803e+09	1.55424e+00	2.90040e-01	4.18659e-03
5.10622e+04	1.26808e+09	3.59618e+00	3.18783e+00	8.71626e-03
1.41858e+05	1.26822e+09	1.02812e+00	2.68046e+00	4.44453e-03
6.49605e+04	1.26828e+09	4.10517e+00	1.21663e+00	7.36660e-03
7.97419e+04	1.26836e+09	8.91864e-01	5.57218e+00	9.11948e-03
1.43327e+04	1.26838e+09	9.03711e-01	2.00542e+00	-8.01384e-03
4.64256e+04	1.26843e+09	5.48214e-01	5.00722e+00	6.07864e-03
2.03201e+04	1.26845e+09	3.25614e+00	2.31683e+00	-6.37037e-03
8.36290e+04	1.26853e+09	5.61687e-01	4.51471e+00	4.72622e-03
2.65147e+04	1.26856e+09	3.52693e+00	5.05425e+00	-3.86532e-03
1.03546e+04	1.26857e+09	6.72778e-01	8.35529e-01	-9.12926e-03
2.10760e+04	1.26859e+09	1.00622e+00	2.67055e+00	2.42485e-03
2.31062e+04	1.26861e+09	2.68333e+00	2.15246e+00	3.11323e-03
9.40710e+04	1.26870e+09	3.45185e-01	1.88813e+00	8.81742e-03
1.11446e+04	1.26872e+09	2.61105e+00	4.52082e+00	2.64239e-03
1.22890e+04	1.26873e+09	7.78923e-01	2.55658e+00	-2.32982e-03
3.79275e+05	1.26911e+09	1.77123e+00	2.83501e+00	8.19301e-03
2.74753e+04	1.26913e+09	2.43701e+00	1.23010e-01	-8.13573e-03
1.40705e+04	1.26915e+09	6.46714e-01	4.10331e+00	9.33312e-03
2.00790e+04	1.26917e+09	2.60531e+00	3.47021e+00	-8.18231e-03
1.61303e+05	1.26933e+09	2.81175e+00	2.18891e-01	1.20507e-03
2.59217e+05	1.26959e+09	1.74379e+00	1.75341e+00	-7.89504e-03
8.30922e+04	1.26967e+09	1.09867e+00	1.94108e+00	7.27162e-03
2.75234e+04	1.26970e+09	1.76443e+00	1.45855e-01	-7.19450e-03
5.30824e+04	1.26975e+09	1.24262e+00	6.08376e+00	2.59422e-03
2.76428e+04	1.26978e+09	1.02238e+00	4.90374e+00	4.36318e-03
1.06646e+04	1.26979e+09	8.02821e-01	3.50776e+00	3.96346e-03
1.68098e+04	1.26981e+09	2.76753e+00	6.05387e+00	-4.54483e-03
4.65960e+04	1.26985e+09	3.78369e-01	1.73014e+00	-6.36434e-03
6.04057e+04	1.26991e+09	5.56255e-01	9.47210e-01	-9.16565e-03
8.03015e+04	1.27000e+09	1.42985e+00	3.32057e+00	-9.39119e-03
2.51677e+04	1.27002e+09	4.11434e+00	5.45450e+00	4.41974e-03
2.30565e+04	1.27004e+09	2.46286e+00	6.44742e-01	3.88897e-03
2.06820e+04	1.27006e+09	1.36852e+00	4.14673e+00	7.63562e-03
1.35356e+04	1.27008e+09	3.63952e+00	7.85503e-01	-9.00843e-03
2.07949e+04	1.27010e+09	3.22973e+00	5.91661e+00	-9.95145e-03
1.41729e+04	1.27011e+09	1.43252e+00	8.70135e-01	-8.42524e-03
1.72720e+05	1.27029e+09	8.06885e-01	2.97968e+00	-2.16511e-03
2.55787e+04	1.27031e+09	1.80578e+00	1.15448e+00	-3.46454e-03
1.83884e+04	1.27033e+09	3.49167e-01	5.03826e-01	2.24962e-03
1.50305e+04	1.27034e+09	1.33238e+00	4.49781e+00	4.52177e-03
1.72689e+05	1.27052e+09	1.73364e+00	2.94189e+00	6.79999e-03
2.63875e+05	1.27078e+09	2.26207e+00	3.24016e+00	-1.88135e-03
2.78121e+04	1.27081e+09	1.69875e+00	1.60336e+00	-2.22544e-04
1.05354e+04	1.27082e+09	2.36411e+00	2.41055e+00	4.68306e-05
1.72629e+04	1.27084e+09	1.15268e+00	5.04281e+00	-6.28202e-03
1.16231e+05	1.27095e+09	1.12928e+00	5.72987e+00	-2.39105e-03
3.66272e+04	1.27099e+09	8.06510e-01	5.79041e+00	-7.04699e-03
1.45850e+05	1.27114e+09	2.21414e+00	5.51644e+00	-5.80807e-03
8.83823e+04	1.27122e+09	2.56593e-01	4.94592e+00	-7.52347e-03
1.36356e+04	1.27124e+09	1.77529e-01	2.23349e+00	8.14045e-03
1.17168e+04	1.27125e+09	6.94388e-01	2.70509e+00	-8.46115e-03
2.33995e+04	1.27127e+09	4.21917e-01	4.81581e+00	3.10572e-03
5.34221e+04	1.27133e+09	3.03314e+00	3.73553e+00	6.46145e-04
4.26603e+04	1.27137e+09	2.50214e-01	2.86882e-01	4.74353e-03
5.62702e+05	1.27193e+09	1.04722e+00	1.02056e+00	-5.64872e-03
1.01180e+04	1.27194e+09	1.10074e+00	5.02252e+00	1.55980e-03
5.13897e+05	1.27246e+09	7.81453e-01	3.59199e+00	8.63649e-04
1.76406e+05	1.27263e+09	1.17611e+00	2.62757e+00	3.27145e-03
1.06943e+04	1.27264e+09	9.08937e-01	2.54313e+00	-1.61013e-03
1.03603e+04	1.27265e+09	1.81957e+00	5.31004e+00	-7.25297e-03
1.10217e+04	1.27266e+09	2.46678e-01	2.62303e+00	-7.10172e-03
1.51424e+04	1.27268e+09	2.55449e+00	4.68958e+00	-1.68912e-03
1.67307e+04	1.27270e+09	1.34751e+00	6.26731e+00	2.64203e-03
2.96660e+04	1.27273e+09	3.00260e+00	5.02161e+00	-9.18837e-03
1.00566e+04	1.27274e+09	1.35932e+00	3.40594e+00	-3.22924e-03
2.47040e+05	1.27298e+09	1.74073e+00	3.74165e+00	-4.58963e-03
1.53987e+04	1.27300e+09	6.54454e-01	2.40616e+00	-7.13558e-03
1.55628e+04	1.27301e+09	1.97361e+00	2.90007e+00	4.38616e-04
1.98087e+04	1.27303e+09	1.08224e+00	1.54063e+00	7.15614e-03
1.45217e+04	1.27305e+09	1.03633e+00	3.88336e-01	-7.17325e-03
1.60329e+04	1.27306e+09	4.69463e-01	5.99177e+00	-4.48256e-03
2.97658e+04	1.27309e+09	4.85442e-01	2.04212e+00	8.15879e-03
1.99389e+04	1.27311e+09	1.96072e+00	3.59591e+00	9.59673e-03
1.48884e+04	1.27313e+09	2.33117e+00	2.02295e-01	2.74499e-03
1.36149e+04	1.27314e+09	6.25963e-01	2.95905e+00	-9.29087e-03
3.92108e+04	1.27318e+09	2.22512e+00	2.26298e+00	6.42148e-03
2.58226e+04	1.27321e+09	1.29213e+00	2.82954e+00	-5.03486e-03
9.48546e+05	1.27416e+09	2.71013e+00	4.63692e+00	-8.29339e-03
8.37752e+04	1.27424e+09	2.24185e-01	5.87287e+00	2.30103e-03
3.80695e+04	1.27428e+09	2.39742e-01	3.74285e-01	1.58116e-03
1.07934e+04	1.27429e+09	1.83828e+00	3.67570e+00	-9.29111e-03
2.65887e+04	1.27431e+09	1.50282e+00	4.76719e+00	6.96896e-03
1.21559e+04	1.27433e+09	2.64633e+00	4.14306e+00	9.83051e-04
1.53412e+04	1.27434e+09	4.09293e-01	3.87594e+00	4.85463e-03
2.28035e+04	1.27436e+09	7.31303e-01	9.42609e-01	2.36223e-03
4.55498e+04	1.27441e+09	3.78396e-01	6.15322e+00	-6.01138e-03
1.66671e+04	1.27443e+09	2.03189e+00	2.61400e+00	-1.10527e-03
2.32570e+04	1.27445e+09	1.95822e-01	1.76940e+00	-2.69614e-03
1.63838e+04	1.27447e+09	6.74784e-01	4.95917e+00	-8.91895e-03
2.22233e+04	1.27449e+09	2.71914e+00	8.59458e-01	2.21686e-03
1.01845e+05	1.27459e+09	1.92214e+00	1.59549e+00	8.15324e-03
1.82234e+05	1.27477e+09	1.69220e+00	3.79405e+00	5.36654e-03
4.27401e+04	1.27482e+09	6.54480e-01	2.94844e+00	6.04736e-03
1.68329e+04	1.27483e+09	4.06311e-01	1.90982e+00	-3.82768e-03
1.34339e+04	1.27485e+09	1.81816e+00	1.91178e-01	-3.24516e-03
1.20727e+04	1.27486e+09	9.28291e-01	3.03310e+00	-3.93434e-03
2.40118e+04	1.27488e+09	2.14626e+00	4.73552e+00	8.38208e-04
5.93493e+04	1.27494e+09	4.21199e+00	5.94861e-01	1.64628e-03
1.32473e+04	1.27495e+09	1.83027e+00	5.26639e+00	7.99939e-03
1.52106e+04	1.27497e+09	7.03425e-01	1.94621e+00	-1.04644e-03
1.79155e+04	1.27499e+09	2.03593e+00	4.14734e+00	3.73571e-03
1.22871e+04	1.27500e+09	1.30339e+00	1.26125e+00	-1.97086e-04
1.64764e+04	1.27502e+09	2.01852e+00	1.18197e+00	7.46760e-03
7.04594e+04	1.27509e+09	4.02160e-01	3.11935e-01	-9.60857e-03
1.65153e+04	1.27510e+09	3.20815e-01	5.03699e+00	1.27547e-03
2.48819e+04	1.27513e+09	1.05848e+00	2.23248e+00	8.32565e-03
3.94262e+04	1.27517e+09	3.17966e+00	3.22980e+00	2.15467e-03
1.56577e+04	1.27518e+09	7.53061e-01	2.03208e+00	1.93200e-03
4.99934e+04	1.27523e+09	3.44437e+00	4.32956e+00	9.92451e-03
3.19702e+04	1.27527e+09	2.65280e+00	4.29512e+00	2.06858e-03
3.06444e+04	1.27530e+09	1.65219e+00	1.39306e+00	9.67313e-03
4.81064e+04	1.27534e+09	4.24717e-01	4.69086e+00	-2.93687e-03
7.92311e+04	1.27542e+09	1.32771e+00	2.45799e+00	-9.43102e-03
2.14653e+04	1.27544e+09	1.39461e+00	3.45799e+00	-2.13741e-03
1.71227e+04	1.27546e+09	1.92544e+00	2.14815e+00	7.61151e-04
1.02131e+04	1.27547e+09	9.47383e-01	6.22585e+00	-3.61241e-03
3.28385e+04	1.27551e+09	2.89725e-01	2.83137e+00	5.18652e-03
1.36434e+04	1.27552e+09	8.16924e-01	3.41742e+00	4.29884e-03
8.49979e+05	1.27637e+09	2.91311e+00	2.32570e+00	7.74817e-03
1.04003e+04	1.27638e+09	2.15184e+00	5.32653e+00	-2.58630e-03
2.00939e+04	1.27640e+09	3.43622e-01	2.17581e+00	5.24552e-03
2.00149e+04	1.27642e+09	2.45934e+00	3.81549e+00	9.85521e-03
3.45001e+04	1.27645e+09	4.95294e-01	5.86457e+00	-5.71521e-03
2.21182e+04	1.27648e+09	2.71078e+00	1.58805e+00	8.17075e-03
1.03633e+04	1.27649e+09	1.73089e+00	2.68861e+00	4.07811e-03
1.18928e+04	1.27650e+09	3.62334e-01	5.26999e+00	5.79079e-03
1.06712e+04	1.27651e+09	2.45143e+00	6.93700e-01	8.11210e-03
6.44352e+04	1.27657e+09	8.60411e-01	2.72000e+00	-4.33578e-03
2.85284e+04	1.27660e+09	2.82728e+00	1.49201e+00	2.16850e-03
3.81705e+04	1.27664e+09	1.05757e+00	2.18518e+00	8.23543e-03
2.39286e+04	1.27666e+09	5.34027e-01	3.65305e-01	-9.81021e-03
1.23067e+04	1.27668e+09	2.36641e+00	1.53226e+00	3.29334e-03
1.06419e+04	1.27669e+09	9.56247e-01	6.57753e-01	8.51979e-03
2.16474e+04	1.27671e+09	4.86065e-01	3.26747e-01	2.79284e-03
4.66340e+04	1.27676e+09	1.10171e+00	3.90620e+00	5.01373e-03
1.08218e+04	1.27677e+09	3.83398e+00	1.18904e+00	2.42059e-03
1.11078e+04	1.27678e+09	4.47287e+00	4.21872e+00	-2.85570e-03
6.66173e+04	1.27684e+09	3.19152e-01	1.77263e+00	9.29571e-03
1.37274e+04	1.27686e+09	1.52239e+00	3.28526e+00	8.75298e-04
7.33372e+04	1.27693e+09	4.24607e-01	1.44037e-01	-2.48606e-04
4.16909e+04	1.27697e+09	3.40108e+00	7.66715e-02	6.21768e-03
1.35971e+04	1.27699e+09	9.84431e-01	1.43231e+00	-9.96159e-03
1.01014e+04	1.27700e+09	4.15902e+00	3.91145e+00	7.52437e-03
3.95429e+04	1.27704e+09	2.65991e+00	7.32438e-01	-6.22010e-03
1.97520e+04	1.27706e+09	6.78269e-01	5.49754e-01	1.05304e-03
1.29883e+04	1.27707e+09	5.16009e-01	4.86165e+00	-5.96459e-03
1.37187e+04	1.27708e+09	1.37230e+00	3.82908e+00	6.33270e-03
1.17846e+04	1.27709e+09	1.83191e+00	3.23899e-01	7.29021e-03
1.06777e+04	1.27710e+09	2.58176e+00	8.66545e-01	7.83501e-03
1.03862e+04	1.27711e+09	1.23987e+00	5.43928e+00	9.97626e-03
1.02729e+04	1.27713e+09	1.98319e+00	1.29774e+00	-5.71495e-03
7.31874e+04	1.27720e+09	2.00853e+00	5.01850e+00	-9.40508e-03
1.20759e+04	1.27721e+09	2.07839e+00	5.88933e+00	-4.03846e-03
1.47422e+05	1.27736e+09	6.82871e-01	1.67935e+00	3.21506e-03
1.15360e+04	1.27737e+09	7.18464e-01	6.15712e-01	-8.63903e-03
4.79901e+04	1.27742e+09	1.30561e+00	5.17397e+00	-2.74546e-04
1.43622e+04	1.27743e+09	9.11827e-01	3.55997e+00	5.98169e-03
1.67671e+04	1.27745e+09	4.23140e+00	1.84384e+00	4.78579e-04
6.37055e+05	1.27809e+09	3.07481e+00	1.43135e+00	-6.34912e-03
3.29360e+04	1.27812e+09	1.20352e+00	4.62371e-02	3.21160e-03
3.99489e+04	1.27816e+09	2.35366e+00	1.25667e+00	-5.41867e-03
1.71740e+04	1.27818e+09	1.78818e-01	2.66584e+00	5.43319e-04
1.29369e+04	1.27819e+09	9.72443e-01	4.21597e+00	2.07924e-03
2.11168e+04	1.27821e+09	3.97349e-01	6.28305e+00	-8.03003e-03
3.39080e+04	1.27824e+09	3.65027e+00	5.36408e+00	1.19548e-03
1.02991e+04	1.27825e+09	3.70893e-02	4.91616e+00	4.84088e-03
2.65920e+05	1.27852e+09	1.82138e+00	6.25460e+00	-3.10426e-04
1.22944e+04	1.27853e+09	9.32268e-01	4.95536e+00	-7.79070e-03
1.89034e+04	1.27855e+09	1.10285e+00	2.59184e+00	8.44301e-03
1.00356e+04	1.27856e+09	5.98923e-01	3.03614e+00	7.19944e-03
3.51892e+05	1.27891e+09	7.03159e-01	4.51722e+00	5.91029e-03
1.07693e+04	1.27892e+09	1.79319e-01	4.91563e+00	-1.11706e-03
3.27097e+04	1.27896e+09	3.24305e-01	3.36916e+00	6.48974e-03
5.94867e+04	1.27902e+09	3.44589e+00	3.47852e+00	-1.80007e-03
7.93925e+04	1.27910e+09	7.30568e-01	1.76454e+00	8.17930e-03
5.17547e+04	1.27915e+09	7.50020e-01	4.92298e+00	-3.52383e-03
3.88676e+04	1.27919e+09	1.46266e+00	6.13498e+00	7.29776e-03
3.55355e+04	1.27922e+09	1.95191e+00	3.49993e+00	5.21247e-03
1.13868e+04	1.27923e+09	5.27323e-01	1.28766e+00	-5.05273e-03
4.87934e+04	1.27928e+09	3.87917e-01	5.30924e+00	-2.77850e-04
1.32713e+04	1.27929e+09	2.26810e-01	5.04129e+00	-5.00506e-03
2.66768e+04	1.27932e+09	9.68201e-01	4.80369e+00	5.41511e-03
3.43595e+04	1.27936e+09	1.18115e+00	1.10217e+00	3.32470e-04
2.17444e+04	1.27938e+09	1.30761e+00	2.15301e+00	-3.20710e-03
2.10272e+04	1.27940e+09	9.03117e-01	4.04810e+00	-2.50550e-03
1.07377e+04	1.27941e+09	2.36870e+00	6.44560e-01	-9.70477e-03
1.93963e+04	1.27943e+09	1.56328e+00	3.24152e-01	4.00121e-03
6.88878e+04	1.27950e+09	1.25093e+00	5.93317e+00	-5.74042e-03
4.90300e+04	1.27955e+09	2.73157e+00	5.87512e-01	-7.19411e-03
1.50214e+04	1.27956e+09	1.17012e+00	4.11984e+00	-7.56004e-06
1.96302e+04	1.27958e+09	1.44893e+00	1.17412e+00	-4.52214e-03
1.07670e+05	1.27969e+09	3.75257e+00	3.32956e+00	-7.01991e-03
1.14762e+04	1.27970e+09	9.16745e-01	1.13591e-01	-8.04732e-03
1.34969e+04	1.27971e+09	2.03103e-01	5.75902e+00	-3.95050e-03
1.39587e+05	1.27985e+09	9.10223e-01	5.25550e+00	-3.96664e-03
4.02404e+04	1.27989e+09	3.46499e-01	2.39029e+00	-4.89966e-03
4.71227e+04	1.27994e+09	2.02936e+00	3.32440e+00	5.58271e-04
1.18170e+05	1.28006e+09	6.30919e-01	3.08919e+00	-2.79404e-04
6.04702e+04	1.28012e+09	2.88332e+00	5.76909e+00	9.22802e-03
1.25842e+04	1.28013e+09	3.70212e-01	5.23687e+00	7.07041e-03
3.85045e+04	1.28017e+09	1.62069e+00	3.85434e+00	6.27552e-03
8.13685e+04	1.28025e+09	1.21371e+00	9.45319e-01	-7.86259e-03
1.61170e+05	1.28041e+09	2.89201e+00	5.41553e+00	3.46624e-03
1.07383e+04	1.28042e+09	9.69514e-01	3.98190e+00	-3.05200e-04
5.61644e+04	1.28048e+09	4.42046e-01	5.13397e-01	-4.07126e-04
2.69674e+04	1.28051e+09	1.32972e+00	5.98645e+00	-9.24188e-03
1.50039e+05	1.28066e+09	2.21255e+00	2.03970e+00	-1.94015e-03
2.54587e+04	1.28068e+09	2.21221e+00	1.38012e+00	-3.03500e-03
4.78828e+04	1.28073e+09	1.97848e+00	2.62872e+00	-9.65876e-03
8.41390e+04	1.28081e+09	3.47581e+00	1.24332e+00	-9.51064e-03
2.04024e+04	1.28084e+09	3.50547e-01	2.11171e+00	1.91711e-03
1.61536e+04	1.28085e+09	3.04795e+00	9.34340e-01	1.76238e-03
1.28527e+04	1.28086e+09	2.10678e+00	5.01772e+00	-4.33099e-03
1.51704e+04	1.28088e+09	2.50760e+00	5.78756e+00	-1.83414e-03
7.49302e+04	1.28095e+09	3.35274e+00	4.75726e+00	-3.78975e-03
1.71548e+04	1.28097e+09	2.37051e+00	4.03088e+00	-7.96242e-03
1.60992e+05	1.28113e+09	1.15790e+00	4.57019e+00	8.60411e-03
1.92732e+04	1.28115e+09	1.85074e+00	4.97105e+00	-4.25187e-03
1.26642e+04	1.28116e+09	7.74839e-01	4.55539e+00	-6.51216e-03
1.69021e+04	1.28118e+09	1.33768e+00	1.89355e+00	-9.09766e-03
7.80448e+04	1.28126e+09	9.49126e-01	3.38091e+00	4.29796e-03
6.66929e+04	1.28133e+09	4.99999e-01	3.42753e+00	2.72247e-03
2.87397e+04	1.28135e+09	6.98668e-01	1.00724e+00	8.90881e-04
1.26890e+04	1.28137e+09	1.43089e+00	1.95437e+00	-8.25484e-03
2.87012e+04	1.28140e+09	1.65033e+00	3.06784e+00	-2.96818e-03
1.47464e+05	1.28154e+09	1.70297e+00	5.15687e+00	-1.84385e-03
5.22720e+04	1.28160e+09	7.59721e-01	4.02112e+00	-7.00563e-03
2.06565e+04	1.28162e+09	1.48002e+00	1.00085e+00	7.55571e-04
1.41699e+05	1.28176e+09	1.11378e+00	4.36133e+00	-1.51211e-03
1.82421e+04	1.28178e+09	5.82197e-01	1.84764e+00	-4.60616e-03
6.35823e+04	1.28184e+09	2.21530e+00	5.48793e-02	5.72537e-03
2.15678e+04	1.28186e+09	9.76047e-01	4.95014e+00	6.03340e-03
3.18459e+04	1.28189e+09	1.63341e+00	1.53748e+00	-1.02606e-03
4.47317e+04	1.28194e+09	1.25919e+00	5.50687e+00	-9.94669e-03
1.09789e+05	1.28205e+09	1.91082e+00	4.55260e+00	-6.84582e-03
2.04060e+04	1.28207e+09	6.19284e-01	3.86405e+00	-6.22866e-03
2.29549e+04	1.28209e+09	1.26057e+00	1.19616e+00	-3.66501e-03
1.21672e+04	1.28210e+09	1.38405e+00	4.81583e+00	-6.79458e-03
4.34160e+05	1.28254e+09	1.03723e+00	4.07091e+00	4.66607e-03
1.77608e+04	1.28256e+09	1.53948e+00	9.13546e-01	1.58604e-03
1.21440e+04	1.28257e+09	6.22294e-01	4.10271e+00	8.55967e-04
1.15012e+04	1.28258e+09	2.67119e+00	9.61109e-01	2.64085e-03
1.02176e+04	1.28259e+09	2.82306e+00	5.60186e+00	1.77986e-03
2.59896e+04	1.28262e+09	1.90299e+00	3.25168e+00	4.80413e-03
8.70379e+04	1.28270e+09	3.79748e+00	5.21244e+00	3.20635e-03
3.15860e+04	1.28273e+09	9.87778e-01	1.45860e+00	-9.23766e-04
1.01468e+04	1.28274e+09	2.98406e+00	1.21063e+00	6.28216e-03
1.71813e+04	1.28276e+09	1.85215e+00	3.58192e-01	1.88711e-03
1.79748e+04	1.28278e+09	1.10165e+00	3.01968e+00	-5.52047e-04
1.03248e+04	1.28279e+09	1.70173e-01	3.29969e+00	-3.35636e-03
1.08251e+04	1.28280e+09	7.29539e-01	1.71705e+00	6.80646e-03
2.18255e+04	1.28282e+09	2.84654e+00	4.60491e+00	6.42854e-03
4.93196e+05	1.28332e+09	6.06313e-01	2.17067e+00	1.42301e-04
3.83285e+04	1.28335e+09	1.99178e+00	6.06912e-01	-5.68310e-03
1.76775e+04	1.28337e+09	3.00644e+00	5.29466e+00	3.42101e-03
1.22336e+04	1.28338e+09	1.64036e+00	3.84154e+00	8.01178e-03
1.74334e+04	1.28340e+09	1.63429e+00	9.85956e-01	1.02193e-03
1.56689e+04	1.28342e+09	1.59708e+00	4.17435e+00	5.53977e-03
1.31811e+04	1.28343e+09	8.36998e-01	9.21159e-02	-7.02739e-03
1.18467e+04	1.28344e+09	2.34705e+00	5.15741e+00	-8.69097e-03
1.81698e+05	1.28362e+09	5.29791e-01	5.93589e+00	9.02258e-03
1.53373e+04	1.28364e+09	1.38741e+00	2.99517e+00	-1.02619e-04
4.89601e+04	1.28369e+09	1.62143e+00	2.86344e+00	9.97761e-03
2.47837e+04	1.28371e+09	2.00753e+00	5.69060e-01	-8.13677e-03
2.12660e+04	1.28373e+09	1.21116e+00	5.54838e+00	3.75423e-03
1.13556e+04	1.28375e+09	1.21285e+00	5.13247e-01	-5.01446e-03
1.12959e+04	1.28376e+09	3.95101e-01	1.98552e+00	2.85217e-03
1.12929e+04	1.28377e+09	5.90144e-01	3.26978e+00	-5.58527e-03
1.49372e+04	1.28378e+09	2.11072e+00	1.39027e+00	-3.53435e-03
3.91341e+04	1.28382e+09	1.90926e+00	1.07647e+00	7.34663e-03
3.07124e+05	1.28413e+09	9.36460e-01	3.21105e+00	2.50026e-03
2.65964e+04	1.28416e+09	7.77794e-01	4.86100e+00	-2.61093e-03
1.35412e+04	1.28417e+09	3.01506e-01	2.61548e+00	-3.77087e-03
4.56399e+04	1.28421e+09	1.57406e+00	5.27685e+00	-8.63574e-03
3.87948e+05	1.28460e+09	1.30487e+00	2.19247e+00	1.39165e-04
5.79021e+04	1.28466e+09	3.18148e-01	2.47481e+00	-9.11720e-03
1.10812e+04	1.28467e+09	2.51809e+00	1.00761e+00	8.81323e-03
1.61220e+04	1.28469e+09	7.98330e-01	4.81312e+00	-1.74491e-03
5.06197e+04	1.28474e+09	2.46670e+00	9.67886e-01	6.21350e-03
2.71998e+04	1.28477e+09	1.20579e+00	4.62042e+00	4.66142e-03
4.35512e+04	1.28481e+09	2.15086e+00	4.01406e+00	3.93784e-03
8.19270e+04	1.28489e+09	3.35848e-01	3.46780e+00	-5.27534e-03
2.58833e+05	1.28515e+09	3.90079e+00	5.63669e+00	-3.59978e-03
1.41689e+04	1.28516e+09	1.89817e+00	3.73471e+00	1.85075e-04
3.03363e+05	1.28547e+09	1.27790e+00	1.69275e-01	2.59134e-03
1.07935e+05	1.28558e+09	1.59341e+00	4.68134e+00	6.51433e-03
1.38890e+04	1.28559e+09	6.36854e-01	6.12405e+00	-8.41098e-03
2.30847e+04	1.28561e+09	4.57713e-01	2.45567e+00	-3.10163e-04
1.30306e+04	1.28563e+09	9.76307e-01	1.95974e+00	-7.29089e-03
5.87386e+04	1.28568e+09	1.02401e+00	2.28079e+00	4.97965e-03
1.46809e+04	1.28570e+09	1.76815e-01	3.20691e+00	-8.51122e-03
1.31847e+04	1.28571e+09	9.06957e-01	4.09125e+00	5.06565e-03
1.97706e+04	1.28573e+09	4.37452e+00	6.05601e+00	2.47958e-03
2.49382e+04	1.28576e+09	3.51345e+00	2.51758e+00	-5.48498e-03
1.02639e+04	1.28577e+09	4.26657e+00	4.32682e+00	6.94324e-03
1.26119e+05	1.28589e+09	2.26835e+00	1.69615e+00	-5.30233e-04
1.49510e+04	1.28591e+09	1.28924e+00	5.44726e+00	9.04635e-03
4.08044e+04	1.28595e+09	2.25668e+00	3.75190e-01	2.78186e-03
2.43776e+04	1.28597e+09	1.50799e+00	1.75848e+00	7.79389e-03
3.13353e+04	1.28600e+09	1.86461e+00	9.38102e-01	6.78320e-03
2.34575e+05	1.28624e+09	1.53809e+00	1.96513e+00	-6.74113e-03
1.23847e+04	1.28625e+09	4.69506e-01	5.25765e+00	-4.74410e-03
3.12960e+04	1.28628e+09	2.84413e+00	5.86060e+00	-6.57968e-03
2.24174e+04	1.28631e+09	1.00848e+00	5.83047e+00	9.25133e-03
8.15639e+04	1.28639e+09	1.75518e+00	9.80431e-01	9.28711e-03
1.96530e+04	1.28641e+09	1.27168e+00	6.25534e+00	-3.61499e-03
1.36260e+04	1.28642e+09	5.13621e-01	5.32157e+00	5.73487e-03
5.84412e+04	1.28648e+09	2.00090e+00	2.92900e+00	-6.12730e-03
2.36747e+04	1.28650e+09	3.80808e+00	3.03352e+00	-8.06217e-03
1.06314e+04	1.28651e+09	3.05489e+00	3.44928e+00	9.08041e-03
2.00515e+04	1.28653e+09	9.75083e-02	3.40441e+00	-6.15060e-03
1.06349e+04	1.28654e+09	1.53449e+00	2.45560e+00	-9.45925e-03
1.16788e+04	1.28656e+09	1.33237e+00	5.85374e+00	1.52426e-03
1.31343e+05	1.28669e+09	1.97008e+00	5.42672e+00	-5.71032e-03
1.93341e+04	1.28671e+09	6.70559e-01	4.17407e+00	6.18061e-03
1.41248e+04	1.28672e+09	1.95793e+00	5.21949e-01	1.57702e-03
2.36548e+05	1.28696e+09	2.84840e+00	5.61920e+00	2.69467e-04
2.32992e+04	1.28698e+09	6.37512e-01	4.74981e+00	-7.87191e-03
1.08989e+05	1.28709e+09	1.44142e+00	5.01102e+00	-7.51163e-03
1.15224e+04	1.28710e+09	2.82100e-01	8.00762e-01	3.01345e-03
2.05057e+04	1.28712e+09	3.33135e+00	4.85038e+00	-4.88367e-03
6.63387e+04	1.28719e+09	2.69736e+00	4.71445e+00	5.28638e-04
2.23093e+04	1.28721e+09	2.18771e-01	5.97153e-01	-5.79657e-03
1.30351e+04	1.28722e+09	2.03421e+00	4.85230e+00	-4.06911e-03
1.81412e+04	1.28724e+09	8.69440e-01	3.65646e+00	-6.27919e-03
2.72148e+05	1.28751e+09	4.07087e-01	5.00145e+00	-8.28459e-03
1.13305e+04	1.28752e+09	2.93940e-01	5.88906e+00	-9.02300e-03
2.82258e+04	1.28755e+09	1.97655e+00	5.64573e+00	-4.32493e-03
1.73014e+04	1.28757e+09	1.67993e+00	3.44929e+00	-7.05723e-03
6.34630e+04	1.28763e+09	1.39970e+00	1.71183e+00	-4.34383e-03
1.36502e+04	1.28765e+09	1.18286e+00	2.18998e+00	-3.77734e-03
1.43105e+04	1.28766e+09	5.73750e-02	1.05582e+00	-9.13804e-03
1.57155e+04	1.28768e+09	2.33108e+00	6.21053e+00	9.99810e-03
1.89713e+04	1.28770e+09	9.83294e-01	2.98473e+00	9.69278e-03
1.13193e+04	1.28771e+09	1.70700e+00	4.31712e+00	-9.31639e-03
1.11635e+04	1.28772e+09	8.52889e-01	5.23746e+00	-1.68327e-03
1.05761e+05	1.28782e+09	1.83756e+00	4.67956e+00	9.93348e-05
8.33061e+04	1.28791e+09	4.83922e-01	1.22823e+00	2.95785e-03
1.79239e+04	1.28793e+09	2.87766e+00	1.92519e+00	7.97216e-03
1.38062e+04	1.28794e+09	1.42391e+00	1.31034e+00	-6.64154e-03
1.06800e+04	1.28795e+09	2.92466e+00	6.03712e+00	-1.38148e-03
3.42792e+04	1.28798e+09	3.33179e+00	6.08006e+00	8.46147e-03
2.38684e+04	1.28801e+09	1.20510e+00	3.50220e+00	-1.81996e-03
7.24220e+04	1.28808e+09	1.74703e+00	2.25115e-01	3.07561e-03
1.36904e+04	1.28809e+09	3.16202e+00	1.14607e+00	6.68345e-03
1.28741e+04	1.28811e+09	8.37124e-01	3.86797e+00	3.00834e-03
3.84413e+04	1.28815e+09	1.25377e+00	4.56137e+00	1.90114e-03
3.06791e+04	1.28818e+09	3.98829e-01	5.75613e+00	6.85985e-03
4.73211e+04	1.28822e+09	2.21851e+00	4.49839e+00	-9.47583e-03
6.60382e+05	1.28888e+09	6.44081e-01	7.40014e-01	-1.10288e-03
1.40432e+04	1.28890e+09	8.40845e-01	4.37151e+00	-8.65562e-03
2.92419e+04	1.28893e+09	2.00117e+00	2.73285e+00	-1.52840e-03
3.10692e+05	1.28924e+09	1.42338e+00	2.85946e+00	-7.67222e-03
1.17820e+04	1.28925e+09	3.46392e+00	2.39944e+00	-8.60211e-04
5.04905e+04	1.28930e+09	2.56181e+00	1.56815e+00	-4.19312e-03
8.03189e+04	1.28938e+09	1.12197e+00	3.12650e+00	-7.21187e-04
1.65712e+04	1.28940e+09	2.56210e+00	5.99105e+00	9.14124e-03
2.45729e+04	1.28942e+09	5.40426e-01	4.08575e+00	-6.24835e-03
1.13097e+04	1.28943e+09	7.70131e-01	2.10437e+00	-5.19627e-03
3.11189e+04	1.28946e+09	1.17896e+00	4.66385e+00	3.76246e-03
1.02011e+04	1.28947e+09	2.07293e+00	1.63943e+00	-2.99940e-03
1.09145e+04	1.28948e+09	9.23855e-01	1.87856e+00	2.58484e-03
6.61449e+04	1.28955e+09	3.84664e+00	5.15978e+00	-7.10075e-03
2.02402e+04	1.28957e+09	5.45616e-01	4.53723e+00	4.54793e-03
1.94501e+04	1.28959e+09	1.42605e+00	4.39877e-01	5.84985e-03
9.38462e+04	1.28968e+09	2.20616e+00	6.26649e+00	-8.34341e-03
1.47565e+04	1.28970e+09	4.27681e-01	1.73857e+00	-7.64073e-03
2.34354e+04	1.28972e+09	1.58422e+00	5.04881e+00	-9.54697e-03
1.44168e+04	1.28974e+09	1.36048e+00	2.06419e+00	2.03582e-03
4.13842e+04	1.28978e+09	9.53616e-01	2.72743e+00	3.37806e-03
1.01196e+04	1.28979e+09	6.93917e-01	2.26321e+00	-2.17313e-03
1.07590e+04	1.28980e+09	1.37200e+00	1.78832e+00	-4.11458e-03
1.32791e+04	1.28981e+09	1.31772e+00	2.24241e+00	7.31287e-03
2.47271e+04	1.28984e+09	2.75355e+00	4.60117e+00	-4.15419e-03
1.01141e+04	1.28985e+09	2.22505e+00	2.96181e+00	8.52342e-03
6.87924e+04	1.28992e+09	1.01768e+00	5.66811e-01	-5.70910e-03
3.19080e+04	1.28995e+09	1.54444e+00	6.20997e-01	5.40638e-03
1.20152e+04	1.28996e+09	3.76706e-01	2.91107e-01	-8.16983e-03
1.00623e+05	1.29006e+09	1.79061e+00	1.28198e+00	-6.75012e-03
1.81138e+04	1.29008e+09	7.22631e-01	1.03113e+00	-8.74642e-04
3.87280e+04	1.29012e+09	2.37427e+00	4.78306e+00	5.03570e-03
2.62944e+04	1.29014e+09	5.73388e-01	2.08455e+00	7.24110e-03
4.16024e+04	1.29019e+09	9.42037e-01	2.65029e+00	4.63038e-03
3.22259e+04	1.29022e+09	1.47510e+00	1.37896e+00	-1.03907e-03
1.39163e+04	1.29023e+09	2.73042e+00	4.67034e+00	-8.04226e-03
1.29906e+05	1.29036e+09	2.58571e+00	4.42972e+00	8.21518e-04
1.32002e+05	1.29049e+09	2.81078e+00	1.98365e+00	-9.60178e-03
4.81449e+04	1.29054e+09	2.94437e-01	2.14706e+00	-1.86881e-03
6.42937e+04	1.29061e+09	9.70489e-01	1.05270e+00	8.40124e-03
2.83742e+04	1.29063e+09	2.79684e+00	4.71585e+00	2.85869e-04
2.16426e+04	1.29066e+09	5.94640e-01	1.10346e+00	3.39901e-03
1.00987e+04	1.29067e+09	5.24219e-01	7.94753e-01	9.30146e-03
1.44499e+04	1.29068e+09	9.41973e-02	1.83490e+00	-8.21746e-04
1.18432e+04	1.29069e+09	1.66232e-01	3.53871e+00	5.02518e-03
3.07352e+04	1.29072e+09	9.91954e-01	3.04742e+00	3.96668e-03
1.23921e+04	1.29074e+09	1.09300e+00	4.64950e+00	8.81277e-03
3.72974e+04	1.29077e+09	1.00417e+00	4.52408e+00	-8.89500e-03
5.33843e+04	1.29083e+09	1.20480e+00	3.98504e+00	7.00096e-04
1.90481e+04	1.29085e+09	8.33004e-01	4.33643e+00	3.70039e-03
3.31098e+04	1.29088e+09	4.77084e-01	2.17387e+00	-8.51081e-03
1.94598e+04	1.29090e+09	2.18444e+00	1.74427e+00	-8.06811e-03
1.03767e+04	1.29091e+09	1.07939e+00	3.48015e+00	4.33023e-03
1.54885e+04	1.29092e+09	1.49198e+00	2.49405e-01	-2.60562e-03
2.48252e+04	1.29095e+09	8.22464e-01	5.34785e+00	-8.32653e-03
2.46613e+04	1.29097e+09	1.76348e+00	4.67720e+00	-3.21628e-03
1.02504e+05	1.29108e+09	1.35836e+00	3.76948e+00	2.54347e-03
8.80137e+04	1.29116e+09	6.94775e-01	2.39332e+00	6.99896e-03
3.74365e+04	1.29120e+09	6.41511e-01	4.25275e+00	5.28306e-03
5.62544e+05	1.29176e+09	1.39436e+00	5.97065e+00	-1.39867e-04
4.34184e+04	1.29181e+09	2.54711e+00	1.32978e+00	1.47236e-03
3.04367e+04	1.29184e+09	2.58464e+00	9.70151e-01	3.24257e-03
1.22339e+04	1.29185e+09	7.99123e-01	1.73308e+00	6.94850e-03
1.31925e+04	1.29186e+09	5.18579e-01	6.20391e+00	-5.42671e-03
1.93530e+04	1.29188e+09	1.03642e+00	7.86973e-01	6.58759e-04
6.43336e+04	1.29195e+09	1.03024e+00	4.07902e+00	-1.59744e-03
1.08221e+04	1.29196e+09	1.59682e+00	2.49203e+00	-4.81225e-03
1.81420e+04	1.29198e+09	8.83927e-01	3.57433e+00	7.37257e-03
1.75534e+04	1.29199e+09	2.36507e+00	1.85425e+00	3.88559e-03
3.54537e+05	1.29235e+09	2.25068e+00	4.85158e+00	6.19991e-04
8.99386e+04	1.29244e+09	1.09235e+00	1.80439e+00	-8.58511e-03
2.93037e+04	1.29247e+09	1.87930e+00	1.96497e+00	-9.87005e-03
4.55324e+04	1.29251e+09	3.50308e+00	2.27163e+00	4.15828e-04
2.70379e+04	1.29254e+09	3.03807e+00	4.52716e+00	4.83539e-03
1.93970e+04	1.29256e+09	1.43538e+00	1.06365e+00	2.70204e-04
5.56362e+04	1.29261e+09	1.55100e+00	5.49631e+00	8.43070e-03
1.68517e+04	1.29263e+09	8.80819e-01	3.63907e+00	3.77471e-03
1.32452e+04	1.29264e+09	2.22578e+00	3.14128e+00	-9.41031e-03
1.12173e+04	1.29266e+09	2.34383e+00	4.50321e+00	6.36338e-03
5.92220e+05	1.29325e+09	7.98311e-01	2.39318e+00	-9.80786e-03
4.72385e+04	1.29330e+09	1.24867e+00	2.64007e+00	9.84955e-03
6.62655e+04	1.29336e+09	3.84545e-01	6.82364e-02	6.63095e-03
2.12467e+05	1.29357e+09	4.71384e-01	1.45411e+00	-4.83634e-03
2.08950e+04	1.29360e+09	3.10297e+00	5.28058e-01	-3.44639e-03
1.13359e+04	1.29361e+09	3.33032e+00	2.31051e+00	9.71126e-03
1.15951e+04	1.29362e+09	2.71259e-01	2.01492e+00	-1.55680e-03
1.09330e+04	1.29363e+09	1.77071e+00	9.03486e-02	8.00981e-03
1.89238e+04	1.29365e+09	2.22556e+00	5.90167e+00	-3.01280e-03
1.28504e+04	1.29366e+09	1.17466e+00	1.84468e+00	4.97130e-03
1.53947e+04	1.29368e+09	1.45266e+00	1.70781e+00	-3.65118e-03
7.21539e+04	1.29375e+09	1.02587e+00	8.43468e-02	-5.54904e-04
2.30921e+04	1.29377e+09	9.14687e-01	4.19613e+00	-9.04738e-03
1.22721e+04	1.29378e+09	3.90474e+00	5.15416e+00	-3.16005e-03
3.73335e+04	1.29382e+09	2.24271e+00	1.62798e+00	-6.19162e-04
1.43829e+04	1.29384e+09	1.32371e+00	3.85138e+00	-9.46788e-03
3.62644e+04	1.29387e+09	4.62010e-01	2.00134e-01	7.13198e-03
1.62120e+04	1.29389e+09	3.15148e+00	4.29594e+00	-1.30342e-03
1.02308e+04	1.29390e+09	1.35714e+00	1.81657e+00	1.84342e-03
3.54567e+04	1.29393e+09	9.04631e-01	1.13060e+00	-2.73111e-03
2.21448e+04	1.29396e+09	7.48349e-01	5.22555e+00	1.73342e-03
1.32302e+04	1.29397e+09	1.04749e+00	2.76910e+00	6.55179e-03
2.36396e+04	1.29399e+09	1.06275e+00	3.02072e+00	-7.11039e-03
1.31381e+04	1.29401e+09	1.49932e+00	4.63285e+00	-7.77549e-03
5.21068e+04	1.29406e+09	4.92558e-01	3.96969e-01	7.44565e-03
1.03152e+04	1.29407e+09	1.49573e+00	1.96954e+00	-7.31088e-03
1.98026e+04	1.29409e+09	5.15330e-01	3.90502e+00	7.67690e-03
2.37660e+04	1.29411e+09	1.62233e+00	5.93473e+00	8.45508e-03
1.17291e+04	1.29412e+09	2.26344e+00	4.23905e+00	8.58342e-04
2.00888e+04	1.29414e+09	1.34093e+00	5.97944e+00	-6.85778e-03
1.51531e+05	1.29429e+09	1.90459e+00	5.47118e+00	-5.17217e-03
3.69393e+04	1.29433e+09	1.01739e-01	1.27550e+00	-1.90142e-03
1.53978e+04	1.29435e+09	2.00986e+00	2.86101e+00	5.05249e-03
1.01750e+04	1.29436e+09	1.71676e+00	4.17217e+00	-3.60072e-03
2.25163e+04	1.29438e+09	2.13495e+00	2.17197e+00	3.12319e-03
5.94520e+05	1.29497e+09	2.11791e+00	3.68315e+00	2.06730e-03
1.72276e+04	1.29499e+09	7.28586e-01	4.06935e-01	-5.65181e-03
3.48015e+04	1.29503e+09	8.37954e-01	3.23081e+00	-1.15751e-03
3.37215e+04	1.29506e+09	2.91513e+00	3.69759e-01	9.79603e-03
1.93415e+04	1.29508e+09	1.35291e+00	6.20242e+00	6.14688e-03
5.60043e+04	1.29514e+09	1.14240e+00	3.93401e+00	-5.58881e-03
2.15955e+04	1.29516e+09	3.42652e+00	3.49623e+00	-2.14148e-03
1.76519e+05	1.29533e+09	2.49189e+00	3.90690e+00	2.91894e-03
5.31765e+04	1.29539e+09	2.50716e+00	6.16302e+00	4.64600e-03
2.02127e+05	1.29559e+09	2.61660e-01	1.91412e+00	-8.77371e-04
2.15635e+04	1.29561e+09	3.43756e-01	1.21478e+00	3.73480e-03
1.93981e+04	1.29563e+09	1.04867e+00	2.19454e+00	-7.64216e-03
2.54004e+04	1.29566e+09	1.29926e+00	3.88059e-01	2.41526e-03
3.47253e+04	1.29569e+09	4.02724e+00	6.19372e-01	-3.40999e-03
4.09125e+04	1.29573e+09	2.74419e+00	6.12639e+00	7.53862e-03
1.26900e+05	1.29586e+09	2.47848e+00	1.70338e+00	3.50667e-03
1.15403e+04	1.29587e+09	3.27303e-01	1.97983e+00	-3.86171e-03
2.93948e+04	1.29590e+09	1.87751e+00	5.45023e+00	1.39750e-03
1.52102e+04	1.29591e+09	1.45009e+00	2.78706e+00	-6.73779e-04
4.25941e+04	1.29596e+09	1.30888e+00	2.48537e+00	6.86416e-03
1.94902e+04	1.29598e+09	1.06800e+00	1.42687e+00	6.95619e-03
4.19906e+04	1.29602e+09	8.66576e-01	1.93677e+00	-5.41621e-03
2.81091e+04	1.29605e+09	1.26752e+00	2.66861e+00	-8.33107e-03
2.22421e+04	1.29607e+09	6.31540e-01	3.31883e+00	-7.56548e-03
1.37454e+04	1.29608e+09	3.20594e+00	3.00752e+00	1.76857e-03
1.21066e+04	1.29609e+09	2.06454e+00	4.03205e+00	-2.08212e-03
1.16650e+04	1.29611e+09	1.01079e+00	1.56757e+00	-5.61056e-03
1.36977e+04	1.29612e+09	7.62699e-01	1.58269e+00	8.79739e-03
1.81573e+04	1.29614e+09	2.98168e+00	2.25466e+00	6.75358e-04
1.27169e+04	1.29615e+09	1.34041e+00	8.31356e-01	-6.56900e-03
5.55880e+05	1.29671e+09	2.08572e+00	1.73267e+00	-2.44723e-03
2.04381e+04	1.29673e+09	3.51323e-01	3.43499e-01	1.65163e-03
1.26908e+04	1.29674e+09	1.99607e+00	4.68749e+00	3.55788e-03
1.81208e+04	1.29676e+09	1.35283e+00	4.15490e+00	-6.03685e-04
1.40800e+04	1.29677e+09	4.05605e-01	4.71599e+00	9.93021e-03
1.08708e+04	1.29678e+09	8.70631e-01	3.87897e+00	7.75980e-03
1.42044e+04	1.29680e+09	6.97099e-01	1.65038e+00	-5.15058e-03
1.07136e+04	1.29681e+09	1.02850e+00	1.99054e+00	5.59153e-03
4.71631e+05	1.29728e+09	1.33974e+00	3.47543e+00	-6.76831e-03
1.52657e+04	1.29729e+09	2.77595e+00	7.54359e-01	-7.90806e-03
1.99709e+04	1.29731e+09	4.35396e-01	8.13733e-01	-7.04667e-03
1.03016e+04	1.29732e+09	9.55306e-01	4.11798e+00	-2.70430e-03
1.04837e+04	1.29734e+09	1.91454e+00	3.52897e-01	1.99753e-03
1.03182e+04	1.29735e+09	3.11080e+00	2.75114e+00	-5.76178e-04
1.10860e+04	1.29736e+09	1.36183e+00	3.41555e-01	-2.64283e-03
1.88977e+04	1.29738e+09	8.05462e-01	3.33923e+00	9.04767e-03
1.19454e+04	1.29739e+09	1.00646e+00	5.00825e+00	7.22725e-03
4.40144e+04	1.29743e+09	8.47618e-01	1.18362e+00	-6.00326e-03
2.02280e+04	1.29745e+09	4.43892e-01	4.52929e+00	3.06450e-03
3.66889e+04	1.29749e+09	6.94211e-01	3.10656e+00	6.40101e-03
2.84243e+04	1.29752e+09	2.84795e+00	1.37340e+00	-3.04804e-03
5.86117e+04	1.29758e+09	1.94656e+00	2.10178e+00	9.64655e-03
5.59282e+04	1.29763e+09	3.28024e+00	5.35937e+00	-7.60612e-03
1.06179e+04	1.29764e+09	3.27860e-01	4.63421e+00	-5.00594e-03
1.69219e+04	1.29766e+09	4.04094e-01	4.66337e+00	2.82811e-03
1.14949e+04	1.29767e+09	1.83445e+00	4.56948e+00	-5.79997e-03
2.90171e+04	1.29770e+09	2.03507e+00	6.89213e-01	-9.77879e-03
1.17315e+04	1.29771e+09	2.73537e-01	4.18481e+00	-8.22961e-03
3.25928e+04	1.29774e+09	1.00764e+00	3.43061e+00	9.65725e-03
1.24957e+04	1.29776e+09	2.21461e+00	4.30547e+00	6.66756e-03
1.63435e+04	1.29777e+09	1.15788e+00	2.24034e+00	-3.32656e-03
1.62286e+04	1.29779e+09	1.83195e+00	5.59229e+00	5.51595e-03
1.06101e+04	1.29780e+09	5.21088e-01	2.75700e+00	5.07577e-03
3.17968e+04	1.29783e+09	1.22515e+00	1.28720e-01	1.46444e-03
1.23981e+04	1.29784e+09	3.49568e-01	9.12514e-02	-1.91263e-03
3.94271e+04	1.29788e+09	5.27684e-01	5.44947e-01	-3.52783e-03
1.18264e+04	1.29789e+09	1.95317e+00	8.04133e-01	-7.97917e-03
2.60632e+04	1.29792e+09	4.85813e-01	2.29610e+00	-1.75948e-03
1.83629e+04	1.29794e+09	2.86536e-01	4.13408e+00	-9.91746e-04
3.25124e+04	1.29797e+09	6.84155e-01	5.77520e+00	9.99100e-04
1.81028e+04	1.29799e+09	1.48717e+00	6.18760e+00	9.30882e-03
4.33955e+04	1.29803e+09	5.24666e-01	5.89237e+00	-7.12888e-03
1.46074e+04	1.29805e+09	3.89472e-01	6.05391e+00	7.48034e-03
4.43066e+04	1.29809e+09	1.92223e+00	1.67493e+00	5.91033e-03
4.74105e+04	1.29814e+09	1.12838e+00	2.24830e+00	-5.44944e-03
2.97597e+05	1.29844e+09	2.93422e-01	2.91012e+00	5.94883e-03
1.15351e+04	1.29845e+09	1.33138e+00	6.26748e+00	-4.04764e-03
4.00723e+04	1.29849e+09	1.76790e+00	4.31705e+00	6.69348e-03
4.14172e+04	1.29853e+09	1.20574e+00	6.09136e+00	-6.16995e-03
1.82018e+04	1.29855e+09	1.94304e+00	5.27574e+00	-6.09214e-03
1.13882e+04	1.29856e+09	3.13479e+00	5.16116e+00	3.07214e-03
1.77740e+04	1.29858e+09	3.77249e-01	1.14153e-01	6.42216e-03
1.34721e+04	1.29859e+09	4.19059e-01	5.45457e+00	4.90457e-03
1.95190e+04	1.29861e+09	2.23623e+00	3.99224e+00	-9.49773e-03
1.33057e+04	1.29862e+09	4.69135e-01	6.00392e+00	8.60680e-03
1.55298e+04	1.29864e+09	1.90196e+00	4.98032e+00	-6.00562e-03
1.71051e+04	1.29866e+09	2.47343e+00	1.23648e+00	-5.75065e-03
1.27055e+04	1.29867e+09	8.46732e-01	3.54360e+00	7.57908e-03
3.82344e+04	1.29871e+09	8.23866e-01	4.98520e+00	5.02602e-03
3.19272e+04	1.29874e+09	2.16579e+00	1.37494e+00	-2.30069e-04
2.03026e+05	1.29894e+09	9.46276e-01	1.54302e+00	9.24014e-03
1.35296e+04	1.29896e+09	1.36653e+00	3.89051e+00	7.28062e-04
3.17711e+04	1.29899e+09	1.10629e+00	3.69747e+00	-7.49473e-03
1.30945e+05	1.29912e+09	1.41400e+00	2.56981e+00	2.50736e-03
6.27108e+04	1.29918e+09	3.14298e+00	3.13619e+00	4.78251e-03
2.31231e+04	1.29920e+09	6.17017e-01	2.76892e-01	-9.60645e-03
2.42986e+04	1.29923e+09	1.33463e+00	3.04647e+00	1.99904e-04
1.68594e+04	1.29925e+09	1.14296e+00	5.37854e+00	-7.43441e-03
9.19160e+04	1.29934e+09	6.51561e-01	5.06764e-01	5.69372e-03
1.06634e+04	1.29935e+09	1.01448e+00	9.94072e-01	-5.96022e-04
3.81406e+04	1.29939e+09	1.12136e+00	4.24300e+00	-6.33562e-04
1.29198e+04	1.29940e+09	1.73690e+00	7.69105e-01	6.16501e-03
3.40750e+04	1.29943e+09	3.71972e+00	3.10716e+00	-7.80429e-03
2.35994e+04	1.29946e+09	1.30697e+00	5.34119e+00	6.48338e-03
3.34919e+04	1.29949e+09	1.21082e+00	1.48351e+00	9.79088e-03
9.38604e+04	1.29958e+09	4.78439e-01	3.07379e-01	6.42790e-03
6.54735e+05	1.30024e+09	1.13329e+00	4.62421e+00	-9.47422e-03
5.44707e+04	1.30029e+09	6.64841e-01	2.19119e+00	-3.47101e-03
1.37145e+04	1.30031e+09	1.01652e+00	2.48346e+00	2.03692e-04
2.37390e+04	1.30033e+09	2.44104e-01	3.63772e+00	-5.50501e-03
6.33095e+04	1.30039e+09	1.67289e+00	1.32051e+00	-9.05690e-03
1.66272e+04	1.30041e+09	8.27539e-01	5.19633e+00	-7.86646e-03
3.07481e+04	1.30044e+09	1.31139e+00	1.27959e+00	3.34240e-03
2.66765e+04	1.30047e+09	1.42021e+00	6.88022e-01	-7.10715e-03
3.73875e+04	1.30051e+09	9.34061e-01	1.72010e+00	-3.78823e-03
2.77317e+04	1.30053e+09	5.47600e-01	9.24364e-03	5.56298e-04
2.18409e+04	1.30056e+09	1.68204e+00	4.47957e+00	8.77824e-03
2.53684e+04	1.30058e+09	2.83037e+00	1.42794e-01	-8.07286e-05
2.37048e+04	1.30060e+09	1.01005e-01	1.70709e+00	-2.75525e-04
2.83342e+04	1.30063e+09	1.39816e+00	4.39018e+00	-6.57894e-03
1.19298e+04	1.30064e+09	1.13359e+00	5.86195e-01	-4.67877e-03
6.90094e+04	1.30071e+09	3.24555e+00	2.07762e+00	1.00230e-03
1.75407e+04	1.30073e+09	2.45015e+00	5.52227e+00	6.93609e-03
3.17398e+04	1.30076e+09	3.22198e+00	2.07613e+00	7.43119e-03
1.11516e+04	1.30077e+09	4.23525e+00	5.13387e+00	8.37989e-03
1.31922e+05	1.30091e+09	1.57424e+00	6.18743e-02	-9.66356e-03
1.09315e+04	1.30092e+09	1.03122e+00	8.88009e-01	-3.14263e-03
1.55831e+04	1.30093e+09	1.44297e+00	4.06419e+00	8.06699e-03
1.00863e+04	1.30094e+09	3.95598e+00	4.33829e+00	1.47107e-03
4.18840e+04	1.30098e+09	6.77320e-01	1.25131e+00	4.59626e-03
2.45379e+04	1.30101e+09	1.35123e+00	1.53719e+00	-5.74054e-03
1.66845e+04	1.30103e+09	1.49713e+00	2.07208e+00	-6.50712e-03
4.45303e+04	1.30107e+09	1.06000e+00	2.55071e+00	3.68044e-03
1.00721e+04	1.30108e+09	2.82334e+00	6.00370e+00	3.33311e-03
1.68792e+05	1.30125e+09	4.25156e-01	1.34517e+00	8.67036e-04
5.54713e+05	1.30180e+09	4.45667e-01	5.63351e+00	6.39710e-03
3.58076e+04	1.30184e+09	1.12365e+00	5.08084e+00	3.58668e-04
1.38987e+04	1.30185e+09	2.42926e+00	1.92887e+00	-5.88847e-03
1.88205e+04	1.30187e+09	2.16448e+00	3.10261e+00	-9.25495e-03
1.09735e+04	1.30188e+09	1.22609e+00	3.40188e+00	-8.10272e-03
5.37751e+04	1.30194e+09	2.78438e+00	3.21133e+00	3.51809e-03
1.76763e+04	1.30195e+09	1.96329e+00	1.93989e+00	9.34147e-03
1.05328e+04	1.30197e+09	2.42164e+00	4.12575e+00	2.35402e-03
6.16137e+04	1.30203e+09	4.26586e-01	1.91185e+00	-3.06219e-03
4.94750e+04	1.30208e+09	8.70559e-02	4.05891e-01	7.93748e-03
4.70553e+04	1.30212e+09	1.21068e+00	2.82110e+00	-9.60260e-03
3.12127e+05	1.30244e+09	1.56293e+00	6.03352e+00	1.84001e-03
3.63540e+04	1.30247e+09	1.11876e+00	3.37774e+00	-7.93085e-03
1.56247e+04	1.30249e+09	1.07632e+00	3.28273e+00	-7.11230e-03
1.44085e+04	1.30250e+09	1.53133e+00	3.68628e+00	-5.09403e-03
4.58984e+04	1.30255e+09	2.45642e+00	2.48472e+00	7.87253e-03
3.46087e+04	1.30258e+09	2.82180e+00	5.77502e+00	6.73126e-06
2.30918e+04	1.30261e+09	3.79358e-01	9.79913e-01	-5.81309e-03
5.17190e+04	1.30266e+09	1.52424e+00	5.24213e+00	-3.13199e-04
1.48518e+04	1.30267e+09	1.62903e+00	2.40674e+00	1.60195e-03
3.68949e+04	1.30271e+09	2.53748e+00	1.51371e+00	4.84750e-03
3.16207e+05	1.30303e+09	1.79035e+00	5.88625e-01	3.54315e-03
1.92699e+04	1.30304e+09	1.40638e+00	1.59380e+00	9.45167e-03
1.91421e+04	1.30306e+09	2.83551e+00	1.81950e+00	-1.69484e-03
5.26771e+05	1.30359e+09	1.89743e+00	5.70697e+00	2.29974e-04
1.05435e+04	1.30360e+09	3.17114e+00	4.21605e+00	-2.51961e-03
1.51197e+04	1.30362e+09	2.03653e+00	2.42154e+00	-8.93388e-03
2.07211e+04	1.30364e+09	1.56163e+00	1.52226e+00	3.52109e-03
1.11217e+04	1.30365e+09	5.36645e-01	5.82907e+00	-2.53186e-04
1.05198e+04	1.30366e+09	2.54709e+00	8.05712e-01	-9.92450e-03
6.33437e+04	1.30372e+09	1.37788e+00	4.45656e+00	8.37055e-03
1.80199e+05	1.30390e+09	6.59399e-01	5.49637e+00	8.56932e-03
1.06448e+04	1.30391e+09	1.61332e+00	3.62306e+00	-3.03600e-04
1.59307e+04	1.30393e+09	3.12051e-01	5.49946e+00	3.81034e-03
2.31623e+04	1.30395e+09	1.11903e+00	4.80164e+00	-1.30697e-03
2.14794e+05	1.30417e+09	2.11746e-01	1.99984e+00	-8.03960e-03
2.06288e+04	1.30419e+09	4.89482e-01	4.21497e+00	-6.73218e-03
1.16209e+04	1.30420e+09	8.07916e-01	1.36564e+00	-8.46731e-03
1.86399e+04	1.30422e+09	1.48089e+00	5.73421e+00	-7.31597e-03
1.35769e+05	1.30435e+09	1.06556e+00	1.60187e+00	4.26940e-03
1.04850e+05	1.30446e+09	6.68778e-01	2.53183e+00	-3.02593e-03
3.74101e+05	1.30483e+09	3.84121e-01	4.65621e+00	-7.98123e-03
1.06816e+04	1.30484e+09	6.97608e-01	4.31360e+00	7.46146e-04
5.52778e+04	1.30490e+09	2.62151e+00	4.40149e+00	2.96592e-05
1.68538e+04	1.30491e+09	9.06791e-01	2.74821e+00	8.42444e-04
5.86678e+04	1.30497e+09	1.96439e+00	2.37670e+00	-3.72663e-03
1.67470e+04	1.30499e+09	2.17385e+00	2.05297e+00	-1.78564e-04
1.31411e+04	1.30500e+09	2.38026e+00	3.00189e-01	-8.14353e-03
3.14914e+04	1.30504e+09	1.08547e+00	5.37929e+00	-2.54781e-03
2.07796e+04	1.30506e+09	1.56993e+00	4.62599e+00	-2.92954e-03
4.42482e+04	1.30510e+09	1.58165e+00	3.09323e+00	1.43811e-03
2.54119e+04	1.30513e+09	1.26693e+00	4.51104e+00	2.97129e-03
8.29858e+04	1.30521e+09	4.05308e-01	5.72386e+00	6.97638e-03
2.59256e+04	1.30523e+09	2.01159e+00	2.21548e+00	5.13029e-03
1.64422e+04	1.30525e+09	1.68777e-01	1.34694e+00	-5.45429e-03
2.28760e+04	1.30527e+09	7.48750e-01	3.48065e+00	1.79935e-03
1.07449e+04	1.30528e+09	2.23908e+00	4.74475e+00	8.94433e-03
1.83896e+04	1.30530e+09	3.14950e+00	3.95057e+00	7.71635e-03
1.30010e+04	1.30532e+09	1.76051e+00	4.04154e+00	9.21836e-03
4.99685e+04	1.30537e+09	1.27684e+00	2.38427e+00	-2.28102e-03
2.11793e+04	1.30539e+09	1.46227e+00	2.09866e+00	-2.25492e-03
1.33501e+04	1.30540e+09	2.60550e+00	3.17423e+00	-3.01587e-03
1.23349e+05	1.30552e+09	8.15505e-01	6.26099e+00	8.70148e-03
2.09227e+05	1.30573e+09	1.21297e+00	5.89171e+00	7.01354e-03
2.56713e+04	1.30576e+09	1.24326e+00	6.35258e-02	-7.85406e-03
2.75703e+04	1.30579e+09	7.42912e-01	1.07594e+00	-9.32261e-03
5.89265e+04	1.30585e+09	2.18953e+00	5.31857e+00	-3.11607e-03
2.20682e+05	1.30607e+09	3.05729e-01	2.06756e+00	1.21894e-04
1.23052e+04	1.30608e+09	3.39776e+00	1.37473e-01	-4.07302e-03
5.04535e+04	1.30613e+09	2.70149e-01	5.30757e+00	-1.59129e-03
1.29661e+05	1.30626e+09	2.48770e+00	6.05618e+00	9.92059e-03
1.09287e+04	1.30627e+09	1.92571e+00	7.41817e-02	5.80293e-03
1.09968e+04	1.30628e+09	8.40546e-01	3.39451e+00	-6.38276e-03
1.28042e+04	1.30629e+09	1.87965e+00	6.20452e-02	3.28563e-03
2.09251e+04	1.30631e+09	3.93454e+00	3.88063e+00	-3.92614e-03
1.75620e+05	1.30649e+09	3.62616e-01	4.96819e+00	3.75502e-03
7.19597e+04	1.30656e+09	2.19792e+00	3.42763e+00	-7.34599e-03
3.31272e+04	1.30659e+09	1.52368e+00	5.72492e+00	2.74326e-03
3.88838e+04	1.30663e+09	2.30496e-01	6.38451e-01	-2.73139e-03
1.96580e+04	1.30665e+09	4.67614e-01	6.10719e+00	-1.04658e-03
5.69806e+04	1.30671e+09	2.50356e+00	4.39062e+00	-7.60881e-03
1.01664e+04	1.30672e+09	4.53684e-01	3.45638e+00	8.85310e-03
1.55054e+04	1.30674e+09	3.24076e-01	3.97440e+00	4.87465e-04
1.60899e+06	1.30834e+09	7.24110e-01	4.54425e-01	-4.63990e-03
1.19607e+04	1.30836e+09	2.18050e+00	4.62375e+00	-7.28344e-03
3.40038e+04	1.30839e+09	1.93287e+00	1.12392e+00	7.79550e-03
1.46754e+04	1.30841e+09	8.96139e-01	3.51295e+00	7.53641e-03
1.83098e+04	1.30842e+09	4.70724e-01	5.39428e+00	9.45214e-03
2.24003e+04	1.30845e+09	5.48113e-01	8.33048e-01	-4.44887e-03
2.64243e+04	1.30847e+09	3.03452e+00	2.77505e+00	5.01647e-03
2.53614e+04	1.30850e+09	1.06356e+00	6.02230e+00	2.93220e-03
2.76503e+04	1.30853e+09	4.40702e-01	3.93204e+00	3.51599e-03
1.13066e+04	1.30854e+09	1.47854e+00	1.54377e+00	-7.76506e-03
3.05628e+04	1.30857e+09	1.03444e+00	5.74035e+00	4.64927e-03
1.38167e+04	1.30858e+09	1.47225e+00	1.11482e+00	2.96132e-03
1.67929e+04	1.30860e+09	1.10743e+00	8.13237e-01	4.42038e-03
1.79825e+04	1.30862e+09	1.53312e+00	5.73007e-01	-9.07517e-03
2.46245e+04	1.30864e+09	1.55591e+00	5.07668e+00	-6.89325e-03
1.70272e+04	1.30866e+09	1.53405e+00	3.56969e+00	4.60574e-03
1.06206e+04	1.30867e+09	1.42178e+00	1.98905e+00	9.83398e-03
1.23063e+04	1.30868e+09	1.03498e+00	1.06422e+00	7.46329e-03
1.26911e+05	1.30881e+09	9.87850e-01	5.09163e+00	5.77135e-03
3.01092e+04	1.30884e+09	9.17236e-01	4.02617e+00	-9.69160e-03
1.13856e+04	1.30885e+09	2.03564e-01	1.12624e+00	-7.68497e-03
1.46373e+04	1.30886e+09	6.73098e-01	3.86090e+00	6.88748e-03
3.03520e+04	1.30889e+09	3.19517e+00	3.72552e+00	1.95958e-03
7.19358e+04	1.30897e+09	1.84608e+00	3.10730e+00	-1.13781e-03
4.98257e+04	1.30902e+09	1.37137e+00	2.67493e+00	4.89825e-03
1.01392e+04	1.30903e+09	1.67817e+00	4.27713e+00	4.19466e-03
2.12796e+04	1.30905e+09	9.81669e-01	1.81122e+00	-9.04485e-03
1.86764e+04	1.30907e+09	3.89835e-01	3.76141e+00	-4.22085e-03
1.02860e+04	1.30908e+09	7.25667e-01	3.56713e+00	8.50377e-03
2.64672e+04	1.30910e+09	4.74875e-01	5.76081e+00	-4.55038e-03
2.45337e+05	1.30935e+09	2.43428e+00	3.51868e+00	-8.49461e-04
1.30471e+04	1.30936e+09	1.10647e+00	3.94806e+00	-1.17646e-03
3.60646e+04	1.30940e+09	2.01673e+00	3.25015e+00	4.50271e-03
3.08693e+04	1.30943e+09	3.17786e-01	5.29233e+00	-3.64245e-03
1.26846e+04	1.30944e+09	2.26348e+00	5.07942e+00	-5.44776e-03
1.22242e+04	1.30945e+09	2.42459e-01	3.96423e+00	5.45428e-03
1.41648e+04	1.30947e+09	2.31792e+00	3.48808e+00	-2.61531e-03
1.33507e+04	1.30948e+09	1.82041e+00	5.28336e+00	6.44244e-03
1.05370e+04	1.30949e+09	3.50189e+00	5.25432e+00	7.34853e-03
1.61703e+04	1.30951e+09	1.82590e+00	1.67641e+00	1.29526e-03
1.09040e+04	1.30952e+09	2.07688e+00	2.21711e+00	-4.74919e-03
1.29169e+05	1.30965e+09	1.35899e+00	2.90969e+00	6.86827e-03
2.91755e+04	1.30968e+09	1.09885e+00	6.13024e+00	1.28065e-03
2.12663e+04	1.30970e+09	1.31430e+00	2.03019e+00	3.78818e-03
1.97929e+04	1.30972e+09	1.51363e+00	3.99643e+00	8.48675e-03
2.57626e+05	1.30997e+09	2.03133e+00	5.11822e+00	-1.94033e-03
2.80135e+04	1.31000e+09	1.04096e-01	4.65688e+00	2.51272e-03
1.58234e+04	1.31002e+09	6.59219e-01	4.20088e-01	3.69388e-03
4.08298e+04	1.31006e+09	4.26723e+00	1.96082e+00	7.49280e-03
1.58921e+04	1.31008e+09	2.80369e+00	3.23857e+00	-7.36443e-03
1.20349e+05	1.31020e+09	1.71147e+00	6.19010e+00	3.27558e-03
9.30336e+04	1.31029e+09	9.69876e-01	1.00461e+00	-9.25622e-03
2.87888e+04	1.31032e+09	1.51768e+00	1.35437e+00	6.05765e-03
2.63617e+04	1.31034e+09	7.31195e-01	4.75609e+00	-1.02197e-03
1.15528e+04	1.31036e+09	1.94469e+00	2.91288e+00	-3.27402e-03
3.53868e+05	1.31071e+09	2.37222e+00	3.66167e+00	8.85594e-04
2.67454e+04	1.31074e+09	1.32216e+00	3.47938e+00	6.89787e-03
1.30620e+04	1.31075e+09	1.24669e+00	3.66618e+00	-5.26562e-03
5.77855e+04	1.31081e+09	1.33810e+00	1.01499e+00	-7.61995e-03
1.62947e+04	1.31082e+09	1.32205e+00	6.20263e+00	8.10159e-04
1.93240e+04	1.31084e+09	4.31138e-01	4.21274e+00	-5.22695e-03
1.50368e+04	1.31086e+09	1.19676e+00	4.10972e+00	7.32727e-03
1.35014e+04	1.31087e+09	1.29851e+00	3.23355e+00	4.84477e-03
1.15508e+04	1.31088e+09	1.68953e+00	1.41690e+00	7.64975e-03
1.55869e+04	1.31090e+09	3.04523e-01	1.60660e-01	-8.90557e-04
1.89357e+04	1.31092e+09	2.62323e+00	3.47059e+00	-9.51751e-03
1.11484e+04	1.31093e+09	4.44899e+00	3.90594e+00	-7.65091e-03
9.71104e+04	1.31103e+09	8.56311e-01	3.42978e+00	2.46373e-03
1.13253e+04	1.31104e+09	1.93414e+00	1.23987e+00	5.15407e-03
1.36259e+04	1.31105e+09	2.37791e+00	5.76771e+00	9.87114e-03
5.69459e+04	1.31111e+09	1.15894e-01	5.97119e+00	5.91354e-03
1.21489e+04	1.31112e+09	2.08388e+00	4.77594e+00	-9.31050e-03
1.35078e+04	1.31113e+09	9.80000e-01	5.50198e+00	-7.68444e-03
1.07032e+04	1.31114e+09	1.27540e+00	2.44296e+00	1.12708e-03
1.32210e+04	1.31116e+09	2.55214e+00	6.07302e+00	8.77676e-03
4.72003e+04	1.31120e+09	4.76537e-01	2.23526e+00	2.50041e-03
6.08306e+04	1.31127e+09	4.72082e-01	1.66113e+00	5.16609e-03
2.45975e+05	1.31151e+09	2.69893e+00	3.50127e+00	-2.09339e-03
4.02409e+04	1.31155e+09	1.94810e+00	4.24841e+00	-4.30868e-03
3.49657e+04	1.31159e+09	1.61874e+00	4.17496e-01	-9.86738e-04
3.72651e+04	1.31162e+09	1.32247e+00	1.87829e+00	-6.26814e-03
5.16729e+04	1.31168e+09	1.30408e+00	3.38379e+00	8.43055e-03
3.03734e+04	1.31171e+09	1.70232e+00	5.55040e+00	-9.05631e-03
1.35934e+04	1.31172e+09	1.78165e+00	5.14089e+00	-3.97665e-03
2.85713e+04	1.31175e+09	1.61404e+00	1.75528e+00	9.46106e-03
4.53517e+04	1.31179e+09	1.44563e+00	3.66789e-01	8.33041e-03
2.22225e+04	1.31182e+09	2.36454e+00	5.53627e+00	6.71884e-03
4.11727e+04	1.31186e+09	3.55897e+00	3.31944e+00	5.87904e-03
4.29349e+04	1.31190e+09	3.46635e-01	9.78783e-01	-3.90221e-03
1.23432e+04	1.31191e+09	1.11369e+00	4.01186e+00	1.18425e-03
2.71269e+05	1.31218e+09	8.25425e-01	5.62829e+00	2.38947e-03
3.39227e+05	1.31252e+09	2.78161e+00	4.75311e+00	5.32072e-03
8.71434e+04	1.31261e+09	9.02423e-01	2.18248e-02	-9.47357e-03
1.03735e+04	1.31262e+09	5.15037e-01	1.47995e+00	6.46682e-03
2.75304e+04	1.31265e+09	2.27365e+00	4.22118e-01	2.68869e-04
2.58569e+04	1.31267e+09	2.68473e+00	1.17263e+00	7.30140e-03
2.78877e+04	1.31270e+09	4.95477e-01	1.22198e-01	-2.06884e-04
3.19161e+05	1.31302e+09	1.30744e+00	2.64589e+00	-8.17745e-03
8.14937e+04	1.31310e+09	9.24657e-01	5.88411e+00	-2.29088e-03
1.37943e+04	1.31312e+09	4.50703e-01	2.41080e+00	-7.32062e-03
3.09287e+04	1.31315e+09	2.24285e+00	6.12848e+00	-1.75618e-03
1.63053e+04	1.31316e+09	9.84857e-01	2.13738e+00	9.80314e-03
3.65086e+04	1.31320e+09	1.36611e+00	5.92624e+00	-7.92990e-03
7.46621e+04	1.31327e+09	3.83049e+00	4.08026e+00	-5.31609e-03
3.78296e+05	1.31365e+09	1.21550e+00	2.74772e+00	-5.08198e-04
1.31725e+04	1.31367e+09	1.77984e+00	4.55763e+00	-6.65909e-03
1.75902e+04	1.31368e+09	6.63558e-01	3.74366e+00	-2.77628e-03
5.00780e+04	1.31373e+09	1.02511e+00	1.20383e+00	6.26996e-03
5.88499e+04	1.31379e+09	1.94506e+00	2.92200e+00	-6.21476e-03
2.17963e+05	1.31401e+09	8.39568e-01	4.68188e+00	-7.86828e-03
1.05584e+05	1.31412e+09	2.95670e+00	3.21458e+00	-3.76929e-03
1.42350e+04	1.31413e+09	1.95126e+00	5.05953e+00	-3.95876e-03
2.53324e+04	1.31415e+09	2.33174e+00	4.87341e-01	2.75800e-03
5.64359e+04	1.31421e+09	8.33665e-01	4.69184e+00	-7.26341e-03
1.45428e+04	1.31423e+09	2.85730e+00	6.07154e+00	-9.61900e-03
1.23503e+04	1.31424e+09	1.32458e+00	4.88087e+00	9.59419e-03
1.12470e+05	1.31435e+09	8.88543e-01	2.12826e-01	9.54343e-03
2.46064e+04	1.31438e+09	1.50153e+00	4.63593e+00	-1.35929e-03
1.11042e+05	1.31449e+09	2.92583e+00	7.44270e-01	4.95473e-03
1.12112e+04	1.31450e+09	2.08646e+00	4.14772e+00	-4.34460e-03
1.08023e+04	1.31451e+09	3.63873e+00	5.50543e+00	5.44409e-04
4.51042e+04	1.31455e+09	6.53141e-01	1.50063e+00	-1.17060e-03
1.95938e+04	1.31457e+09	8.32462e-01	3.56108e+00	1.51197e-03
1.85199e+04	1.31459e+09	3.61732e+00	3.28619e+00	-2.13179e-03
1.73116e+05	1.31476e+09	4.84944e-01	8.34360e-03	-6.84328e-03
1.14361e+04	1.31478e+09	4.47104e+00	8.22308e-02	-9.74262e-03
2.80407e+04	1.31480e+09	8.57626e-01	1.99962e+00	4.89518e-03
3.87360e+04	1.31484e+09	3.11464e+00	1.14112e+00	4.40119e-03
1.32387e+04	1.31486e+09	2.13281e-01	1.22681e+00	-3.47374e-03
1.00059e+04	1.31487e+09	1.10900e+00	1.92579e+00	4.80724e-03
2.85034e+04	1.31489e+09	9.33525e-01	4.59244e+00	1.93401e-03
3.66363e+05	1.31526e+09	1.14354e+00	1.51314e+00	-3.17695e-04
6.99208e+04	1.31533e+09	1.73621e+00	1.41742e+00	-8.39854e-04
1.62335e+05	1.31549e+09	1.17947e+00	1.60191e+00	-3.12034e-03
1.62614e+04	1.31551e+09	1.48181e+00	2.46048e+00	-5.76433e-03
1.82984e+04	1.31553e+09	1.22149e+00	2.54684e+00	7.38668e-03
1.19954e+04	1.31554e+09	6.23797e-01	4.06037e+00	-4.15672e-03
2.18240e+04	1.31556e+09	5.71304e-01	6.08628e+00	5.51503e-03
3.10268e+04	1.31559e+09	3.34175e+00	3.02839e-01	9.22093e-03
1.85157e+04	1.31561e+09	3.75171e+00	2.87772e+00	7.01917e-03
2.44349e+04	1.31564e+09	1.38081e+00	3.44475e+00	-5.76217e-03
2.88803e+05	1.31592e+09	2.92049e-01	5.72747e+00	4.01114e-03
1.60501e+05	1.31609e+09	1.32946e+00	6.08063e+00	9.77849e-04
2.23215e+04	1.31611e+09	2.46418e+00	1.54170e+00	-5.79753e-03
3.72562e+04	1.31614e+09	1.51671e+00	4.68565e+00	1.99865e-03
1.07087e+04	1.31616e+09	1.61622e+00	5.69015e+00	-5.21956e-03
8.62529e+04	1.31624e+09	4.55732e-01	2.04837e+00	3.52112e-03
4.14790e+04	1.31628e+09	9.95272e-01	1.19207e-01	-9.12635e-03
2.32149e+04	1.31631e+09	9.17672e-01	3.12790e+00	-7.18716e-03
2.11658e+04	1.31633e+09	1.49799e+00	5.14723e+00	-2.50676e-03
2.33899e+04	1.31635e+09	6.93349e-01	6.17593e+00	3.27669e-03
2.40279e+04	1.31637e+09	1.24142e+00	4.64717e+00	-4.56579e-03
1.83718e+04	1.31639e+09	1.20145e+00	3.25087e+00	5.23143e-03
1.70288e+05	1.31656e+09	4.38931e+00	2.93111e+00	-2.34042e-04
1.01573e+04	1.31657e+09	3.15769e+00	2.61992e+00	-2.16491e-03
3.87245e+04	1.31661e+09	1.35150e+00	4.14115e+00	3.76876e-03
3.02842e+04	1.31664e+09	2.33160e+00	2.26669e+00	9.93305e-03
4.25268e+04	1.31669e+09	2.92874e+00	4.59559e+00	9.75032e-03
4.06088e+04	1.31673e+09	4.18889e-01	3.44655e+00	1.40867e-03
1.57985e+04	1.31674e+09	2.63469e+00	4.60858e+00	-9.68964e-03
4.09065e+04	1.31678e+09	1.75790e+00	2.83921e+00	-2.28215e-03
1.14828e+04	1.31679e+09	1.02954e+00	2.58210e+00	-2.88677e-03
1.32608e+04	1.31681e+09	5.72737e-01	2.56052e+00	1.94976e-03
1.41480e+04	1.31682e+09	2.47275e+00	3.74521e+00	-9.70172e-03
1.16375e+04	1.31683e+09	1.56703e+00	1.84263e+00	-9.11910e-03
3.92757e+04	1.31687e+09	7.96007e-01	1.74796e+00	2.21319e-03
1.37908e+04	1.31689e+09	2.63392e+00	1.27981e+00	-4.35304e-03
3.39062e+04	1.31692e+09	2.52384e-01	5.74632e+00	-7.66539e-03
2.19025e+04	1.31694e+09	8.06517e-01	5.95743e+00	6.79382e-03
1.78312e+04	1.31696e+09	6.64996e-02	6.25517e+00	-8.89419e-03
1.11203e+05	1.31707e+09	2.12541e+00	1.12724e+00	-4.11345e-03
9.59987e+04	1.31717e+09	1.53863e+00	3.58909e+00	-7.82880e-03
1.19611e+04	1.31718e+09	3.72582e+00	3.41926e+00	-6.10025e-04
7.47242e+04	1.31725e+09	2.21280e+00	4.32573e+00	4.34356e-04
1.80533e+04	1.31727e+09	8.71272e-01	4.11505e+00	-8.08396e-03
1.74014e+05	1.31745e+09	3.22488e+00	2.37780e+00	3.14669e-03
6.39090e+04	1.31751e+09	3.77926e+00	2.52029e+00	-7.45540e-03
3.16540e+04	1.31754e+09	2.47676e-01	4.37599e+00	-3.93224e-04
6.89997e+04	1.31761e+09	1.59171e+00	2.86350e-02	-8.90301e-04
3.12165e+04	1.31764e+09	1.53842e+00	3.24500e+00	-8.12438e-03
7.26544e+04	1.31771e+09	2.92594e+00	1.05458e+00	-6.23939e-03
4.18733e+04	1.31776e+09	3.13794e-01	6.03499e+00	-9.88105e-03
2.05325e+04	1.31778e+09	5.06816e-01	1.99383e+00	9.58568e-03
4.65837e+04	1.31782e+09	2.23556e+00	4.84907e+00	2.53979e-04
3.07946e+04	1.31785e+09	2.04479e+00	4.44346e+00	-5.46378e-03
3.30521e+05	1.31818e+09	9.87476e-01	3.17963e+00	3.15586e-03
1.19355e+04	1.31820e+09	1.26275e+00	2.87058e+00	-8.13896e-03
1.47601e+04	1.31821e+09	1.28647e+00	4.65238e+00	6.53363e-03
1.14032e+04	1.31822e+09	1.38631e+00	3.63679e+00	3.88735e-03
4.68620e+04	1.31827e+09	1.83721e+00	2.72690e+00	3.01566e-04
4.73570e+04	1.31832e+09	9.74411e-02	3.25292e+00	-2.55236e-03
1.23291e+04	1.31833e+09	1.56196e+00	4.25737e-01	7.91035e-03
7.09124e+04	1.31840e+09	6.61297e-01	3.65245e+00	6.41706e-03
1.73624e+05	1.31857e+09	2.56431e+00	5.93188e+00	5.17029e-03
5.65997e+04	1.31863e+09	4.76530e-01	4.64720e+00	2.75275e-03
9.15390e+04	1.31872e+09	1.97930e+00	4.37190e+00	5.51173e-03
4.40186e+04	1.31877e+09	8.96985e-02	5.37899e+00	-2.57321e-04
5.59858e+05	1.31933e+09	6.68452e-01	2.24045e+00	-6.91322e-03
1.95012e+04	1.31935e+09	1.94824e+00	8.38832e-01	-7.85819e-03
2.74304e+04	1.31937e+09	2.18489e-01	3.70816e+00	-8.77670e-03
5.57535e+04	1.31943e+09	4.44468e-01	2.98075e+00	-4.93898e-03
1.65528e+05	1.31959e+09	2.78738e+00	3.78638e+00	-4.84476e-03
3.29260e+05	1.31992e+09	1.13958e+00	1.75307e+00	8.46515e-04
2.58558e+04	1.31995e+09	4.98452e-01	5.04139e-01	-6.18951e-03
2.02600e+04	1.31997e+09	2.92786e+00	4.81288e+00	6.29331e-03
7.25975e+04	1.32004e+09	1.09858e+00	4.97122e+00	8.08851e-03
1.40126e+04	1.32006e+09	6.01369e-01	4.32065e+00	-2.89945e-03
9.97653e+04	1.32016e+09	1.12518e+00	1.12996e+00	5.23993e-03
1.05203e+04	1.32017e+09	9.60618e-01	2.70904e+00	-3.89065e-03
2.13078e+04	1.32019e+09	2.16405e+00	1.66410e+00	2.80793e-03
5.13383e+04	1.32024e+09	3.37651e+00	4.23906e+00	-5.91201e-04
2.94604e+04	1.32027e+09	2.01990e+00	2.47402e+00	-2.91867e-03
1.55649e+04	1.32028e+09	1.43189e-01	4.95778e+00	-3.11138e-03
1.65800e+04	1.32030e+09	8.93333e-01	3.04149e-01	4.64329e-04
2.29998e+05	1.32053e+09	2.67883e+00	2.32158e+00	6.90724e-05
1.86745e+04	1.32055e+09	2.13850e+00	5.02596e+00	-6.17441e-03
2.61777e+04	1.32058e+09	2.70614e-01	6.23907e+00	1.29032e-03
1.01346e+04	1.32059e+09	2.67127e+00	4.99782e+00	4.99086e-03
1.01332e+04	1.32060e+09	1.26409e+00	3.30533e+00	2.09544e-03
2.05138e+04	1.32062e+09	1.37217e+00	2.72249e+00	-5.81897e-03
2.42702e+04	1.32064e+09	7.67642e-01	7.62066e-01	-9.54902e-03
1.09238e+04	1.32065e+09	1.22559e+00	2.48944e+00	-2.27625e-04
1.74477e+04	1.32067e+09	6.67203e-01	5.14349e+00	-3.27910e-03
3.35303e+04	1.32070e+09	1.36663e+00	3.83974e+00	3.76303e-03
4.23478e+04	1.32074e+09	2.30618e+00	3.27033e+00	-8.10724e-03
7.24674e+04	1.32082e+09	1.84671e+00	1.47271e+00	3.69809e-03
2.90455e+04	1.32085e+09	8.60124e-01	2.11824e+00	7.07990e-03
8.70528e+04	1.32093e+09	9.30621e-01	1.97596e+00	-8.30517e-03
5.85207e+04	1.32099e+09	3.23773e+00	7.02948e-01	2.68023e-03
2.71448e+04	1.32102e+09	2.14332e+00	1.47058e+00	-6.94317e-03
1.30983e+05	1.32115e+09	1.85653e+00	3.57866e+00	-6.51900e-03
1.34369e+04	1.32116e+09	1.85293e+00	2.72976e+00	-6.58583e-04
3.06935e+04	1.32119e+09	1.91378e+00	1.20393e-01	-5.67017e-03
1.36937e+04	1.32121e+09	2.41316e+00	2.72971e+00	-5.27367e-04
9.26073e+04	1.32130e+09	1.29191e+00	5.25310e+00	6.97123e-03
2.60041e+04	1.32133e+09	7.49382e-01	1.94000e+00	-3.38713e-03
4.00272e+04	1.32137e+09	1.00215e+00	5.43783e+00	6.02760e-03
1.14260e+04	1.32138e+09	1.96640e+00	3.40027e+00	8.38895e-03
1.92123e+04	1.32140e+09	8.90963e-01	3.57369e+00	-8.89221e-03
8.64283e+04	1.32148e+09	1.39257e+00	5.31962e+00	-3.57510e-03
1.29070e+04	1.32150e+09	3.44622e-01	3.68157e+00	-4.52158e-03
5.72358e+04	1.32155e+09	2.95992e+00	5.31891e+00	-1.98507e-03
2.02792e+04	1.32157e+09	2.62825e+00	3.09365e-01	7.90637e-04
2.56479e+05	1.32183e+09	1.19905e-01	1.46056e+00	-4.97620e-04
1.60234e+04	1.32185e+09	2.59049e+00	1.87499e+00	3.21511e-03
1.84917e+06	1.32370e+09	1.78035e+00	4.24746e+00	1.47643e-03
1.47333e+05	1.32384e+09	6.74299e-01	5.53782e+00	-5.87398e-03
2.39448e+04	1.32387e+09	2.45819e+00	1.94944e+00	2.15965e-03
6.64758e+04	1.32393e+09	2.01193e+00	6.19980e+00	-6.88415e-03
1.38010e+06	1.32531e+09	1.64883e+00	1.35059e+00	7.44393e-03
1.16489e+04	1.32532e+09	1.50358e+00	4.79195e+00	-3.45891e-03
1.54392e+04	1.32534e+09	1.49534e+00	6.25742e+00	-4.29155e-05
5.93447e+04	1.32540e+09	1.75955e+00	3.41697e+00	3.94521e-03
1.35818e+04	1.32541e+09	3.16198e-01	4.63573e+00	5.32864e-03
1.01244e+04	1.32542e+09	1.41061e+00	3.91468e+00	9.22024e-03
4.15006e+04	1.32546e+09	2.56722e+00	6.80986e-04	9.45424e-03
1.12068e+04	1.32548e+09	5.51480e-01	4.66940e-01	-4.22285e-03
1.74901e+04	1.32549e+09	1.35779e+00	2.63285e+00	-7.30568e-03
2.13365e+04	1.32551e+09	2.08576e+00	2.15018e+00	-2.87727e-03
3.30203e+04	1.32555e+09	1.96202e+00	5.47300e+00	6.58745e-03
1.13718e+04	1.32556e+09	2.84211e+00	5.83786e+00	-4.76857e-03
1.59916e+04	1.32558e+09	1.98944e+00	3.11685e+00	3.10333e-03
2.40451e+04	1.32560e+09	8.90565e-01	3.01311e+00	-9.38494e-03
1.28594e+04	1.32561e+09	4.88274e-01	6.18722e+00	7.76622e-03
1.49101e+04	1.32563e+09	4.03097e-01	3.07333e+00	-5.66253e-03
4.92726e+04	1.32568e+09	3.28145e-01	1.44477e+00	7.73382e-03
2.37055e+06	1.32805e+09	4.25545e+00	3.80305e+00	-5.72430e-03
5.24390e+04	1.32810e+09	7.80210e-01	9.33799e-01	2.47845e-03
6.14280e+04	1.32816e+09	5.65052e-01	5.86031e+00	-5.27019e-03
8.66443e+05	1.32903e+09	2.81129e+00	3.20125e+00	3.29122e-03
1.00173e+04	1.32904e+09	6.14168e-01	2.56429e+00	7.81967e-03
1.97574e+04	1.32906e+09	1.38210e+00	2.60547e+00	2.35911e-03
1.18451e+04	1.32907e+09	3.37284e-01	6.00291e-02	-8.18875e-03
2.08356e+04	1.32909e+09	2.31452e+00	1.52781e+00	3.97236e-03
1.73308e+04	1.32911e+09	8.31694e-01	1.01267e+00	8.28544e-03
5.40129e+04	1.32916e+09	1.55085e+00	2.77615e+00	-2.53830e-04
5.73453e+04	1.32922e+09	1.60421e+00	5.99222e+00	7.39013e-03
3.13258e+05	1.32953e+09	1.67004e+00	7.29706e-01	-7.90369e-03
2.17925e+06	1.33171e+09	3.51641e-01	3.88867e+00	-6.28721e-03
1.30950e+04	1.33172e+09	2.09483e+00	3.43550e+00	-6.24103e-03
1.09847e+04	1.33173e+09	2.03626e+00	1.98585e+00	-4.30629e-03
1.30824e+06	1.33304e+09	1.02686e+00	4.73221e+00	8.67268e-03
8.44396e+04	1.33313e+09	7.85048e-01	5.73340e+00	6.58344e-03
1.83211e+04	1.33315e+09	2.67786e-01	3.84101e+00	5.64061e-05
6.67538e+04	1.33321e+09	7.62427e-01	2.46978e+00	4.22158e-03
2.23212e+04	1.33324e+09	6.62560e-01	3.27060e+00	4.39748e-03
1.20048e+04	1.33325e+09	1.50768e+00	9.19296e-01	-3.69648e-04
1.88962e+04	1.33327e+09	5.69991e-01	3.37951e+00	-1.71446e-03
1.52113e+04	1.33328e+09	1.10613e+00	1.59237e+00	-5.00606e-04
2.83923e+04	1.33331e+09	3.42266e+00	5.71248e+00	-4.07510e-03
1.32501e+04	1.33332e+09	2.28356e-01	1.49093e+00	2.09285e-03
3.15270e+04	1.33335e+09	1.68207e+00	5.00843e+00	-7.97816e-03
4.64977e+04	1.33340e+09	1.02760e+00	5.96282e+00	-7.94321e-03
2.17050e+04	1.33342e+09	1.61196e+00	2.18983e+00	-7.78688e-04
1.57050e+04	1.33344e+09	9.52017e-01	7.42249e-01	4.23238e-03
8.91050e+04	1.33353e+09	9.43241e-01	4.23068e+00	3.86238e-03
1.87787e+04	1.33355e+09	1.36780e+00	3.66043e+00	7.09343e-04
4.33499e+04	1.33359e+09	9.54372e-01	5.12671e+00	-7.81596e-03
1.02595e+04	1.33360e+09	4.48044e-01	3.77281e+00	6.62465e-03
1.08702e+04	1.33361e+09	3.27968e+00	1.75812e+00	-2.85380e-03
1.78661e+04	1.33363e+09	3.49419e-01	5.51709e+00	-5.76881e-03
1.11716e+05	1.33374e+09	2.39529e+00	1.69048e+00	6.61070e-03
2.66251e+04	1.33377e+09	2.28744e+00	4.68154e+00	7.59681e-03
3.07035e+04	1.33380e+09	2.30257e+00	9.60162e-01	-5.58979e-03
6.31919e+04	1.33386e+09	2.82761e+00	3.43328e+00	-9.55224e-03
1.34486e+04	1.33387e+09	1.28634e-01	3.74897e+00	7.57279e-03
1.68901e+04	1.33389e+09	2.46250e+00	5.63383e+00	-2.34606e-03
3.22955e+04	1.33392e+09	1.14024e+00	5.35900e+00	-5.68975e-03
6.60023e+04	1.33399e+09	8.14914e-01	6.04912e+00	-3.69583e-03
1.27335e+04	1.33400e+09	1.10090e+00	3.23559e+00	4.36542e-03
1.64402e+06	1.33565e+09	8.07186e-01	2.40029e+00	-7.98502e-03
2.02192e+04	1.33567e+09	1.21264e+00	2.60586e+00	4.18557e-03
1.48991e+04	1.33568e+09	3.51569e+00	7.05609e-01	-7.99183e-03
1.46139e+04	1.33570e+09	3.49491e+00	6.16216e+00	9.15616e-03
1.29329e+05	1.33583e+09	1.12282e+00	5.47946e+00	8.62533e-03
2.24825e+04	1.33585e+09	4.06482e-01	9.54023e-01	2.43791e-03
1.10005e+04	1.33586e+09	1.47814e+00	9.76857e-01	-4.70686e-03
1.38192e+05	1.33600e+09	3.46520e+00	3.52609e+00	2.73129e-03
4.08978e+04	1.33604e+09	1.65188e+00	6.01087e+00	-8.56617e-04
3.37906e+05	1.33638e+09	3.37625e-01	5.27382e+00	-8.53525e-03
1.26529e+04	1.33639e+09	1.76141e+00	9.69521e-01	4.04685e-03
3.92844e+04	1.33643e+09	8.61758e-01	1.68585e+00	3.08466e-03
5.94112e+04	1.33649e+09	7.91180e-01	6.11280e+00	-4.83222e-04
1.87892e+04	1.33651e+09	8.50658e-01	2.90362e+00	7.22708e-03
2.06544e+05	1.33671e+09	1.69312e+00	4.28367e+00	4.68445e-03
5.48297e+04	1.33677e+09	1.08012e-01	1.00804e+00	-6.12137e-03
1.16001e+04	1.33678e+09	2.34055e-01	1.73745e+00	1.37715e-03
1.46782e+04	1.33679e+09	1.06085e+00	3.46340e+00	-2.01392e-03
1.64616e+04	1.33681e+09	1.42541e+00	4.98647e+00	8.07609e-03
2.78744e+04	1.33684e+09	3.93891e-01	5.77273e+00	5.86528e-04
6.82393e+04	1.33691e+09	1.71108e+00	6.11950e+00	4.01373e-03
2.87763e+05	1.33719e+09	9.04143e-01	1.53932e+00	-2.34388e-03
6.02215e+04	1.33725e+09	1.68573e+00	3.89133e+00	-4.94680e-03
3.61698e+04	1.33729e+09	1.27850e+00	2.56184e+00	2.54940e-03
5.63522e+04	1.33735e+09	1.81329e+00	2.21483e+00	5.62504e-03
3.46504e+04	1.33738e+09	3.13810e-01	5.21322e+00	-2.44964e-03
1.28853e+04	1.33739e+09	2.85273e+00	5.86121e+00	-1.46919e-04
1.10108e+05	1.33750e+09	1.56841e+00	3.20009e+00	9.56944e-03
1.55240e+04	1.33752e+09	1.49955e+00	2.64579e+00	-2.32352e-03
2.95974e+04	1.33755e+09	4.87946e-01	3.23605e+00	8.88737e-03
6.87790e+04	1.33762e+09	9.13008e-01	2.06426e+00	2.54513e-03
3.82986e+04	1.33766e+09	1.53053e+00	6.12442e+00	3.02362e-03
2.37411e+04	1.33768e+09	1.91855e+00	4.94380e-01	-6.99320e-03
4.20451e+04	1.33772e+09	1.20710e+00	1.08835e+00	-4.59421e-03
3.31836e+04	1.33776e+09	1.92783e+00	2.23354e+00	9.27298e-03
1.51035e+04	1.33777e+09	1.35622e+00	4.47528e+00	8.54938e-03
2.42462e+04	1.33779e+09	1.28159e+00	4.17125e+00	-5.95449e-03
1.82971e+04	1.33781e+09	1.27609e+00	3.14903e+00	1.99608e-03
3.33810e+04	1.33785e+09	7.14317e-01	3.04727e+00	-9.53901e-04
4.32366e+04	1.33789e+09	6.17948e-01	4.89314e-01	-3.04550e-03
1.39419e+04	1.33790e+09	3.70021e+00	4.64227e+00	-1.54004e-04
2.23011e+05	1.33813e+09	1.54176e+00	1.38951e+00	2.92228e-03
4.43375e+04	1.33817e+09	1.95763e+00	1.53377e+00	1.11338e-04
5.29869e+04	1.33822e+09	3.56480e+00	3.59421e+00	-6.74828e-04
1.39923e+04	1.33824e+09	3.39819e+00	1.77293e+00	-2.33746e-03
1.13678e+04	1.33825e+09	1.50829e+00	4.93745e+00	-2.40124e-03
4.26887e+05	1.33868e+09	1.55385e+00	4.12061e+00	-3.31316e-03
5.49894e+04	1.33873e+09	2.19470e+00	5.54379e+00	3.63451e-03
2.83593e+04	1.33876e+09	3.16525e-01	3.34525e+00	-9.62316e-03
1.50873e+04	1.33877e+09	1.89916e+00	3.89151e+00	2.53110e-03
3.74072e+05	1.33915e+09	2.03569e+00	4.31979e+00	4.55109e-03
2.49896e+04	1.33917e+09	2.54101e+00	3.98530e+00	7.98778e-03
1.36892e+04	1.33919e+09	1.10920e+00	4.60389e+00	8.90373e-03
9.67112e+04	1.33928e+09	1.40926e+00	3.87711e+00	-2.39533e-03
4.04968e+04	1.33932e+09	5.49420e-01	2.89505e+00	9.06985e-04
2.36011e+04	1.33935e+09	7.47564e-01	3.74341e+00	4.70329e-03
2.05096e+05	1.33955e+09	7.48078e-01	9.06587e-01	-7.27666e-03
1.24402e+04	1.33957e+09	1.78168e+00	5.05058e+00	-7.86739e-03
6.07245e+04	1.33963e+09	2.00882e+00	5.67813e+00	-1.71452e-03
2.75056e+05	1.33990e+09	8.36556e-01	4.86892e+00	-2.98020e-03
1.41124e+04	1.33992e+09	6.97750e-01	4.99311e+00	-6.50185e-03
9.06202e+05	1.34082e+09	3.46621e-01	5.37655e+00	-6.82351e-03
1.03014e+04	1.34083e+09	1.74830e+00	5.36451e+00	-5.58067e-03
1.34205e+04	1.34085e+09	1.06329e+00	8.10199e-01	3.37469e-03
2.05134e+04	1.34087e+09	1.77077e-01	4.74329e+00	-9.01382e-04
1.41740e+04	1.34088e+09	1.55416e+00	3.78688e-02	-3.24370e-03
1.35032e+04	1.34089e+09	8.21327e-01	5.70213e+00	-1.30633e-03
3.13372e+04	1.34092e+09	3.43774e+00	5.92712e-01	-4.15954e-03
1.05213e+04	1.34094e+09	3.25830e+00	4.91613e+00	-8.94544e-03
5.82094e+05	1.34152e+09	1.43651e+00	3.17299e+00	4.63625e-03
6.08485e+04	1.34158e+09	2.48954e+00	1.52990e+00	3.38804e-03
2.70623e+04	1.34161e+09	1.13109e+00	2.04457e+00	-4.24096e-03
1.24573e+04	1.34162e+09	2.02297e+00	4.66163e+00	-4.99990e-03
3.83726e+04	1.34166e+09	4.84457e-01	4.25281e+00	7.50883e-03
1.07524e+04	1.34167e+09	2.66765e+00	2.35114e-01	-2.47263e-03
3.98520e+05	1.34207e+09	1.15406e+00	4.72457e+00	8.62333e-03
2.21227e+04	1.34209e+09	2.24558e+00	2.53737e+00	-7.76180e-03
2.75241e+04	1.34212e+09	3.11026e+00	1.93066e-01	-9.66476e-03
8.74636e+04	1.34220e+09	8.82264e-01	3.83841e-01	-6.33420e-03
1.22408e+04	1.34221e+09	3.94894e+00	5.51278e+00	-3.29898e-03
1.04679e+04	1.34223e+09	4.26224e+00	2.31883e+00	-9.40627e-03
2.44052e+04	1.34225e+09	5.97496e-01	1.01154e+00	7.80416e-03
1.84216e+04	1.34227e+09	1.58249e+00	4.60031e+00	2.61723e-03
3.56786e+05	1.34262e+09	2.06052e+00	7.68818e-01	2.55586e-03
3.48780e+04	1.34266e+09	1.75657e-01	4.99369e-02	3.91587e-03
6.63008e+04	1.34273e+09	1.51410e+00	4.21349e+00	-9.58079e-04
1.03959e+04	1.34274e+09	1.80554e+00	1.78592e+00	5.49182e-03
1.60578e+04	1.34275e+09	3.64853e-01	1.76743e+00	7.78108e-03
1.16647e+04	1.34276e+09	2.54948e-01	5.43615e+00	5.93692e-03
1.03419e+04	1.34277e+09	4.07759e-01	6.77986e-01	-3.31710e-03
2.49557e+04	1.34280e+09	1.08040e+00	4.15337e+00	-4.95772e-03
1.96197e+04	1.34282e+09	1.43647e+00	4.12942e+00	8.85381e-03
1.89070e+04	1.34284e+09	1.48118e+00	7.36897e-01	-2.26627e-03
1.02934e+04	1.34285e+09	3.44139e+00	4.38089e+00	-2.96124e-03
1.49629e+04	1.34286e+09	2.87026e+00	2.45770e+00	8.35992e-03
1.93561e+04	1.34288e+09	1.82742e+00	2.06733e+00	-3.50687e-03
1.05569e+04	1.34289e+09	8.28368e-01	5.88964e+00	-5.31486e-03
7.48295e+04	1.34297e+09	1.43681e+00	2.30125e+00	-8.06040e-04
2.42167e+04	1.34299e+09	4.67496e-01	3.86204e+00	5.25779e-03
1.25009e+04	1.34300e+09	3.65839e+00	2.18395e+00	5.64143e-03
1.58594e+05	1.34316e+09	2.40201e+00	1.12353e+00	4.75978e-03
1.18442e+04	1.34318e+09	1.21214e+00	2.62710e+00	-9.18334e-03
8.54761e+04	1.34326e+09	1.69273e+00	4.79942e+00	-6.39985e-03
9.06463e+04	1.34335e+09	5.22036e-01	5.98861e-01	2.20545e-03
2.47441e+04	1.34338e+09	4.19984e-01	1.34109e+00	5.04114e-03
1.65096e+04	1.34339e+09	4.23059e+00	2.33142e+00	-3.14862e-03
1.13834e+04	1.34340e+09	1.08568e+00	4.65748e+00	-4.97392e-03
3.17310e+04	1.34344e+09	1.08194e+00	3.66960e+00	-9.28226e-03
1.11566e+04	1.34345e+09	7.32232e-01	4.83011e+00	9.98024e-03
4.47942e+04	1.34349e+09	9.74046e-01	4.04321e+00	-7.53044e-03
1.96200e+05	1.34369e+09	4.36449e+00	1.16006e+00	1.12777e-03
1.29542e+04	1.34370e+09	3.86696e+00	3.05002e+00	-9.46450e-03
3.51903e+04	1.34374e+09	7.40320e-01	4.98140e-01	9.80795e-03
4.04118e+04	1.34378e+09	7.26420e-01	6.23678e+00	1.95448e-03
2.25494e+06	1.34603e+09	6.89212e-01	1.10954e-01	9.22791e-04
1.94373e+04	1.34605e+09	8.92447e-01	5.99304e+00	-7.33235e-03
1.07925e+04	1.34606e+09	2.16085e+00	4.25317e+00	-9.57335e-03
9.26833e+04	1.34615e+09	4.64152e-01	4.35316e+00	9.88697e-03
2.43533e+04	1.34618e+09	3.19851e+00	1.43794e+00	3.97742e-04
2.72100e+04	1.34621e+09	3.32284e+00	2.90548e+00	5.30948e-03
2.64586e+04	1.34623e+09	1.77504e+00	4.19828e+00	-9.53349e-03
1.50053e+05	1.34638e+09	1.04725e+00	4.05547e+00	9.84321e-03
2.85313e+04	1.34641e+09	1.06947e+00	1.19044e-01	8.91078e-03
1.15278e+04	1.34642e+09	3.75976e-01	3.56254e+00	3.54621e-03
8.84139e+04	1.34651e+09	9.03120e-01	2.15479e-01	-6.56538e-04
1.48558e+04	1.34653e+09	1.13068e+00	2.04978e+00	-9.07351e-03
2.58206e+04	1.34655e+09	1.23274e+00	5.83210e-01	-8.87335e-03
1.02820e+04	1.34656e+09	4.36789e-01	4.35731e-01	4.56094e-03
4.05026e+04	1.34660e+09	1.48582e+00	2.75630e+00	4.29737e-03
4.01416e+04	1.34664e+09	1.34479e+00	1.84581e+00	8.40973e-03
3.11128e+05	1.34695e+09	1.47912e+00	2.31711e+00	-2.70895e-03
7.38033e+04	1.34703e+09	1.69780e+00	5.99135e+00	5.65424e-03
1.05570e+04	1.34704e+09	1.52475e+00	3.73184e+00	-2.76568e-03
1.35384e+04	1.34705e+09	1.83532e+00	1.03205e+00	-3.24224e-03
3.42375e+04	1.34709e+09	4.49594e-01	2.02673e+00	-8.96366e-03
5.41687e+04	1.34714e+09	2.24715e+00	1.84145e+00	-8.17198e-03
1.42335e+04	1.34715e+09	1.98263e+00	2.88876e+00	-7.22132e-04
3.33749e+04	1.34719e+09	2.36101e+00	3.55636e-02	-5.82255e-04
1.63970e+04	1.34720e+09	1.84189e-01	3.69798e-01	-9.42086e-03
3.40052e+04	1.34724e+09	3.94413e-01	4.79766e+00	9.50117e-03
2.70581e+05	1.34751e+09	2.11147e+00	5.47327e+00	-4.04374e-03
3.10274e+04	1.34754e+09	1.13447e+00	3.32032e+00	-9.08759e-03
1.84321e+05	1.34772e+09	3.40109e+00	5.42019e+00	-4.01870e-04
1.15831e+04	1.34774e+09	1.32669e+00	5.61931e+00	4.19325e-03
4.87961e+04	1.34778e+09	9.71666e-01	1.82551e+00	-5.94938e-03
2.33719e+04	1.34781e+09	7.44514e-01	3.30253e+00	7.92611e-03
1.29475e+04	1.34782e+09	9.93250e-01	4.12789e+00	1.92920e-03
5.13071e+04	1.34787e+09	4.00218e-01	2.22909e+00	9.82929e-03
5.14200e+04	1.34792e+09	2.67389e+00	1.58445e+00	-3.12942e-03
3.80860e+04	1.34796e+09	2.03117e+00	4.99624e+00	7.44000e-03
1.85663e+04	1.34798e+09	2.84732e+00	2.53757e+00	5.42590e-03
1.01720e+04	1.34799e+09	2.52467e+00	3.06326e+00	-8.97795e-03
1.09033e+04	1.34800e+09	1.06739e+00	1.56689e+00	-1.19914e-03
1.75923e+04	1.34802e+09	1.33559e+00	2.96697e+00	-7.02491e-03
1.04222e+04	1.34803e+09	1.02797e+00	1.54936e+00	-8.93920e-03
1.45955e+04	1.34804e+09	2.82965e+00	3.23317e+00	-7.79687e-03
4.66008e+04	1.34809e+09	1.65065e+00	4.59974e+00	9.44844e-03
1.25987e+04	1.34810e+09	2.15128e+00	4.09576e+00	9.63249e-03
5.33053e+05	1.34864e+09	2.51052e+00	5.72984e+00	-2.38499e-03
1.10242e+05	1.34875e+09	1.81170e+00	6.93298e-01	9.43736e-03
8.26582e+04	1.34883e+09	8.71670e-01	4.23185e+00	9.86609e-03
1.45957e+04	1.34884e+09	3.00043e+00	4.11466e+00	6.59664e-03
1.34598e+04	1.34886e+09	9.29056e-01	2.03060e+00	-9.84221e-03
1.68342e+05	1.34903e+09	2.00912e+00	4.79943e+00	3.41414e-03
3.16061e+04	1.34906e+09	5.16911e-01	3.34793e+00	9.99637e-03
6.25986e+04	1.34912e+09	6.91278e-01	5.34973e+00	-7.46815e-04
1.25328e+04	1.34913e+09	2.19943e+00	5.85121e+00	5.97571e-03
1.71964e+04	1.34915e+09	2.18807e+00	4.52134e+00	1.73588e-03
1.27596e+04	1.34916e+09	8.42984e-01	3.78179e+00	5.94466e-03
1.33467e+04	1.34918e+09	9.94122e-01	3.32876e-01	6.55748e-03
1.03120e+04	1.34919e+09	4.99545e-01	4.28681e+00	-6.57057e-03
5.10818e+04	1.34924e+09	2.34957e-01	4.67484e-01	4.41934e-03
2.40754e+04	1.34926e+09	2.55102e+00	7.52918e-01	5.87790e-03
1.07188e+04	1.34927e+09	1.29508e+00	2.36785e+00	8.58340e-03
1.25411e+04	1.34928e+09	3.60404e-01	2.73355e+00	-5.09040e-03
1.74551e+04	1.34930e+09	6.89711e-01	5.84980e+00	5.04591e-03
1.05885e+04	1.34931e+09	1.26598e+00	4.20467e+00	-8.34111e-03
2.88684e+04	1.34934e+09	3.91855e+00	4.19485e+00	-5.06419e-03
1.21527e+04	1.34935e+09	1.79252e+00	5.46357e+00	5.36351e-04
1.35019e+04	1.34937e+09	3.37848e+00	6.04352e+00	9.80246e-03
1.59607e+04	1.34938e+09	1.39178e+00	3.52398e+00	-6.96396e-03
1.09207e+04	1.34939e+09	9.97674e-01	6.10050e+00	4.02819e-03
2.72086e+04	1.34942e+09	4.18330e-02	5.98699e+00	-2.21779e-03
1.20422e+06	1.35062e+09	2.80635e+00	2.86900e+00	-2.54216e-03
4.01571e+04	1.35066e+09	1.03820e+00	4.65253e+00	-7.38096e-03
1.17593e+04	1.35068e+09	2.84839e+00	2.47574e+00	1.58901e-03
1.73381e+04	1.35069e+09	6.73035e-01	8.47640e-01	4.65105e-03
5.47450e+04	1.35075e+09	2.33570e+00	2.62448e+00	3.48763e-03
1.15746e+04	1.35076e+09	1.72950e+00	4.58110e+00	-1.96457e-03
1.70160e+04	1.35078e+09	3.07407e+00	1.25116e+00	7.97189e-03
1.18909e+04	1.35079e+09	4.22883e+00	1.40583e+00	-6.24668e-03
1.82240e+04	1.35081e+09	1.88278e+00	1.29986e+00	-6.58937e-04
1.86486e+04	1.35083e+09	3.82498e-01	1.49934e+00	-2.61246e-03
1.48074e+04	1.35084e+09	1.24467e+00	2.59719e+00	-8.22368e-03
1.60991e+04	1.35086e+09	6.16523e-01	2.33243e+00	4.22835e-03
1.95666e+04	1.35088e+09	9.03174e-01	1.46740e+00	8.63902e-03
7.97723e+04	1.35096e+09	2.85937e+00	2.41053e+00	-9.87727e-03
5.38659e+04	1.35101e+09	1.15173e-01	5.87148e+00	-1.55271e-03
3.62670e+04	1.35105e+09	8.75968e-01	2.07259e+00	8.74254e-03
5.23336e+04	1.35110e+09	7.16254e-01	4.87164e+00	-2.25660e-03
2.32619e+04	1.35112e+09	3.81460e+00	5.58394e+00	-8.10874e-03
4.33446e+04	1.35117e+09	6.85663e-01	5.66946e-01	6.97242e-03
2.42042e+04	1.35119e+09	9.29048e-01	1.23265e+00	4.88817e-03
1.11414e+04	1.35120e+09	5.08770e-01	6.01353e+00	-1.44641e-04
4.80933e+04	1.35125e+09	2.74593e+00	2.53961e+00	7.89343e-03
1.68821e+04	1.35127e+09	2.16192e-01	6.10518e+00	-4.19578e-03
3.44399e+04	1.35130e+09	2.14003e+00	2.46804e-02	-7.57706e-03
1.55812e+04	1.35132e+09	4.98324e-01	2.52398e-01	-1.49130e-04
3.55375e+04	1.35135e+09	6.62093e-01	3.12094e-01	-1.18882e-03
1.66673e+06	1.35302e+09	5.33832e-01	4.17848e+00	-5.40818e-03
2.01864e+04	1.35304e+09	1.71593e+00	4.44802e+00	-4.68287e-03
4.97114e+04	1.35309e+09	2.88981e+00	3.66793e+00	5.57395e-03
1.10782e+04	1.35310e+09	4.30669e+00	1.36426e+00	7.95760e-03
1.67998e+04	1.35312e+09	2.15248e+00	5.72502e+00	4.25949e-03
1.08546e+04	1.35313e+09	6.27694e-01	3.45025e+00	5.49498e-03
6.23754e+05	1.35375e+09	1.07092e+00	4.90805e+00	3.16479e-03
1.30571e+04	1.35376e+09	3.08613e+00	4.18799e+00	-3.68838e-03
4.46542e+04	1.35381e+09	1.31184e+00	5.68657e+00	7.55930e-04
2.13926e+04	1.35383e+09	8.18773e-01	5.67200e+00	3.89587e-03
2.23095e+04	1.35385e+09	1.39633e+00	4.93466e+00	-2.32014e-03
1.15350e+04	1.35386e+09	2.38152e+00	4.57316e+00	-6.77249e-04
2.02666e+04	1.35388e+09	1.38986e-01	5.00454e+00	6.45867e-03
4.03687e+04	1.35392e+09	1.15468e+00	5.92980e+00	6.96646e-03
2.57701e+04	1.35395e+09	1.14743e+00	4.57846e+00	-3.91622e-03
1.01892e+04	1.35396e+09	7.01011e-01	6.23195e+00	3.78926e-03
1.09734e+04	1.35397e+09	9.36605e-01	2.10073e-01	4.95011e-03
1.21216e+04	1.35398e+09	5.99341e-01	3.97741e+00	-5.29637e-03
2.30300e+04	1.35401e+09	1.74249e+00	2.12690e+00	-7.21478e-03
1.55190e+04	1.35402e+09	1.58651e+00	2.01852e+00	-1.14055e-03
1.49456e+04	1.35404e+09	7.14107e-01	1.57757e+00	8.74377e-03
1.23606e+05	1.35416e+09	1.03511e+00	7.91800e-01	-5.09685e-03
1.20828e+04	1.35417e+09	6.07977e-01	3.22675e+00	-3.54105e-03
1.83157e+04	1.35419e+09	1.92817e+00	2.96636e+00	-9.83822e-03
3.96282e+04	1.35423e+09	1.56468e+00	2.78085e+00	-2.99660e-03
1.46868e+04	1.35424e+09	5.34589e-01	1.23730e+00	4.98945e-03
1.06014e+04	1.35426e+09	1.99880e+00	2.99211e-01	9.71075e-03
3.76218e+04	1.35429e+09	2.93441e+00	5.68974e-01	-8.24671e-03
1.84268e+04	1.35431e+09	2.73631e+00	1.47612e+00	5.24745e-03
1.70954e+04	1.35433e+09	9.63007e-01	3.77463e+00	9.01943e-03
1.95786e+04	1.35435e+09	4.22303e-01	1.90930e+00	7.72540e-03
1.07029e+04	1.35436e+09	2.97847e+00	2.40215e+00	2.18338e-03
2.33111e+04	1.35438e+09	4.20239e-01	3.01940e+00	3.87103e-03
3.29043e+04	1.35442e+09	2.78397e+00	6.01505e+00	-1.78069e-03
1.96130e+04	1.35443e+09	1.84608e+00	5.83816e+00	-1.01115e-03
1.49043e+04	1.35445e+09	3.39037e+00	3.74319e+00	1.37656e-03
1.30034e+04	1.35446e+09	6.54697e-01	2.61870e+00	-6.87019e-03
1.14022e+04	1.35447e+09	1.14750e+00	2.35534e+00	-3.51077e-04
1.14221e+04	1.35449e+09	6.79913e-01	2.60015e+00	-8.49654e-03
1.67966e+04	1.35450e+09	2.62372e+00	4.98991e+00	-4.22737e-03
1.59633e+05	1.35466e+09	1.41598e+00	4.10727e+00	-2.65636e-04
1.49400e+04	1.35468e+09	1.52487e+00	5.02190e+00	6.50871e-03
2.51913e+04	1.35470e+09	3.07809e+00	3.18170e-01	-3.70262e-04
1.17556e+04	1.35471e+09	1.07811e+00	1.08485e+00	-4.03070e-03
1.12894e+04	1.35473e+09	1.51719e+00	5.97367e+00	-1.69491e-03
3.80314e+04	1.35476e+09	1.99620e+00	3.53193e-02	-8.92143e-03
1.67343e+04	1.35478e+09	1.50396e+00	3.09610e+00	-5.93112e-03
1.02555e+04	1.35479e+09	1.30617e+00	3.92910e+00	-7.91403e-03
1.02122e+04	1.35480e+09	2.59457e+00	3.45777e+00	1.89910e-03
2.63417e+04	1.35483e+09	7.76868e-01	2.14256e+00	-6.90511e-05
1.15091e+04	1.35484e+09	2.60060e+00	3.08391e+00	1.40015e-03
1.03511e+04	1.35485e+09	2.27591e+00	3.37870e+00	-9.97716e-03
1.45220e+04	1.35486e+09	8.98010e-01	5.90982e+00	2.28507e-03
7.14176e+04	1.35493e+09	3.36440e+00	3.83872e+00	7.72915e-03
7.68052e+04	1.35501e+09	1.30680e+00	2.66820e+00	-4.02448e-03
1.33995e+04	1.35502e+09	2.94703e+00	3.85594e+00	-2.54505e-03
1.38788e+04	1.35504e+09	9.08984e-01	2.91820e+00	-4.38874e-03
1.40532e+04	1.35505e+09	1.03048e+00	1.55278e+00	-5.32084e-03
1.54826e+04	1.35507e+09	9.12264e-01	3.34719e+00	-4.15958e-04
1.39825e+04	1.35508e+09	1.58513e+00	4.41839e+00	-2.64233e-03
6.27081e+04	1.35514e+09	1.85034e+00	6.05322e+00	7.30988e-03
4.24723e+04	1.35519e+09	1.07544e+00	5.13638e+00	3.94218e-03
1.35439e+04	1.35520e+09	3.26449e+00	4.56317e+00	7.40070e-03
1.00868e+05	1.35530e+09	2.07068e+00	5.44460e+00	7.73933e-03
2.61575e+04	1.35533e+09	2.98188e+00	1.00392e+00	9.84452e-03
5.92718e+04	1.35539e+09	7.55450e-01	2.73518e+00	4.54718e-04
5.16585e+04	1.35544e+09	1.58467e+00	6.12477e+00	-3.92636e-03
4.60152e+04	1.35548e+09	2.35253e+00	2.96307e+00	-5.44127e-03
1.10328e+04	1.35550e+09	2.21804e+00	3.76858e+00	7.81355e-03
2.35691e+05	1.35573e+09	4.27672e-01	3.04443e+00	-5.43038e-03
1.77411e+04	1.35575e+09	1.98929e+00	1.25430e+00	3.54994e-03
6.49473e+04	1.35581e+09	2.03130e+00	3.67644e+00	-4.32161e-03
1.14692e+04	1.35583e+09	2.63277e+00	3.00228e+00	-9.46267e-03
1.83462e+04	1.35584e+09	6.71606e-01	1.58016e+00	7.96121e-04
1.41423e+04	1.35586e+09	5.66277e-01	5.91403e+00	3.81250e-03
1.99107e+04	1.35588e+09	1.51511e+00	2.99085e+00	-6.13835e-05
2.95289e+04	1.35591e+09	1.42181e+00	4.49395e+00	-3.83422e-03
1.19973e+04	1.35592e+09	2.77506e-01	7.18970e-01	-4.13665e-03
2.55279e+04	1.35595e+09	2.45645e-01	2.40152e+00	-6.71664e-03
1.40724e+04	1.35596e+09	7.00856e-01	5.18711e+00	6.36033e-03
2.47655e+04	1.35598e+09	9.44972e-01	5.93894e+00	3.02739e-03
2.51322e+04	1.35601e+09	2.64349e+00	4.11772e+00	-3.89044e-03
5.29783e+05	1.35654e+09	1.17566e+00	4.77695e+00	-7.14287e-03
1.65245e+05	1.35670e+09	7.81022e-01	5.28221e+00	-9.39345e-03
2.88259e+04	1.35673e+09	2.17443e+00	2.35094e-01	-4.77883e-03
6.08146e+04	1.35679e+09	3.41948e+00	3.17523e-01	6.93569e-03
3.14788e+04	1.35683e+09	1.13540e+00	4.58142e+00	-3.77681e-04
2.07791e+04	1.35685e+09	8.07854e-01	4.73898e+00	-8.12898e-03
3.99173e+04	1.35689e+09	6.00017e-01	4.48645e-01	6.67477e-03
2.42355e+04	1.35691e+09	1.93248e+00	1.39682e+00	7.60791e-04
3.55524e+04	1.35695e+09	2.17477e+00	3.68647e+00	-9.08837e-03
2.07341e+04	1.35697e+09	1.14886e+00	4.76328e+00	-9.22952e-03
6.99532e+04	1.35704e+09	1.67763e+00	3.72158e+00	5.68218e-03
3.34921e+04	1.35707e+09	3.22395e-01	2.08498e+00	5.00804e-03
1.12335e+04	1.35708e+09	1.50608e+00	5.41156e+00	2.49119e-03
2.44366e+05	1.35733e+09	6.05275e-01	1.28533e+00	-6.02738e-05
1.08038e+05	1.35743e+09	3.40067e+00	5.99853e+00	-7.68509e-03
9.42965e+04	1.35753e+09	1.49657e+00	4.89200e+00	-7.03366e-03
1.32933e+04	1.35754e+09	1.27888e+00	6.01728e+00	1.88062e-03
1.04799e+04	1.35755e+09	3.89124e+00	5.16083e+00	4.44647e-04
1.60105e+04	1.35757e+09	1.35118e+00	3.76528e+00	5.92169e-04
1.27940e+04	1.35758e+09	1.81738e+00	4.61836e+00	-1.29993e-03
1.07388e+04	1.35759e+09	1.04084e+00	4.41995e+00	2.56325e-04
1.24675e+04	1.35760e+09	2.59044e+00	3.86622e+00	-8.39631e-04
7.37825e+04	1.35768e+09	9.63566e-01	4.54027e+00	-4.79784e-03
2.64193e+04	1.35770e+09	4.78459e-01	5.82354e+00	1.91196e-03
2.95513e+04	1.35773e+09	2.41284e+00	2.22692e-01	-8.59817e-03
2.93328e+04	1.35776e+09	1.48907e+00	1.43993e+00	6.26387e-05
5.95998e+04	1.35782e+09	4.49378e-01	3.81540e+00	-1.99748e-03
1.35629e+04	1.35784e+09	1.02961e+00	5.89113e+00	7.50089e-03
1.34927e+04	1.35785e+09	2.21326e-01	3.18426e-01	-1.68954e-03
1.51676e+04	1.35786e+09	9.09270e-01	4.53088e+00	-3.57494e-03
3.68555e+04	1.35790e+09	9.33744e-01	1.54151e+00	-6.05685e-03
3.34638e+04	1.35793e+09	4.43014e-01	1.21146e+00	-2.63424e-03
1.80363e+04	1.35795e+09	1.69378e+00	4.01363e+00	-4.67660e-03
3.21222e+05	1.35827e+09	1.10842e+00	2.80074e+00	-6.08343e-03
3.29821e+04	1.35831e+09	1.72005e+00	3.91299e+00	7.49145e-03
2.66033e+05	1.35857e+09	3.93726e-01	5.31279e+00	-4.89791e-05
2.58394e+05	1.35883e+09	8.34487e-01	1.17222e+00	-5.36454e-03
1.96020e+04	1.35885e+09	1.34409e+00	5.33017e+00	-8.21052e-03
1.94633e+04	1.35887e+09	1.01068e+00	6.07476e+00	1.45056e-03
1.61033e+04	1.35889e+09	3.08963e+00	5.33426e+00	-3.54481e-03
2.97606e+04	1.35892e+09	4.02111e+00	1.03574e+00	3.42499e-03
2.01118e+05	1.35912e+09	7.93236e-01	1.61295e+00	4.53357e-03
1.69820e+04	1.35913e+09	1.48941e+00	4.00597e-01	-4.52534e-03
3.84348e+04	1.35917e+09	1.71542e+00	3.35565e+00	5.72708e-04
1.49712e+04	1.35919e+09	7.09793e-01	2.43200e+00	9.91460e-03
1.48404e+04	1.35920e+09	1.17540e+00	4.62066e+00	-8.68821e-03
3.03704e+04	1.35923e+09	2.48927e+00	4.85535e+00	3.90916e-03
1.17889e+04	1.35924e+09	1.71350e+00	6.20228e+00	-4.70023e-03
2.03471e+04	1.35927e+09	1.82334e+00	5.02439e+00	6.41718e-03
9.64669e+04	1.35936e+09	9.85318e-01	4.70439e+00	1.42893e-03
1.72495e+04	1.35938e+09	2.19783e+00	3.45490e+00	9.10094e-03
6.20098e+04	1.35944e+09	1.73057e+00	2.75443e+00	9.21415e-03
1.12367e+05	1.35955e+09	4.35928e-01	4.88302e+00	9.84244e-03
4.15639e+05	1.35997e+09	5.29621e-01	5.16070e+00	4.19481e-03
2.72567e+04	1.36000e+09	8.00556e-01	1.57642e+00	-9.53521e-03
1.99227e+04	1.36002e+09	1.94680e+00	5.67844e+00	2.13620e-04
1.15820e+04	1.36003e+09	7.79160e-01	6.14616e+00	3.66075e-03
3.47858e+04	1.36006e+09	1.17645e+00	3.85954e+00	9.32412e-03
2.01225e+04	1.36008e+09	8.83245e-01	4.01243e+00	-3.40877e-03
2.04902e+04	1.36010e+09	6.66843e-01	9.26729e-01	3.77735e-03
1.69257e+04	1.36012e+09	2.91756e-01	4.54077e+00	8.50368e-03
1.33373e+05	1.36025e+09	1.68535e+00	1.54670e+00	-1.25870e-04
2.35712e+04	1.36028e+09	2.96087e+00	1.11174e+00	8.41197e-03
3.52449e+04	1.36031e+09	3.29629e+00	3.95867e+00	6.18955e-04
3.45368e+04	1.36035e+09	2.14404e+00	1.53839e+00	8.43341e-03
1.02360e+05	1.36045e+09	1.55101e+00	1.51382e+00	-1.29211e-03
1.23489e+04	1.36046e+09	2.73148e+00	5.13604e+00	9.79746e-03
1.34137e+04	1.36047e+09	5.09385e-01	1.72158e+00	-7.79194e-03
2.97768e+05	1.36077e+09	3.73350e+00	2.41503e+00	6.96511e-03
2.14734e+04	1.36079e+09	8.72989e-01	2.17000e+00	7.00441e-03
2.87778e+04	1.36082e+09	7.91929e-01	2.66906e-01	4.44502e-03
1.30200e+04	1.36084e+09	1.07066e+00	1.54079e+00	-2.50163e-03
1.32580e+04	1.36085e+09	1.64161e+00	5.75063e+00	9.75898e-03
1.25340e+05	1.36097e+09	4.15877e-01	5.34242e+00	-3.27215e-03
1.80878e+04	1.36099e+09	9.89091e-01	3.87065e-01	3.13305e-03
1.42044e+04	1.36101e+09	3.12093e-01	2.83755e+00	-8.33665e-03
2.97079e+04	1.36104e+09	1.94026e+00	4.93529e+00	-6.65591e-03
1.48682e+05	1.36119e+09	2.05670e+00	4.99598e+00	-9.01563e-03
1.61294e+04	1.36120e+09	1.87750e+00	1.85354e+00	-3.25159e-03
2.12432e+05	1.36141e+09	2.86370e+00	4.63682e+00	-4.10606e-03
1.38400e+04	1.36143e+09	3.90942e-01	6.26160e+00	-6.14293e-03
2.32739e+04	1.36145e+09	7.06686e-01	1.98023e+00	3.77399e-04
2.54934e+04	1.36148e+09	1.08077e+00	4.96431e+00	8.03367e-03
9.73542e+05	1.36245e+09	2.65468e+00	1.75558e+00	-9.51390e-03
9.94632e+04	1.36255e+09	2.58273e+00	2.12381e-01	-5.49270e-03
1.88732e+04	1.36257e+09	1.05322e-01	1.04169e+00	-3.96980e-03
6.75244e+05	1.36324e+09	5.22285e-01	1.95318e+00	8.53682e-03
1.71239e+04	1.36326e+09	9.65555e-01	2.73005e+00	9.97608e-03
3.99518e+04	1.36330e+09	1.91259e+00	1.25581e+00	-1.92258e-03
1.21319e+04	1.36331e+09	2.47615e-01	3.30477e+00	-1.26222e-03
1.14472e+04	1.36332e+09	7.68830e-01	4.65652e+00	-2.22874e-03
1.86779e+04	1.36334e+09	8.95292e-01	4.77740e+00	-3.13154e-03
2.74219e+04	1.36337e+09	1.39371e+00	6.00148e+00	-8.26482e-03
3.09259e+04	1.36340e+09	7.64632e-01	2.30524e+00	2.38544e-03
6.21109e+04	1.36346e+09	1.46602e+00	5.71307e-01	-1.34217e-04
1.87501e+04	1.36348e+09	1.54117e+00	2.58860e+00	6.00697e-03
1.79042e+05	1.36366e+09	6.13240e-01	2.27678e+00	4.10102e-03
1.80162e+05	1.36384e+09	9.51941e-01	2.01234e+00	-7.74325e-03
1.00191e+04	1.36385e+09	2.89110e+00	1.11564e+00	8.52294e-03
1.55011e+04	1.36387e+09	3.96601e-01	3.81383e+00	-5.32574e-03
1.14209e+04	1.36388e+09	1.97611e+00	6.12428e+00	9.07472e-03
7.85539e+04	1.36396e+09	5.21722e-01	5.01001e+00	-6.63625e-03
1.02572e+04	1.36397e+09	1.22157e+00	2.59141e+00	-5.32718e-03
1.17643e+04	1.36398e+09	2.73794e+00	1.54136e+00	-7.05421e-03
2.70856e+04	1.36401e+09	1.13212e+00	2.94471e+00	-3.56509e-03
1.17715e+04	1.36402e+09	2.05786e+00	4.78428e+00	-5.68957e-03
1.12512e+04	1.36403e+09	1.31421e+00	3.42550e+00	-3.74171e-03
2.08627e+05	1.36424e+09	9.04680e-01	2.22608e+00	-7.67948e-03
1.82379e+05	1.36442e+09	2.76529e+00	1.87777e+00	-2.75967e-03
7.96479e+04	1.36450e+09	1.47381e+00	5.54413e+00	-8.56319e-03
1.11417e+04	1.36451e+09	9.88087e-01	3.38423e+00	-2.77107e-03
1.93364e+05	1.36470e+09	8.25339e-01	6.04319e+00	-7.14499e-03
1.09866e+04	1.36472e+09	9.80823e-01	4.32142e+00	-2.42430e-03
4.42715e+04	1.36476e+09	1.94449e+00	4.85147e+00	-4.32534e-03
3.45390e+04	1.36479e+09	1.01311e+00	3.96479e+00	-4.51875e-03
1.95654e+04	1.36481e+09	2.29340e+00	4.60020e+00	-4.87433e-03
2.25024e+04	1.36484e+09	1.24631e+00	4.81624e+00	2.14310e-03
1.62983e+04	1.36485e+09	1.83260e+00	8.09844e-01	7.80531e-03
5.95018e+05	1.36545e+09	3.74323e-01	4.51206e+00	-6.23724e-03
3.48682e+04	1.36548e+09	1.98451e+00	1.91664e+00	3.24374e-03
1.05724e+04	1.36549e+09	1.99705e+00	5.56978e+00	8.48123e-04
1.40843e+05	1.36563e+09	8.29300e-01	1.90560e+00	7.08236e-03
2.31606e+04	1.36566e+09	9.61815e-01	5.74316e+00	-9.68551e-03
1.08716e+04	1.36567e+09	2.40141e+00	2.80407e+00	-8.70263e-03
2.86963e+04	1.36570e+09	1.54428e+00	2.65517e+00	6.65941e-03
2.34071e+04	1.36572e+09	1.46140e+00	4.97449e+00	-9.05674e-03
1.13414e+04	1.36573e+09	7.18393e-01	3.63628e+00	-8.04884e-03
1.63933e+04	1.36575e+09	1.31168e+00	4.26868e+00	-1.25522e-03
6.40682e+04	1.36581e+09	2.03370e+00	1.86105e+00	-5.48701e-03
1.66523e+04	1.36583e+09	2.19883e+00	3.79798e+00	7.26836e-03
1.47050e+04	1.36584e+09	9.87377e-01	3.55065e+00	7.91084e-03
1.15043e+04	1.36585e+09	2.93798e+00	2.82176e+00	2.00019e-03
1.47445e+04	1.36587e+09	2.42999e-01	2.88680e+00	3.84714e-03
7.04126e+04	1.36594e+09	6.55977e-01	3.54588e+00	-8.17036e-03
1.63659e+04	1.36596e+09	3.59567e+00	1.50069e+00	6.27615e-04
4.15898e+04	1.36600e+09	6.43202e-01	4.14479e+00	4.40071e-03
8.84386e+04	1.36609e+09	2.10794e+00	4.83440e+00	6.60368e-03
1.20046e+05	1.36621e+09	4.78145e-01	4.50705e+00	1.64327e-03
1.91654e+04	1.36623e+09	1.48694e+00	3.86889e+00	-3.20517e-03
3.89651e+04	1.36626e+09	1.32785e-01	3.60883e+00	7.21889e-03
5.15672e+04	1.36632e+09	2.98292e+00	1.96306e+00	-6.01136e-03
6.15681e+04	1.36638e+09	9.29227e-01	3.31005e+00	-5.39737e-04
2.54097e+04	1.36640e+09	2.07761e+00	1.60184e+00	7.27067e-03
1.68317e+04	1.36642e+09	2.86725e+00	2.43329e+00	3.66991e-03
1.22873e+04	1.36643e+09	1.96209e+00	5.18811e+00	-2.61119e-04
1.03584e+04	1.36644e+09	2.18656e+00	5.09477e+00	5.86830e-03
1.24651e+04	1.36645e+09	1.34039e+00	3.29272e+00	-3.09174e-03
1.59511e+04	1.36647e+09	1.02969e+00	5.47080e+00	-4.59685e-03
2.31948e+04	1.36649e+09	1.79751e+00	3.60376e+00	4.90515e-03
3.58694e+04	1.36653e+09	2.75835e+00	4.21880e+00	-1.87183e-03
2.30541e+04	1.36655e+09	1.92159e+00	6.25820e+00	-4.82665e-03
1.58408e+05	1.36671e+09	1.87418e+00	7.58949e-01	-1.97232e-03
3.05851e+04	1.36674e+09	5.39524e-01	4.42847e+00	7.88916e-03
2.96383e+04	1.36677e+09	1.18301e+00	7.91798e-01	1.48555e-03
1.55650e+04	1.36679e+09	3.41281e-01	4.63243e+00	-9.96023e-03
1.70955e+04	1.36680e+09	1.78344e+00	4.50660e+00	1.61473e-03
1.31220e+04	1.36682e+09	8.76923e-01	7.98478e-01	9.79951e-03
1.03030e+04	1.36683e+09	5.66718e-01	2.19487e+00	5.52747e-03
1.47857e+04	1.36684e+09	3.62185e+00	6.06617e-01	-9.77808e-03
1.55312e+04	1.36686e+09	5.23970e-01	6.06551e-01	-6.48142e-03
5.34456e+05	1.36739e+09	1.94717e+00	1.77965e+00	-2.65538e-03
1.30413e+04	1.36741e+09	5.02319e-01	2.36734e+00	-8.79844e-03
3.31066e+04	1.36744e+09	1.08441e+00	1.09471e+00	-5.20936e-03
1.25636e+04	1.36745e+09	1.45590e+00	6.01591e+00	3.14331e-03
3.77624e+04	1.36749e+09	6.43285e-01	2.60374e+00	-7.16567e-03
1.96039e+04	1.36751e+09	1.34026e+00	4.04503e+00	8.40612e-03
1.48343e+04	1.36752e+09	1.34061e+00	3.64482e+00	5.15643e-03
1.04304e+04	1.36753e+09	1.68477e+00	9.68022e-03	-6.13541e-03
1.23244e+04	1.36755e+09	4.97237e-01	9.14343e-01	8.32928e-03
1.00887e+04	1.36756e+09	1.99674e+00	3.71749e+00	-5.53961e-03
1.20494e+04	1.36757e+09	1.30523e+00	7.89396e-01	9.06207e-04
2.13261e+05	1.36778e+09	1.69890e+00	3.12976e+00	-9.10190e-03
1.62836e+04	1.36780e+09	1.98653e+00	9.84188e-01	-7.90978e-03
3.22377e+04	1.36783e+09	2.29398e+00	3.67391e+00	6.38462e-03
1.17188e+05	1.36795e+09	3.50947e+00	6.22066e+00	3.34778e-03
1.80045e+04	1.36796e+09	1.01499e+00	1.78987e+00	-2.43383e-03
2.07822e+04	1.36799e+09	3.54008e+00	5.89198e+00	5.60953e-03
1.25568e+04	1.36800e+09	1.00028e+00	3.62615e+00	-6.73608e-03
7.50387e+05	1.36875e+09	1.95746e+00	4.43264e+00	-3.36941e-03
1.12871e+05	1.36886e+09	4.16023e-01	5.17321e+00	-9.31360e-03
1.04789e+05	1.36897e+09	1.68666e+00	3.21699e+00	-7.40080e-03
1.11600e+04	1.36898e+09	2.51847e+00	5.73949e+00	3.74919e-03
1.12271e+04	1.36899e+09	1.55003e+00	1.79563e+00	-6.48565e-03
2.74228e+04	1.36902e+09	1.34990e+00	1.09343e-01	2.83695e-03
1.21856e+04	1.36903e+09	1.17333e+00	2.34923e+00	-7.58238e-03
1.12683e+04	1.36904e+09	4.24910e-01	5.09477e+00	2.70548e-03
9.85426e+04	1.36914e+09	1.36529e+00	3.64945e+00	-1.25805e-03
5.68192e+04	1.36919e+09	4.46337e+00	3.06803e+00	-1.46099e-03
1.32364e+05	1.36933e+09	5.97053e-01	1.12337e-01	-3.15809e-03
1.83982e+04	1.36935e+09	8.23648e-01	5.36132e+00	-3.02267e-03
2.86356e+04	1.36937e+09	2.34465e+00	5.98559e+00	6.76118e-03
3.26162e+04	1.36941e+09	4.12298e+00	3.89163e+00	9.07377e-03
3.68981e+04	1.36944e+09	6.54799e-01	1.55722e-01	-4.89107e-03
1.45728e+04	1.36946e+09	4.14368e-01	5.56393e+00	-4.21417e-03
3.45941e+04	1.36949e+09	5.44639e-01	2.87655e+00	-3.25472e-04
1.42891e+04	1.36951e+09	7.56525e-01	1.29485e+00	-1.23410e-03
2.13495e+04	1.36953e+09	2.08119e+00	6.08043e+00	7.58411e-04
5.35878e+04	1.36958e+09	1.01099e+00	9.80827e-01	7.68825e-03
1.25798e+04	1.36959e+09	2.57885e+00	4.56705e+00	-8.30232e-03
1.15617e+04	1.36961e+09	4.03112e+00	2.58330e+00	-8.81889e-03
3.02330e+04	1.36964e+09	6.43217e-01	1.06105e+00	-5.86678e-03
1.47409e+04	1.36965e+09	5.94741e-01	6.84650e-01	9.37356e-03
1.41628e+04	1.36967e+09	1.36447e+00	3.27693e+00	-8.69160e-03
4.22890e+04	1.36971e+09	1.93295e+00	5.89825e+00	3.91268e-03
2.30124e+04	1.36973e+09	9.41140e-01	5.91234e+00	-3.05411e-03
1.22376e+04	1.36974e+09	6.14000e-01	3.30677e+00	-4.44988e-03
1.02583e+04	1.36975e+09	1.66174e+00	4.59645e+00	-3.34135e-03
1.07190e+04	1.36976e+09	9.51451e-01	1.52160e+00	3.83918e-03
1.08236e+04	1.36977e+09	1.36861e+00	4.62604e+00	-4.52464e-03
1.00849e+04	1.36978e+09	1.16506e+00	3.43473e+00	3.53159e-03
1.54943e+04	1.36980e+09	3.66296e+00	2.12296e+00	2.19168e-03
1.19856e+04	1.36981e+09	1.81060e+00	1.14741e+00	-8.30732e-03
3.73374e+04	1.36985e+09	4.05512e+00	3.26610e+00	6.26591e-03
2.60168e+04	1.36988e+09	1.56382e+00	4.49799e+00	2.88145e-03
1.30160e+04	1.36989e+09	8.10807e-01	2.15955e-01	-1.64904e-03
1.86452e+04	1.36991e+09	1.36342e+00	3.83622e+00	2.80095e-03
1.11345e+04	1.36992e+09	1.54052e+00	1.31076e+00	-2.39456e-03
6.96344e+04	1.36999e+09	8.94434e-01	5.34074e+00	-9.82922e-03
1.61094e+04	1.37000e+09	3.12275e+00	7.26021e-01	1.03177e-03
1.10513e+04	1.37002e+09	1.17507e+00	3.29008e+00	-3.89720e-03
1.10629e+04	1.37003e+09	1.16200e+00	2.31140e+00	-7.10930e-03
3.14391e+04	1.37006e+09	6.82286e-01	3.08382e+00	2.75941e-03
5.57894e+05	1.37062e+09	1.06530e+00	3.31239e+00	-3.74828e-03
2.81601e+04	1.37064e+09	1.78391e+00	1.20176e+00	-4.70431e-03
1.64365e+04	1.37066e+09	1.50400e+00	3.43731e+00	6.16170e-03
4.43124e+04	1.37070e+09	1.66433e+00	3.33045e+00	2.43719e-03
2.76887e+04	1.37073e+09	3.51415e+00	2.27092e+00	5.96165e-03
1.29405e+04	1.37075e+09	8.17755e-01	5.48398e+00	-9.84117e-03
2.88426e+04	1.37077e+09	4.43081e-01	5.37278e+00	-1.34118e-03
2.71374e+04	1.37080e+09	1.58883e+00	2.94647e+00	-4.23079e-04
4.84344e+04	1.37085e+09	1.52280e+00	2.53441e+00	2.98817e-03
1.78470e+04	1.37087e+09	1.21700e+00	3.03315e+00	3.68479e-03
1.20914e+05	1.37099e+09	2.82924e+00	6.81330e-01	5.09443e-03
6.23514e+04	1.37105e+09	2.26057e+00	5.07093e+00	-6.20610e-03
2.47420e+04	1.37108e+09	2.81858e+00	2.30997e+00	1.97932e-03
1.50443e+04	1.37109e+09	8.55807e-02	1.34092e+00	-5.15416e-03
2.16883e+04	1.37111e+09	1.54672e+00	3.17667e+00	7.72708e-03
1.28212e+04	1.37113e+09	2.38229e+00	3.11776e+00	1.33925e-03
2.83294e+04	1.37115e+09	1.26385e+00	4.95595e+00	7.18892e-03
1.97239e+04	1.37117e+09	1.56123e+00	4.11558e+00	1.58651e-03
4.99752e+04	1.37122e+09	6.60773e-01	1.52715e+00	1.73634e-03
2.42604e+04	1.37125e+09	1.15723e+00	2.09204e+00	-8.48157e-03
1.26431e+04	1.37126e+09	2.53748e-01	1.44744e+00	-3.09119e-03
1.02824e+04	1.37127e+09	7.51268e-01	3.29009e+00	-7.62272e-03
2.61717e+04	1.37130e+09	6.02999e-01	3.29092e-01	-4.00930e-03
1.04791e+04	1.37131e+09	3.23273e-01	4.20884e+00	-5.54894e-03
1.47656e+04	1.37132e+09	1.11322e+00	4.14803e-01	-2.28585e-04
3.44238e+04	1.37136e+09	3.58587e-01	4.73090e+00	1.52833e-03
1.20446e+04	1.37137e+09	9.94225e-01	2.57316e-01	7.83069e-03
2.90773e+04	1.37140e+09	1.33487e+00	1.76482e+00	-6.66534e-03
1.36678e+04	1.37141e+09	1.68080e+00	4.64397e+00	9.65462e-03
1.79977e+04	1.37143e+09	1.62087e+00	3.20269e+00	5.26591e-03
1.05454e+04	1.37144e+09	1.93078e+00	3.83642e+00	1.33774e-03
1.07370e+04	1.37145e+09	2.13778e+00	4.77656e+00	7.40330e-04
1.32748e+04	1.37146e+09	1.83360e+00	2.94231e-01	-8.14416e-03
1.24354e+04	1.37148e+09	9.98094e-01	1.34819e-01	6.07835e-03
1.14835e+04	1.37149e+09	1.54579e+00	5.08040e+00	-9.49242e-03
1.16726e+04	1.37150e+09	6.96364e-01	3.94035e+00	1.83598e-03
2.04778e+04	1.37152e+09	4.05267e-01	2.81231e+00	4.56403e-03
2.08109e+04	1.37154e+09	1.20414e+00	1.79995e+00	3.28928e-03
3.65121e+04	1.37158e+09	3.12760e+00	5.13750e+00	-9.29964e-03
1.53903e+04	1.37159e+09	1.20503e+00	3.96306e+00	1.99012e-03
1.79815e+04	1.37161e+09	6.26365e-01	3.52863e+00	1.32935e-03
3.75982e+04	1.37165e+09	1.25118e+00	5.04203e+00	-5.20575e-03
1.25032e+04	1.37166e+09	1.36862e+00	5.58434e+00	-6.18247e-03
1.13876e+04	1.37167e+09	1.33545e+00	6.17515e+00	-1.48569e-03
2.15334e+05	1.37189e+09	2.17017e+00	6.10999e+00	8.98022e-03
1.63012e+04	1.37190e+09	1.27186e+00	5.03568e+00	3.21768e-03
1.33531e+04	1.37192e+09	1.68686e+00	5.43403e+00	9.20228e-04
1.19497e+04	1.37193e+09	2.57429e+00	5.90111e+00	-6.48357e-03
1.43700e+04	1.37194e+09	1.31544e+00	6.79164e-01	8.11719e-03
1.15673e+04	1.37195e+09	7.41650e-01	9.81733e-01	8.62112e-03
8.78556e+05	1.37283e+09	1.69711e+00	4.19414e-01	-4.22267e-03
2.06733e+05	1.37304e+09	1.34130e+00	4.64838e-01	-4.70474e-03
5.39329e+04	1.37309e+09	7.67669e-01	1.73035e+00	5.51115e-03
6.90020e+04	1.37316e+09	7.35180e-01	1.81590e+00	7.94689e-03
1.22428e+04	1.37318e+09	1.89656e+00	6.14108e+00	-5.65126e-03
3.30183e+04	1.37321e+09	1.05982e+00	2.77293e+00	8.99295e-03
1.33657e+04	1.37322e+09	2.28343e+00	4.04172e+00	3.42450e-03
8.11119e+04	1.37330e+09	1.74201e+00	6.01282e+00	-7.53214e-03
4.56146e+05	1.37376e+09	3.58560e+00	3.69755e+00	-5.72665e-03
7.43930e+04	1.37383e+09	3.63339e+00	3.48048e-02	-4.01560e-03
4.45921e+04	1.37388e+09	9.60626e-01	5.42686e+00	-9.37008e-03
2.06436e+04	1.37390e+09	2.77288e-01	1.78120e+00	8.46417e-03
4.39236e+04	1.37394e+09	1.39445e+00	2.90958e-01	1.18965e-03
1.42729e+04	1.37396e+09	1.18398e+00	3.46568e-01	-1.24492e-03
1.35315e+04	1.37397e+09	2.43443e+00	5.19612e+00	-7.99630e-03
1.59752e+04	1.37399e+09	1.33212e+00	4.38141e+00	-1.76940e-03
1.55397e+05	1.37414e+09	8.46746e-02	1.41919e+00	8.32955e-03
7.65009e+04	1.37422e+09	1.29226e+00	2.09069e+00	5.37043e-03
1.40729e+05	1.37436e+09	5.20559e-01	5.92149e+00	3.19840e-03
4.07885e+05	1.37477e+09	2.12039e+00	5.33831e+00	-2.51668e-03
1.19400e+04	1.37478e+09	1.64631e+00	2.70212e+00	-7.04718e-03
1.48338e+04	1.37479e+09	1.16040e+00	5.19231e+00	-8.49686e-03
1.23656e+04	1.37481e+09	9.72328e-01	1.55589e+00	9.48602e-03
1.20503e+04	1.37482e+09	6.47772e-01	3.18676e+00	1.28778e-03
8.04499e+04	1.37490e+09	1.70367e+00	6.27120e+00	3.86940e-03
1.19009e+04	1.37491e+09	4.74484e-01	4.06610e+00	7.75186e-03
2.02721e+04	1.37493e+09	7.68583e-01	3.90012e+00	8.41606e-03
1.17667e+04	1.37494e+09	2.24896e-01	2.33681e+00	1.88032e-03
1.52932e+04	1.37496e+09	1.06567e+00	1.22852e+00	-8.73893e-03
3.01519e+04	1.37499e+09	6.84688e-01	3.93455e+00	-6.83383e-04
7.35332e+04	1.37506e+09	4.00424e-01	6.08946e+00	-8.51522e-04
2.02942e+04	1.37508e+09	6.72277e-01	5.93727e+00	4.52790e-03
2.05997e+04	1.37510e+09	7.22991e-01	5.21714e+00	9.12887e-03
1.80025e+04	1.37512e+09	1.12370e+00	2.80153e+00	-8.56739e-03
1.14047e+04	1.37513e+09	1.54319e-01	1.71951e+00	5.48028e-03
1.46615e+04	1.37515e+09	6.66851e-01	5.49368e+00	7.97946e-03
4.65862e+04	1.37519e+09	4.00545e+00	3.68558e+00	9.04446e-03
5.60131e+04	1.37525e+09	2.41470e+00	2.14861e-01	-6.19965e-03
2.41070e+04	1.37527e+09	2.56558e+00	4.92817e+00	2.16745e-03
1.31584e+04	1.37529e+09	2.34071e+00	6.16040e+00	-5.08638e-03
2.02718e+04	1.37531e+09	1.77548e+00	4.71178e+00	-6.50921e-03
2.52920e+04	1.37533e+09	6.88389e-01	2.77639e+00	8.60559e-03
1.12538e+05	1.37544e+09	8.42885e-01	5.88137e+00	-4.84570e-04
2.58608e+04	1.37547e+09	1.64410e+00	4.76856e+00	6.19136e-03
1.24547e+04	1.37548e+09	7.95818e-01	1.17223e+00	9.97501e-03
1.26673e+04	1.37550e+09	2.21274e-01	8.95900e-01	4.50085e-03
1.38702e+05	1.37563e+09	4.79088e-01	4.53848e+00	2.94705e-03
2.24616e+04	1.37566e+09	1.45317e+00	3.51874e+00	8.00544e-03
5.40708e+04	1.37571e+09	2.55060e+00	2.65672e+00	-2.61224e-03
2.44488e+04	1.37573e+09	6.05366e-01	2.78329e+00	6.03375e-03
9.29727e+04	1.37583e+09	9.44111e-01	1.83330e+00	-7.78980e-04
1.00199e+04	1.37584e+09	4.43813e-01	5.64135e+00	5.62730e-03
9.51130e+04	1.37593e+09	3.43937e+00	6.04618e+00	-3.57599e-03
6.55586e+04	1.37600e+09	1.17231e+00	4.24510e-01	5.56561e-03
1.13015e+04	1.37601e+09	4.52026e-01	2.88894e+00	5.43169e-03
1.05216e+04	1.37602e+09	4.97059e-01	1.89056e+00	-2.43616e-03
1.08379e+04	1.37603e+09	2.94411e+00	3.28894e-01	-2.60967e-05
3.21275e+04	1.37606e+09	1.36725e+00	2.16821e+00	6.80385e-03
1.03925e+04	1.37607e+09	7.47492e-01	4.17798e+00	7.47376e-03
1.54486e+04	1.37609e+09	1.82139e+00	6.08940e-01	-9.23346e-03
7.62970e+04	1.37617e+09	1.94906e+00	6.02401e+00	-5.19198e-03
1.30571e+04	1.37618e+09	9.09904e-01	3.59379e+00	-3.50462e-04
2.60665e+04	1.37620e+09	1.18732e+00	4.39616e+00	-8.85021e-03
7.07738e+04	1.37628e+09	5.11847e-01	3.28756e+00	1.01905e-04
3.22254e+04	1.37631e+09	2.42668e+00	3.96946e+00	-7.24570e-03
2.39167e+04	1.37633e+09	2.85087e+00	3.93745e+00	-9.88952e-04
4.58883e+04	1.37638e+09	1.06390e+00	3.48562e+00	5.21919e-03
1.46622e+04	1.37639e+09	1.98659e+00	7.47894e-01	6.66422e-03
1.33514e+04	1.37641e+09	7.21490e-01	1.90402e+00	7.98056e-03
1.07374e+04	1.37642e+09	2.27458e+00	4.86950e+00	-4.68667e-03
1.34264e+04	1.37643e+09	7.66294e-01	5.57344e+00	-6.22094e-03
2.78119e+04	1.37646e+09	1.03728e+00	5.14571e+00	-9.55741e-04
3.81278e+04	1.37650e+09	2.78139e+00	5.47123e-02	-8.81278e-04
1.22663e+04	1.37651e+09	5.23685e-01	4.07636e+00	5.77595e-03
2.06191e+04	1.37653e+09	2.01868e+00	1.02458e+00	6.74032e-03
7.98003e+04	1.37661e+09	2.44389e+00	3.38692e+00	-9.21974e-03
6.48012e+04	1.37667e+09	3.09461e-01	1.27600e+00	-7.49886e-03
1.47554e+04	1.37669e+09	1.03662e+00	4.58709e+00	-6.27383e-03
5.15783e+04	1.37674e+09	6.01667e-01	6.49253e-01	-4.28112e-03
1.73255e+04	1.37676e+09	2.74483e-01	2.94287e+00	2.39062e-03
2.36122e+04	1.37678e+09	6.36413e-01	5.88177e+00	-2.08069e-03
2.53024e+04	1.37681e+09	1.83019e-01	6.19827e+00	-1.47964e-03
1.17341e+04	1.37682e+09	3.79064e+00	1.83323e+00	-6.50787e-03
1.35295e+04	1.37683e+09	1.70957e+00	4.01337e+00	1.58900e-03
1.03145e+06	1.37786e+09	4.82003e-01	4.15014e+00	-8.56809e-04
2.30417e+04	1.37789e+09	3.13293e+00	2.42033e+00	1.74646e-03
3.01173e+04	1.37792e+09	1.05538e+00	3.92554e+00	-6.00130e-03
1.19400e+04	1.37793e+09	1.22632e+00	1.07425e+00	-1.24251e-03
1.03934e+04	1.37794e+09	3.45289e+00	7.14954e-01	2.09235e-03
1.04932e+05	1.37804e+09	1.59477e-01	1.07194e+00	-7.37423e-03
8.27792e+04	1.37813e+09	9.02891e-01	9.07659e-01	6.88295e-03
5.05906e+04	1.37818e+09	5.33783e-01	6.26774e+00	-5.53286e-03
2.60661e+04	1.37820e+09	1.33563e+00	5.55548e+00	3.82249e-03
1.76963e+04	1.37822e+09	7.51192e-01	1.71151e+00	-7.53391e-04
1.50393e+04	1.37823e+09	2.38418e-01	3.13125e+00	-6.46237e-03
1.33142e+04	1.37825e+09	2.51000e+00	2.39430e+00	-1.62707e-03
1.45285e+04	1.37826e+09	9.17318e-01	5.66351e+00	7.66031e-03
2.88034e+04	1.37829e+09	5.79924e-01	1.25241e-01	1.30611e-03
1.09659e+04	1.37830e+09	1.40453e+00	3.12883e+00	-1.12076e-03
3.35951e+05	1.37864e+09	2.49748e+00	3.69220e+00	-4.37452e-03
1.88627e+04	1.37866e+09	1.17340e+00	5.37011e+00	8.62114e-03
1.48697e+04	1.37867e+09	1.64522e+00	1.20630e+00	-4.57999e-03
1.38856e+04	1.37869e+09	1.02008e+00	1.73173e+00	-3.86247e-03
1.15630e+04	1.37870e+09	2.67537e+00	6.26520e+00	2.56741e-03
1.70114e+04	1.37871e+09	1.55849e+00	5.24577e-01	-2.79061e-03
5.11863e+05	1.37923e+09	3.29548e+00	2.49948e+00	3.91985e-03
1.34515e+04	1.37924e+09	1.73245e+00	2.44821e+00	-9.16708e-03
1.15516e+04	1.37925e+09	7.11049e-01	1.48768e+00	-5.03638e-03
1.40271e+04	1.37927e+09	1.13884e+00	5.73547e+00	8.25909e-03
5.63877e+05	1.37983e+09	1.21804e+00	5.52713e+00	-6.92884e-03
1.03746e+04	1.37984e+09	9.02655e-01	2.34410e+00	-6.35413e-03
2.70149e+05	1.38011e+09	1.64315e+00	4.22828e-01	6.18328e-03
2.66543e+04	1.38014e+09	1.68255e+00	3.36751e+00	-2.03277e-03
1.30563e+05	1.38027e+09	3.59056e+00	3.44660e+00	4.33704e-03
1.56375e+04	1.38028e+09	2.96667e+00	1.62081e+00	7.64656e-03
1.17632e+04	1.38029e+09	1.32563e+00	2.54847e+00	3.61226e-03
2.42419e+04	1.38032e+09	2.23516e+00	3.57160e+00	6.10510e-03
1.90589e+04	1.38034e+09	1.17789e+00	5.47526e+00	-2.65596e-03
1.00577e+04	1.38035e+09	2.24780e+00	4.30308e+00	-5.08881e-03
1.59815e+04	1.38036e+09	1.14119e+00	4.75504e+00	-3.70294e-03
2.57676e+04	1.38039e+09	9.74065e-01	2.96163e+00	-4.39970e-03
2.46531e+04	1.38041e+09	7.68594e-01	4.65190e-01	1.75581e-03
1.40715e+04	1.38043e+09	9.77710e-01	5.63688e+00	-1.95319e-03
2.43390e+04	1.38045e+09	2.48790e+00	8.00946e-01	4.98442e-03
1.27741e+05	1.38058e+09	4.64753e-01	5.32178e+00	1.96604e-03
1.20258e+04	1.38059e+09	8.01526e-01	1.30061e-01	-9.21531e-03
1.06308e+05	1.38070e+09	1.75125e+00	8.72589e-01	7.55030e-03
1.02582e+04	1.38071e+09	2.88676e+00	3.78236e+00	3.56459e-03
4.98877e+04	1.38076e+09	1.19867e+00	3.30311e+00	-4.93227e-03
2.98144e+04	1.38079e+09	7.93071e-01	1.68375e+00	8.87880e-03
1.56662e+04	1.38080e+09	6.91384e-01	2.75170e+00	1.67880e-03
1.55910e+04	1.38082e+09	1.23143e-01	2.24776e+00	4.69176e-03
6.54930e+04	1.38089e+09	1.84976e+00	3.76207e+00	-2.28915e-03
1.02401e+04	1.38090e+09	2.77733e-01	2.52216e+00	-8.80140e-03
2.20452e+04	1.38092e+09	6.40440e-01	4.48480e+00	-5.41085e-03
1.11508e+04	1.38093e+09	1.98117e+00	1.45137e+00	9.76434e-04
1.01494e+05	1.38103e+09	8.79064e-01	1.72991e-01	6.77119e-03
3.60660e+04	1.38107e+09	6.49251e-01	1.59034e+00	-8.12506e-03
4.73867e+04	1.38111e+09	1.12432e+00	2.60936e+00	7.49010e-03
1.30476e+04	1.38113e+09	2.80708e+00	2.47520e+00	6.48249e-03
3.99518e+04	1.38117e+09	1.69123e+00	6.55168e-02	5.86034e-04
1.95135e+04	1.38119e+09	4.53013e-01	4.91815e+00	-3.02355e-03
1.74738e+04	1.38120e+09	1.44420e+00	2.25688e+00	-9.25928e-03
3.30511e+04	1.38124e+09	1.51297e+00	5.37629e+00	-9.05841e-03
1.04121e+05	1.38134e+09	8.65434e-01	2.49849e+00	-7.18282e-04
1.04407e+04	1.38135e+09	2.53460e+00	2.12887e+00	5.81372e-03
8.30459e+04	1.38143e+09	1.90874e+00	9.85784e-01	8.49724e-03
3.01193e+04	1.38146e+09	2.14876e+00	4.82056e-01	-7.77688e-03
1.04227e+04	1.38147e+09	1.35605e+00	4.67990e+00	6.08799e-03
3.16540e+04	1.38151e+09	5.10852e-01	3.32289e+00	-9.42056e-03
1.76624e+04	1.38152e+09	1.26504e+00	6.11834e+00	-3.78189e-03
1.18716e+04	1.38154e+09	2.11570e+00	1.34531e+00	5.17463e-03
2.18088e+04	1.38156e+09	1.71999e-01	4.61484e+00	6.92850e-03
3.24321e+04	1.38159e+09	7.87281e-01	4.97515e+00	6.49848e-03
1.24667e+05	1.38172e+09	1.53923e+00	5.70620e+00	1.70749e-03
1.15565e+04	1.38173e+09	5.56872e-01	7.47561e-01	8.74589e-03
1.78392e+04	1.38174e+09	1.96217e+00	2.55558e+00	8.29584e-04
1.41138e+05	1.38189e+09	1.73930e+00	3.15403e+00	1.76684e-03
1.04648e+04	1.38190e+09	2.22091e+00	9.08252e-01	9.46755e-03
6.75837e+04	1.38196e+09	4.05796e-01	5.60181e+00	2.29093e-04
3.68120e+04	1.38200e+09	3.05290e+00	4.55099e-01	8.74977e-03
3.81758e+04	1.38204e+09	5.50966e-01	4.10675e-01	-8.49765e-03
1.36676e+04	1.38205e+09	3.41148e-01	1.25549e+00	6.10701e-03
1.66523e+05	1.38222e+09	1.57474e+00	2.52985e+00	6.61018e-03
4.34969e+04	1.38226e+09	2.42501e+00	3.01795e+00	2.67363e-03
7.04426e+04	1.38233e+09	2.91816e+00	9.99718e-01	1.48839e-03
2.49572e+05	1.38258e+09	1.40230e+00	4.82179e+00	6.74258e-03
2.55246e+04	1.38261e+09	2.50130e+00	8.60486e-01	3.91073e-03
1.60376e+04	1.38262e+09	7.87571e-01	8.34747e-01	5.04381e-03
1.61593e+04	1.38264e+09	3.33285e-01	6.15549e-01	-4.44015e-03
4.50136e+04	1.38269e+09	3.42514e+00	4.98647e+00	-5.99848e-03
1.51576e+04	1.38270e+09	1.36692e+00	2.66581e+00	-6.13937e-03
1.67035e+04	1.38272e+09	1.33611e+00	8.77073e-01	8.05079e-03
2.95828e+04	1.38275e+09	1.33130e+00	2.61193e+00	-8.02914e-03
6.90689e+04	1.38282e+09	3.38635e-01	2.84225e+00	4.36473e-03
6.48398e+04	1.38288e+09	6.75222e-01	6.23554e+00	3.88047e-03
1.59932e+04	1.38290e+09	1.35257e+00	5.76731e+00	1.55972e-03
1.62856e+05	1.38306e+09	8.43118e-01	2.77979e-01	-2.32977e-03
3.11514e+04	1.38309e+09	6.01104e-01	4.18263e+00	7.94383e-03
1.60777e+04	1.38311e+09	3.41871e+00	1.14265e+00	-4.19771e-03
3.85327e+04	1.38315e+09	1.15524e+00	5.53705e+00	-6.86689e-03
1.01981e+04	1.38316e+09	9.56240e-01	1.16049e+00	-1.78441e-03
4.94491e+04	1.38320e+09	1.35628e+00	2.25187e+00	5.67212e-03
2.28862e+04	1.38323e+09	3.41199e+00	4.64642e+00	-1.60148e-03
1.60536e+04	1.38324e+09	9.61672e-01	3.98828e-02	6.46869e-03
1.22979e+04	1.38326e+09	2.70339e+00	2.20717e+00	-7.03910e-03
2.08537e+04	1.38328e+09	7.96827e-01	1.99536e+00	-5.65521e-03
4.12401e+04	1.38332e+09	7.65366e-01	1.95220e-01	-5.45393e-04
1.14943e+04	1.38333e+09	4.46699e+00	4.46545e+00	9.19690e-03
1.51787e+04	1.38334e+09	1.42052e+00	4.33606e+00	-5.53393e-03
8.10904e+04	1.38343e+09	2.75528e+00	7.05458e-01	6.56774e-03
1.35484e+04	1.38344e+09	1.87920e+00	3.62950e+00	4.38270e-03
2.31805e+04	1.38346e+09	1.81634e+00	5.38769e+00	-8.49832e-04
2.15961e+04	1.38348e+09	1.17919e+00	5.64208e-01	9.12244e-03
1.71285e+04	1.38350e+09	1.24633e+00	1.12926e+00	-3.82368e-03
1.33120e+04	1.38351e+09	1.11790e+00	2.24531e+00	-8.63887e-03
1.03579e+04	1.38352e+09	1.25811e+00	2.90353e+00	7.71357e-04
3.48306e+04	1.38356e+09	1.57832e+00	3.00110e+00	2.59006e-03
2.49820e+06	1.38606e+09	1.94035e+00	5.13422e-02	9.25994e-03
1.15956e+04	1.38607e+09	6.12945e-01	5.38033e-01	7.55617e-03
1.42701e+04	1.38608e+09	7.61367e-01	5.19428e+00	-2.53395e-03
1.49854e+04	1.38610e+09	2.34616e+00	2.12031e+00	1.73086e-03
3.23513e+04	1.38613e+09	6.38515e-01	5.27062e+00	1.75408e-03
3.82833e+04	1.38617e+09	7.40900e-01	5.40153e+00	7.24266e-03
1.81394e+05	1.38635e+09	1.77455e+00	2.43219e+00	-4.26933e-03
3.38307e+04	1.38638e+09	1.27240e+00	8.82910e-01	4.49964e-03
1.07285e+04	1.38640e+09	3.87324e-01	1.66015e+00	5.34392e-03
2.83129e+04	1.38642e+09	1.47223e+00	1.62739e-01	9.62083e-03
7.21037e+04	1.38650e+09	3.17368e-01	5.69064e+00	-9.63625e-03
2.55393e+04	1.38652e+09	3.17913e-01	4.84583e+00	8.66666e-03
7.18154e+04	1.38659e+09	4.27214e-01	9.99110e-01	2.65918e-03
1.28523e+04	1.38661e+09	6.66732e-01	4.42569e+00	5.62358e-03
1.84595e+04	1.38662e+09	1.36557e+00	3.93470e+00	5.45542e-03
1.33865e+04	1.38664e+09	2.14432e+00	2.56690e+00	4.29092e-03
2.68903e+04	1.38666e+09	7.99147e-01	5.88802e-01	-7.29226e-03
1.87844e+04	1.38668e+09	1.74936e+00	9.26049e-01	5.13439e-03
1.39313e+05	1.38682e+09	8.52904e-01	8.10804e-03	-6.73252e-03
1.25096e+04	1.38684e+09	6.76127e-01	6.10253e+00	-2.65212e-03
1.76279e+04	1.38685e+09	1.42647e+00	2.30068e+00	7.49579e-03
3.39719e+04	1.38689e+09	9.40849e-01	7.26550e-01	5.78428e-04
4.18332e+05	1.38731e+09	1.89809e+00	3.57873e+00	-9.30740e-03
1.05803e+04	1.38732e+09	3.09151e+00	1.14980e+00	7.85201e-03
2.82144e+04	1.38734e+09	1.54482e+00	1.13898e+00	-6.56211e-03
1.53616e+04	1.38736e+09	3.93333e+00	6.28133e+00	-8.67789e-03
1.99066e+04	1.38738e+09	4.84535e-01	9.05565e-01	-2.60980e-03
1.16105e+04	1.38739e+09	1.16403e+00	2.44292e+00	6.39423e-03
1.01879e+04	1.38740e+09	6.43804e-01	4.25589e-01	7.99541e-03
3.49352e+04	1.38744e+09	2.72765e+00	5.81497e+00	9.38584e-03
1.84430e+05	1.38762e+09	3.67023e+00	5.68603e+00	-7.45162e-03
3.12879e+05	1.38793e+09	2.01000e-01	1.67573e+00	-4.55340e-04
1.50647e+04	1.38795e+09	1.71709e-01	4.68067e+00	-1.63708e-03
1.72869e+04	1.38797e+09	2.36510e+00	2.86965e+00	-7.61332e-03
1.24024e+04	1.38798e+09	9.27702e-01	3.05579e+00	-6.50375e-03
1.01503e+04	1.38799e+09	3.07967e+00	4.35378e+00	8.91543e-03
1.20645e+04	1.38800e+09	1.58040e+00	6.04788e+00	-4.68563e-03
1.02421e+04	1.38801e+09	9.46168e-01	9.77101e-01	-7.51485e-04
1.82682e+04	1.38803e+09	1.94460e+00	4.80792e+00	4.44828e-03
1.32713e+04	1.38804e+09	6.69720e-01	1.70368e+00	-3.51249e-03
1.11056e+04	1.38805e+09	1.48061e+00	2.23591e+00	6.86534e-05
1.11840e+04	1.38806e+09	4.27876e-01	5.01511e+00	8.41346e-03
7.08679e+04	1.38814e+09	1.42770e+00	5.64721e-01	5.33008e-03
1.06484e+04	1.38815e+09	1.80272e+00	3.86120e+00	2.43961e-03
2.36595e+04	1.38817e+09	1.82652e+00	4.07163e+00	-7.06465e-03
4.78722e+05	1.38865e+09	5.93650e-01	3.60442e+00	5.03753e-03
6.07594e+04	1.38871e+09	5.37094e-01	1.08139e+00	1.56163e-03
1.75221e+04	1.38873e+09	4.84618e-01	2.45679e+00	2.83456e-03
1.21099e+04	1.38874e+09	3.49055e+00	4.18211e+00	-6.74812e-03
3.02448e+04	1.38877e+09	1.45753e+00	3.61919e+00	-9.99132e-03
1.64880e+05	1.38893e+09	4.14752e+00	5.07767e+00	-6.78190e-03
1.03513e+04	1.38894e+09	1.34244e+00	1.09660e+00	3.49701e-04
2.36046e+04	1.38897e+09	4.49848e+00	2.69978e+00	-7.13325e-03
1.28600e+04	1.38898e+09	2.75850e-01	9.76575e-01	-2.64531e-03
3.84493e+04	1.38902e+09	3.64353e-01	2.13658e+00	-6.46287e-04
2.90456e+04	1.38905e+09	8.58029e-01	3.76529e+00	-6.09193e-04
1.03776e+04	1.38906e+09	3.14450e+00	3.00810e+00	-5.10683e-03
2.21939e+04	1.38908e+09	1.39595e+00	3.09845e+00	2.85042e-03
1.06733e+05	1.38919e+09	2.47907e+00	1.37690e+00	5.87839e-03
1.37928e+04	1.38920e+09	5.66952e-01	5.77469e+00	6.13453e-04
1.48730e+04	1.38922e+09	1.34975e+00	5.20121e-01	-1.80875e-03
3.74927e+05	1.38959e+09	3.17359e+00	3.02531e+00	5.53636e-03
3.60181e+04	1.38963e+09	1.24891e+00	4.79303e+00	-2.42589e-03
2.61728e+04	1.38965e+09	7.98416e-01	3.79062e+00	7.96010e-03
4.29021e+04	1.38970e+09	1.25728e+00	4.47211e+00	-7.76864e-03
1.07424e+04	1.38971e+09	3.56778e+00	1.66418e+00	-4.35804e-03
1.19839e+05	1.38983e+09	1.56521e+00	1.41968e+00	-3.21063e-03
1.37817e+04	1.38984e+09	1.32365e+00	9.47120e-01	-7.40161e-04
1.05688e+04	1.38985e+09	1.32163e+00	4.76326e+00	-9.77758e-03
2.92618e+04	1.38988e+09	1.14009e+00	2.92753e+00	2.79558e-03
1.77768e+04	1.38990e+09	3.05610e-01	2.11816e+00	-5.47130e-03
1.47922e+04	1.38991e+09	4.89458e-01	8.21677e-01	1.85225e-03
1.07132e+04	1.38992e+09	2.09781e+00	4.43505e+00	3.42936e-03
4.95971e+04	1.38997e+09	2.14587e+00	5.17634e+00	5.95546e-03
1.32967e+04	1.38999e+09	7.69309e-01	1.16084e+00	-4.32839e-04
2.47186e+04	1.39001e+09	1.53209e+00	9.89101e-01	9.72176e-04
1.13537e+05	1.39012e+09	1.10918e+00	5.41778e+00	-5.66753e-04
2.36197e+04	1.39015e+09	6.73164e-01	9.69470e-01	8.51377e-03
1.17972e+04	1.39016e+09	1.01778e+00	5.50631e+00	8.28423e-06
1.51946e+04	1.39018e+09	2.95949e-01	5.35032e+00	8.70030e-03
1.73916e+04	1.39019e+09	3.81210e+00	2.31302e+00	-4.44095e-03
1.31728e+04	1.39021e+09	4.30016e-01	5.06303e+00	8.16527e-04
1.15930e+04	1.39022e+09	4.53094e-01	7.71043e-01	-9.00252e-03
1.27262e+04	1.39023e+09	2.35946e+00	7.42158e-01	6.80358e-04
7.00118e+05	1.39093e+09	1.47051e+00	5.59407e+00	-6.67618e-03
1.45240e+05	1.39108e+09	2.73934e+00	3.94099e+00	9.37105e-03
2.52792e+04	1.39110e+09	1.97558e+00	1.50058e+00	1.01274e-03
2.31226e+04	1.39112e+09	1.06429e+00	1.96287e+00	8.51653e-03
4.29319e+04	1.39117e+09	1.69067e+00	2.39434e+00	-1.69591e-04
1.26512e+04	1.39118e+09	1.39861e-01	7.40898e-01	-6.76758e-03
1.15722e+04	1.39119e+09	2.62301e+00	4.83273e+00	-3.41443e-04
1.70806e+04	1.39121e+09	2.77635e+00	1.23612e+00	8.39812e-03
4.73523e+04	1.39126e+09	1.22484e+00	1.68311e+00	4.53546e-03
1.01977e+04	1.39127e+09	3.57301e+00	4.82209e+00	-7.50963e-03
1.73021e+04	1.39128e+09	3.04915e-01	2.57441e+00	7.20142e-03
1.59368e+04	1.39130e+09	4.14545e-01	3.95650e+00	6.61968e-03
1.33358e+04	1.39131e+09	1.76262e+00	6.10940e+00	-3.70105e-03
5.58028e+05	1.39187e+09	1.28988e+00	2.07379e+00	2.17651e-03
7.75525e+04	1.39195e+09	1.92320e+00	3.65109e+00	4.04625e-03
6.51822e+04	1.39201e+09	3.82637e+00	1.85447e+00	9.78953e-03
2.53750e+04	1.39204e+09	2.90650e+00	5.94156e+00	7.16201e-03
4.80706e+04	1.39209e+09	1.48491e+00	5.19900e+00	1.66126e-04
1.29553e+04	1.39210e+09	5.57327e-01	1.47972e+00	8.36325e-03
2.60841e+04	1.39213e+09	8.02170e-01	4.02283e+00	9.72289e-03
8.40640e+04	1.39221e+09	1.63956e+00	3.12261e+00	-6.90468e-04
1.11225e+04	1.39222e+09	3.36120e+00	5.41976e+00	6.57387e-03
2.72662e+04	1.39225e+09	1.21647e+00	3.81616e+00	3.76043e-03
1.13487e+04	1.39226e+09	1.13455e+00	5.49213e+00	-7.98494e-03
2.43391e+04	1.39228e+09	4.09114e+00	5.92542e+00	5.14633e-03
1.62417e+05	1.39245e+09	3.75725e-01	1.14457e+00	-5.80578e-03
2.07105e+04	1.39247e+09	1.37006e+00	1.67951e+00	1.35587e-04
2.04530e+04	1.39249e+09	2.68607e+00	4.67052e+00	-8.94979e-03
1.21520e+04	1.39250e+09	1.87554e+00	7.50904e-01	-4.25697e-03
1.85798e+04	1.39252e+09	3.69225e+00	3.35775e+00	8.82936e-03
1.54739e+04	1.39253e+09	4.02190e+00	1.40778e+00	-7.45170e-03
1.12900e+05	1.39265e+09	4.69239e-01	2.26447e+00	1.75993e-03
1.08250e+05	1.39275e+09	5.71615e-01	3.77584e+00	1.79924e-03
2.17553e+04	1.39278e+09	1.21223e+00	5.44621e+00	1.70404e-03
5.50864e+05	1.39333e+09	1.98566e+00	1.53676e+00	-1.56605e-03
1.10856e+04	1.39334e+09	5.62878e-01	7.91247e-01	2.67411e-03
1.22022e+05	1.39346e+09	1.95271e-01	5.74500e+00	9.51499e-03
1.16077e+04	1.39347e+09	1.04115e+00	3.36588e+00	7.82662e-03
3.37447e+04	1.39351e+09	8.54847e-01	4.70888e-01	-1.90735e-03
3.35004e+05	1.39384e+09	1.42428e+00	4.88678e+00	-2.43065e-04
2.18553e+04	1.39386e+09	2.86165e+00	2.37734e+00	4.30949e-03
1.33435e+04	1.39388e+09	1.20686e+00	4.95398e+00	-1.20005e-03
1.12270e+04	1.39389e+09	1.40289e+00	5.52899e+00	-4.18920e-03
1.61465e+04	1.39390e+09	7.62060e-01	1.68224e-01	8.41877e-03
2.33269e+04	1.39393e+09	1.82147e+00	4.33918e+00	6.79617e-03
4.74413e+04	1.39397e+09	2.74750e+00	8.61245e-01	-6.18165e-03
4.59822e+04	1.39402e+09	2.01153e+00	3.78972e+00	5.44677e-03
1.32854e+04	1.39403e+09	1.79766e+00	7.32361e-01	-8.66903e-03
5.05112e+04	1.39408e+09	2.49061e+00	3.18507e+00	-8.10147e-03
1.00945e+05	1.39418e+09	1.20761e+00	2.18011e+00	7.79042e-03
1.41176e+04	1.39420e+09	5.13936e-01	5.77626e+00	-8.83329e-03
3.81824e+04	1.39424e+09	9.65433e-01	4.93090e+00	-5.19466e-03
4.27889e+04	1.39428e+09	3.53185e+00	2.26736e+00	5.25668e-03
2.80933e+04	1.39431e+09	7.01123e-01	3.00237e+00	8.23933e-03
1.62172e+04	1.39432e+09	1.08313e-01	6.27711e+00	-3.56998e-03
1.23818e+04	1.39434e+09	1.48027e+00	5.32350e+00	-1.63917e-03
2.32152e+04	1.39436e+09	9.37010e-01	4.48764e+00	-6.57896e-03
1.81749e+04	1.39438e+09	4.43107e+00	1.91766e+00	-3.90403e-03
1.33257e+04	1.39439e+09	5.82794e-01	1.82283e+00	8.23916e-03
1.15514e+05	1.39451e+09	1.32284e+00	2.11707e+00	-5.49455e-03
1.16808e+04	1.39452e+09	1.19833e+00	2.05268e+00	8.96598e-03
1.70969e+04	1.39454e+09	2.78732e+00	4.53022e+00	7.98409e-03
1.43088e+04	1.39455e+09	2.04247e+00	5.97925e-01	8.01759e-03
1.14767e+04	1.39456e+09	2.55718e+00	1.39671e+00	3.22263e-03
1.19035e+04	1.39457e+09	6.48613e-01	9.69261e-01	8.72179e-03
1.02113e+05	1.39468e+09	1.55742e+00	1.86774e+00	-2.38149e-03
1.60381e+04	1.39469e+09	4.06404e-01	5.61257e+00	9.43371e-03
3.19217e+05	1.39501e+09	4.56784e-01	3.48645e-01	-4.14456e-03
1.23755e+04	1.39502e+09	3.83482e-01	5.91936e+00	-6.09539e-03
1.01471e+04	1.39503e+09	1.92515e+00	4.05713e+00	1.00709e-03
1.23988e+04	1.39505e+09	1.59890e-01	3.88295e+00	7.98952e-03
1.31805e+04	1.39506e+09	3.01270e+00	5.45778e+00	5.46136e-03
1.64565e+04	1.39508e+09	3.89266e-01	1.70524e+00	7.99482e-03
2.62671e+04	1.39510e+09	2.63116e+00	4.29995e+00	-4.66547e-04
7.85778e+04	1.39518e+09	1.88463e-01	2.86167e+00	-4.92330e-03
1.14803e+04	1.39519e+09	1.64593e+00	6.65291e-01	-6.22052e-03
1.37664e+04	1.39521e+09	1.66103e+00	2.82316e-01	9.39513e-03
2.32894e+04	1.39523e+09	1.70683e+00	4.61235e+00	5.06318e-03
1.36030e+05	1.39536e+09	2.31092e+00	2.65596e+00	-5.31449e-03
1.27006e+04	1.39538e+09	8.61360e-01	1.81459e+00	-6.10676e-03
1.16578e+04	1.39539e+09	5.76942e-01	8.10002e-01	-4.25248e-03
5.17926e+04	1.39544e+09	2.23931e+00	3.00316e-01	8.87525e-03
2.53312e+04	1.39547e+09	1.03820e+00	5.18371e+00	-6.21752e-03
1.16630e+04	1.39548e+09	1.42049e+00	2.32204e+00	5.59132e-03
1.17330e+04	1.39549e+09	2.38535e+00	7.78464e-01	-5.03101e-03
1.08063e+04	1.39550e+09	3.22866e+00	5.56686e+00	-9.56518e-03
1.42037e+04	1.39551e+09	2.73561e+00	4.59747e+00	9.71050e-03
1.03630e+04	1.39552e+09	3.73163e+00	2.73119e+00	-9.69004e-03
1.35901e+04	1.39554e+09	9.36186e-01	2.85766e+00	-8.87061e-04
3.59807e+05	1.39590e+09	1.68963e+00	4.06034e+00	-1.34493e-03
1.79689e+04	1.39592e+09	1.14509e+00	5.98624e-01	-8.41283e-03
3.71520e+04	1.39595e+09	1.48246e+00	1.29022e+00	-9.12043e-03
4.86238e+04	1.39600e+09	2.87887e+00	2.77062e-01	-1.44857e-03
2.04441e+04	1.39602e+09	1.40681e+00	2.41124e+00	-5.72270e-03
2.16063e+04	1.39604e+09	1.18836e+00	5.92700e+00	5.50970e-03
1.12398e+04	1.39606e+09	1.64009e-01	5.12686e+00	9.14884e-03
1.13487e+04	1.39607e+09	1.67657e+00	5.60383e+00	9.35999e-03
1.01504e+04	1.39608e+09	2.44717e+00	2.48357e+00	3.23536e-03
1.36270e+04	1.39609e+09	1.39174e+00	1.34961e+00	8.71340e-03
1.03533e+04	1.39610e+09	2.32254e+00	4.25700e-01	2.70225e-03
2.89913e+04	1.39613e+09	9.60364e-01	1.13063e+00	-8.84363e-04
2.39196e+04	1.39615e+09	4.18391e+00	5.30888e+00	5.86037e-03
2.48986e+04	1.39618e+09	1.97893e+00	4.46645e+00	-4.51742e-03
3.02521e+04	1.39621e+09	7.79382e-01	5.67461e+00	3.50984e-03
1.01457e+04	1.39622e+09	1.90999e+00	1.58672e+00	9.98410e-03
4.87640e+05	1.39671e+09	6.57803e-01	2.81411e-02	-3.54768e-03
1.37505e+04	1.39672e+09	7.11376e-01	2.41165e+00	-6.14682e-03
1.14800e+04	1.39673e+09	3.89735e-01	5.84215e+00	4.67108e-03
1.01537e+04	1.39674e+09	2.06594e+00	3.78829e+00	-5.98990e-03
2.70042e+04	1.39677e+09	4.26081e+00	2.87043e+00	4.52180e-03
1.42547e+04	1.39678e+09	1.07842e+00	1.23981e+00	-3.03818e-03
1.14723e+05	1.39690e+09	3.20116e+00	4.72534e-01	-2.37547e-03
5.01627e+04	1.39695e+09	1.57597e+00	1.87050e+00	-6.90168e-03
1.15827e+04	1.39696e+09	1.01683e+00	9.80814e-01	3.31611e-04
2.11242e+04	1.39698e+09	9.06869e-01	3.74572e+00	-9.56375e-03
1.14998e+04	1.39699e+09	1.53689e+00	2.90046e+00	-9.96199e-03
1.43096e+04	1.39701e+09	1.10588e+00	5.51749e+00	-3.44148e-03
1.89175e+04	1.39703e+09	5.83579e-01	6.16992e+00	-5.17312e-03
1.55657e+04	1.39704e+09	1.69924e+00	6.19919e+00	-3.28296e-03
4.87457e+04	1.39709e+09	1.15015e+00	2.95968e+00	2.46860e-04
2.53535e+04	1.39712e+09	8.02892e-01	6.27409e+00	-6.63871e-03
1.18199e+05	1.39723e+09	2.34344e+00	4.98942e+00	-5.52329e-03
1.90768e+04	1.39725e+09	2.88073e+00	2.46934e+00	-1.77958e-03
1.65251e+04	1.39727e+09	1.17317e+00	4.70756e+00	-8.31048e-04
2.32154e+04	1.39729e+09	1.80526e+00	1.58002e+00	9.45300e-03
6.74057e+04	1.39736e+09	8.16976e-01	5.38376e+00	-8.55111e-03
2.50020e+04	1.39738e+09	7.82133e-01	5.73209e+00	5.25354e-03
2.57025e+04	1.39741e+09	8.25373e-01	2.51877e+00	4.77847e-03
1.08796e+04	1.39742e+09	1.64185e+00	4.17841e+00	-7.45715e-03
3.54987e+04	1.39746e+09	2.13392e+00	2.99401e+00	-2.49204e-03
1.14245e+04	1.39747e+09	4.48229e-01	4.49165e+00	-6.73722e-03
5.92956e+04	1.39753e+09	1.72386e+00	3.80386e+00	-6.74081e-03
3.38173e+04	1.39756e+09	1.75889e+00	5.54868e+00	-6.85819e-03
1.10714e+04	1.39757e+09	4.34689e-01	3.82880e+00	-3.44148e-04
1.35322e+04	1.39759e+09	2.12842e-01	3.50229e+00	8.30935e-03
5.65671e+04	1.39764e+09	2.52267e+00	6.10765e+00	-5.99151e-03
1.23790e+04	1.39765e+09	2.36067e+00	3.34765e+00	-2.63002e-03
1.76401e+04	1.39767e+09	1.40739e+00	5.64499e-01	8.18789e-03
3.55761e+04	1.39771e+09	1.85886e+00	4.26689e+00	-8.32761e-03
2.52548e+04	1.39773e+09	9.86773e-01	2.46234e+00	4.95004e-03
1.29187e+04	1.39775e+09	1.41180e+00	2.74487e+00	3.98491e-03
1.88226e+04	1.39777e+09	1.30291e+00	1.05416e+00	-1.72162e-03
1.39613e+04	1.39778e+09	1.20652e+00	3.03716e+00	-6.40744e-03
1.81146e+04	1.39780e+09	3.36591e-01	3.02400e+00	-6.10813e-03
1.65615e+04	1.39781e+09	9.64353e-01	3.78947e+00	3.52150e-03
1.77243e+04	1.39783e+09	7.12810e-01	7.13243e-01	8.04621e-03
1.80231e+04	1.39785e+09	1.70443e+00	2.19880e+00	4.23230e-04
4.13992e+05	1.39826e+09	9.77804e-01	4.27190e+00	-5.81260e-03
3.82182e+04	1.39830e+09	1.01098e+00	3.25548e+00	7.91826e-03
1.05585e+04	1.39831e+09	3.80445e-01	4.20992e+00	-5.74481e-03
1.09032e+04	1.39832e+09	2.60816e-01	3.32548e+00	-1.15604e-03
1.87312e+04	1.39834e+09	3.22253e+00	1.73483e+00	5.69577e-03
3.97638e+04	1.39838e+09	4.50627e-01	6.08383e+00	-1.48234e-03
1.04187e+04	1.39839e+09	1.35936e+00	5.09406e+00	1.10605e-03
1.57441e+04	1.39841e+09	1.11600e+00	4.82170e+00	8.66675e-03
1.16709e+04	1.39842e+09	4.24190e-01	5.56028e+00	3.27314e-03
2.38296e+04	1.39844e+09	2.08428e+00	5.76184e+00	-4.23006e-03
1.91825e+04	1.39846e+09	9.11874e-01	5.58669e+00	-7.08977e-03
1.20562e+04	1.39847e+09	6.99153e-01	3.94741e+00	5.13441e-03
1.23058e+04	1.39849e+09	3.84243e+00	4.21107e+00	7.23052e-03
1.61028e+04	1.39850e+09	4.01725e-01	7.47518e-01	-9.52824e-03
1.67997e+04	1.39852e+09	9.70786e-01	1.40483e+00	-4.62540e-03
2.07652e+04	1.39854e+09	6.62314e-01	6.57133e-02	7.19875e-04
1.55669e+06	1.40010e+09	2.58824e+00	4.28526e-01	3.73698e-03
