Real cluster_data[] = {
// mass [M_sun]  total_SF [M_sun]  r [kpc]  phi [rad]  z [kpc],
2.28106e+04,2.28106e+04,4.32041e-01,6.03906e-01,-1.99820e-03,
1.04405e+04,3.32511e+04,8.44361e-01,2.24733e+00,2.28318e-03,
8.20638e+04,1.15315e+05,9.26767e-01,2.50489e+00,5.56218e-03,
4.44790e+04,1.59794e+05,1.21126e+00,2.30031e+00,-6.59658e-04,
1.19261e+04,1.71720e+05,2.28216e-01,2.79964e+00,-1.57602e-03,
1.10073e+04,1.82727e+05,4.22334e-01,4.29728e+00,-9.91147e-03,
4.41815e+04,2.26909e+05,6.30090e-01,6.21269e+00,4.23389e-03,
2.07740e+04,2.47683e+05,8.09758e-01,2.57373e+00,9.99801e-03,
1.06915e+04,2.58374e+05,6.34143e-01,3.57990e+00,1.58614e-03,
1.48004e+04,2.73175e+05,9.25571e-01,1.64754e+00,3.00258e-03,
2.14932e+04,2.94668e+05,8.76345e-01,1.76016e+00,-7.80448e-04,
1.21711e+04,3.06839e+05,8.76242e-01,7.61520e-01,-7.54846e-03,
4.55836e+04,3.52423e+05,1.18895e+00,5.96748e+00,2.96192e-03,
1.00740e+05,4.53163e+05,9.12708e-02,5.94480e+00,-6.77225e-03,
9.79148e+04,5.51078e+05,8.53366e-02,1.28176e+00,-1.70490e-03,
3.05635e+04,5.81641e+05,4.67129e-01,5.48476e+00,-4.72335e-03,
2.40063e+04,6.05647e+05,1.57500e-01,1.04827e-01,5.25343e-04,
1.37266e+04,6.19374e+05,3.41990e-01,2.18928e+00,4.87271e-03,
1.41619e+04,6.33536e+05,1.99164e-01,1.92537e+00,2.28474e-04,
1.59153e+04,6.49451e+05,1.39659e-01,1.47653e+00,4.10693e-03,
1.54340e+04,6.64885e+05,2.57864e-01,5.99003e+00,-1.69536e-03,
3.26591e+04,6.97544e+05,2.62241e+00,3.19963e-01,2.94691e-03,
5.39881e+04,7.51532e+05,6.09997e-01,5.34871e+00,-5.51488e-03,
1.08395e+04,7.62372e+05,4.20325e-01,5.77594e+00,-9.58329e-03,
1.92994e+04,7.81671e+05,9.10464e-01,2.37999e+00,6.19716e-03,
1.41617e+04,7.95833e+05,6.75326e-01,3.83735e+00,-5.31814e-03,
1.63321e+04,8.12165e+05,1.00883e+00,5.10649e+00,-4.58032e-03,
1.32415e+04,8.25407e+05,8.74039e-01,5.07876e+00,-1.79273e-03,
2.52306e+04,8.50637e+05,2.83137e-01,5.86915e-01,1.29844e-03,
1.27915e+04,8.63429e+05,3.66487e-01,3.87617e+00,-3.45519e-05,
2.44009e+04,8.87830e+05,2.79035e-01,4.32421e+00,1.27117e-03,
1.04916e+04,8.98321e+05,1.38731e-01,4.05026e+00,6.64094e-03,
2.08767e+05,1.10709e+06,2.63420e-01,4.53959e+00,2.89161e-03,
2.11154e+04,1.12820e+06,1.15076e+00,4.96654e+00,6.01784e-03,
3.07353e+05,1.43556e+06,1.49100e+00,3.91697e-01,-2.51140e-03,
1.03102e+04,1.44587e+06,2.59244e-01,4.23293e-01,9.58797e-03,
3.70873e+04,1.48295e+06,6.16827e-02,1.47253e+00,-5.83175e-04,
1.51581e+04,1.49811e+06,2.90821e-02,2.56029e+00,-9.59215e-03,
7.37009e+04,1.57181e+06,4.39187e-01,3.68005e+00,-9.10448e-03,
1.32140e+04,1.58503e+06,7.37590e-01,1.36927e+00,-4.79242e-03,
1.36594e+05,1.72162e+06,4.20474e-01,3.79298e+00,1.63279e-04,
3.09169e+04,1.75254e+06,6.41487e-01,1.37255e+00,7.10743e-03,
1.32000e+04,1.76574e+06,6.51305e-01,5.30768e+00,4.01275e-03,
5.29783e+04,1.81872e+06,2.60478e-01,2.45610e+00,4.78429e-03,
4.93345e+04,1.86805e+06,5.45729e-01,3.37894e-01,1.17745e-03,
3.57354e+04,1.90379e+06,9.34582e-01,5.69981e+00,4.35199e-03,
2.61754e+04,1.92996e+06,1.04036e+00,1.10793e+00,5.86769e-03,
1.88072e+04,1.94877e+06,7.44018e-01,3.08008e+00,7.11581e-03,
1.21185e+04,1.96089e+06,2.81305e-01,4.57220e+00,2.53141e-03,
1.08612e+04,1.97175e+06,7.24284e-01,4.52471e+00,-1.90282e-03,
4.66382e+04,2.01839e+06,5.86429e-01,1.44047e+00,-7.43035e-03,
1.04755e+04,2.02886e+06,6.11666e-01,6.21979e+00,1.91163e-03,
8.91904e+04,2.11805e+06,4.42703e-01,4.03767e-01,-7.36297e-04,
3.39741e+04,2.15203e+06,5.64822e-01,2.04327e+00,-9.94473e-03,
1.39956e+05,2.29198e+06,3.93997e-01,1.05624e+00,6.56497e-03,
1.21836e+04,2.30417e+06,1.40677e-01,9.31009e-01,-1.25598e-04,
2.16468e+04,2.32581e+06,1.69081e-01,5.53047e+00,-6.62448e-04,
1.34174e+04,2.33923e+06,3.15286e-01,4.84626e+00,4.79631e-03,
3.44988e+04,2.37373e+06,8.48921e-01,8.19412e-01,-4.47703e-03,
4.26977e+04,2.41643e+06,4.39302e-01,3.23035e+00,-3.92753e-03,
3.49028e+04,2.45133e+06,1.17718e+00,5.70637e+00,-6.70352e-04,
1.02600e+04,2.46159e+06,7.65669e-01,5.36421e+00,6.32512e-03,
7.25131e+04,2.53410e+06,1.64118e+00,2.75042e+00,1.58684e-03,
5.59728e+04,2.59007e+06,1.75085e-01,1.79082e+00,-1.37855e-03,
1.83966e+04,2.60847e+06,7.67725e-01,4.03746e+00,2.38348e-03,
1.15687e+04,2.62004e+06,8.85235e-01,3.43711e-01,-8.65589e-03,
3.48325e+05,2.96836e+06,9.69880e-01,6.24787e+00,8.76196e-03,
1.36772e+05,3.10514e+06,4.87316e-01,4.27332e+00,1.98251e-03,
3.66241e+04,3.14176e+06,1.08142e+00,7.27839e-01,5.61147e-03,
1.50463e+04,3.15681e+06,1.35144e-01,8.31831e-01,-3.71350e-03,
6.43743e+04,3.22118e+06,5.47205e-01,1.35148e+00,7.33943e-04,
2.27441e+04,3.24393e+06,9.71977e-01,1.30740e-02,8.85594e-03,
2.86759e+04,3.27260e+06,4.24106e-01,5.37532e+00,-2.66831e-03,
2.07737e+04,3.29337e+06,5.31191e-01,2.17539e+00,4.28109e-03,
4.31296e+04,3.33650e+06,1.95379e+00,4.02619e+00,2.87465e-04,
2.72329e+04,3.36374e+06,6.68131e-01,5.85088e+00,-6.27630e-03,
1.31146e+04,3.37685e+06,7.04660e-01,5.36467e-03,-6.32741e-03,
1.10857e+04,3.38794e+06,6.54171e-01,4.78575e+00,1.03736e-03,
3.50657e+05,3.73859e+06,1.71231e-01,4.97236e+00,-5.47070e-03,
1.55443e+04,3.75414e+06,3.86893e-01,1.01400e-01,5.53528e-03,
1.06474e+04,3.76479e+06,2.20247e-01,4.51291e+00,-9.14710e-03,
2.14840e+05,3.97963e+06,3.31749e-01,5.25794e+00,-1.02497e-03,
7.58304e+04,4.05546e+06,5.30027e-01,3.43106e+00,-2.28027e-03,
2.49710e+04,4.08043e+06,3.05812e-01,4.09439e+00,6.21699e-03,
2.21033e+04,4.10253e+06,2.73707e-01,4.51712e+00,3.85588e-04,
5.64206e+04,4.15895e+06,1.05173e+00,2.61194e+00,5.51131e-03,
1.42825e+04,4.17323e+06,4.85104e-01,1.50898e+00,6.53007e-03,
8.15218e+04,4.25476e+06,1.07913e-01,4.73373e+00,-4.96351e-03,
3.41192e+04,4.28888e+06,4.65420e-01,2.97392e-01,7.83081e-03,
1.52537e+04,4.30413e+06,1.97396e+00,5.76905e+00,8.62405e-03,
1.25397e+05,4.42953e+06,1.60701e+00,2.79420e+00,1.65414e-03,
1.05936e+04,4.44012e+06,6.77000e-01,3.30243e+00,8.47433e-04,
1.28183e+05,4.56830e+06,1.38826e-01,6.07796e+00,-8.37680e-03,
1.10598e+04,4.57936e+06,6.08401e-01,1.78850e-01,-3.22626e-03,
1.77477e+04,4.59711e+06,6.22665e-01,5.88268e+00,7.79757e-03,
2.60374e+04,4.62315e+06,8.06276e-01,4.10236e+00,6.16413e-03,
6.08211e+04,4.68397e+06,5.68862e-02,1.55644e+00,5.40393e-03,
1.23606e+04,4.69633e+06,4.59491e-01,3.78405e+00,8.64052e-03,
2.87850e+04,4.72511e+06,9.07239e-01,8.54634e-01,-4.18769e-03,
1.20275e+04,4.73714e+06,3.67500e-01,6.14037e+00,9.04797e-03,
1.55327e+05,4.89247e+06,4.68590e-01,1.84456e+00,5.88611e-03,
1.28708e+06,6.17954e+06,1.77173e+00,9.11060e-01,-8.95966e-03,
8.66777e+04,6.26622e+06,1.16349e-01,4.76442e+00,6.23298e-04,
2.64581e+04,6.29268e+06,4.45645e-01,1.78378e+00,3.57672e-03,
2.05807e+04,6.31326e+06,9.28644e-01,1.24428e+00,-8.38452e-04,
1.40445e+04,6.32730e+06,5.80028e-01,4.55790e+00,6.93995e-03,
6.32176e+04,6.39052e+06,2.61764e-01,5.23670e+00,1.77991e-03,
2.58587e+04,6.41638e+06,2.85783e-01,1.19353e+00,-3.17816e-03,
4.00322e+04,6.45641e+06,1.36413e+00,5.35728e+00,-4.52731e-03,
8.09485e+04,6.53736e+06,2.80095e-01,3.11995e+00,-1.57956e-03,
1.15109e+06,7.68845e+06,4.10013e-01,1.79690e+00,1.91486e-03,
8.35172e+04,7.77197e+06,2.56933e-01,2.02065e+00,2.25051e-03,
3.46420e+04,7.80661e+06,2.88756e-01,5.98583e+00,9.33277e-03,
2.47954e+04,7.83141e+06,8.22674e-01,1.60454e+00,-5.49251e-03,
2.15797e+05,8.04720e+06,3.76056e-01,4.97604e+00,-6.91907e-03,
1.25578e+04,8.05976e+06,3.58515e-01,1.71776e+00,4.11723e-03,
2.72961e+04,8.08706e+06,8.85600e-01,3.78536e+00,-1.80126e-03,
5.65632e+04,8.14362e+06,5.74421e-01,2.64991e+00,-2.74624e-03,
1.84243e+04,8.16205e+06,2.62770e-01,5.11011e+00,-6.89065e-03,
1.29538e+04,8.17500e+06,7.41324e-01,3.38982e+00,8.08682e-03,
1.10792e+04,8.18608e+06,4.81291e-01,4.99295e+00,6.58867e-03,
1.28212e+05,8.31429e+06,4.23047e-01,4.55192e+00,-6.29038e-03,
1.05664e+04,8.32486e+06,1.76158e+00,2.33101e+00,-1.75690e-03,
2.02415e+04,8.34510e+06,4.13569e-01,1.91624e+00,6.55651e-03,
2.47319e+04,8.36983e+06,4.67980e-01,2.40855e+00,5.51975e-04,
1.12431e+04,8.38107e+06,6.52064e-01,3.38519e+00,-2.86841e-03,
1.28475e+04,8.39392e+06,2.57709e-01,7.27016e-01,5.36672e-03,
6.09055e+04,8.45483e+06,7.05509e-01,5.65123e+00,-1.54885e-03,
3.18646e+04,8.48669e+06,5.03920e-01,2.69447e+00,8.31085e-03,
1.12367e+04,8.49793e+06,3.37627e-01,6.23715e+00,-4.10508e-03,
1.25815e+04,8.51051e+06,6.21535e-01,5.31863e+00,-7.58917e-03,
1.53673e+04,8.52588e+06,5.58524e-01,4.28760e+00,-2.42085e-03,
1.16764e+04,8.53755e+06,8.57005e-01,2.11117e+00,-6.14190e-03,
2.09870e+04,8.55854e+06,1.14481e+00,3.54637e+00,9.68757e-03,
1.08591e+04,8.56940e+06,8.95333e-02,2.14275e+00,-4.88486e-03,
1.69302e+05,8.73870e+06,1.38644e-01,4.81929e+00,-7.04011e-03,
2.21601e+04,8.76086e+06,1.35939e-01,4.65864e+00,2.25391e-03,
1.07255e+05,8.86812e+06,9.56444e-01,5.35569e+00,2.89618e-03,
1.58228e+04,8.88394e+06,5.96704e-01,1.22447e+00,8.64595e-03,
1.00484e+04,8.89399e+06,3.94427e-01,1.32757e+00,-1.03916e-03,
1.34745e+04,8.90746e+06,2.56024e-01,5.99493e+00,9.63461e-03,
3.55224e+04,8.94298e+06,1.03713e+00,5.79558e+00,-2.96745e-03,
1.38049e+06,1.03235e+07,1.81606e-01,1.42618e+00,3.73385e-04,
1.88214e+04,1.03423e+07,7.96067e-01,2.93828e-01,-3.33175e-03,
1.66295e+04,1.03589e+07,4.49632e-01,3.63697e+00,-2.61138e-03,
1.24840e+04,1.03714e+07,1.57233e-01,1.65885e+00,-2.94047e-03,
1.19407e+04,1.03834e+07,2.02592e-01,3.03191e+00,6.91858e-03,
1.18670e+04,1.03952e+07,8.86677e-01,6.00246e+00,-9.12001e-03,
9.95490e+04,1.04948e+07,1.25937e+00,3.51331e+00,1.98147e-03,
1.34938e+04,1.05083e+07,6.60048e-02,5.73654e-01,-9.61750e-03,
1.70780e+04,1.05253e+07,5.98886e-01,4.49114e-01,-7.99098e-03,
2.12692e+05,1.07380e+07,5.89623e-01,1.05972e+00,-6.90650e-03,
2.87427e+04,1.07668e+07,1.58508e-01,1.76256e+00,5.09018e-04,
4.94077e+04,1.08162e+07,9.52293e-01,4.83778e+00,7.17159e-03,
8.37352e+04,1.08999e+07,1.18998e+00,6.16203e+00,9.45298e-03,
3.48632e+05,1.12485e+07,3.79847e-01,1.81492e+00,3.21463e-03,
1.98893e+04,1.12684e+07,7.93590e-01,2.15687e+00,-8.21696e-04,
1.47691e+04,1.12832e+07,1.26238e+00,5.29226e+00,1.33245e-03,
1.02682e+05,1.13859e+07,6.85483e-01,4.92572e+00,4.59256e-03,
1.15789e+04,1.13975e+07,3.45342e-01,4.29923e+00,9.03933e-03,
2.32226e+04,1.14207e+07,1.54704e+00,2.66270e+00,-2.34515e-03,
1.58390e+04,1.14365e+07,1.28641e-01,1.29743e-01,8.91915e-03,
1.42882e+04,1.14508e+07,9.06534e-01,4.78319e+00,-3.04334e-03,
1.37828e+05,1.15886e+07,1.79357e-01,3.95739e-01,4.65198e-03,
1.57439e+04,1.16044e+07,3.83359e-01,3.04600e+00,9.50646e-03,
1.61090e+04,1.16205e+07,3.47601e-01,9.48306e-01,4.77117e-03,
9.68149e+04,1.17173e+07,1.03731e+00,5.91735e+00,-2.49308e-03,
1.33650e+04,1.17307e+07,1.29570e+00,4.27228e+00,7.07384e-04,
4.22585e+04,1.17729e+07,2.36422e-01,4.43449e+00,-1.89160e-03,
1.06690e+05,1.18796e+07,1.23649e+00,3.21655e+00,-6.22576e-03,
1.78284e+04,1.18975e+07,1.67624e-01,1.13149e+00,-2.41065e-03,
1.08593e+04,1.19083e+07,5.96665e-01,2.66640e+00,-2.68721e-03,
2.62952e+04,1.19346e+07,6.38333e-02,3.87135e+00,7.28043e-03,
9.64933e+04,1.20311e+07,4.13808e-01,1.42083e+00,-1.70675e-04,
2.67004e+04,1.20578e+07,8.27925e-01,1.82593e+00,3.02467e-03,
1.45442e+04,1.20723e+07,8.29375e-01,4.55570e+00,5.05238e-04,
2.58142e+04,1.20982e+07,2.22561e-01,2.07955e+00,9.87591e-03,
1.36298e+04,1.21118e+07,1.30172e-01,5.04854e+00,-6.48300e-03,
4.15991e+04,1.21534e+07,8.84914e-01,2.48409e+00,9.31663e-03,
1.14507e+05,1.22679e+07,1.29395e+00,1.89922e+00,-9.84161e-03,
5.37840e+05,1.28057e+07,3.76604e-01,1.81038e+00,-4.77406e-03,
1.31555e+04,1.28189e+07,1.25320e-01,3.11470e+00,-9.18687e-03,
1.58329e+04,1.28347e+07,6.23722e-01,4.44311e+00,7.77353e-06,
4.38913e+04,1.28786e+07,6.58729e-01,2.12757e+00,-8.74158e-03,
1.31438e+04,1.28918e+07,7.93711e-01,5.78798e+00,-9.26116e-03,
1.06127e+04,1.29024e+07,4.66869e-02,2.20837e+00,2.22390e-03,
1.02558e+04,1.29126e+07,4.04606e-01,5.26080e+00,5.46842e-03,
1.34266e+04,1.29261e+07,4.55239e-01,2.42380e+00,3.75792e-03,
4.61805e+04,1.29722e+07,1.12789e+00,4.36261e+00,2.93876e-04,
1.66831e+04,1.29889e+07,9.36428e-01,2.83031e+00,1.85906e-04,
1.47586e+04,1.30037e+07,7.25280e-01,3.62913e-01,-7.88784e-04,
1.55945e+04,1.30193e+07,4.49330e-01,6.16066e+00,-6.08964e-03,
1.31840e+04,1.30325e+07,2.76121e-01,4.54516e+00,-2.91516e-03,
1.07506e+04,1.30432e+07,9.29329e-01,4.89484e-01,3.94971e-03,
1.07026e+04,1.30539e+07,3.76101e-01,3.71746e+00,9.17204e-03,
1.07578e+04,1.30647e+07,1.11431e+00,2.60699e+00,9.32401e-03,
1.41395e+04,1.30788e+07,2.40354e-01,1.76413e+00,6.97762e-03,
2.04360e+04,1.30992e+07,5.40162e-01,3.43191e+00,-3.13482e-03,
1.79039e+04,1.31171e+07,2.28486e-01,4.32964e+00,-4.32362e-03,
1.10577e+04,1.31282e+07,4.27579e-01,3.41251e-01,-2.52615e-03,
2.93488e+04,1.31576e+07,4.09322e-01,1.40035e+00,1.66568e-03,
1.78300e+04,1.31754e+07,6.39401e-01,1.35210e+00,5.87904e-03,
1.64600e+05,1.33400e+07,2.34026e-01,3.25103e+00,-1.25791e-03,
1.47450e+04,1.33547e+07,2.67225e-01,1.73614e+00,6.96818e-03,
1.50907e+04,1.33698e+07,3.67164e-01,4.32683e+00,5.35400e-04,
1.02024e+04,1.33800e+07,8.18435e-01,2.85408e+00,1.94637e-03,
1.47754e+04,1.33948e+07,1.03230e+00,5.36578e+00,-2.37454e-03,
1.24251e+04,1.34072e+07,7.14957e-01,6.09504e-01,-9.16579e-03,
2.78474e+04,1.34351e+07,2.06306e+00,6.16375e+00,-8.68421e-03,
4.09211e+04,1.34760e+07,1.31835e+00,4.48127e+00,3.75358e-03,
3.50429e+04,1.35110e+07,2.77087e-01,5.69537e+00,-9.06065e-03,
2.34076e+04,1.35344e+07,2.56272e-01,9.13269e-01,1.68359e-03,
2.73157e+04,1.35618e+07,2.01524e-01,1.03132e+00,6.46393e-03,
1.80005e+04,1.35798e+07,9.93731e-01,4.62161e+00,-3.71927e-03,
4.26254e+04,1.36224e+07,1.04072e+00,2.47719e-01,7.91232e-03,
1.73783e+04,1.36398e+07,1.00535e+00,4.91167e+00,-7.03501e-03,
7.67305e+04,1.37165e+07,3.04750e-01,6.02389e+00,8.40168e-03,
3.69158e+04,1.37534e+07,4.67723e-01,6.27651e+00,2.26454e-04,
2.39250e+04,1.37773e+07,6.73516e-02,5.42458e+00,2.13711e-03,
2.98875e+04,1.38072e+07,6.58227e-01,4.08242e+00,1.90984e-03,
1.47873e+04,1.38220e+07,6.63182e-01,3.94829e-01,-9.97962e-03,
2.17410e+04,1.38438e+07,7.86314e-01,2.93878e+00,-4.57359e-03,
2.36123e+04,1.38674e+07,6.92832e-01,3.83791e+00,-4.24627e-03,
8.01623e+04,1.39475e+07,4.91068e-01,1.78668e+00,-7.48076e-03,
2.59002e+04,1.39734e+07,6.42454e-01,3.49107e+00,6.83699e-03,
1.16620e+04,1.39851e+07,1.22204e+00,1.30634e+00,-2.99138e-03,
4.33798e+04,1.40285e+07,1.93392e+00,1.45033e+00,9.19705e-03,
2.39475e+05,1.42679e+07,5.32568e-01,1.22451e+00,2.06603e-03,
1.70769e+04,1.42850e+07,8.27400e-01,5.62663e+00,1.36056e-03,
1.17208e+04,1.42967e+07,2.44545e-01,6.11306e+00,5.32619e-03,
2.97588e+04,1.43265e+07,2.01517e-01,3.90000e+00,2.82975e-03,
6.10276e+04,1.43875e+07,7.06480e-01,3.42504e+00,5.59831e-03,
1.67423e+04,1.44043e+07,1.73348e-01,4.97323e+00,-3.47673e-03,
5.58792e+04,1.44601e+07,3.34375e-01,1.26656e+00,4.85810e-03,
3.04458e+04,1.44906e+07,2.60719e-01,2.69783e+00,-5.70572e-03,
4.01488e+04,1.45307e+07,1.01492e+00,2.72601e+00,2.16027e-03,
1.68856e+04,1.45476e+07,4.00359e-01,4.04570e-01,9.27977e-03,
1.00240e+04,1.45577e+07,2.75205e-01,4.16960e+00,-8.89166e-03,
2.02263e+04,1.45779e+07,4.69508e-01,4.39226e+00,-7.64901e-03,
2.54668e+05,1.48325e+07,9.01239e-01,1.43089e+00,-3.90871e-03,
2.87528e+04,1.48613e+07,8.09173e-01,5.52010e+00,-2.04313e-03,
5.45932e+05,1.54072e+07,6.25524e-01,3.05450e+00,5.97823e-03,
1.31749e+04,1.54204e+07,2.98386e-01,4.31702e+00,-2.04942e-03,
1.20907e+04,1.54325e+07,9.58558e-01,2.91218e+00,5.92253e-03,
5.84715e+05,1.60172e+07,3.13428e-01,2.20412e+00,2.45473e-04,
1.02356e+04,1.60274e+07,7.38085e-01,1.96672e+00,5.67009e-03,
2.06099e+04,1.60481e+07,1.88375e-01,4.26381e+00,-8.53670e-04,
8.16966e+04,1.61298e+07,4.28337e-01,6.92649e-01,5.82040e-03,
2.30812e+04,1.61528e+07,5.66382e-01,5.41233e-01,-8.04530e-03,
1.09726e+04,1.61638e+07,5.37994e-01,8.59270e-01,7.71388e-03,
4.01080e+04,1.62039e+07,3.48770e-01,5.45981e+00,9.12928e-03,
4.23971e+04,1.62463e+07,2.29015e-01,5.57861e+00,-2.36612e-03,
9.64041e+04,1.63427e+07,1.55694e+00,6.00968e+00,6.65963e-03,
1.63342e+04,1.63591e+07,3.78552e-01,3.91468e+00,-9.36872e-03,
7.36071e+04,1.64327e+07,4.01775e-01,4.77401e+00,-1.82316e-03,
1.10620e+04,1.64437e+07,1.47666e+00,3.64832e+00,-1.75286e-03,
5.89434e+04,1.65027e+07,5.41144e-01,2.84960e+00,3.18588e-03,
1.91668e+04,1.65218e+07,5.20524e-01,3.74559e+00,1.21197e-03,
1.95948e+05,1.67178e+07,4.42019e-01,3.98223e+00,2.36022e-03,
3.43597e+04,1.67521e+07,6.26547e-01,3.78418e+00,-7.89426e-03,
1.23400e+04,1.67645e+07,9.61714e-02,3.77562e-01,-1.01112e-03,
7.86649e+05,1.75511e+07,8.39216e-01,1.54884e-01,5.93135e-03,
1.22439e+04,1.75634e+07,8.26024e-01,6.27717e+00,6.37765e-03,
7.51933e+04,1.76386e+07,5.97038e-01,2.23245e+00,3.28371e-03,
9.09380e+04,1.77295e+07,1.81186e+00,9.01603e-01,-1.17689e-03,
1.74041e+04,1.77469e+07,3.29036e-01,7.09431e-01,2.90070e-03,
2.23025e+04,1.77692e+07,8.12617e-01,4.15268e+00,-7.22153e-04,
1.83995e+06,1.96092e+07,7.28832e-01,1.41096e+00,-7.82343e-03,
2.25235e+04,1.96317e+07,4.27428e-01,3.36792e+00,8.96570e-03,
1.39967e+04,1.96457e+07,6.07053e-02,7.25678e-01,-7.11324e-03,
1.19039e+04,1.96576e+07,6.04765e-01,5.05237e-02,1.94155e-03,
5.56959e+04,1.97133e+07,1.34213e-01,5.36465e+00,-9.22579e-03,
6.79669e+05,2.03929e+07,2.60198e-01,1.44426e+00,-9.58425e-03,
1.10499e+04,2.04040e+07,2.36307e-01,2.33254e+00,7.93100e-03,
1.03311e+04,2.04143e+07,1.55356e+00,5.54493e+00,-1.05787e-03,
1.23500e+04,2.04267e+07,7.63907e-01,2.81505e+00,-9.02077e-03,
3.24547e+04,2.04591e+07,6.09433e-01,7.25434e-01,-5.73071e-03,
2.67095e+04,2.04858e+07,1.40918e+00,3.25777e+00,3.35623e-03,
1.33373e+04,2.04992e+07,3.66790e-01,4.38361e+00,5.76351e-03,
3.33741e+04,2.05326e+07,6.41772e-01,4.99616e+00,5.22961e-03,
1.11151e+04,2.05437e+07,6.16960e-01,5.30122e+00,-1.37915e-03,
2.55939e+04,2.05693e+07,1.79710e-01,2.15815e+00,-7.79261e-03,
2.14954e+04,2.05908e+07,1.94266e-01,5.57991e+00,6.70460e-03,
3.09744e+04,2.06217e+07,2.04849e-01,4.94777e+00,-2.31705e-04,
1.16773e+04,2.06334e+07,1.20662e+00,4.32415e+00,2.72205e-03,
1.52738e+04,2.06487e+07,3.08950e-01,4.75256e+00,8.65078e-03,
2.64105e+04,2.06751e+07,4.40118e-01,5.02756e+00,-4.80832e-03,
6.41140e+04,2.07392e+07,3.29735e-01,2.73873e+00,-1.12095e-03,
1.48761e+04,2.07541e+07,9.46240e-01,3.12686e+00,-1.24703e-03,
3.29431e+04,2.07870e+07,5.22448e-01,1.51902e+00,-2.70428e-04,
3.64989e+04,2.08235e+07,9.39170e-01,6.03958e+00,-2.69977e-03,
1.71276e+04,2.08407e+07,1.38462e-01,7.30942e-01,9.31647e-03,
9.99924e+04,2.09406e+07,1.15228e+00,4.42011e+00,7.63284e-03,
1.04001e+05,2.10446e+07,4.00929e-01,5.44732e+00,-3.94592e-03,
2.89365e+04,2.10736e+07,1.38602e+00,1.84337e+00,4.71688e-04,
2.82894e+04,2.11019e+07,1.71514e+00,5.40880e+00,9.28945e-03,
1.88721e+04,2.11207e+07,1.37179e+00,5.46224e+00,-6.50512e-03,
1.80716e+04,2.11388e+07,7.37815e-01,4.03558e+00,9.87404e-04,
1.43525e+04,2.11532e+07,5.98228e-01,5.72594e+00,-3.60140e-03,
1.08474e+04,2.11640e+07,1.28143e+00,3.18635e+00,6.18048e-03,
1.03992e+04,2.11744e+07,8.79859e-03,7.88934e-01,-9.12813e-04,
1.36655e+04,2.11881e+07,5.62562e-01,3.52430e+00,-8.96434e-03,
1.53978e+04,2.12035e+07,5.43896e-01,4.23232e+00,-5.48120e-03,
2.23592e+04,2.12258e+07,1.33047e+00,4.34481e+00,6.25977e-03,
1.05192e+04,2.12364e+07,4.82831e-01,2.35725e+00,-6.42299e-04,
1.91560e+04,2.12555e+07,4.07096e-01,2.44741e+00,-3.53058e-03,
1.69118e+04,2.12724e+07,1.79954e+00,5.49218e+00,-3.54438e-03,
1.48685e+05,2.14211e+07,3.13832e-01,2.86149e+00,-8.24744e-03,
2.49189e+04,2.14460e+07,3.48038e-01,2.95276e+00,-5.20298e-03,
1.05916e+04,2.14566e+07,1.90764e-01,4.64833e+00,6.81875e-03,
3.77376e+05,2.18340e+07,1.08008e+00,2.75414e+00,3.50653e-03,
2.59702e+05,2.20937e+07,1.56124e-01,4.44625e+00,6.25912e-03,
3.21861e+04,2.21259e+07,3.55074e-01,2.56867e+00,-9.42901e-03,
1.03120e+04,2.21362e+07,2.71248e-01,2.31748e+00,-8.89264e-03,
1.57468e+04,2.21519e+07,3.52559e-01,1.77941e+00,6.67382e-03,
2.75705e+05,2.24277e+07,2.85053e-02,2.78258e-01,8.60265e-03,
1.11605e+05,2.25393e+07,1.69775e-01,2.23978e+00,5.41194e-03,
1.15925e+04,2.25508e+07,5.02504e-01,2.73250e+00,2.64694e-03,
4.85354e+04,2.25994e+07,1.50856e-02,5.50128e+00,-7.18348e-03,
3.52655e+04,2.26346e+07,8.02461e-01,3.21496e+00,-9.36066e-04,
1.17978e+04,2.26464e+07,1.14553e+00,5.48043e+00,-4.41508e-03,
1.33740e+04,2.26598e+07,1.54405e+00,3.22036e+00,6.22254e-03,
4.34496e+04,2.27033e+07,1.29798e-01,3.98312e+00,-4.04250e-03,
1.69155e+04,2.27202e+07,1.09004e+00,2.76532e+00,9.17463e-03,
1.16081e+04,2.27318e+07,1.23110e+00,4.50757e+00,-6.01197e-03,
1.28084e+04,2.27446e+07,3.74186e-01,2.95982e-01,1.06043e-03,
3.64395e+04,2.27810e+07,3.51956e-01,5.75755e+00,-8.18170e-03,
1.06260e+04,2.27917e+07,4.97517e-01,4.43711e+00,4.82807e-03,
6.51748e+04,2.28568e+07,5.14360e-01,4.26796e+00,-5.28469e-04,
2.25817e+04,2.28794e+07,4.00386e-01,5.84481e+00,3.67043e-03,
1.10360e+04,2.28905e+07,6.63804e-01,5.34132e+00,-9.49440e-06,
1.25611e+04,2.29030e+07,1.14128e+00,4.79907e+00,1.53694e-03,
1.43507e+04,2.29174e+07,7.27199e-02,6.27533e+00,1.39709e-03,
6.15627e+04,2.29789e+07,3.74635e-01,4.80079e+00,-8.86048e-03,
1.06145e+05,2.30851e+07,7.94095e-02,5.40843e+00,-2.82153e-03,
1.18505e+04,2.30969e+07,3.78572e-01,3.95315e+00,9.45464e-03,
1.48639e+05,2.32456e+07,5.50031e-01,5.93234e+00,6.62377e-03,
1.56175e+04,2.32612e+07,5.97367e-01,6.14108e-01,-9.47724e-03,
1.11898e+04,2.32724e+07,5.45132e-01,3.85220e+00,9.98412e-03,
4.09636e+05,2.36820e+07,5.88884e-01,1.69195e+00,2.29716e-03,
7.27848e+04,2.37548e+07,5.92747e-01,1.32721e+00,-8.81876e-03,
1.11490e+04,2.37659e+07,2.71132e-01,1.00760e+00,3.01091e-03,
2.54138e+04,2.37914e+07,9.34009e-02,4.27025e+00,4.99876e-03,
1.50940e+04,2.38065e+07,3.78057e-01,3.28241e+00,-1.20639e-03,
3.11272e+05,2.41177e+07,3.89350e-01,2.36310e+00,5.88446e-03,
5.82067e+04,2.41759e+07,4.88625e-01,4.36305e+00,1.20502e-04,
2.48965e+04,2.42008e+07,1.11241e+00,4.34420e-01,5.55958e-03,
1.32038e+04,2.42140e+07,9.96226e-01,7.54341e-01,6.51501e-03,
7.93179e+04,2.42934e+07,3.22868e-01,1.94420e+00,-6.35371e-03,
6.89253e+04,2.43623e+07,2.33427e-01,1.75314e+00,2.30178e-03,
1.60219e+04,2.43783e+07,5.47027e-01,3.47749e+00,6.86999e-04,
1.58365e+04,2.43941e+07,3.80819e-01,4.73853e+00,-7.25640e-03,
1.01781e+04,2.44043e+07,1.72552e-01,1.16270e+00,-5.61859e-04,
5.85803e+05,2.49901e+07,1.46693e+00,4.74068e-02,-1.38590e-03,
2.62475e+04,2.50164e+07,2.65535e-01,1.81118e+00,-9.96960e-03,
5.02751e+04,2.50666e+07,4.94476e-01,3.03543e+00,9.36059e-03,
1.06857e+04,2.50773e+07,1.39955e+00,1.36183e-01,-5.23348e-04,
1.85177e+04,2.50958e+07,1.81706e-01,3.06889e+00,8.95888e-03,
3.86051e+04,2.51344e+07,8.77225e-01,4.00364e+00,3.73879e-03,
5.45210e+04,2.51890e+07,2.69634e-01,2.48556e+00,8.45196e-03,
4.86947e+05,2.56759e+07,3.54279e-01,4.41239e-01,-1.75328e-03,
6.54515e+04,2.57414e+07,1.88412e-01,1.09509e+00,-2.39594e-03,
1.01900e+04,2.57516e+07,1.63169e+00,6.43853e-01,2.38701e-04,
1.74701e+04,2.57690e+07,1.49902e-01,3.70473e+00,-7.07660e-04,
2.33338e+04,2.57924e+07,2.42042e-01,2.99272e+00,-2.87001e-03,
1.05274e+04,2.58029e+07,9.07399e-02,7.68144e-01,-8.73271e-04,
5.01064e+05,2.63040e+07,5.59463e-01,3.67742e+00,5.52339e-03,
1.46472e+04,2.63186e+07,6.66887e-01,1.05978e+00,-8.56740e-03,
1.61481e+04,2.63347e+07,5.51359e-01,1.13148e+00,5.65761e-03,
1.50729e+04,2.63498e+07,1.18215e+00,1.85624e+00,-7.13649e-03,
1.73015e+04,2.63671e+07,5.59500e-01,4.44588e-02,-6.43787e-03,
2.55290e+04,2.63927e+07,4.81450e-01,1.25337e+00,4.54387e-03,
2.18104e+04,2.64145e+07,7.63343e-01,5.83335e+00,8.75120e-03,
1.00852e+04,2.64245e+07,9.89683e-01,3.32640e+00,1.82039e-03,
2.70721e+04,2.64516e+07,3.68043e-01,1.95750e+00,4.79099e-03,
4.24206e+04,2.64940e+07,2.25180e-01,5.16730e-01,-5.88471e-03,
8.09352e+04,2.65750e+07,7.51110e-01,5.01170e+00,5.93679e-03,
1.76806e+04,2.65927e+07,2.65073e-01,4.12941e+00,-4.16387e-03,
2.27921e+05,2.68206e+07,1.34425e+00,3.09400e+00,-6.48927e-03,
3.80598e+04,2.68586e+07,1.08077e-01,1.63238e+00,9.74374e-03,
1.13745e+04,2.68700e+07,2.13436e+00,3.85224e-01,-7.63352e-04,
1.06270e+04,2.68806e+07,8.42210e-01,8.43432e-01,-6.45550e-03,
1.08414e+04,2.68915e+07,6.13169e-01,3.78957e+00,-8.41474e-03,
4.74524e+04,2.69389e+07,1.20165e-01,2.06921e+00,8.61770e-03,
1.16922e+04,2.69506e+07,2.36382e-01,1.07991e+00,-7.42599e-03,
3.38334e+05,2.72890e+07,9.74154e-01,1.46094e+00,5.34331e-03,
1.13890e+04,2.73003e+07,1.18388e+00,5.18584e+00,-8.90594e-03,
1.80587e+04,2.73184e+07,6.63970e-02,8.09583e-01,-5.53605e-03,
1.61705e+04,2.73346e+07,3.63611e-01,8.99140e-02,-3.32081e-03,
4.72123e+04,2.73818e+07,3.61549e-01,2.19226e-03,4.37551e-03,
1.34243e+04,2.73952e+07,7.17108e-01,2.38205e+00,2.20032e-04,
2.73607e+04,2.74226e+07,7.48845e-01,1.27361e+00,4.20455e-03,
2.67278e+04,2.74493e+07,3.21179e-01,3.85318e+00,7.39425e-03,
1.38561e+05,2.75879e+07,4.53536e-01,5.73660e+00,4.69008e-03,
1.62758e+04,2.76041e+07,1.19002e+00,4.55286e-01,5.68363e-03,
1.16175e+04,2.76158e+07,3.68088e-01,5.42417e-01,6.19070e-03,
1.01499e+04,2.76259e+07,8.56584e-01,4.14014e+00,4.19091e-03,
4.26117e+04,2.76685e+07,7.28328e-01,5.32103e+00,9.52773e-03,
3.39887e+04,2.77025e+07,1.74324e-01,2.19961e+00,1.12034e-03,
1.09111e+04,2.77134e+07,2.93727e-01,4.66668e+00,8.02459e-03,
1.04917e+05,2.78183e+07,4.22178e-01,4.77444e+00,-1.16645e-03,
3.64766e+04,2.78548e+07,7.58933e-01,5.02348e+00,7.27275e-03,
2.54648e+04,2.78803e+07,6.07318e-01,5.39469e+00,-7.68575e-03,
4.60565e+04,2.79263e+07,3.64944e-01,4.74650e+00,5.20496e-03,
2.54221e+04,2.79518e+07,7.82526e-01,2.71507e+00,6.42063e-04,
2.63690e+04,2.79781e+07,1.00252e+00,5.67350e+00,-6.49947e-03,
1.00800e+04,2.79882e+07,2.04513e-01,4.30759e+00,-6.70963e-03,
1.01484e+04,2.79984e+07,7.47806e-01,3.38866e+00,1.06346e-03,
1.30666e+04,2.80114e+07,1.66474e-01,3.89920e+00,-2.76851e-05,
1.53750e+04,2.80268e+07,1.76405e-01,2.60007e-02,-2.70361e-03,
1.13336e+05,2.81401e+07,6.39398e-01,7.26267e-01,8.28530e-05,
2.54542e+04,2.81656e+07,4.21179e-01,6.10617e+00,1.31162e-03,
2.00105e+05,2.83657e+07,4.22664e-01,2.80166e+00,-5.64665e-03,
1.16814e+04,2.83774e+07,3.17151e-01,4.20098e-01,3.56580e-03,
4.17569e+04,2.84191e+07,3.10240e-01,3.15750e+00,-6.03379e-03,
3.45547e+04,2.84537e+07,5.23115e-01,4.30571e+00,1.22175e-03,
4.02769e+04,2.84940e+07,1.59361e+00,4.21636e-01,-5.34635e-03,
1.67327e+04,2.85107e+07,1.55752e-01,3.36570e+00,1.89568e-03,
1.24012e+04,2.85231e+07,9.95346e-02,1.10387e+00,9.96657e-03,
1.89879e+04,2.85421e+07,2.07877e-01,1.62644e+00,-1.09589e-03,
1.01141e+04,2.85522e+07,3.09117e-01,6.02912e+00,-1.87700e-03,
2.43982e+04,2.85766e+07,8.04715e-01,1.08367e-01,-8.65010e-03,
9.86884e+04,2.86753e+07,4.72551e-01,4.80718e+00,1.26060e-03,
1.43155e+04,2.86896e+07,2.08734e+00,4.91821e+00,9.47531e-03,
3.26000e+05,2.90156e+07,1.07411e+00,3.44488e+00,5.24332e-04,
4.80180e+04,2.90636e+07,5.48445e-01,3.30230e+00,3.68585e-03,
1.61194e+04,2.90797e+07,1.97953e-01,3.61012e+00,2.16527e-03,
2.22192e+04,2.91020e+07,5.30350e-01,1.01146e-01,9.96540e-03,
1.24324e+04,2.91144e+07,1.07052e-01,1.18743e-01,4.68087e-03,
3.57040e+05,2.94714e+07,7.28422e-01,1.32461e+00,-5.60327e-04,
1.41124e+04,2.94855e+07,5.39712e-01,3.27591e-01,-3.16942e-03,
1.90326e+04,2.95046e+07,2.58456e-01,3.15104e+00,-4.32187e-03,
4.95700e+04,2.95541e+07,3.52042e-01,3.58881e+00,-2.00246e-03,
1.53676e+04,2.95695e+07,9.22284e-01,6.19417e+00,5.07184e-03,
1.38745e+04,2.95834e+07,1.04902e-01,3.41384e-01,9.54994e-03,
1.18473e+04,2.95952e+07,3.92330e-01,8.57482e-02,7.63474e-04,
1.77622e+04,2.96130e+07,6.33780e-01,4.06149e+00,-4.68994e-03,
1.34109e+06,3.09541e+07,3.55348e-01,3.59307e-02,-1.90177e-03,
1.39330e+04,3.09680e+07,4.99433e-02,4.14286e+00,-6.44956e-03,
1.36665e+04,3.09817e+07,1.11051e+00,4.10074e+00,-3.80516e-04,
3.16900e+04,3.10134e+07,5.01518e-02,4.90843e+00,6.44430e-03,
1.11976e+04,3.10246e+07,6.18621e-01,2.05450e-01,-7.45684e-03,
1.42090e+04,3.10388e+07,7.31436e-01,4.89124e+00,-1.50999e-03,
1.20774e+06,3.22465e+07,7.23467e-01,4.78193e+00,4.38638e-03,
1.11515e+04,3.22577e+07,3.27293e-01,5.68843e+00,1.60573e-03,
1.69900e+04,3.22747e+07,9.74748e-01,3.07873e+00,-7.31787e-03,
2.01835e+04,3.22948e+07,2.48096e+00,2.29187e-01,-7.23866e-03,
3.74084e+04,3.23323e+07,6.14379e-01,5.88026e-01,4.14439e-03,
4.77463e+04,3.23800e+07,1.11260e-01,3.53707e+00,9.04576e-03,
1.42252e+04,3.23942e+07,2.08354e-01,2.95622e+00,3.76082e-04,
3.20374e+04,3.24263e+07,6.85673e-01,5.92592e+00,-3.13644e-03,
2.40236e+04,3.24503e+07,4.46993e-01,5.12745e+00,6.69964e-03,
1.51519e+04,3.24654e+07,3.40216e-01,1.90751e+00,-6.91743e-04,
3.29707e+04,3.24984e+07,5.88370e-01,7.08476e-01,4.02751e-03,
2.24620e+06,3.47446e+07,2.75717e-01,5.22500e+00,5.04660e-03,
2.13645e+04,3.47660e+07,1.31819e-01,4.11316e-01,-1.15798e-03,
1.37120e+05,3.49031e+07,1.16966e+00,5.66866e+00,6.70108e-04,
7.47938e+04,3.49779e+07,1.20124e-01,1.68004e+00,9.75197e-03,
3.49163e+04,3.50128e+07,1.14673e+00,8.80543e-02,-8.39901e-03,
2.07714e+04,3.50336e+07,5.43005e-01,3.38149e-02,8.59205e-03,
1.06302e+04,3.50442e+07,8.93933e-01,1.46642e-01,-2.35690e-03,
2.51634e+04,3.50694e+07,7.88417e-01,1.80935e+00,3.69996e-03,
1.30888e+05,3.52003e+07,8.17509e-01,3.34046e+00,8.25870e-03,
1.33491e+04,3.52136e+07,1.98860e+00,5.76686e+00,-7.91856e-03,
3.20254e+04,3.52456e+07,2.45496e-01,5.68892e-01,-7.97379e-03,
1.12228e+04,3.52569e+07,5.80233e-01,2.70676e+00,7.85259e-03,
1.52177e+04,3.52721e+07,3.47004e-01,3.73488e+00,-4.94543e-03,
6.91160e+04,3.53412e+07,1.23668e-01,3.09946e+00,-7.65568e-03,
1.92284e+04,3.53604e+07,4.53081e-01,5.61152e+00,1.91581e-03,
1.04061e+04,3.53708e+07,1.49863e+00,2.51611e-01,9.17884e-03,
3.22830e+04,3.54031e+07,3.91212e-01,3.82627e+00,-5.41302e-03,
1.01773e+05,3.55049e+07,2.32117e-01,3.68418e+00,-4.98572e-03,
2.19080e+04,3.55268e+07,2.46774e-01,5.77464e+00,-1.23164e-03,
2.23840e+04,3.55492e+07,2.90886e-01,4.42639e+00,-2.44125e-03,
1.25512e+04,3.55617e+07,4.57830e-01,3.02630e+00,-7.22486e-03,
2.01144e+04,3.55818e+07,1.80696e-01,3.87804e+00,3.38134e-03,
1.07388e+04,3.55926e+07,4.94151e-01,3.87954e+00,9.87395e-04,
2.35762e+04,3.56161e+07,1.61755e+00,2.42846e+00,7.54458e-03,
1.35947e+05,3.57521e+07,8.51934e-01,4.09017e+00,-1.11811e-03,
4.90588e+04,3.58012e+07,1.05125e+00,5.70749e+00,1.77786e-03,
1.65574e+04,3.58177e+07,2.75514e-01,6.21791e+00,2.16127e-03,
1.66940e+04,3.58344e+07,1.11069e-01,2.29673e+00,1.62938e-03,
2.64616e+04,3.58609e+07,5.47266e-01,2.02649e+00,-6.37609e-03,
2.82438e+04,3.58891e+07,7.78576e-01,3.29810e+00,4.11931e-03,
1.33635e+04,3.59025e+07,7.88456e-01,3.07948e+00,2.97167e-03,
1.32996e+04,3.59158e+07,1.95771e-01,2.19879e+00,6.14707e-03,
1.04203e+04,3.59262e+07,2.72731e-01,5.14889e+00,9.00714e-03,
5.24006e+04,3.59786e+07,5.84190e-01,5.08004e+00,-7.90219e-03,
1.77869e+05,3.61565e+07,3.87511e-01,2.53506e+00,-5.47903e-03,
2.67592e+04,3.61832e+07,5.46944e-01,5.54278e-01,-8.33639e-03,
7.46460e+04,3.62579e+07,1.19789e+00,2.05290e+00,4.01971e-03,
1.07979e+04,3.62687e+07,2.02641e-01,4.26977e+00,3.15739e-03,
1.26049e+04,3.62813e+07,7.24465e-01,1.90846e+00,6.00481e-03,
5.93474e+04,3.63406e+07,9.87577e-01,1.47484e+00,-8.74029e-03,
2.58223e+04,3.63664e+07,4.18652e-01,1.82796e+00,1.06980e-03,
1.26525e+04,3.63791e+07,1.18273e+00,4.62907e+00,7.45414e-03,
1.12837e+04,3.63904e+07,1.05455e-01,1.71265e+00,5.86913e-03,
2.58769e+04,3.64163e+07,9.37476e-01,3.26536e-01,2.91390e-03,
1.77398e+04,3.64340e+07,3.68701e-01,2.74535e+00,3.55563e-03,
1.70562e+04,3.64511e+07,1.01495e+00,1.73407e+00,-5.54837e-03,
1.50403e+04,3.64661e+07,4.00495e-01,4.00307e-01,4.83345e-03,
1.73815e+04,3.64835e+07,1.20828e+00,4.32147e+00,-9.42689e-03,
7.58655e+04,3.65593e+07,8.00031e-01,5.70325e+00,2.40152e-03,
1.92952e+04,3.65786e+07,5.52361e-01,5.68939e+00,-2.33839e-03,
1.05926e+04,3.65892e+07,1.44786e+00,6.02294e+00,-3.82978e-03,
3.08456e+04,3.66201e+07,4.79100e-02,4.45523e+00,2.47197e-03,
1.35100e+04,3.66336e+07,2.99400e-01,1.95650e+00,6.11614e-03,
1.20309e+04,3.66456e+07,2.01540e-01,4.64848e+00,4.01610e-03,
1.68547e+04,3.66625e+07,6.19843e-01,3.94905e+00,-7.50894e-03,
1.56641e+04,3.66781e+07,8.92043e-01,1.91730e+00,9.00417e-03,
1.10636e+04,3.66892e+07,1.23308e+00,1.75954e+00,-8.22710e-03,
2.60553e+04,3.67153e+07,1.69391e+00,3.65915e+00,-4.09314e-03,
2.22511e+04,3.67375e+07,6.59860e-01,2.93693e+00,-2.56946e-03,
9.40350e+04,3.68315e+07,5.84383e-02,5.92561e+00,-8.29146e-03,
1.07810e+04,3.68423e+07,5.97459e-02,1.24930e+00,3.40501e-03,
2.08029e+04,3.68631e+07,2.81097e-01,2.27096e+00,-6.51033e-03,
1.78797e+04,3.68810e+07,4.94165e-01,4.49915e+00,-6.40563e-04,
3.11001e+04,3.69121e+07,2.51201e-01,2.22581e-01,3.91288e-03,
1.68761e+04,3.69290e+07,1.08561e+00,3.79808e+00,1.36306e-03,
1.05549e+04,3.69395e+07,4.81257e-01,4.48434e+00,6.45319e-03,
1.70680e+04,3.69566e+07,2.83044e-01,1.97314e+00,5.89815e-03,
1.29963e+04,3.69696e+07,1.36621e-01,4.06680e+00,-9.82455e-03,
2.81926e+04,3.69978e+07,1.45636e-01,5.91177e+00,-8.63500e-03,
2.16316e+05,3.72141e+07,5.32518e-01,6.60898e-01,-3.17650e-04,
1.10214e+04,3.72251e+07,2.13440e-01,3.08512e+00,6.32111e-03,
1.01029e+04,3.72352e+07,8.88564e-01,4.35092e+00,-1.23702e-03,
4.36302e+04,3.72789e+07,1.74206e-01,5.25835e-01,4.08571e-03,
1.03298e+04,3.72892e+07,4.26537e-01,5.48041e+00,-3.57524e-03,
2.85646e+05,3.75748e+07,1.22271e+00,3.58705e+00,-3.47902e-03,
2.85344e+04,3.76034e+07,4.69197e-01,1.74358e+00,-9.53322e-03,
1.03021e+05,3.77064e+07,5.28476e-01,5.57696e+00,4.91612e-03,
1.53570e+04,3.77217e+07,4.89215e-01,3.52643e+00,9.94476e-03,
8.65860e+04,3.78083e+07,6.36210e-01,2.55124e+00,-7.60588e-03,
1.63455e+04,3.78247e+07,1.63706e+00,2.64092e+00,1.45782e-03,
6.62248e+04,3.78909e+07,2.48839e-01,5.58672e+00,-5.88336e-03,
1.27129e+04,3.79036e+07,4.82917e-01,5.57063e+00,4.30243e-03,
4.04429e+05,3.83080e+07,6.61608e-01,4.81177e+00,4.67967e-03,
2.60720e+04,3.83341e+07,3.05549e-01,3.13960e+00,1.63431e-03,
1.00890e+04,3.83442e+07,2.02431e+00,2.21651e+00,2.24281e-03,
1.75344e+05,3.85196e+07,2.67606e-02,5.06569e+00,2.43074e-04,
1.25877e+04,3.85321e+07,9.56526e-01,1.61012e+00,2.83143e-03,
1.16361e+04,3.85438e+07,5.15027e-02,1.97884e+00,-3.00007e-05,
5.41394e+04,3.85979e+07,9.23298e-02,3.36303e+00,-8.98422e-03,
2.34007e+04,3.86213e+07,5.57050e-01,5.36567e+00,2.04366e-03,
9.96819e+04,3.87210e+07,1.30233e+00,4.15103e+00,-4.40145e-03,
1.78027e+04,3.87388e+07,6.78980e-01,3.54036e+00,-7.07718e-04,
3.48797e+05,3.90876e+07,8.09983e-01,1.49159e+00,-4.21080e-03,
1.69378e+04,3.91045e+07,1.25583e+00,6.18980e+00,3.27929e-03,
7.22296e+04,3.91768e+07,7.37070e-01,7.73425e-01,-8.08445e-03,
2.18442e+04,3.91986e+07,3.50472e-01,1.46638e-01,1.62682e-03,
2.03797e+04,3.92190e+07,1.65930e-01,3.02558e+00,6.86978e-03,
4.36895e+04,3.92627e+07,1.10273e+00,8.95910e-01,-7.97777e-03,
1.18114e+04,3.92745e+07,6.09489e-01,5.99399e+00,-5.22360e-03,
6.61982e+05,3.99365e+07,7.10245e-02,1.53543e+00,1.96597e-03,
2.55730e+04,3.99620e+07,4.89198e-01,1.86281e+00,8.28275e-03,
1.62517e+04,3.99783e+07,9.24656e-01,6.40893e-01,-5.44452e-04,
1.09969e+04,3.99893e+07,2.94150e-01,5.30866e-01,3.20206e-03,
9.48280e+04,4.00841e+07,7.86058e-01,1.75984e+00,2.52243e-03,
2.98529e+04,4.01140e+07,6.94714e-01,5.84254e+00,1.87937e-03,
1.86035e+04,4.01326e+07,6.95310e-01,2.38106e+00,8.43710e-03,
1.11185e+04,4.01437e+07,3.29524e-01,9.34507e-01,6.68944e-03,
2.05733e+04,4.01643e+07,2.77318e-01,5.61488e+00,2.27979e-03,
2.22051e+04,4.01865e+07,3.84796e-01,4.95727e+00,-7.17232e-03,
1.00312e+04,4.01965e+07,2.58593e-01,1.00746e+00,1.83618e-03,
1.96466e+04,4.02162e+07,5.13170e-02,4.27467e+00,4.00776e-03,
1.11432e+04,4.02273e+07,4.03570e-01,2.63052e+00,9.33685e-04,
1.17438e+04,4.02390e+07,9.04309e-01,5.58509e+00,4.75923e-03,
1.26974e+04,4.02517e+07,4.57377e-01,2.23509e+00,5.99535e-04,
1.01299e+04,4.02619e+07,7.98792e-01,2.36787e+00,6.46014e-03,
1.17741e+04,4.02736e+07,7.41262e-01,2.90003e+00,8.64237e-03,
3.46264e+05,4.06199e+07,1.08491e+00,5.14033e+00,-6.26054e-03,
3.94297e+04,4.06593e+07,3.01963e-01,2.56304e-01,9.44438e-03,
3.33116e+04,4.06926e+07,9.44459e-01,6.74300e-01,-8.42049e-03,
6.55978e+04,4.07582e+07,1.21256e+00,3.87527e+00,7.97674e-03,
2.23923e+04,4.07806e+07,7.53752e-01,2.86506e+00,8.62341e-03,
4.86667e+04,4.08293e+07,1.42385e+00,4.87621e+00,6.01415e-04,
2.77885e+04,4.08571e+07,2.31829e-01,2.92818e+00,-3.67692e-03,
3.87468e+04,4.08958e+07,2.37635e-01,4.90629e+00,9.76449e-03,
1.92682e+04,4.09151e+07,6.42990e-01,2.83719e+00,-3.52547e-03,
1.55957e+05,4.10711e+07,6.24716e-01,1.54916e+00,1.87194e-03,
6.45921e+04,4.11357e+07,1.51667e-01,4.01884e+00,-3.20840e-03,
1.53053e+04,4.11510e+07,1.03978e+00,1.62851e+00,-3.41878e-03,
8.25318e+04,4.12335e+07,6.15776e-02,1.24257e+00,8.16822e-03,
1.72217e+05,4.14057e+07,4.09579e-01,3.43111e+00,-5.36532e-03,
2.27049e+04,4.14284e+07,1.86435e+00,2.67424e-01,-6.12659e-03,
4.76654e+04,4.14761e+07,9.09196e-01,1.17827e+00,1.45297e-03,
1.59578e+05,4.16357e+07,5.49231e-01,3.35610e+00,4.34130e-03,
2.82402e+04,4.16639e+07,6.97853e-01,4.17041e+00,4.47185e-03,
1.28918e+04,4.16768e+07,7.37097e-01,3.41083e-01,5.47920e-03,
1.62138e+04,4.16930e+07,3.60651e-01,4.70484e+00,6.85517e-03,
2.17424e+04,4.17147e+07,7.02460e-01,4.58655e+00,-4.43010e-03,
1.63882e+04,4.17311e+07,1.38490e+00,3.43481e+00,9.51494e-03,
1.09054e+04,4.17420e+07,7.63364e-01,1.93674e+00,7.27130e-03,
1.89980e+04,4.17610e+07,9.09303e-01,1.77663e+00,1.84304e-03,
2.09883e+05,4.19709e+07,1.21819e-01,1.97807e+00,4.69074e-03,
1.29163e+04,4.19838e+07,6.09632e-01,5.02102e-02,1.69649e-03,
2.70374e+04,4.20109e+07,4.93607e-01,5.51742e+00,-2.61176e-03,
3.53393e+04,4.20462e+07,1.15305e+00,5.06433e+00,-4.26389e-03,
2.07410e+04,4.20670e+07,1.50542e+00,4.89898e+00,7.75044e-03,
3.68796e+04,4.21038e+07,3.19342e-01,8.25508e-01,-1.59676e-03,
2.35644e+04,4.21274e+07,1.06225e+00,3.17609e+00,2.91297e-03,
1.94592e+04,4.21469e+07,6.07707e-01,4.74860e+00,1.67892e-04,
7.24849e+04,4.22193e+07,2.37483e-01,6.76869e-01,-6.08709e-03,
8.37882e+05,4.30572e+07,4.03557e-01,3.74710e+00,-7.37289e-03,
2.08984e+04,4.30781e+07,3.59921e-01,4.48293e+00,4.35370e-03,
9.16550e+04,4.31698e+07,4.70886e-01,8.63154e-01,6.85913e-03,
4.03235e+04,4.32101e+07,4.95531e-01,8.39545e-01,5.62122e-03,
1.75096e+05,4.33852e+07,2.19367e+00,1.56405e+00,4.08738e-03,
1.51771e+04,4.34004e+07,2.56641e-01,4.08963e+00,8.89028e-03,
1.00870e+04,4.34105e+07,7.87746e-01,3.70947e+00,1.01504e-03,
1.20838e+04,4.34225e+07,5.77607e-01,6.26550e+00,8.36921e-03,
1.04157e+04,4.34330e+07,6.69326e-01,4.82136e+00,6.95824e-03,
1.02364e+04,4.34432e+07,4.38074e-01,2.15383e-01,5.98638e-03,
3.76797e+04,4.34809e+07,4.18204e-01,1.67073e+00,3.74571e-04,
5.52938e+04,4.35362e+07,5.45959e-01,5.11658e+00,-8.59129e-03,
1.04496e+04,4.35466e+07,5.04319e-01,1.74845e+00,-8.48158e-03,
3.52764e+04,4.35819e+07,5.41322e-01,3.69477e+00,4.20871e-03,
1.24555e+04,4.35944e+07,2.24373e-01,6.07523e+00,9.16278e-03,
1.72969e+04,4.36116e+07,2.69852e-01,5.17445e+00,6.31156e-03,
2.71948e+04,4.36388e+07,1.85975e-01,5.87650e+00,4.22934e-03,
2.84891e+04,4.36673e+07,1.24262e-01,1.79795e+00,7.42776e-03,
1.58644e+04,4.36832e+07,4.87438e-01,2.17062e+00,-4.24224e-03,
2.26577e+04,4.37059e+07,1.71269e+00,1.30683e+00,-7.46092e-03,
2.27455e+04,4.37286e+07,5.83371e-01,3.27278e-01,-8.50992e-03,
1.84065e+04,4.37470e+07,3.45324e-01,1.55818e+00,-3.14281e-03,
3.97751e+05,4.41448e+07,6.96366e-01,3.39098e+00,9.49279e-03,
1.26412e+04,4.41574e+07,1.38884e+00,3.09894e+00,-4.87141e-03,
1.07326e+06,4.52307e+07,1.00874e-01,4.99118e+00,-1.49358e-03,
1.29687e+04,4.52436e+07,7.00460e-01,5.69109e+00,-1.46653e-04,
1.62951e+04,4.52599e+07,4.86242e-01,3.15594e+00,3.53975e-03,
4.45879e+04,4.53045e+07,3.36598e-01,5.19866e+00,3.54531e-03,
1.27259e+04,4.53172e+07,1.52614e-01,4.10229e+00,6.50362e-03,
1.75360e+04,4.53348e+07,1.03735e+00,1.45650e+00,-3.91810e-03,
1.02862e+04,4.53451e+07,7.46794e-01,4.32804e+00,8.25631e-03,
2.92369e+04,4.53743e+07,1.29886e+00,4.62057e+00,-9.00498e-03,
1.46511e+04,4.53889e+07,3.66556e-01,3.23525e+00,-8.39367e-03,
1.05324e+04,4.53995e+07,5.08766e-01,2.77685e+00,7.67315e-03,
1.18456e+04,4.54113e+07,1.94911e-01,2.75255e+00,3.94607e-03,
3.25565e+04,4.54439e+07,3.61586e-01,5.65920e+00,-8.83942e-03,
4.31438e+04,4.54870e+07,1.30084e+00,4.98496e+00,3.41514e-03,
2.87120e+05,4.57741e+07,7.68786e-01,3.40613e+00,9.58660e-03,
2.15758e+04,4.57957e+07,9.90046e-01,4.64133e+00,-6.42380e-03,
1.18670e+04,4.58076e+07,1.52761e-01,8.57110e-01,6.96103e-03,
2.37286e+04,4.58313e+07,4.11228e-01,4.93561e+00,6.46497e-03,
1.32257e+04,4.58445e+07,1.11943e+00,3.73058e+00,3.34617e-03,
7.24851e+05,4.65694e+07,6.08318e-01,1.93312e+00,-1.97169e-03,
1.76242e+04,4.65870e+07,2.64848e-01,5.57429e-01,-2.93473e-03,
3.74554e+04,4.66245e+07,1.79307e+00,3.27258e-01,-6.86752e-03,
9.80780e+04,4.67226e+07,2.95955e-01,1.75982e+00,8.05631e-03,
2.43701e+05,4.69663e+07,9.78071e-01,2.65926e+00,-1.39673e-04,
1.55469e+04,4.69818e+07,8.76669e-01,3.52398e+00,7.95952e-04,
1.05113e+04,4.69923e+07,5.00413e-01,2.59469e+00,-3.37240e-03,
1.16210e+04,4.70039e+07,1.50190e+00,1.14608e+00,1.48728e-03,
1.34729e+04,4.70174e+07,8.48262e-01,3.66026e-02,-8.22661e-03,
2.52288e+04,4.70426e+07,9.93912e-01,2.95097e+00,-2.36316e-03,
1.05968e+04,4.70532e+07,2.06595e+00,1.41928e+00,-9.39678e-03,
1.79501e+04,4.70712e+07,7.53143e-01,5.49514e+00,-6.76999e-03,
1.31344e+04,4.70843e+07,6.14744e-01,5.36677e+00,6.69843e-03,
3.48766e+04,4.71192e+07,3.88693e-01,1.73507e+00,3.69282e-03,
2.21915e+05,4.73411e+07,1.76027e-02,4.24170e+00,-2.62100e-03,
8.18260e+04,4.74229e+07,3.24416e-01,2.91154e+00,-1.65208e-03,
4.01859e+04,4.74631e+07,1.91420e+00,2.04173e+00,-2.36501e-03,
4.04366e+04,4.75036e+07,3.66056e-01,3.99966e+00,4.42163e-03,
6.69124e+04,4.75705e+07,4.09934e-01,4.35036e+00,-3.35026e-03,
2.04259e+04,4.75909e+07,7.98360e-01,4.72607e+00,-2.45280e-03,
1.38433e+04,4.76047e+07,4.23583e-01,3.29917e+00,8.12405e-03,
1.78901e+04,4.76226e+07,1.24176e+00,4.43089e+00,-4.93962e-03,
1.56865e+04,4.76383e+07,2.51033e-01,5.80136e+00,-8.25434e-03,
2.72376e+04,4.76656e+07,9.40746e-01,7.09112e-01,-3.75926e-03,
1.56583e+04,4.76812e+07,5.16381e-01,2.19920e+00,5.08525e-03,
1.03486e+04,4.76916e+07,7.19486e-01,4.17133e+00,9.74996e-03,
1.12149e+04,4.77028e+07,2.15617e-01,1.39721e+00,2.84919e-03,
3.00916e+04,4.77329e+07,6.60478e-01,5.44560e+00,-2.47518e-03,
2.50492e+04,4.77579e+07,1.95834e-01,4.92274e-01,1.43564e-03,
1.25083e+04,4.77704e+07,6.25596e-01,2.17632e+00,5.76972e-03,
4.45828e+04,4.78150e+07,5.49280e-02,1.58909e+00,5.35843e-03,
1.42800e+04,4.78293e+07,1.12169e+00,3.22242e+00,5.34869e-03,
4.97525e+04,4.78790e+07,4.93748e-01,3.99421e+00,-6.02643e-03,
2.25746e+04,4.79016e+07,1.24715e-01,5.03295e-02,3.18930e-03,
1.26726e+04,4.79143e+07,7.12029e-01,4.66637e-01,-7.50567e-03,
1.46325e+04,4.79289e+07,6.84333e-02,5.24628e+00,7.96948e-03,
1.20432e+04,4.79410e+07,4.72326e-01,6.04977e-01,6.61249e-03,
1.53488e+05,4.80945e+07,3.95640e-01,4.67130e+00,2.62286e-03,
4.43800e+04,4.81388e+07,6.57961e-01,1.75191e+00,4.60332e-03,
1.29865e+04,4.81518e+07,8.15145e-02,3.86136e+00,1.94966e-03,
8.26719e+04,4.82345e+07,5.28764e-01,3.56965e+00,2.94161e-03,
2.40036e+04,4.82585e+07,7.24906e-01,4.80768e+00,-7.42253e-03,
1.40636e+04,4.82726e+07,4.04814e-01,2.45149e+00,-5.68737e-03,
2.03232e+04,4.82929e+07,6.29208e-01,4.83057e+00,9.04732e-03,
1.06834e+04,4.83036e+07,7.22367e-01,1.11955e+00,5.60767e-03,
1.09437e+04,4.83145e+07,3.11143e-01,2.51764e+00,9.63222e-03,
2.82114e+04,4.83427e+07,2.35481e-01,2.03608e+00,-7.46759e-03,
3.61563e+04,4.83789e+07,3.50351e-01,2.08056e+00,1.25534e-03,
1.10754e+04,4.83899e+07,7.78377e-01,6.00845e+00,-3.09645e-04,
5.27444e+05,4.89174e+07,2.24670e-01,5.52487e+00,5.44638e-03,
1.39094e+04,4.89313e+07,6.14346e-01,4.25724e+00,-4.00915e-03,
2.78031e+04,4.89591e+07,7.29024e-01,2.22161e-01,-7.50854e-03,
1.60827e+04,4.89752e+07,3.08826e-01,2.59536e+00,-9.89259e-03,
4.73936e+04,4.90226e+07,1.74693e+00,1.09950e-02,6.45479e-04,
1.49411e+04,4.90375e+07,7.76866e-01,4.62259e+00,-8.74667e-03,
7.01410e+04,4.91077e+07,4.09371e-01,5.91822e-01,-8.14592e-03,
2.15869e+05,4.93235e+07,1.07548e+00,4.51921e+00,8.95353e-04,
1.20433e+04,4.93356e+07,6.32670e-01,2.68393e+00,4.21490e-03,
5.49304e+04,4.93905e+07,1.17907e+00,6.10240e+00,-3.10640e-03,
1.07628e+04,4.94013e+07,1.12284e+00,5.34118e+00,-3.36954e-03,
2.23862e+04,4.94237e+07,4.72915e-01,6.52031e-01,-5.08989e-03,
1.18874e+04,4.94355e+07,1.51240e-01,3.41667e+00,-6.95484e-03,
1.09334e+04,4.94465e+07,1.42348e+00,1.58982e+00,-2.20004e-05,
3.52498e+04,4.94817e+07,1.39262e+00,5.84511e+00,5.25532e-03,
1.38545e+04,4.94956e+07,6.34417e-01,6.25648e+00,-3.95194e-03,
1.15525e+05,4.96111e+07,4.33208e-01,1.80657e+00,7.42196e-03,
1.00312e+05,4.97114e+07,4.51664e-01,2.01484e+00,-2.69125e-03,
1.45467e+04,4.97260e+07,1.05395e+00,5.16906e+00,6.28330e-03,
1.23533e+04,4.97383e+07,2.64462e-01,3.76908e+00,1.71504e-03,
2.72754e+04,4.97656e+07,3.66839e-01,3.87026e+00,4.42347e-03,
1.52749e+05,4.99183e+07,8.88246e-01,4.00226e+00,2.19459e-04,
1.17683e+04,4.99301e+07,6.96850e-01,3.26145e+00,4.85098e-03,
1.76954e+04,4.99478e+07,1.95391e+00,3.80036e+00,5.47353e-03,
2.07205e+04,4.99685e+07,2.50377e-01,2.78158e-01,-1.15803e-03,
1.40477e+04,4.99826e+07,1.08731e-01,6.24616e+00,3.43366e-03,
1.48859e+04,4.99975e+07,7.23529e-01,4.03147e+00,-7.24394e-03,
4.52086e+04,5.00427e+07,8.82155e-02,5.75835e+00,8.74063e-03,
3.78613e+04,5.00805e+07,2.09379e-01,4.65001e+00,-6.46630e-03,
3.74106e+04,5.01179e+07,5.41267e-01,4.87442e-01,5.06707e-03,
2.12240e+04,5.01392e+07,5.77965e-01,3.60011e+00,6.82674e-03,
1.51465e+04,5.01543e+07,3.37554e-01,3.23663e+00,7.98035e-03,
1.22003e+04,5.01665e+07,3.48380e-01,7.81258e-01,5.74104e-03,
8.17491e+04,5.02483e+07,2.71311e-01,4.65180e+00,-7.50024e-03,
1.98971e+04,5.02682e+07,2.70396e-01,2.92438e+00,3.86822e-03,
4.86117e+04,5.03168e+07,6.61219e-02,4.26480e+00,1.83121e-03,
4.26615e+04,5.03594e+07,2.62554e-01,1.58109e+00,-1.75637e-03,
1.54662e+04,5.03749e+07,6.41696e-01,2.61935e+00,8.48641e-03,
1.03236e+04,5.03852e+07,8.86270e-01,6.19385e+00,7.04816e-03,
1.01880e+04,5.03954e+07,9.40221e-02,3.16035e+00,2.01052e-03,
1.42590e+04,5.04097e+07,6.83615e-01,2.01127e-01,-7.65148e-03,
1.78801e+04,5.04275e+07,1.94789e-01,3.45309e-01,2.89158e-03,
2.42925e+04,5.04518e+07,1.32749e+00,3.74163e+00,5.54899e-03,
3.13191e+04,5.04832e+07,1.26724e+00,4.68315e+00,-9.64124e-03,
1.56261e+04,5.04988e+07,7.47428e-01,2.68570e+00,-4.25616e-04,
2.80335e+05,5.07791e+07,2.76505e-01,4.91948e+00,8.08905e-03,
6.57593e+04,5.08449e+07,8.46565e-01,2.95471e+00,-1.54634e-03,
2.03882e+04,5.08653e+07,6.22148e-01,1.02268e+00,4.81423e-03,
1.34713e+04,5.08787e+07,9.02050e-01,3.51921e+00,8.70679e-05,
1.05372e+05,5.09841e+07,8.75299e-01,5.22803e+00,-8.18256e-05,
2.81373e+04,5.10122e+07,7.07945e-01,5.76456e+00,-2.95817e-03,
1.33219e+04,5.10256e+07,1.29673e+00,5.63187e+00,7.85965e-03,
4.71162e+04,5.10727e+07,3.00305e-01,1.22966e+00,-7.40984e-03,
3.54560e+04,5.11081e+07,9.11999e-01,2.79388e+00,-2.67254e-03,
5.31557e+04,5.11613e+07,5.70352e-01,1.46834e+00,-5.51262e-03,
1.05254e+04,5.11718e+07,2.28082e-01,4.35948e+00,5.44740e-03,
1.30657e+05,5.13025e+07,3.78630e-01,3.86800e+00,7.66223e-03,
1.65025e+04,5.13190e+07,4.70916e-01,2.32611e+00,-6.54351e-03,
1.09936e+04,5.13300e+07,1.87560e-01,5.99113e+00,5.81028e-03,
1.36340e+04,5.13436e+07,7.24527e-01,4.49532e+00,-3.88487e-03,
3.62195e+04,5.13798e+07,4.31731e-01,2.67474e+00,-3.59143e-03,
1.78863e+04,5.13977e+07,9.66845e-01,4.79577e+00,3.85461e-03,
2.71869e+04,5.14249e+07,1.05142e-01,4.87582e+00,9.69189e-03,
2.13740e+04,5.14463e+07,5.39078e-01,6.21535e+00,1.62703e-03,
1.22331e+04,5.14585e+07,1.92292e-01,2.58622e-01,-5.84239e-03,
1.36763e+04,5.14722e+07,6.11703e-01,2.61183e+00,-5.35802e-03,
1.90109e+04,5.14912e+07,6.02935e-01,5.57312e+00,3.71981e-03,
1.05082e+04,5.15017e+07,4.75942e-01,2.96921e+00,-3.84113e-03,
4.27559e+04,5.15445e+07,3.06823e-01,6.02356e+00,-4.33048e-03,
1.34778e+04,5.15579e+07,8.79632e-01,2.26333e+00,-3.23982e-03,
3.83895e+04,5.15963e+07,5.56346e-01,2.38564e+00,-1.60108e-03,
9.27823e+04,5.16891e+07,2.83347e-01,3.50073e+00,2.52391e-03,
1.10010e+05,5.17991e+07,5.05544e-01,5.91471e+00,-1.16703e-03,
2.17691e+04,5.18209e+07,5.92178e-01,3.08119e+00,4.88498e-03,
2.05850e+04,5.18415e+07,4.38975e-01,2.37626e+00,2.67362e-03,
2.13773e+04,5.18629e+07,1.32942e+00,5.27066e+00,-4.19628e-03,
1.50643e+04,5.18779e+07,3.85346e-01,5.06397e+00,8.60604e-03,
1.13082e+04,5.18892e+07,2.98939e-01,1.40588e-01,-8.35126e-03,
3.46157e+05,5.22354e+07,9.40303e-01,5.07415e+00,-7.74746e-03,
1.41431e+04,5.22495e+07,4.58764e-01,6.16393e+00,-6.90206e-03,
1.18055e+04,5.22613e+07,6.47123e-01,3.70663e+00,-9.44265e-03,
1.46068e+04,5.22759e+07,5.65321e-01,2.57678e+00,-2.46048e-03,
1.27214e+04,5.22887e+07,1.21189e-01,5.55205e+00,6.60701e-03,
4.93576e+04,5.23380e+07,2.11351e-01,5.23863e-01,-6.48524e-03,
4.18491e+04,5.23799e+07,3.78638e-01,3.36404e+00,-7.52008e-03,
2.21577e+04,5.24020e+07,9.07853e-01,4.20314e+00,-5.49336e-03,
1.12045e+04,5.24132e+07,2.80549e-01,3.68282e-01,-6.66754e-03,
4.53107e+04,5.24585e+07,6.24485e-01,3.57608e+00,-6.60182e-03,
1.00321e+04,5.24686e+07,1.59774e+00,1.30737e+00,2.24518e-03,
1.42227e+04,5.24828e+07,8.80807e-01,2.19858e+00,4.31699e-04,
1.14648e+04,5.24943e+07,3.13991e-01,2.80858e+00,6.36249e-03,
1.04456e+04,5.25047e+07,9.55264e-01,5.14324e+00,4.66250e-03,
1.07476e+04,5.25155e+07,2.64229e-01,3.62818e-01,6.77369e-03,
1.68390e+04,5.25323e+07,1.13096e+00,6.08027e+00,7.55745e-03,
7.78286e+04,5.26101e+07,3.04599e-01,6.26326e+00,-2.95771e-03,
4.40717e+04,5.26542e+07,4.76733e-01,4.10372e+00,1.79264e-03,
2.32991e+04,5.26775e+07,6.87125e-01,4.85521e+00,-2.04704e-03,
2.52384e+04,5.27027e+07,4.45229e-02,5.27895e+00,-2.18678e-03,
2.56251e+05,5.29590e+07,7.11542e-01,4.74879e+00,-9.07700e-03,
6.49998e+04,5.30240e+07,2.14521e-01,2.80849e+00,1.56248e-03,
1.74757e+04,5.30415e+07,7.87885e-01,5.98809e+00,-8.10745e-03,
2.82008e+04,5.30697e+07,4.56829e-01,2.33603e-01,4.67853e-03,
1.77409e+04,5.30874e+07,3.82121e-01,3.21588e+00,8.20184e-03,
5.29862e+04,5.31404e+07,1.42769e+00,4.16026e+00,-7.66668e-03,
1.55462e+04,5.31559e+07,6.27123e-01,3.61718e+00,3.68783e-03,
4.45766e+04,5.32005e+07,7.27739e-01,5.43275e-01,-1.69938e-03,
1.16010e+05,5.33165e+07,4.07554e-01,2.05631e+00,1.12495e-03,
1.84360e+04,5.33350e+07,7.37096e-02,6.08986e+00,-8.88603e-03,
1.75480e+04,5.33525e+07,1.46675e+00,4.16374e+00,1.85691e-03,
1.18682e+04,5.33644e+07,6.48864e-01,5.22479e+00,5.51127e-03,
1.12432e+04,5.33756e+07,7.57232e-01,2.60325e+00,-3.90334e-03,
1.04499e+04,5.33861e+07,9.25169e-01,1.12951e+00,7.35184e-03,
8.22441e+04,5.34683e+07,9.00536e-01,1.41353e+00,6.71455e-03,
1.65107e+04,5.34848e+07,1.40782e-01,4.99323e+00,9.54900e-03,
3.37360e+04,5.35186e+07,2.41247e-01,2.46866e+00,9.58166e-03,
1.19853e+04,5.35305e+07,7.34896e-01,2.91216e+00,-9.25353e-03,
1.09668e+04,5.35415e+07,5.54597e-01,2.58862e+00,-6.01651e-03,
1.99858e+04,5.35615e+07,1.30528e+00,5.75078e+00,-7.81832e-03,
1.63215e+04,5.35778e+07,9.68333e-01,8.61005e-01,-8.82252e-03,
2.17243e+05,5.37951e+07,5.67900e-01,2.24954e-01,8.85278e-03,
2.43792e+04,5.38194e+07,1.21954e+00,3.86598e+00,-3.75308e-03,
1.15329e+04,5.38310e+07,2.16038e-01,1.77373e+00,7.33876e-03,
3.13306e+04,5.38623e+07,1.30624e+00,1.32515e+00,-8.96184e-03,
2.08998e+04,5.38832e+07,1.06016e+00,3.36812e-03,-8.77476e-04,
1.14227e+04,5.38946e+07,2.22696e-01,1.76113e-01,3.01297e-04,
1.37325e+04,5.39084e+07,1.38189e+00,4.60434e-01,-1.66734e-03,
1.34478e+04,5.39218e+07,2.41158e-01,3.93591e+00,-4.15386e-03,
4.34890e+05,5.43567e+07,2.50665e-01,1.55577e+00,-6.36126e-03,
1.13382e+04,5.43680e+07,9.82787e-02,6.23300e+00,7.99346e-03,
1.48255e+04,5.43829e+07,3.76006e-01,1.63824e+00,8.68482e-03,
1.49209e+04,5.43978e+07,1.02342e+00,5.20210e+00,2.29652e-03,
1.73966e+04,5.44152e+07,5.87741e-01,2.79904e+00,5.30465e-03,
9.80613e+04,5.45132e+07,6.70766e-01,1.58097e-01,-5.36938e-03,
1.05421e+04,5.45238e+07,4.62751e-01,5.60193e+00,-5.96061e-03,
1.05450e+04,5.45343e+07,1.08990e+00,1.97950e+00,-8.70502e-03,
1.00764e+05,5.46351e+07,3.14199e-01,3.39021e+00,-6.38540e-03,
2.54189e+04,5.46605e+07,1.61986e+00,4.68937e+00,5.45651e-03,
2.64172e+04,5.46869e+07,6.55372e-01,4.16096e+00,9.43460e-03,
1.14816e+04,5.46984e+07,1.22552e+00,7.43950e-01,-5.70215e-03,
1.34984e+04,5.47119e+07,1.31460e-01,6.11103e+00,-6.27439e-03,
5.43153e+04,5.47662e+07,1.72226e-01,2.84326e+00,-5.17731e-03,
1.28617e+04,5.47791e+07,1.65073e-01,1.90783e-02,-3.30670e-03,
3.93017e+05,5.51721e+07,2.73908e-01,4.41061e-01,3.26137e-03,
5.43562e+04,5.52264e+07,6.10630e-01,3.93845e+00,2.98608e-03,
2.26998e+05,5.54534e+07,2.24822e-01,2.98328e+00,2.93750e-03,
8.91029e+04,5.55425e+07,2.99763e-01,2.64109e+00,6.96258e-03,
1.00948e+04,5.55526e+07,1.22195e-01,2.00259e+00,-8.28792e-03,
3.86980e+04,5.55913e+07,1.19575e+00,3.39440e+00,-2.30401e-03,
1.02111e+04,5.56016e+07,5.54670e-01,5.56880e+00,6.47541e-03,
1.47239e+04,5.56163e+07,1.31471e+00,2.24652e+00,5.87187e-03,
2.13561e+04,5.56376e+07,3.13557e+00,3.07387e+00,2.19525e-03,
6.41613e+04,5.57018e+07,5.20445e-01,3.51265e+00,4.14370e-03,
7.71017e+04,5.57789e+07,3.68639e-01,6.16166e+00,-4.62638e-03,
1.09939e+04,5.57899e+07,3.26147e-01,2.26854e-01,-2.50619e-03,
3.14274e+04,5.58213e+07,8.35318e-01,1.40211e+00,1.31361e-03,
5.71180e+04,5.58784e+07,2.66726e-01,7.37011e-01,-2.92924e-03,
1.02860e+04,5.58887e+07,1.79235e-01,6.77957e-02,-5.66192e-03,
2.23236e+04,5.59110e+07,3.32655e-01,5.08315e+00,3.96539e-03,
1.89079e+04,5.59300e+07,6.13393e-01,9.87198e-01,-7.64476e-03,
3.87478e+04,5.59687e+07,2.81038e-01,3.78949e+00,1.12598e-03,
1.10827e+04,5.59798e+07,5.78385e-01,7.42124e-01,-3.42466e-04,
1.28510e+04,5.59926e+07,2.11616e-01,3.90209e+00,-1.60678e-03,
4.70650e+04,5.60397e+07,8.26810e-01,5.93098e+00,-1.42283e-03,
1.54410e+04,5.60551e+07,4.61906e-01,2.33495e-01,-7.75164e-03,
1.54609e+04,5.60706e+07,5.36486e-01,6.28308e+00,-3.83332e-04,
1.32119e+04,5.60838e+07,1.73224e-01,3.87671e+00,-6.62664e-03,
1.39803e+05,5.62236e+07,8.74377e-01,5.07448e+00,7.79665e-04,
4.59229e+04,5.62695e+07,5.54203e-01,4.37981e+00,8.18781e-03,
2.29829e+04,5.62925e+07,4.17445e-01,2.43655e+00,7.93405e-03,
1.55633e+04,5.63081e+07,6.74579e-01,7.30635e-01,7.52190e-04,
1.36593e+04,5.63217e+07,2.11287e-01,2.07712e+00,7.33225e-04,
1.25263e+04,5.63343e+07,2.17462e+00,5.47742e+00,-1.41071e-03,
1.40510e+04,5.63483e+07,2.22942e-01,2.92359e+00,-9.34621e-03,
1.11731e+04,5.63595e+07,1.08368e-01,2.06799e+00,-4.94882e-03,
1.65753e+04,5.63761e+07,6.87504e-01,4.45092e+00,-8.80330e-03,
2.85673e+04,5.64046e+07,2.44560e-01,1.17542e-01,-6.35293e-03,
1.55139e+04,5.64202e+07,6.26906e-01,1.73304e+00,-3.09343e-03,
1.91899e+04,5.64393e+07,5.41982e-01,5.73527e+00,-1.64965e-03,
2.10020e+04,5.64603e+07,9.75759e-01,6.13901e+00,7.27573e-03,
2.53955e+04,5.64857e+07,3.54237e-01,4.41770e+00,6.75992e-03,
5.87099e+04,5.65444e+07,3.39741e-01,5.77030e+00,3.55815e-03,
4.59735e+04,5.65904e+07,4.63649e-01,6.12922e+00,-9.03372e-04,
1.27686e+04,5.66032e+07,1.93315e-01,4.03330e+00,-6.61662e-03,
2.13641e+04,5.66246e+07,3.36812e-01,3.38707e-01,-1.97761e-03,
2.78088e+04,5.66524e+07,8.17679e-01,1.78310e+00,5.77782e-05,
1.20779e+04,5.66644e+07,2.35042e-01,2.36489e+00,-1.00310e-03,
1.11772e+05,5.67762e+07,1.83689e-01,6.20284e+00,8.75341e-05,
6.83415e+04,5.68446e+07,1.17146e+00,2.42795e+00,-2.69379e-03,
7.11156e+04,5.69157e+07,4.55900e-01,4.87496e+00,5.98242e-03,
1.95095e+04,5.69352e+07,4.91787e-01,2.08748e+00,-9.42053e-03,
2.49792e+04,5.69602e+07,7.55871e-01,1.77366e+00,-7.50401e-03,
6.40502e+04,5.70242e+07,9.84730e-01,4.83255e+00,-5.02441e-03,
1.00994e+04,5.70343e+07,7.52415e-01,8.31893e-01,3.53890e-03,
5.26078e+04,5.70869e+07,8.07468e-01,1.23317e+00,8.46078e-03,
2.56046e+05,5.73430e+07,6.79861e-01,1.97765e+00,9.70931e-03,
2.04300e+04,5.73634e+07,8.77513e-01,4.52056e+00,9.07878e-03,
5.79339e+04,5.74213e+07,1.06459e+00,5.81987e-01,-7.31249e-03,
1.00421e+04,5.74314e+07,5.74301e-01,6.18702e+00,6.41412e-03,
2.59002e+04,5.74573e+07,1.71724e+00,1.79535e+00,6.53307e-03,
2.19625e+04,5.74792e+07,2.26779e-01,2.94963e+00,-8.16131e-03,
1.53309e+04,5.74946e+07,1.86552e-01,4.89080e+00,5.98438e-03,
4.97373e+04,5.75443e+07,1.34387e-01,5.62451e+00,3.20400e-03,
4.86524e+04,5.75930e+07,1.76241e-01,1.38182e+00,4.70915e-03,
8.22622e+04,5.76752e+07,6.08264e-01,4.75858e+00,5.78145e-05,
4.84223e+04,5.77236e+07,1.20442e-01,2.01071e+00,-1.05919e-03,
6.42588e+04,5.77879e+07,8.04927e-01,2.57043e+00,1.90809e-03,
1.00581e+04,5.77980e+07,4.99260e-01,2.08901e+00,-9.15239e-03,
1.60388e+04,5.78140e+07,4.82192e-01,5.36644e+00,2.88121e-04,
3.48479e+04,5.78488e+07,1.63488e+00,2.36475e+00,-8.01957e-03,
1.40239e+04,5.78629e+07,3.83243e-01,3.97824e+00,-3.10894e-04,
3.74885e+04,5.79004e+07,5.59581e-01,6.09724e+00,8.77177e-03,
1.08071e+04,5.79112e+07,4.45240e-01,3.51905e+00,-6.87812e-03,
1.98494e+04,5.79310e+07,9.73395e-01,3.99298e+00,8.41523e-03,
1.18349e+04,5.79428e+07,1.31038e+00,5.36124e+00,9.49230e-03,
2.21379e+04,5.79650e+07,4.87912e-01,9.41957e-01,5.77561e-03,
1.51444e+04,5.79801e+07,6.80267e-01,3.28318e+00,-7.33545e-03,
4.25836e+05,5.84060e+07,4.07575e-01,1.27550e+00,3.53572e-03,
1.22801e+05,5.85288e+07,8.27488e-02,5.84697e+00,-7.07573e-03,
1.20845e+04,5.85408e+07,9.87572e-01,2.93641e+00,5.24627e-03,
4.72973e+04,5.85881e+07,4.32110e-01,5.72120e+00,-4.81902e-03,
1.48238e+04,5.86030e+07,5.40140e-01,5.94936e+00,9.08953e-03,
1.46377e+04,5.86176e+07,7.35693e-01,1.29716e+00,-3.41155e-03,
2.23707e+04,5.86400e+07,5.61849e-01,3.94911e+00,-2.05902e-03,
9.14628e+04,5.87314e+07,7.19613e-01,6.07533e+00,6.24471e-04,
1.80753e+04,5.87495e+07,3.30357e-02,1.71819e-01,6.84735e-03,
1.28695e+04,5.87624e+07,4.62480e-01,1.28115e-01,-4.89211e-03,
1.93181e+04,5.87817e+07,6.74575e-01,8.65270e-01,8.26333e-03,
3.37277e+04,5.88154e+07,3.75065e-02,2.10244e+00,4.39856e-03,
5.34884e+04,5.88689e+07,4.47795e-01,4.62771e+00,4.00843e-03,
2.79724e+04,5.88969e+07,7.61422e-01,2.58391e+00,6.96654e-03,
8.65925e+05,5.97628e+07,1.48823e-01,3.73367e+00,-1.57899e-03,
2.52403e+04,5.97881e+07,8.28350e-01,3.74132e+00,-3.60284e-03,
4.99176e+04,5.98380e+07,2.80679e-01,2.13435e+00,4.95772e-05,
1.29048e+04,5.98509e+07,9.25161e-01,5.73774e+00,4.19015e-04,
1.66285e+04,5.98675e+07,1.17128e+00,5.94721e+00,6.60211e-03,
2.43570e+04,5.98919e+07,1.85562e-01,4.44972e+00,1.76677e-03,
3.39863e+05,6.02317e+07,1.25510e+00,5.65607e+00,4.07514e-03,
1.08322e+04,6.02426e+07,4.88848e-01,5.05396e+00,6.57592e-03,
2.79582e+04,6.02705e+07,6.16349e-01,4.59314e+00,-6.48826e-03,
8.18662e+04,6.03524e+07,3.96171e-01,2.38492e+00,-1.72217e-04,
3.18875e+04,6.03843e+07,6.04268e-01,4.20527e+00,-7.82779e-04,
2.17870e+05,6.06021e+07,6.63493e-01,4.53830e+00,1.35162e-03,
1.10832e+04,6.06132e+07,2.05803e-01,2.53883e+00,2.28639e-04,
1.19097e+04,6.06251e+07,8.71992e-01,3.47621e+00,1.31556e-03,
1.06871e+04,6.06358e+07,7.72967e-02,5.53047e+00,2.07783e-03,
3.64403e+05,6.10002e+07,5.16817e-01,5.81353e-01,-7.30067e-04,
1.35128e+04,6.10137e+07,4.30541e-01,4.46321e+00,4.06043e-03,
4.41254e+04,6.10579e+07,4.40083e-01,5.47802e+00,-2.39730e-03,
4.71485e+04,6.11050e+07,3.74927e-01,2.58190e+00,1.93062e-04,
1.03231e+04,6.11153e+07,3.10349e-01,3.58928e+00,-7.38117e-04,
3.15777e+04,6.11469e+07,5.63814e-01,4.85859e-01,7.12254e-03,
1.09880e+04,6.11579e+07,7.16721e-01,5.81886e-01,6.36909e-03,
1.06868e+04,6.11686e+07,9.88838e-01,1.84621e+00,9.01920e-03,
4.02437e+04,6.12088e+07,2.35569e-01,9.08880e-01,2.72817e-03,
7.78144e+04,6.12866e+07,1.18147e-01,4.95971e+00,7.98015e-03,
1.05356e+04,6.12972e+07,6.71338e-01,1.14496e+00,2.95307e-03,
1.44619e+04,6.13116e+07,6.53997e-01,5.27297e+00,-2.43949e-03,
1.56625e+04,6.13273e+07,2.63852e-01,5.39742e+00,-4.38198e-03,
1.63713e+04,6.13437e+07,1.98606e-01,5.89520e+00,1.95667e-03,
1.17162e+05,6.14608e+07,1.57461e-01,5.59573e+00,-1.21829e-03,
2.61564e+04,6.14870e+07,8.83002e-01,2.38776e+00,-2.96351e-03,
1.17254e+04,6.14987e+07,9.23865e-01,6.02378e+00,-6.75799e-03,
4.54581e+04,6.15442e+07,5.85016e-01,2.50999e+00,3.28117e-04,
1.39601e+04,6.15581e+07,1.39427e+00,5.87892e+00,7.27556e-03,
3.75034e+04,6.15956e+07,4.38023e-01,8.31266e-01,-5.89544e-03,
1.44404e+04,6.16101e+07,1.29290e-01,4.04691e-01,2.67521e-03,
3.08953e+04,6.16410e+07,1.01065e+00,8.41279e-01,-4.03383e-03,
1.25577e+04,6.16535e+07,3.47763e-01,3.51539e+00,-9.36336e-03,
2.36275e+04,6.16772e+07,1.07440e+00,6.00679e-02,-1.79875e-03,
4.53433e+04,6.17225e+07,1.35755e-01,2.20530e+00,-3.95262e-03,
2.56207e+05,6.19787e+07,6.97725e-01,5.82198e+00,9.65487e-03,
3.06281e+04,6.20093e+07,3.58939e-01,3.03445e+00,1.48386e-03,
1.73089e+04,6.20267e+07,2.31162e-01,1.38768e+00,-8.90857e-03,
2.32562e+04,6.20499e+07,1.86038e-01,3.35881e+00,-1.67295e-03,
1.94299e+04,6.20693e+07,9.73142e-02,2.75039e+00,6.44965e-03,
1.22470e+04,6.20816e+07,5.82965e-02,4.55125e-01,-9.86729e-04,
1.50798e+04,6.20967e+07,1.53812e+00,1.75303e+00,-7.84472e-03,
1.43091e+06,6.35276e+07,2.36095e-01,4.33160e+00,-5.00096e-03,
1.17400e+04,6.35393e+07,6.96101e-01,5.02815e+00,-3.78268e-03,
2.09187e+04,6.35602e+07,7.19544e-01,3.17263e+00,3.76399e-03,
5.71973e+04,6.36174e+07,1.61066e+00,5.20431e+00,9.29645e-03,
3.30603e+04,6.36505e+07,3.01257e-01,2.41011e-01,8.83177e-03,
1.19563e+04,6.36624e+07,8.23236e-01,3.59188e+00,2.11890e-03,
1.06841e+04,6.36731e+07,1.09387e+00,4.23735e+00,-1.91166e-03,
3.32812e+04,6.37064e+07,3.84045e-01,5.85720e+00,-2.04039e-03,
1.56704e+04,6.37221e+07,1.28207e-01,5.24468e+00,9.40760e-03,
1.35095e+04,6.37356e+07,3.49666e-01,3.78777e+00,5.36328e-03,
2.37003e+04,6.37593e+07,1.99263e-01,5.43218e+00,-7.02979e-03,
2.02288e+04,6.37795e+07,4.42919e-01,6.03829e+00,-1.78189e-04,
4.53860e+05,6.42334e+07,1.05680e-01,9.60905e-01,-3.46314e-03,
1.20685e+04,6.42454e+07,3.54820e-01,1.33643e+00,8.80526e-03,
1.31804e+04,6.42586e+07,8.56289e-01,1.49033e+00,-2.82482e-04,
1.13367e+04,6.42700e+07,3.50473e-01,4.02445e+00,-2.15876e-03,
1.07100e+04,6.42807e+07,4.85686e-01,5.87045e+00,3.72320e-03,
4.64283e+04,6.43271e+07,8.25061e-01,2.08194e-02,-1.92882e-03,
1.00259e+05,6.44274e+07,1.18181e+00,4.17765e+00,8.32255e-03,
3.39039e+04,6.44613e+07,4.46118e-01,3.05981e+00,4.99771e-03,
1.79840e+04,6.44792e+07,4.03741e-01,2.26519e+00,6.44657e-03,
2.32227e+04,6.45025e+07,8.33107e-02,2.65875e+00,6.90934e-03,
1.11072e+06,6.56132e+07,6.96731e-01,1.67555e+00,-4.16374e-03,
4.50208e+04,6.56582e+07,5.39282e-01,8.50938e-01,-2.19419e-03,
1.12770e+05,6.57710e+07,2.31946e-01,2.81198e+00,8.05922e-04,
2.94760e+04,6.58005e+07,5.31841e-01,5.03271e+00,1.89554e-03,
1.07095e+04,6.58112e+07,6.67199e-01,2.43518e+00,-4.06122e-04,
1.08477e+04,6.58220e+07,4.93150e-01,3.76759e+00,1.41539e-03,
2.06878e+04,6.58427e+07,8.67105e-01,3.42248e+00,2.49771e-03,
1.22744e+05,6.59655e+07,1.31392e+00,5.91137e+00,9.32451e-03,
1.03676e+04,6.59758e+07,4.50080e-01,2.33705e+00,7.92541e-03,
3.25092e+04,6.60083e+07,5.59293e-01,2.21447e+00,7.04157e-03,
2.66870e+04,6.60350e+07,1.25161e-01,1.13419e+00,-3.25578e-04,
1.34415e+04,6.60485e+07,1.55400e-01,5.18094e+00,1.31008e-03,
2.96005e+04,6.60781e+07,3.26851e-02,2.15009e-01,-3.08484e-04,
1.80034e+04,6.60961e+07,2.52169e-01,3.47066e-01,1.05829e-03,
1.00031e+04,6.61061e+07,1.58880e+00,5.61671e+00,-4.48516e-03,
1.00034e+04,6.61161e+07,4.62256e-01,4.36077e+00,-4.79008e-03,
1.90714e+04,6.61351e+07,7.85540e-02,5.91806e+00,7.32661e-03,
2.04532e+04,6.61556e+07,4.56650e-01,5.94439e+00,1.69188e-03,
4.76948e+04,6.62033e+07,2.85236e-01,2.29774e+00,-6.60158e-04,
2.10017e+04,6.62243e+07,1.20233e+00,5.52692e+00,8.90909e-03,
2.13873e+04,6.62457e+07,5.49088e-01,3.06641e+00,-8.40814e-03,
1.13806e+04,6.62571e+07,1.98185e-01,4.30387e-01,-8.03770e-03,
1.03893e+04,6.62674e+07,1.41990e+00,3.45273e+00,8.62963e-03,
2.65637e+04,6.62940e+07,2.48962e-01,3.52134e+00,9.13512e-03,
1.71862e+04,6.63112e+07,3.19187e-01,2.76702e-01,1.75437e-03,
1.03500e+04,6.63215e+07,2.53706e+00,4.82317e+00,-3.94423e-03,
1.61930e+04,6.63377e+07,5.34532e-01,2.08357e+00,5.48392e-03,
2.17332e+04,6.63595e+07,3.31090e-01,5.76548e+00,3.45569e-03,
2.22675e+04,6.63817e+07,5.13115e-01,4.33485e+00,-2.19548e-03,
1.95061e+04,6.64012e+07,2.24381e-01,5.98414e+00,-7.32689e-03,
2.72200e+04,6.64285e+07,1.61878e-01,8.84139e-01,-2.83710e-03,
1.19733e+04,6.64404e+07,9.63107e-01,1.93843e+00,1.50175e-03,
2.89539e+04,6.64694e+07,5.50730e-01,1.70812e+00,-5.30447e-03,
2.42603e+04,6.64937e+07,3.15941e-01,5.98377e+00,2.95049e-03,
2.24912e+04,6.65161e+07,7.84342e-01,5.79073e+00,-8.53983e-03,
1.01545e+04,6.65263e+07,5.67000e-01,6.23219e+00,-5.77191e-03,
2.45648e+04,6.65509e+07,1.27659e+00,6.20666e+00,-2.21676e-03,
7.22943e+04,6.66232e+07,4.71756e-01,5.31708e+00,8.53257e-03,
5.63930e+04,6.66796e+07,1.03830e+00,1.45117e+00,-5.12239e-03,
1.19335e+04,6.66915e+07,5.82156e-01,5.87238e+00,6.69424e-03,
3.42152e+04,6.67257e+07,2.25130e-01,1.03158e+00,6.21624e-03,
1.08533e+04,6.67366e+07,1.55715e+00,3.06290e+00,4.61628e-03,
6.74268e+04,6.68040e+07,2.12430e-01,4.43639e+00,-4.24883e-03,
2.25981e+04,6.68266e+07,4.21185e-01,1.87639e+00,3.62150e-03,
1.98848e+04,6.68465e+07,1.35595e+00,3.36830e+00,-7.89953e-03,
1.02035e+04,6.68567e+07,4.82212e-01,3.21034e+00,-4.18818e-04,
1.36236e+04,6.68703e+07,6.85271e-01,1.48979e+00,-8.62666e-03,
6.17548e+05,6.74878e+07,7.38784e-01,1.95256e+00,-2.44183e-03,
1.10957e+04,6.74989e+07,1.47143e-01,1.39215e+00,1.42227e-03,
4.50063e+04,6.75439e+07,6.20358e-01,1.75421e+00,-9.75357e-03,
1.15880e+04,6.75555e+07,3.87412e-01,5.06454e+00,-3.58557e-03,
3.40977e+04,6.75896e+07,5.15081e-01,5.67777e+00,2.07993e-04,
1.48569e+04,6.76045e+07,1.02444e+00,3.38633e+00,-8.20888e-03,
1.03859e+04,6.76149e+07,7.35991e-01,6.09723e+00,-4.29090e-03,
1.78797e+04,6.76327e+07,1.31370e-01,4.85181e+00,3.26952e-03,
1.15062e+04,6.76443e+07,1.12234e+00,1.78486e+00,-7.24600e-04,
2.95279e+04,6.76738e+07,1.67982e-01,4.74197e+00,3.85368e-03,
2.57398e+04,6.76995e+07,1.08734e-01,5.60452e+00,3.97206e-03,
1.94325e+05,6.78938e+07,4.91801e-01,3.26185e+00,7.84849e-03,
1.15553e+05,6.80094e+07,2.17372e-01,5.52635e+00,2.91904e-03,
1.23073e+04,6.80217e+07,7.46589e-01,3.39757e+00,-2.90551e-03,
9.80993e+04,6.81198e+07,1.01356e-01,2.03770e+00,-3.65438e-03,
2.83067e+05,6.84029e+07,3.56886e-01,3.71211e+00,-2.92227e-03,
3.19187e+04,6.84348e+07,2.83969e-01,6.91978e-01,-7.11224e-04,
1.02540e+04,6.84450e+07,1.22563e+00,4.15663e+00,2.46493e-03,
1.31634e+04,6.84582e+07,2.47365e-01,1.32431e+00,-8.83068e-03,
1.19628e+04,6.84702e+07,4.56834e-01,5.73445e+00,8.28837e-03,
1.40024e+04,6.84842e+07,4.24386e-01,5.12232e+00,-1.69855e-03,
2.84599e+04,6.85126e+07,4.24445e-01,2.24097e+00,-3.46817e-03,
4.69862e+04,6.85596e+07,7.54268e-01,5.14585e+00,-8.76394e-03,
3.22617e+04,6.85919e+07,9.62197e-01,2.22726e+00,5.79771e-03,
1.29784e+04,6.86049e+07,4.24967e-01,3.97247e+00,9.62740e-03,
1.88019e+04,6.86237e+07,5.14729e-01,3.40649e+00,1.95500e-03,
6.39355e+04,6.86876e+07,1.11051e+00,4.10436e+00,9.38285e-03,
1.96916e+04,6.87073e+07,3.95450e-01,5.67213e+00,-3.92030e-03,
3.45068e+04,6.87418e+07,1.37611e+00,6.01777e+00,4.14533e-03,
2.89214e+04,6.87707e+07,8.87327e-01,5.14524e-01,-3.16990e-03,
2.00898e+05,6.89716e+07,8.22363e-01,3.29796e+00,-9.30007e-03,
1.27288e+04,6.89843e+07,6.50924e-01,3.00157e-01,4.89919e-03,
9.83487e+04,6.90827e+07,3.72045e-01,1.12693e+00,3.67079e-03,
1.40601e+04,6.90968e+07,1.81216e+00,4.73081e+00,-5.69383e-03,
1.33070e+04,6.91101e+07,8.81988e-01,3.41251e+00,-1.97352e-03,
2.24957e+04,6.91326e+07,7.72555e-02,5.09207e+00,-7.95334e-03,
1.46117e+05,6.92787e+07,2.17335e-01,4.84939e+00,-2.00822e-03,
1.67347e+04,6.92954e+07,6.05373e-01,1.05669e-01,-7.11919e-04,
8.28983e+04,6.93783e+07,1.06615e+00,3.43983e+00,1.42833e-03,
1.42362e+04,6.93925e+07,6.94459e-01,4.04308e+00,2.52121e-04,
1.48998e+04,6.94074e+07,9.85295e-01,1.65965e-01,-9.52524e-03,
3.37913e+04,6.94412e+07,6.73112e-01,3.31943e+00,6.48951e-03,
5.71784e+04,6.94984e+07,5.00648e-01,3.43301e+00,-9.24759e-03,
2.01168e+04,6.95185e+07,4.56431e-01,3.25602e+00,7.51193e-03,
2.68273e+04,6.95454e+07,1.20213e+00,2.28102e+00,-5.96198e-05,
1.86441e+04,6.95640e+07,8.07696e-02,3.18521e+00,-7.86029e-03,
1.15806e+04,6.95756e+07,1.26442e+00,3.80695e+00,9.15355e-03,
1.19516e+04,6.95875e+07,8.65761e-01,3.15978e+00,-9.20439e-03,
4.78875e+04,6.96354e+07,5.46343e-01,2.91779e+00,-7.59836e-03,
8.44004e+04,6.97198e+07,5.78875e-01,3.70672e+00,-4.76175e-03,
2.02727e+04,6.97401e+07,6.17078e-01,5.23140e+00,-3.43762e-03,
2.42016e+04,6.97643e+07,3.29273e-01,1.42867e+00,6.96779e-03,
6.22363e+04,6.98265e+07,6.17045e-01,2.12003e+00,-8.10348e-03,
3.29583e+04,6.98595e+07,2.14644e-01,4.92905e+00,9.76019e-03,
1.64034e+05,7.00235e+07,1.23828e-01,5.61165e+00,8.04098e-03,
2.20899e+04,7.00456e+07,5.83244e-01,1.32875e+00,-1.86962e-03,
3.49252e+04,7.00805e+07,1.00473e-01,9.28895e-01,-4.61551e-03,
4.11858e+05,7.04924e+07,1.34821e+00,7.56192e-01,1.07035e-03,
1.21643e+05,7.06140e+07,2.21288e-01,4.14444e+00,-8.30604e-03,
1.58605e+04,7.06299e+07,1.61001e+00,3.02240e+00,-6.82383e-03,
1.33466e+04,7.06432e+07,5.58859e-01,3.30722e+00,6.85277e-03,
1.89485e+04,7.06622e+07,5.71160e-01,6.06993e+00,2.11160e-03,
2.69999e+04,7.06892e+07,4.46651e-01,6.33862e-01,1.04868e-03,
7.14692e+04,7.07607e+07,1.16058e+00,1.54571e+00,7.37871e-03,
6.76490e+04,7.08283e+07,6.84979e-01,6.01366e+00,-1.17987e-03,
2.07897e+04,7.08491e+07,2.89656e-02,1.96283e+00,-4.23739e-03,
2.90087e+04,7.08781e+07,1.17060e+00,2.31101e+00,-9.15457e-03,
5.47357e+04,7.09328e+07,1.38161e-01,4.53768e+00,-6.67036e-03,
1.18756e+04,7.09447e+07,1.07897e+00,2.81354e+00,-3.55394e-03,
1.65140e+04,7.09612e+07,1.60791e-01,4.59449e+00,-1.08147e-05,
1.24615e+04,7.09737e+07,1.76091e-01,3.76414e+00,-6.60505e-03,
3.39115e+04,7.10076e+07,3.33113e-01,1.01988e+00,9.02114e-03,
2.07696e+04,7.10284e+07,7.31182e-01,4.31489e+00,-2.80330e-03,
6.64945e+04,7.10949e+07,9.48595e-02,2.06483e+00,-6.94336e-03,
5.42516e+04,7.11491e+07,3.26249e-01,9.33813e-01,-7.76431e-03,
1.39647e+04,7.11631e+07,8.33671e-01,4.27788e-01,-6.54483e-03,
1.39819e+04,7.11771e+07,1.08519e+00,1.51381e+00,-6.57491e-03,
1.86345e+04,7.11957e+07,6.05564e-01,4.35123e+00,2.90662e-03,
1.58690e+04,7.12116e+07,8.45287e-01,2.10045e-01,8.12529e-03,
1.83882e+05,7.13955e+07,6.75521e-01,2.55444e+00,5.08396e-03,
3.55955e+04,7.14311e+07,5.89282e-01,1.08182e+00,-5.06402e-04,
2.66631e+05,7.16977e+07,5.43250e-02,3.34289e+00,-7.94853e-03,
1.15881e+04,7.17093e+07,4.10380e-01,2.67219e-01,-3.26791e-03,
1.75776e+04,7.17269e+07,1.32413e-01,2.33761e+00,3.90949e-03,
1.52266e+04,7.17421e+07,1.07965e+00,2.55779e+00,-8.66095e-03,
1.31790e+04,7.17553e+07,7.20256e-01,4.69242e+00,-1.85658e-04,
1.01235e+04,7.17654e+07,7.03447e-01,1.88446e+00,2.16821e-03,
1.19098e+04,7.17773e+07,6.46756e-01,1.97482e+00,-3.80737e-04,
2.86739e+05,7.20640e+07,8.55331e-01,3.97685e+00,-7.83546e-03,
7.51330e+04,7.21392e+07,1.14659e-01,5.81372e+00,-5.52833e-03,
5.26158e+04,7.21918e+07,2.92209e-01,3.73341e+00,-1.66808e-03,
1.63490e+05,7.23553e+07,2.74069e-01,4.03771e+00,9.58627e-03,
1.86037e+04,7.23739e+07,7.99561e-01,2.31382e+00,5.68979e-03,
1.00006e+04,7.23839e+07,4.93636e-02,4.26599e+00,1.55363e-03,
7.76163e+04,7.24615e+07,8.06298e-01,6.25188e+00,8.10475e-03,
1.02507e+04,7.24717e+07,3.44058e-01,2.29353e-01,8.97463e-03,
1.25711e+05,7.25975e+07,2.88222e-01,3.20515e+00,-6.57469e-03,
1.16012e+04,7.26091e+07,8.77750e-01,1.00431e-01,-4.91815e-03,
9.79570e+04,7.27070e+07,1.11455e+00,4.61232e+00,3.14880e-03,
1.63303e+04,7.27233e+07,3.97281e-01,2.33708e+00,-5.18691e-03,
2.38435e+04,7.27472e+07,3.34133e-01,2.35425e+00,-3.85746e-03,
3.53695e+04,7.27826e+07,1.09457e+00,5.33174e+00,1.70591e-03,
2.17118e+05,7.29997e+07,8.02229e-01,5.87940e+00,1.61192e-03,
1.95713e+04,7.30192e+07,1.68621e-01,5.83807e+00,5.29469e-03,
1.40392e+04,7.30333e+07,8.57426e-02,5.25994e+00,-5.16886e-03,
2.13964e+04,7.30547e+07,1.63059e-01,3.16354e+00,5.70668e-03,
4.63976e+04,7.31011e+07,2.02580e-01,1.14976e+00,-6.16081e-03,
1.25622e+04,7.31136e+07,5.57500e-01,3.63412e+00,7.84417e-03,
8.57609e+05,7.39712e+07,3.78140e-01,3.35044e+00,-6.43019e-03,
3.75229e+04,7.40088e+07,5.99754e-01,3.35529e+00,5.47359e-03,
8.19941e+04,7.40908e+07,1.49769e-01,2.07874e+00,-4.51754e-03,
1.34769e+04,7.41042e+07,6.31477e-01,5.78122e+00,-9.22806e-03,
2.05549e+04,7.41248e+07,2.94286e-01,4.43407e+00,-1.19891e-03,
1.30492e+04,7.41378e+07,6.17806e-01,5.84989e+00,8.65209e-03,
1.05740e+04,7.41484e+07,3.69917e-01,1.75669e+00,8.74006e-03,
2.14344e+04,7.41699e+07,4.79025e-01,1.99545e+00,-3.73914e-03,
6.93259e+04,7.42392e+07,2.70184e-01,4.70615e-01,-3.73208e-04,
4.22620e+04,7.42814e+07,2.15266e-01,6.24193e+00,-8.59901e-03,
1.93745e+04,7.43008e+07,7.12967e-01,5.17660e+00,3.00814e-03,
2.55998e+04,7.43264e+07,1.14715e-01,5.10514e+00,8.31482e-03,
8.18803e+04,7.44083e+07,8.52546e-01,4.32050e+00,3.61828e-03,
1.72502e+04,7.44255e+07,1.90742e-01,2.81107e+00,7.64561e-03,
4.94006e+04,7.44749e+07,1.26681e-01,5.98963e+00,-3.24179e-04,
1.88400e+04,7.44938e+07,2.52492e-01,2.13345e-01,1.08138e-03,
1.56160e+06,7.60554e+07,3.52446e-01,4.48347e+00,1.92228e-03,
4.85660e+04,7.61040e+07,2.35278e+00,3.74179e-02,6.92655e-03,
7.28092e+04,7.61768e+07,6.80616e-01,6.08938e+00,-8.26192e-03,
1.33466e+04,7.61901e+07,5.67357e-01,1.72934e+00,-4.45765e-03,
2.71559e+04,7.62173e+07,1.20738e+00,2.82609e-01,-6.98127e-03,
1.11035e+04,7.62284e+07,1.36975e+00,9.44192e-01,2.15844e-03,
1.47265e+04,7.62431e+07,4.31223e-01,2.95648e-01,-7.94088e-03,
1.08818e+04,7.62540e+07,2.64523e-01,4.43734e+00,-5.67022e-03,
1.12788e+04,7.62653e+07,4.94008e-01,3.17092e+00,2.51748e-03,
1.19789e+04,7.62772e+07,1.12968e+00,3.42275e+00,-6.61394e-03,
1.99319e+05,7.64766e+07,2.89128e-01,6.13896e+00,-2.14987e-03,
1.69232e+04,7.64935e+07,6.65818e-01,1.80005e+00,-7.44209e-03,
1.50616e+04,7.65085e+07,4.16848e-01,5.94134e+00,8.71375e-03,
2.97496e+04,7.65383e+07,8.48318e-01,5.78574e+00,3.50492e-03,
1.31879e+05,7.66702e+07,4.30524e-01,3.49774e+00,-8.75848e-03,
9.37064e+04,7.67639e+07,1.80062e-01,3.46759e-01,-9.37068e-03,
8.66047e+04,7.68505e+07,9.11564e-01,1.63903e+00,-1.70022e-03,
9.48247e+04,7.69453e+07,2.71650e-01,4.15337e+00,8.73989e-05,
1.90687e+04,7.69644e+07,1.60274e-01,5.52517e+00,9.98288e-03,
1.74488e+05,7.71389e+07,3.23840e-01,3.51978e+00,8.62985e-03,
6.78160e+04,7.72067e+07,2.44545e-01,5.19241e+00,3.58485e-03,
1.86502e+04,7.72253e+07,6.96184e-01,4.35499e-01,-4.65290e-03,
2.06060e+04,7.72459e+07,2.38050e-01,2.66407e+00,8.78901e-03,
1.52847e+05,7.73988e+07,2.21588e-01,3.41455e+00,4.09331e-03,
4.33318e+04,7.74421e+07,3.52481e-01,1.03618e+00,4.57845e-03,
1.70484e+04,7.74592e+07,3.70157e-01,1.78172e+00,-9.90647e-05,
2.58660e+04,7.74850e+07,1.96999e-01,5.57593e-01,3.90397e-03,
1.62558e+04,7.75013e+07,3.68583e-01,2.63455e+00,8.33043e-03,
1.00235e+04,7.75113e+07,2.99825e-01,2.76726e+00,9.68969e-03,
1.10019e+04,7.75223e+07,6.35161e-01,5.15160e+00,1.38791e-03,
2.43289e+04,7.75466e+07,9.23888e-01,3.77246e+00,-8.75760e-03,
1.14469e+04,7.75581e+07,1.02378e+00,3.71544e+00,-7.83394e-03,
1.18987e+05,7.76771e+07,4.42798e-01,1.64488e+00,-8.70813e-03,
1.58119e+04,7.76929e+07,7.30872e-01,7.98872e-01,3.25581e-03,
4.32904e+04,7.77362e+07,5.97597e-01,5.95969e+00,-3.95255e-04,
3.00596e+04,7.77662e+07,4.38165e-01,6.23906e+00,-5.30867e-03,
1.31168e+04,7.77793e+07,2.72385e-01,6.03855e+00,6.78663e-03,
1.05279e+04,7.77899e+07,2.97566e-01,2.53207e+00,-6.92711e-04,
1.50133e+04,7.78049e+07,4.56958e-01,4.14080e+00,-4.47467e-03,
1.81121e+04,7.78230e+07,2.04031e+00,2.85000e+00,2.12836e-03,
1.01557e+04,7.78332e+07,9.10326e-02,6.02967e+00,2.91958e-03,
7.01029e+04,7.79033e+07,4.92144e-01,6.18016e+00,-9.40262e-04,
1.07824e+04,7.79140e+07,9.32107e-01,2.20669e+00,9.89466e-03,
1.07943e+04,7.79248e+07,1.43684e-01,9.49243e-01,9.29495e-03,
1.04617e+05,7.80295e+07,1.23672e-01,4.67962e+00,9.50877e-03,
1.94486e+04,7.80489e+07,8.10661e-01,1.41526e+00,9.09446e-03,
1.99177e+04,7.80688e+07,3.13728e-01,1.65264e+00,-3.13200e-03,
1.40940e+04,7.80829e+07,4.92367e-01,3.99619e+00,2.99339e-03,
3.40698e+04,7.81170e+07,6.44887e-01,6.17143e+00,3.70581e-03,
1.32193e+04,7.81302e+07,5.61481e-01,3.17756e+00,-1.58439e-03,
6.53949e+04,7.81956e+07,5.68730e-01,2.40755e+00,5.63123e-03,
1.33509e+04,7.82089e+07,1.05785e+00,4.69040e+00,-9.59961e-03,
3.64454e+04,7.82454e+07,3.69302e-01,3.57112e+00,7.15310e-03,
1.42781e+04,7.82597e+07,8.28906e-01,4.52261e+00,8.88237e-03,
1.15569e+05,7.83752e+07,6.77683e-01,4.39066e+00,8.52407e-03,
1.05780e+04,7.83858e+07,5.05316e-01,4.51460e+00,-7.07525e-03,
1.48120e+04,7.84006e+07,1.06021e+00,5.25512e+00,3.62499e-04,
1.05804e+04,7.84112e+07,9.60557e-01,2.14334e+00,-4.76123e-03,
6.94610e+05,7.91058e+07,6.00233e-01,5.12735e+00,-5.98593e-03,
1.42692e+04,7.91201e+07,8.52456e-01,4.22814e-02,2.61184e-03,
7.54498e+04,7.91955e+07,4.87076e-01,5.51561e-01,7.38548e-03,
5.00418e+04,7.92456e+07,7.48098e-01,6.16301e+00,-6.08118e-03,
2.97730e+04,7.92754e+07,3.09533e-01,9.12243e-01,-9.45837e-03,
8.20608e+04,7.93574e+07,2.87109e-01,2.47878e+00,-3.85553e-03,
6.22540e+04,7.94197e+07,3.30581e-01,4.56598e+00,-8.51145e-03,
3.98861e+04,7.94596e+07,7.59668e-01,3.39713e+00,4.72432e-03,
1.87254e+04,7.94783e+07,6.06675e-01,2.46020e+00,-6.83898e-03,
4.06161e+04,7.95189e+07,1.15603e+00,5.92166e+00,4.30403e-03,
2.89838e+04,7.95479e+07,3.06666e-01,4.06263e+00,-1.31075e-03,
1.40551e+04,7.95619e+07,6.49183e-01,3.84825e+00,5.25578e-03,
1.15472e+04,7.95735e+07,4.83704e-01,5.20586e+00,6.91259e-03,
6.59498e+04,7.96394e+07,4.42115e-01,3.86389e+00,1.31121e-03,
2.33894e+04,7.96628e+07,4.83775e-01,5.69705e-01,1.26784e-03,
1.03684e+04,7.96732e+07,3.68749e-01,4.58952e+00,5.04736e-03,
1.11290e+04,7.96843e+07,1.26156e+00,2.51734e+00,7.48595e-03,
1.80342e+04,7.97024e+07,4.78653e-01,5.73831e+00,-3.73014e-04,
1.79150e+04,7.97203e+07,3.66754e-01,1.87981e+00,-4.47833e-03,
1.71009e+04,7.97374e+07,3.43860e-01,3.79523e+00,9.64347e-03,
3.34352e+04,7.97708e+07,6.13198e-01,3.02762e-01,1.98076e-03,
2.54628e+04,7.97963e+07,8.53210e-01,3.50131e+00,1.03735e-03,
4.89690e+05,8.02860e+07,1.27250e+00,1.05005e+00,-2.26880e-03,
2.45369e+05,8.05313e+07,6.38746e-01,3.43714e+00,-3.35457e-04,
1.95353e+04,8.05509e+07,2.41840e-01,5.75251e+00,-9.95520e-03,
2.17943e+05,8.07688e+07,9.76345e-01,3.58071e+00,-9.78642e-03,
1.80672e+04,8.07869e+07,4.49283e-01,5.79154e+00,-5.38510e-03,
2.09039e+05,8.09959e+07,5.90031e-01,2.42809e+00,5.89378e-03,
2.27464e+04,8.10187e+07,2.14063e-01,2.70901e+00,-1.69024e-03,
3.70137e+04,8.10557e+07,2.89807e-01,1.15069e-01,-2.70606e-04,
8.33682e+04,8.11390e+07,1.03710e+00,9.25730e-01,-3.52807e-04,
1.02600e+04,8.11493e+07,1.20602e-01,4.21391e+00,9.45848e-03,
3.23229e+04,8.11816e+07,9.38566e-01,5.77210e+00,-9.31946e-03,
1.42076e+04,8.11958e+07,1.70323e+00,3.81947e+00,-3.05271e-04,
2.43882e+04,8.12202e+07,3.66877e-01,1.85433e+00,9.76018e-03,
1.19551e+04,8.12322e+07,3.82035e-01,4.69993e+00,-8.50690e-03,
1.00764e+04,8.12423e+07,1.08385e-01,2.13584e+00,-8.45570e-03,
2.55478e+04,8.12678e+07,5.46266e-01,3.71122e+00,-4.39810e-03,
5.70472e+04,8.13248e+07,9.39222e-02,2.80433e+00,1.02150e-03,
1.07338e+04,8.13356e+07,9.39856e-01,1.25410e-01,-9.07610e-03,
2.61635e+04,8.13617e+07,1.95275e+00,4.09471e+00,3.69720e-03,
2.75005e+04,8.13892e+07,9.79228e-02,5.62759e+00,-3.99431e-03,
1.53169e+04,8.14046e+07,9.00154e-01,7.58675e-01,-5.84485e-03,
3.91923e+05,8.17965e+07,9.78034e-01,6.23094e+00,-7.10463e-03,
5.20765e+04,8.18486e+07,5.39468e-01,4.49655e+00,-3.23777e-03,
1.76858e+04,8.18662e+07,3.49221e-01,3.15760e+00,3.28797e-03,
1.79173e+04,8.18842e+07,2.36607e-01,7.75726e-01,-1.96718e-03,
1.77670e+04,8.19019e+07,1.52480e-01,1.35048e+00,-2.26315e-03,
1.61094e+04,8.19180e+07,4.40973e-01,6.06121e+00,-4.32078e-03,
1.56214e+05,8.20743e+07,3.16023e-01,4.90102e+00,-5.91862e-03,
3.28961e+04,8.21072e+07,1.09738e+00,2.24672e+00,8.96611e-04,
3.99559e+04,8.21471e+07,1.53788e+00,5.72581e+00,2.28917e-04,
2.93065e+04,8.21764e+07,7.74601e-01,2.61826e+00,-2.23924e-03,
1.27727e+04,8.21892e+07,6.69272e-01,3.81111e+00,-5.06267e-03,
4.82985e+04,8.22375e+07,3.18803e-01,2.41900e+00,6.27474e-03,
1.24725e+04,8.22500e+07,6.48526e-01,3.36210e+00,-1.85353e-04,
1.11799e+04,8.22611e+07,1.42017e+00,5.20009e+00,-4.20768e-03,
1.39157e+04,8.22751e+07,7.57443e-01,3.86703e+00,2.53437e-03,
7.98671e+04,8.23549e+07,3.10527e-01,5.63599e+00,9.99188e-03,
1.22399e+04,8.23672e+07,6.50629e-01,1.83457e+00,7.67274e-03,
1.00629e+04,8.23772e+07,9.50763e-01,4.61937e+00,5.31298e-03,
6.27365e+05,8.30046e+07,3.53560e-01,6.17707e+00,1.89551e-03,
1.17287e+04,8.30163e+07,2.44874e-01,3.73451e+00,7.31507e-03,
1.34175e+04,8.30297e+07,6.39956e-01,3.99625e+00,6.44986e-03,
1.64872e+04,8.30462e+07,4.51790e-01,5.34395e+00,-1.84243e-03,
1.99886e+05,8.32461e+07,1.81831e-01,4.22264e+00,8.20492e-03,
3.60502e+05,8.36066e+07,5.51730e-01,2.92970e+00,-9.20104e-03,
1.82695e+04,8.36249e+07,4.90780e-01,3.33589e+00,8.87417e-03,
2.05814e+04,8.36455e+07,8.06325e-01,5.52892e+00,8.58992e-03,
1.14090e+04,8.36569e+07,1.56285e-01,3.90048e+00,-1.34777e-03,
1.00945e+04,8.36670e+07,2.73756e-01,3.27389e+00,4.45852e-03,
1.19883e+04,8.36790e+07,8.22066e-01,3.10846e+00,-9.29787e-03,
3.87583e+05,8.40665e+07,9.73598e-02,1.26317e+00,4.25383e-03,
3.47703e+04,8.41013e+07,4.98680e-01,1.42591e-01,3.71175e-03,
2.51735e+05,8.43530e+07,2.78802e-01,1.80893e+00,-8.43752e-04,
1.99738e+04,8.43730e+07,2.62631e-01,3.95872e+00,-8.10486e-03,
1.27085e+04,8.43857e+07,7.12582e-01,4.21798e+00,6.84543e-03,
3.32379e+04,8.44190e+07,1.08161e-01,1.34396e+00,-9.39693e-03,
2.95924e+04,8.44486e+07,5.58414e-01,7.27841e-01,-9.81285e-04,
8.79480e+04,8.45365e+07,4.13239e-01,1.00149e+00,1.20027e-03,
1.78875e+04,8.45544e+07,1.44178e+00,1.46162e+00,-1.99494e-03,
1.35348e+04,8.45679e+07,1.96630e+00,4.61926e+00,-2.46583e-03,
4.14564e+04,8.46094e+07,1.06828e+00,1.96255e+00,-6.35786e-03,
6.01626e+04,8.46695e+07,2.04031e-01,5.71438e+00,4.65070e-03,
1.23560e+04,8.46819e+07,5.00655e-01,2.66241e+00,8.04036e-04,
5.35015e+04,8.47354e+07,1.16326e+00,2.70552e+00,-8.05184e-03,
1.76286e+04,8.47530e+07,8.60823e-01,2.72941e-01,2.92586e-03,
1.90452e+04,8.47721e+07,3.18830e-01,5.10561e+00,-8.11148e-03,
2.98519e+04,8.48019e+07,3.40617e-01,1.65189e+00,7.35403e-04,
4.17070e+04,8.48436e+07,6.94067e-01,1.19974e+00,6.49935e-03,
1.57499e+04,8.48594e+07,4.49618e-01,2.89069e+00,-8.59254e-03,
1.93365e+04,8.48787e+07,4.72665e-01,3.69079e-01,4.80285e-03,
1.64596e+04,8.48952e+07,5.01303e-01,5.17950e+00,-2.39309e-03,
1.17311e+04,8.49069e+07,7.73366e-01,3.99741e+00,7.71835e-03,
2.30687e+04,8.49300e+07,3.27362e-01,5.86876e+00,8.52803e-03,
4.87694e+05,8.54177e+07,3.11003e-01,4.97799e+00,-6.70290e-03,
6.94908e+04,8.54872e+07,4.44861e-01,4.44223e+00,6.44465e-03,
1.69761e+04,8.55041e+07,1.97482e-01,2.22087e+00,4.39241e-05,
1.02091e+04,8.55143e+07,4.46920e-01,1.54125e+00,6.02806e-03,
1.31094e+04,8.55275e+07,8.91527e-01,4.08945e+00,-2.80074e-03,
1.33154e+04,8.55408e+07,2.58351e-01,1.64126e+00,-3.47843e-03,
8.58556e+04,8.56266e+07,3.54860e-01,3.98359e+00,9.03956e-03,
1.42917e+04,8.56409e+07,6.59040e-01,4.06362e+00,-4.28140e-03,
1.50332e+04,8.56560e+07,7.87361e-01,5.74344e+00,-3.62003e-03,
1.78240e+04,8.56738e+07,5.56367e-01,1.26622e+00,-6.36403e-03,
1.78298e+04,8.56916e+07,3.51094e-01,3.31463e-01,5.75006e-04,
4.70433e+05,8.61620e+07,2.22036e-01,2.88691e+00,6.03728e-04,
1.38234e+04,8.61759e+07,4.16866e-01,4.78094e+00,-6.33465e-03,
1.11754e+04,8.61870e+07,5.03020e-01,5.78780e+00,-3.21957e-03,
7.78156e+04,8.62649e+07,1.13372e+00,2.86019e-01,6.95911e-03,
1.36884e+04,8.62785e+07,1.36771e-01,1.48887e+00,-9.79556e-04,
2.63466e+04,8.63049e+07,3.08095e-01,2.76171e+00,7.74515e-03,
4.54984e+04,8.63504e+07,7.70419e-01,1.74298e+00,-5.18484e-05,
1.15314e+04,8.63619e+07,4.68460e-01,5.29105e-01,8.92910e-03,
6.38555e+04,8.64258e+07,5.97611e-01,1.01485e+00,-7.67422e-03,
2.48033e+04,8.64506e+07,8.65648e-01,5.54016e+00,2.11257e-03,
1.21613e+04,8.64627e+07,1.15560e+00,1.13870e+00,-9.82621e-03,
1.15818e+04,8.64743e+07,7.44709e-01,1.38484e+00,7.65183e-03,
2.06606e+04,8.64950e+07,8.06943e-01,4.01617e+00,-9.65108e-03,
1.24184e+04,8.65074e+07,4.96838e-01,4.69262e+00,3.39388e-03,
1.17117e+04,8.65191e+07,7.56919e-01,4.52328e+00,-1.67961e-03,
1.00676e+04,8.65292e+07,7.04022e-01,5.59575e+00,-7.70467e-04,
1.05367e+04,8.65397e+07,5.70834e-01,2.41268e+00,5.77214e-03,
1.23168e+04,8.65520e+07,1.79947e-01,5.67699e+00,-7.69526e-03,
2.48723e+06,8.90393e+07,5.86664e-01,4.68918e+00,-9.31832e-03,
4.13644e+04,8.90806e+07,5.08429e-01,3.55392e+00,3.27336e-03,
2.25885e+04,8.91032e+07,3.78859e-01,6.47273e-01,2.63599e-03,
5.64947e+04,8.91597e+07,2.03244e-01,2.74940e+00,-8.40951e-03,
1.52682e+04,8.91750e+07,5.79789e-01,3.47649e+00,2.38204e-03,
1.80564e+04,8.91930e+07,1.46460e-01,1.20615e+00,-1.02013e-03,
1.12403e+04,8.92043e+07,1.54012e-01,4.66502e+00,9.62216e-03,
3.36732e+04,8.92379e+07,1.10389e+00,1.78256e+00,3.87882e-03,
1.26923e+04,8.92506e+07,7.86310e-01,2.65486e-01,1.33799e-03,
1.00903e+05,8.93515e+07,1.08660e-01,4.17547e-01,-3.77383e-03,
2.78451e+04,8.93794e+07,4.24452e-01,3.21545e+00,-5.89675e-03,
1.36712e+04,8.93931e+07,7.64670e-01,1.52841e+00,-9.70825e-03,
2.83859e+04,8.94214e+07,1.02712e+00,5.35230e+00,-5.82417e-03,
1.28573e+04,8.94343e+07,2.79233e-01,3.18696e+00,-8.98559e-05,
1.57507e+04,8.94501e+07,1.24087e+00,4.62273e+00,5.12128e-04,
1.21990e+04,8.94623e+07,2.51972e-01,2.18866e-01,-8.63608e-03,
1.71481e+04,8.94794e+07,4.12780e-01,1.61010e-01,4.09034e-03,
1.58084e+04,8.94952e+07,1.26588e+00,4.34901e+00,4.87885e-03,
1.62531e+04,8.95115e+07,5.69824e-01,4.75703e+00,-2.06988e-03,
1.18333e+04,8.95233e+07,1.87937e-01,1.72881e+00,-4.88983e-03,
1.43971e+04,8.95377e+07,1.89877e+00,5.76603e+00,1.76881e-03,
1.32044e+04,8.95509e+07,3.07704e-01,3.92893e-02,-4.78495e-03,
2.05618e+04,8.95715e+07,7.33167e-01,3.39156e+00,-3.08828e-03,
1.27262e+04,8.95842e+07,1.03163e+00,4.03377e+00,-7.39817e-03,
7.24830e+04,8.96567e+07,6.09634e-01,1.46941e+00,4.69351e-03,
1.25297e+04,8.96692e+07,9.81114e-01,4.05826e+00,2.47497e-03,
1.83324e+04,8.96875e+07,1.11344e-01,4.38039e+00,6.61048e-03,
5.17144e+04,8.97392e+07,6.92377e-01,3.40289e+00,3.28012e-03,
1.13651e+04,8.97506e+07,5.06029e-01,1.44592e+00,-6.34328e-03,
3.13604e+04,8.97820e+07,3.07187e-01,2.10139e+00,-3.62487e-03,
4.56821e+04,8.98277e+07,2.93326e-01,5.38396e+00,-5.16917e-03,
3.74676e+04,8.98651e+07,8.35864e-02,6.17491e+00,4.51243e-03,
5.28215e+04,8.99179e+07,9.86140e-01,3.57691e+00,-4.38260e-03,
1.73704e+04,8.99353e+07,3.92633e-01,2.34393e-01,-7.04992e-03,
1.19178e+04,8.99472e+07,2.63862e-01,9.29214e-01,-6.70188e-03,
1.91905e+04,8.99664e+07,1.67718e+00,5.21996e+00,1.01969e-03,
2.30406e+04,8.99895e+07,6.15607e-01,6.10117e+00,-2.90131e-03,
6.60260e+05,9.06497e+07,5.96453e-01,5.01788e+00,1.11099e-03,
7.31958e+04,9.07229e+07,3.61556e-01,2.94271e+00,-5.19248e-03,
2.97309e+04,9.07526e+07,4.57274e-01,5.91031e+00,-8.82016e-03,
1.02505e+04,9.07629e+07,1.85222e-01,4.38949e+00,-8.01862e-03,
1.63717e+04,9.07793e+07,1.88076e+00,3.41165e+00,5.91330e-03,
1.33195e+04,9.07926e+07,3.46644e-02,1.92199e+00,2.13666e-03,
1.15486e+04,9.08041e+07,1.27871e-01,4.97505e+00,6.14809e-03,
1.36636e+04,9.08178e+07,2.92802e-01,2.24498e+00,-8.37292e-03,
1.42610e+04,9.08321e+07,1.19033e+00,7.16204e-01,9.92646e-03,
1.94885e+04,9.08515e+07,3.64390e-01,2.05598e+00,3.57470e-03,
1.23897e+04,9.08639e+07,2.92497e-01,5.11202e+00,-1.04847e-03,
5.65135e+05,9.14291e+07,9.33999e-01,1.05821e+00,7.58514e-03,
2.06932e+04,9.14498e+07,2.82448e-01,6.17277e+00,4.03053e-03,
3.86957e+04,9.14885e+07,1.96282e-01,2.82629e+00,7.03714e-03,
9.19945e+04,9.15805e+07,3.15761e-01,2.37796e+00,-2.98009e-03,
3.27369e+04,9.16132e+07,7.33215e-01,2.53439e+00,8.86107e-03,
1.24150e+05,9.17373e+07,1.04322e+00,1.76510e+00,-7.39496e-03,
2.30491e+04,9.17604e+07,3.46994e-01,5.12827e+00,-2.78205e-03,
1.32939e+05,9.18933e+07,3.13784e-01,2.44618e+00,-9.35060e-03,
1.43669e+04,9.19077e+07,7.05579e-01,1.59015e-01,9.80212e-03,
2.23322e+04,9.19300e+07,9.97017e-01,1.68425e-01,-1.12406e-03,
2.48629e+04,9.19549e+07,7.41400e-01,5.31820e+00,9.08156e-04,
1.38067e+04,9.19687e+07,2.70434e-01,5.88352e+00,-4.15426e-03,
3.06525e+04,9.19994e+07,7.02529e-01,2.15320e+00,1.91437e-04,
1.49774e+04,9.20143e+07,4.89415e-01,5.99098e+00,1.49396e-03,
1.83299e+04,9.20327e+07,1.39201e-01,5.54851e+00,8.85736e-03,
1.20847e+04,9.20447e+07,5.55129e-01,8.52386e-01,8.04067e-03,
1.92961e+04,9.20640e+07,1.66350e-01,2.34663e+00,9.33825e-03,
2.38874e+05,9.23029e+07,5.41827e-02,1.31134e+00,9.82430e-03,
2.25843e+05,9.25288e+07,1.18171e+00,5.71116e+00,-8.06819e-03,
1.45945e+05,9.26747e+07,4.93107e-01,1.18761e+00,8.43884e-03,
1.52249e+04,9.26899e+07,1.02327e+00,1.88059e+00,8.56654e-03,
4.89220e+04,9.27389e+07,2.53334e-01,6.92096e-01,9.59716e-03,
2.21694e+04,9.27610e+07,1.23292e+00,5.27452e+00,-5.18031e-03,
1.40008e+04,9.27750e+07,4.19822e-01,3.25060e+00,9.54291e-03,
3.62250e+04,9.28112e+07,1.00554e+00,1.63444e+00,-4.59804e-04,
1.04958e+04,9.28217e+07,2.32458e-01,4.79214e+00,-2.62365e-03,
2.12374e+04,9.28430e+07,2.27128e-01,1.33794e+00,-7.15966e-03,
4.97152e+04,9.28927e+07,4.41406e-01,4.80544e+00,8.08745e-03,
3.06251e+04,9.29233e+07,2.78251e-01,5.37419e+00,-1.02880e-03,
1.06719e+04,9.29340e+07,3.81463e-01,5.29462e+00,6.88972e-04,
4.15428e+04,9.29755e+07,3.09884e-01,4.42045e+00,-1.70552e-03,
2.56402e+04,9.30012e+07,4.39341e-01,3.38624e+00,-9.08111e-03,
1.02280e+04,9.30114e+07,1.29312e+00,1.79322e+00,-8.36596e-03,
1.65447e+04,9.30279e+07,2.37096e-01,2.72347e+00,-4.45853e-03,
6.60387e+04,9.30940e+07,4.30536e-01,5.74023e+00,-1.46578e-03,
2.85577e+04,9.31225e+07,6.68060e-01,2.14865e+00,-6.80256e-03,
2.35617e+04,9.31461e+07,1.20407e+00,1.89425e+00,-3.51871e-03,
1.50119e+04,9.31611e+07,1.19814e-01,1.64648e+00,-3.28731e-03,
1.31181e+05,9.32923e+07,1.14801e+00,5.80643e+00,-7.27608e-04,
1.03072e+04,9.33026e+07,7.70167e-01,3.55108e+00,-6.52062e-03,
1.31652e+04,9.33158e+07,5.63355e-01,4.78281e+00,1.48656e-03,
1.03958e+04,9.33262e+07,7.96975e-01,3.12192e+00,-5.01013e-03,
1.19500e+04,9.33381e+07,2.02203e-01,2.99068e+00,7.66195e-03,
1.86987e+04,9.33568e+07,2.66740e-01,3.13444e+00,2.04390e-03,
5.02011e+04,9.34070e+07,2.17018e-01,4.12611e+00,1.03351e-03,
2.17233e+04,9.34287e+07,1.63562e-01,2.39211e+00,1.81606e-03,
1.26840e+04,9.34414e+07,9.06991e-01,1.11378e+00,4.26395e-03,
1.63349e+04,9.34578e+07,2.40545e-01,2.67077e+00,-9.86320e-04,
7.71116e+04,9.35349e+07,1.38581e-02,2.23037e+00,-3.13538e-03,
1.17279e+04,9.35466e+07,8.51422e-02,3.59934e+00,-2.19074e-03,
1.07208e+04,9.35573e+07,1.12697e-01,1.13368e+00,1.37944e-03,
1.09351e+04,9.35683e+07,3.45629e-01,5.29583e+00,-8.57940e-03,
1.28842e+04,9.35811e+07,6.15798e-01,4.26918e-01,-4.15911e-03,
4.54771e+04,9.36266e+07,8.01543e-01,3.40477e+00,-4.09569e-03,
1.15261e+04,9.36381e+07,6.18420e-01,4.50904e-01,4.06081e-03,
1.45315e+04,9.36527e+07,2.84159e-01,5.87244e+00,-1.18061e-03,
2.82010e+04,9.36809e+07,7.59143e-01,1.38465e+00,3.77939e-03,
2.00560e+04,9.37009e+07,3.86076e-01,1.40209e+00,4.52844e-03,
1.44872e+04,9.37154e+07,4.24803e-01,2.85242e+00,9.30190e-03,
3.59958e+04,9.37514e+07,4.34234e-01,5.70844e+00,-5.44160e-03,
1.81734e+05,9.39331e+07,7.33995e-01,1.35657e-01,4.54591e-03,
2.00130e+04,9.39532e+07,4.92555e-01,5.93421e+00,-5.10403e-03,
2.44797e+04,9.39776e+07,6.84753e-01,1.49540e+00,2.33734e-03,
2.71566e+04,9.40048e+07,9.86725e-01,4.99212e+00,3.49728e-03,
1.17223e+04,9.40165e+07,6.87570e-01,3.02246e+00,-1.28500e-03,
1.32435e+04,9.40298e+07,1.01665e+00,8.36577e-01,2.27661e-03,
4.69698e+04,9.40767e+07,1.81735e+00,2.26826e-01,-6.49171e-03,
2.49223e+04,9.41017e+07,9.14622e-01,4.86526e+00,7.68224e-03,
1.44276e+04,9.41161e+07,1.29612e+00,2.42418e+00,-2.42876e-03,
1.29752e+04,9.41291e+07,5.62074e-01,2.77616e+00,7.18305e-03,
1.85133e+05,9.43142e+07,8.56305e-01,1.89031e+00,-9.31206e-03,
3.76422e+04,9.43518e+07,4.26428e-01,1.60158e+00,8.25605e-03,
6.97389e+04,9.44216e+07,3.60308e-01,2.06117e+00,3.57588e-04,
4.13307e+04,9.44629e+07,8.50367e-01,5.86102e+00,-2.01082e-03,
3.48720e+05,9.48116e+07,5.72001e-01,5.43776e+00,4.66367e-03,
1.18517e+04,9.48235e+07,5.24483e-01,5.98629e-01,2.58284e-03,
4.13127e+04,9.48648e+07,6.72649e-01,4.21505e+00,-4.91531e-04,
1.33540e+04,9.48781e+07,1.45797e+00,1.08123e+00,-5.05012e-03,
1.57001e+04,9.48938e+07,3.25435e-01,1.09287e+00,8.16356e-03,
1.05170e+04,9.49044e+07,3.40428e-01,3.15061e+00,-7.67140e-03,
1.09947e+04,9.49154e+07,7.24165e-01,4.15347e+00,-9.01559e-03,
2.49834e+05,9.51652e+07,5.46525e-01,3.94267e+00,-6.49984e-03,
1.91293e+04,9.51843e+07,1.55223e+00,2.07442e+00,-7.17676e-03,
2.87931e+04,9.52131e+07,7.43212e-01,5.74316e+00,-3.86290e-03,
2.00918e+04,9.52332e+07,7.94290e-01,5.84398e+00,-8.08736e-03,
1.11563e+04,9.52444e+07,1.07069e+00,5.15731e-01,9.07257e-03,
1.07260e+04,9.52551e+07,6.28460e-01,5.95940e+00,5.59641e-03,
1.56705e+04,9.52708e+07,3.16017e-01,3.51567e+00,2.14203e-03,
2.55391e+04,9.52963e+07,5.75178e-01,4.45490e+00,-4.72741e-03,
6.35225e+05,9.59315e+07,5.18177e-01,1.32670e+00,4.51030e-03,
1.07607e+06,9.70076e+07,3.92027e-01,5.47587e-02,7.50438e-03,
2.10124e+04,9.70286e+07,1.14519e+00,2.40513e+00,4.41718e-03,
7.17793e+04,9.71004e+07,6.31471e-01,4.74617e+00,2.86986e-03,
1.76939e+05,9.72773e+07,7.49919e-01,2.86623e+00,-8.47071e-03,
1.80182e+05,9.74575e+07,6.23066e-02,9.53296e-01,8.70457e-03,
5.97479e+04,9.75172e+07,5.93724e-02,3.18487e+00,-2.98742e-03,
2.08140e+04,9.75381e+07,1.04936e+00,4.85948e+00,-1.15447e-03,
2.33816e+04,9.75614e+07,2.13139e-01,3.87065e+00,6.37904e-03,
2.52447e+04,9.75867e+07,3.44542e-01,6.07095e-01,-4.81165e-06,
1.85028e+04,9.76052e+07,3.48575e-01,4.06688e-01,6.33353e-03,
2.60009e+04,9.76312e+07,8.22824e-01,1.42755e-01,9.80897e-03,
1.27177e+04,9.76439e+07,3.40122e-01,2.56369e+00,2.42039e-03,
4.02484e+04,9.76842e+07,1.12938e+00,9.82705e-01,1.82139e-03,
2.07634e+04,9.77049e+07,1.06527e+00,5.50887e+00,-8.65486e-03,
1.09190e+04,9.77158e+07,6.74457e-01,3.39586e+00,-3.96016e-03,
4.69491e+04,9.77628e+07,2.62305e-01,5.48867e+00,7.85177e-03,
1.10863e+04,9.77739e+07,8.11435e-01,3.64781e+00,1.48901e-04,
4.37776e+04,9.78176e+07,1.02884e+00,2.56319e+00,-1.77682e-03,
1.57891e+04,9.78334e+07,3.23894e-01,5.48045e+00,-9.58976e-03,
1.26465e+05,9.79599e+07,6.80237e-01,5.92713e-01,-8.09210e-03,
1.04966e+06,9.90096e+07,5.02936e-01,4.50987e-01,7.77560e-03,
2.39887e+04,9.90335e+07,4.95833e-01,5.96718e+00,1.65781e-03,
4.54706e+05,9.94883e+07,6.27728e-01,2.82822e+00,-4.83818e-04,
5.18175e+04,9.95401e+07,5.52228e-01,3.72233e+00,-5.34013e-03,
8.78919e+04,9.96280e+07,5.87595e-01,1.74785e+00,4.96901e-03,
1.18922e+06,1.00817e+08,4.22684e-01,6.00140e-02,9.73431e-03,
3.21207e+05,2.51138e+08,7.89714e-01,3.85780e+00,3.42978e-03,
6.36681e+04,2.51202e+08,1.08203e+00,3.43380e+00,-7.52246e-03,
1.04472e+04,2.51213e+08,5.09391e-01,1.00262e+00,-8.06623e-03,
1.54467e+04,2.51228e+08,2.48142e-01,5.64538e+00,2.97929e-03,
3.93841e+04,2.51267e+08,7.66888e-01,2.55507e+00,1.27361e-03,
1.93035e+04,2.51287e+08,7.03275e-01,1.77143e+00,5.90018e-03,
1.30801e+04,2.51300e+08,1.70973e+00,6.04082e+00,7.51265e-03,
1.26153e+04,2.51312e+08,8.09575e-01,2.52549e+00,5.94578e-03,
2.63562e+04,2.51339e+08,5.78511e-01,5.37645e+00,-8.53221e-03,
1.00921e+05,2.51440e+08,5.73608e-01,3.48669e+00,-7.32596e-04,
3.54518e+04,2.51475e+08,5.33423e-01,4.29505e+00,-1.00827e-03,
4.16957e+04,2.51517e+08,5.56066e-01,5.47352e+00,-1.98288e-03,
2.51528e+05,2.51768e+08,8.67851e-01,5.67881e+00,6.51140e-03,
6.81449e+04,2.51836e+08,7.95417e-01,1.38473e+00,-3.96358e-03,
1.95674e+04,2.51856e+08,4.22361e-01,5.39588e+00,2.05866e-03,
2.01879e+04,2.51876e+08,6.79508e-01,2.42981e-01,8.15817e-03,
3.91987e+04,2.51915e+08,3.50715e-01,2.35659e+00,-8.54193e-03,
1.88027e+04,2.51934e+08,3.64459e-01,5.58817e+00,9.86547e-03,
1.97838e+04,2.51954e+08,7.37095e-01,1.87543e+00,-4.31636e-03,
1.08686e+04,2.51965e+08,6.19582e-01,4.33547e-01,4.22543e-03,
1.45083e+04,2.51979e+08,4.55254e-01,6.09471e+00,4.24756e-03,
1.75567e+04,2.51997e+08,6.72081e-01,2.03451e+00,-4.01656e-03,
2.65357e+04,2.52023e+08,6.55130e-01,3.49494e+00,6.56050e-03,
1.39145e+04,2.52037e+08,4.57921e-01,2.27428e-01,3.95981e-03,
1.14576e+04,2.52049e+08,1.29176e-01,3.59965e+00,1.67807e-03,
2.30638e+04,2.52072e+08,3.13576e-01,2.88985e+00,-3.66852e-03,
3.31623e+04,2.52105e+08,2.63113e-01,8.92105e-01,8.08180e-03,
1.02527e+04,2.52115e+08,7.76264e-01,3.80947e+00,3.01882e-03,
1.17873e+04,2.52127e+08,3.45794e-01,1.59866e+00,5.06770e-03,
1.24306e+05,2.52251e+08,4.82931e-01,1.23676e+00,-9.78394e-03,
2.60152e+04,2.52277e+08,6.17136e-01,1.60229e+00,-1.03721e-04,
4.55222e+04,2.52323e+08,2.20498e-01,4.56162e+00,-7.22658e-03,
1.16505e+04,2.52335e+08,4.88886e-01,5.67842e-01,7.66139e-03,
1.51301e+04,2.52350e+08,1.09048e+00,1.69818e+00,-7.01380e-03,
1.09092e+04,2.52361e+08,1.98845e-01,6.26465e+00,-2.43816e-03,
1.04289e+04,2.52371e+08,5.48886e-01,9.96829e-01,-7.07547e-03,
1.84901e+05,2.52556e+08,2.63461e-01,5.85669e+00,8.98678e-03,
3.40084e+04,2.52590e+08,1.22195e+00,3.99440e+00,6.18578e-03,
2.01100e+04,2.52610e+08,2.00492e-01,2.99066e+00,-8.59012e-03,
1.77966e+04,2.52628e+08,7.71071e-01,1.29987e-01,-2.11624e-03,
5.59113e+04,2.52684e+08,1.18551e+00,1.94952e+00,9.00855e-03,
2.12882e+05,2.52897e+08,2.52956e-01,1.41034e+00,1.23050e-03,
1.06402e+04,2.52907e+08,7.10233e-02,3.92846e+00,-2.86137e-03,
1.42147e+04,2.52922e+08,3.82066e-01,1.32711e+00,1.03020e-03,
6.71380e+04,2.52989e+08,1.28729e+00,8.90305e-01,-7.92287e-03,
1.56801e+06,2.54557e+08,3.65971e-01,3.23843e+00,5.00566e-03,
1.27249e+04,2.54569e+08,6.81273e-01,2.82819e+00,7.46260e-03,
1.90594e+05,2.54760e+08,9.51912e-02,2.72277e+00,1.89429e-03,
1.01092e+04,2.54770e+08,9.68081e-02,4.89551e+00,-1.42696e-03,
1.06430e+04,2.54781e+08,1.43113e-01,2.09119e+00,-7.75871e-03,
1.22047e+04,2.54793e+08,9.33035e-01,6.05840e+00,5.80983e-03,
1.07767e+05,2.54901e+08,4.57295e-01,6.24224e+00,6.20231e-04,
2.12921e+04,2.54922e+08,4.10373e-01,1.04689e+00,-8.81448e-03,
3.68712e+04,2.54959e+08,6.87200e-01,4.48777e+00,8.75341e-05,
1.28247e+04,2.54972e+08,1.05098e+00,2.87278e+00,-1.57944e-03,
1.95214e+04,2.54991e+08,8.90300e-01,2.71618e+00,-9.08697e-03,
1.01558e+04,2.55001e+08,6.26677e-01,3.83183e+00,4.95775e-03,
1.00732e+06,2.56009e+08,8.86907e-01,3.16508e-01,4.78326e-03,
1.36079e+04,2.56022e+08,1.54168e-01,1.01452e+00,-8.52600e-03,
6.40584e+04,2.56086e+08,7.06375e-01,4.49726e-01,-6.68231e-03,
5.33268e+04,2.56140e+08,4.01578e-01,4.35692e-02,1.77006e-03,
5.40032e+05,2.56680e+08,1.18225e+00,4.91842e+00,5.68728e-03,
6.46150e+04,2.56744e+08,4.41164e-01,3.18277e+00,-6.41351e-03,
1.16065e+04,2.56756e+08,5.82185e-01,4.56905e+00,3.41236e-03,
1.04928e+04,2.56766e+08,1.10919e-01,1.73930e+00,-1.47862e-03,
1.29356e+05,2.56896e+08,5.25408e-01,4.98467e+00,-9.46006e-03,
2.02594e+04,2.56916e+08,1.61816e+00,4.77149e+00,6.19053e-03,
3.01153e+05,2.57217e+08,1.45638e+00,1.79124e+00,-5.23555e-03,
4.30280e+04,2.57260e+08,5.13515e-01,3.71082e+00,-6.90911e-03,
1.09275e+04,2.57271e+08,7.52129e-01,3.50129e+00,-6.94073e-03,
1.09202e+04,2.57282e+08,8.14042e-01,5.62504e-01,-6.11464e-03,
1.59584e+04,2.57298e+08,6.70193e-01,2.56680e+00,7.70640e-03,
1.29163e+04,2.57311e+08,1.39972e-01,6.11956e+00,-7.36721e-03,
1.59903e+04,2.57327e+08,6.97991e-02,5.94730e+00,-9.56758e-03,
1.16049e+04,2.57339e+08,8.25162e-01,1.11124e+00,-9.95807e-03,
1.04897e+04,2.57349e+08,8.47632e-02,2.90508e+00,8.46058e-04,
2.52294e+04,2.57374e+08,2.42548e-01,4.39923e+00,8.13098e-03,
1.31235e+04,2.57387e+08,2.83719e-01,1.92419e-01,6.94513e-04,
1.99092e+04,2.57407e+08,6.06186e-01,5.06781e+00,2.54330e-03,
1.58940e+04,2.57423e+08,4.94953e-01,2.73264e+00,6.87430e-04,
3.50347e+04,2.57458e+08,1.53400e+00,1.08170e+00,-2.90743e-03,
2.28162e+04,2.57481e+08,1.43813e-01,3.69593e+00,-6.86040e-03,
1.11749e+04,2.57492e+08,1.35828e+00,4.04762e-01,7.54875e-03,
2.34561e+05,2.57727e+08,9.76096e-02,2.86635e+00,3.01978e-03,
2.61136e+04,2.57753e+08,6.73811e-01,5.13418e+00,3.56583e-03,
2.34926e+04,2.57776e+08,7.39843e-01,7.73374e-01,2.36220e-03,
5.54967e+05,2.58331e+08,1.06530e+00,4.66742e+00,-4.93937e-03,
1.24251e+04,2.58344e+08,3.04857e-01,4.20680e+00,-8.40317e-03,
1.45634e+04,2.58358e+08,4.90069e-01,4.04282e+00,-9.11662e-03,
1.97351e+04,2.58378e+08,4.18051e-01,6.40762e-01,5.76052e-04,
2.00887e+04,2.58398e+08,4.56431e-01,4.11330e+00,4.61659e-03,
1.00195e+04,2.58408e+08,2.37005e-01,2.73835e+00,4.81690e-03,
2.91156e+04,2.58437e+08,1.23355e+00,4.19448e+00,-4.83322e-03,
2.87989e+04,2.58466e+08,1.36880e-01,1.81887e+00,4.83465e-03,
6.72149e+04,2.58533e+08,3.35415e-01,6.23768e+00,5.97812e-03,
2.59410e+04,2.58559e+08,8.72760e-02,2.14738e+00,-3.78486e-04,
1.14322e+04,2.58571e+08,9.36119e-01,6.06756e-01,2.80536e-03,
1.21397e+05,2.58692e+08,1.60088e+00,6.09417e+00,8.20183e-03,
3.37630e+04,2.58726e+08,1.49960e+00,3.77487e+00,6.14387e-03,
1.31713e+04,2.58739e+08,1.10092e+00,1.20016e+00,8.89966e-03,
1.00278e+04,2.58749e+08,1.96046e+00,5.84056e+00,6.78362e-03,
3.25901e+04,2.58782e+08,8.28184e-01,2.32302e+00,3.99992e-03,
5.46505e+04,2.58836e+08,5.72656e-01,3.07747e+00,-6.67236e-04,
1.11555e+04,2.58847e+08,5.77334e-01,5.66380e+00,-6.35157e-03,
1.75799e+04,2.58865e+08,7.23386e-02,2.78740e+00,1.56100e-03,
1.05809e+04,2.58876e+08,1.11705e-01,2.55848e+00,7.67566e-03,
1.10470e+04,2.58887e+08,4.25464e-01,5.40874e+00,4.77096e-03,
2.64684e+04,2.58913e+08,8.19385e-01,6.70409e-01,7.41925e-03,
2.62533e+04,2.58939e+08,5.60816e-01,5.63303e+00,9.17371e-03,
1.67513e+04,2.58956e+08,3.69025e-01,6.21497e+00,6.04954e-03,
1.30719e+04,2.58969e+08,5.84603e-01,2.19550e+00,4.86770e-03,
1.31234e+04,2.58982e+08,3.34495e-01,4.09555e+00,8.04923e-04,
1.10908e+04,2.58993e+08,1.08915e+00,4.00911e-01,7.84601e-03,
1.60772e+04,2.59009e+08,2.73014e+00,2.57875e+00,9.20966e-03,
1.13598e+04,2.59021e+08,7.80462e-01,4.41974e+00,-2.15765e-03,
3.97743e+04,2.59061e+08,1.62487e-01,3.96671e+00,-1.48536e-03,
2.37213e+04,2.59084e+08,9.65346e-01,6.21923e+00,6.61061e-03,
1.00832e+04,2.59094e+08,4.01313e-01,8.94165e-03,-3.43692e-04,
1.89196e+04,2.59113e+08,9.68455e-01,6.13726e+00,2.17046e-03,
1.23852e+04,2.59126e+08,4.52156e-01,6.11018e+00,1.45247e-05,
1.58014e+04,2.59142e+08,2.28415e-01,5.02895e+00,-3.59186e-03,
3.88095e+04,2.59180e+08,6.73664e-01,1.47888e+00,1.19500e-03,
1.75265e+05,2.59356e+08,7.71710e-01,3.95167e+00,-2.22084e-03,
9.99715e+04,2.59456e+08,7.53005e-01,3.67074e+00,-2.49788e-03,
1.49941e+04,2.59471e+08,3.07884e-01,1.16940e-01,1.40240e-03,
3.35723e+04,2.59504e+08,4.77672e-01,4.14363e+00,6.13035e-03,
3.88305e+05,2.59892e+08,1.61791e-01,1.44910e+00,-2.99616e-03,
1.33826e+05,2.60026e+08,3.89392e-01,5.58372e+00,-3.15397e-03,
1.12908e+04,2.60038e+08,1.03248e-01,5.30105e+00,-6.93898e-03,
2.74040e+05,2.60312e+08,4.94359e-01,2.81571e+00,-6.63503e-03,
6.30043e+04,2.60375e+08,1.35965e+00,2.64090e+00,7.18782e-03,
8.60995e+04,2.60461e+08,9.92085e-01,4.40336e+00,6.52389e-04,
4.89429e+04,2.60510e+08,6.60550e-01,2.78082e+00,-3.03882e-03,
1.79925e+04,2.60528e+08,5.04808e-01,8.97667e-01,5.14898e-03,
3.71139e+04,2.60565e+08,1.14719e+00,5.86541e+00,6.36975e-03,
3.29205e+04,2.60598e+08,4.73072e-01,2.48339e+00,-8.02290e-04,
2.11245e+04,2.60619e+08,2.69314e-01,1.14700e+00,8.96078e-03,
6.42011e+04,2.60683e+08,1.64245e+00,2.42968e+00,9.93089e-03,
2.17116e+04,2.60705e+08,4.36514e-01,5.58111e+00,-4.35073e-03,
1.42091e+04,2.60719e+08,3.30533e-01,9.63606e-01,5.07352e-03,
1.02600e+05,2.60822e+08,5.07640e-01,1.13106e+00,-4.33897e-03,
1.21661e+04,2.60834e+08,9.65512e-01,4.49969e+00,-5.50022e-03,
1.74468e+04,2.60851e+08,9.74557e-01,4.82341e+00,-4.26032e-03,
1.82393e+04,2.60869e+08,1.34896e+00,2.44208e-01,-5.88366e-03,
3.38004e+04,2.60903e+08,5.56503e-01,3.33661e+00,2.07249e-03,
1.58717e+04,2.60919e+08,6.37311e-01,8.34996e-01,3.43714e-03,
2.21491e+04,2.60941e+08,2.28703e-01,5.18877e+00,-3.13641e-03,
1.23930e+04,2.60954e+08,2.95553e-01,5.03486e+00,-6.05397e-03,
2.87054e+05,2.61241e+08,1.00817e+00,1.81622e+00,-7.22790e-03,
1.16734e+04,2.61252e+08,4.48575e-01,5.55513e+00,6.30767e-03,
1.09923e+04,2.61263e+08,4.99547e-01,1.86862e+00,4.80483e-03,
6.97032e+04,2.61333e+08,7.73277e-01,5.75623e+00,2.49609e-03,
3.49966e+04,2.61368e+08,1.22563e+00,5.66629e+00,9.10244e-03,
1.22700e+04,2.61380e+08,1.13363e+00,3.89908e+00,1.27745e-03,
1.41130e+04,2.61394e+08,2.98920e-01,6.15275e-01,-2.48827e-03,
2.13605e+04,2.61416e+08,4.64423e-01,2.00413e+00,1.67319e-04,
1.64969e+04,2.61432e+08,3.28639e-01,3.64537e+00,-7.24513e-03,
1.80228e+04,2.61450e+08,1.15319e+00,1.34368e+00,6.56870e-03,
4.37682e+04,2.61494e+08,5.19010e-01,2.07789e+00,-4.19916e-03,
3.35495e+04,2.61528e+08,5.86780e-01,2.96184e+00,1.71098e-03,
2.25884e+04,2.61550e+08,5.40441e-01,1.00904e+00,-9.98809e-03,
1.03901e+04,2.61561e+08,1.02487e+00,3.51211e+00,-1.12739e-03,
1.46450e+04,2.61575e+08,9.44641e-02,2.96278e+00,9.77156e-03,
1.12889e+04,2.61586e+08,6.82368e-01,4.04058e+00,2.94055e-03,
1.15400e+04,2.61598e+08,5.56803e-01,5.07845e+00,2.42991e-03,
4.34307e+04,2.61641e+08,1.81027e-01,6.13855e+00,2.04009e-04,
2.07299e+04,2.61662e+08,7.54685e-01,1.95211e+00,9.27223e-03,
1.46837e+04,2.61677e+08,2.74997e-01,3.92283e+00,-9.38171e-03,
1.13541e+04,2.61688e+08,2.20311e-01,4.15861e+00,4.61702e-03,
1.09369e+04,2.61699e+08,3.64599e-01,4.12049e+00,-8.87740e-04,
1.87995e+04,2.61718e+08,5.14931e-01,4.08734e+00,-8.14864e-03,
1.38099e+04,2.61732e+08,9.65654e-01,4.71519e+00,3.99922e-03,
1.57822e+04,2.61748e+08,8.63950e-01,1.00931e+00,-3.26622e-03,
1.09334e+04,2.61758e+08,2.52901e-01,1.60621e+00,-4.95968e-03,
2.88795e+04,2.61787e+08,1.16558e+00,2.53441e+00,-2.71584e-03,
2.03916e+04,2.61808e+08,2.02289e-01,6.02943e+00,9.59193e-03,
1.01016e+04,2.61818e+08,5.61947e-01,6.04305e+00,3.57635e-03,
6.71097e+04,2.61885e+08,7.87016e-02,5.52863e+00,-2.06126e-03,
2.75725e+04,2.61913e+08,4.10059e-01,1.45530e+00,7.14927e-03,
1.57169e+04,2.61928e+08,6.06583e-01,2.02863e+00,3.67021e-03,
1.06857e+04,2.61939e+08,1.41377e-01,2.83968e+00,-9.72183e-03,
3.41871e+04,2.61973e+08,9.41568e-01,3.20299e+00,-4.27020e-03,
2.21010e+04,2.61995e+08,1.63470e+00,5.00530e+00,8.93558e-03,
1.02311e+04,2.62005e+08,2.69662e-01,4.14863e+00,-3.65791e-03,
4.78265e+04,2.62053e+08,6.29435e-01,5.78402e-01,-3.83782e-03,
2.07693e+04,2.62074e+08,1.43073e-01,3.62232e+00,-7.32991e-03,
1.46686e+04,2.62089e+08,9.32979e-01,5.14588e+00,-2.78052e-03,
3.79755e+04,2.62127e+08,3.08107e-01,5.80270e+00,-1.64694e-03,
1.00419e+05,2.62227e+08,7.74281e-01,3.40918e+00,1.95799e-03,
1.21811e+04,2.62239e+08,5.53403e-01,1.41610e+00,-8.49246e-03,
1.13991e+04,2.62251e+08,9.34772e-01,4.70701e+00,-2.25804e-03,
1.47241e+04,2.62265e+08,8.68066e-01,4.35052e+00,-7.96822e-03,
1.08372e+04,2.62276e+08,8.66541e-01,6.70806e-01,-3.97379e-03,
3.76688e+04,2.62314e+08,1.18714e-01,4.00175e+00,7.99977e-03,
1.85668e+04,2.62333e+08,5.37596e-01,5.39704e+00,4.88229e-03,
1.12423e+04,2.62344e+08,1.80208e-01,5.93178e+00,-9.16215e-03,
2.80434e+04,2.62372e+08,1.46718e-01,4.29120e+00,-2.73003e-03,
1.54960e+04,2.62387e+08,4.43794e-01,4.68772e+00,7.36247e-03,
1.36137e+04,2.62401e+08,3.07088e-01,4.62433e+00,-4.00453e-03,
1.89474e+05,2.62590e+08,2.93700e-01,4.79414e-02,3.96510e-04,
4.15110e+04,2.62632e+08,9.94742e-01,5.84146e+00,-2.20734e-03,
1.04180e+04,2.62642e+08,7.36114e-02,6.49671e-02,1.92964e-04,
1.99351e+04,2.62662e+08,2.06613e-01,6.16508e+00,-5.97802e-05,
3.02703e+05,2.62965e+08,6.39275e-01,9.48409e-01,-6.31529e-04,
1.54733e+04,2.62980e+08,5.39139e-01,4.29264e+00,1.63708e-03,
2.60564e+05,2.63241e+08,7.82258e-01,5.82618e+00,-2.99634e-03,
2.84501e+04,2.63269e+08,5.22290e-01,9.51542e-01,3.15040e-03,
2.86473e+04,2.63298e+08,4.08164e-01,1.65615e+00,-2.19068e-03,
2.65344e+04,2.63325e+08,5.93406e-01,5.91184e+00,7.36880e-03,
2.02418e+04,2.63345e+08,7.43130e-01,4.56069e+00,1.03818e-03,
4.17494e+04,2.63387e+08,7.11009e-01,5.27796e+00,1.72053e-03,
5.56571e+04,2.63442e+08,9.66924e-02,3.76303e+00,-2.15428e-03,
7.23613e+04,2.63515e+08,4.58743e-01,5.28892e+00,-5.70385e-03,
1.16362e+04,2.63526e+08,3.82219e-01,1.11414e-01,9.82317e-03,
1.18708e+04,2.63538e+08,2.61606e-01,5.67007e+00,-8.81816e-03,
6.07953e+05,2.64146e+08,1.41391e+00,3.62563e+00,-4.59976e-03,
1.89147e+04,2.64165e+08,4.62273e-01,5.58813e-01,-6.87331e-03,
1.53117e+05,2.64318e+08,6.16069e-01,4.46358e+00,-6.28957e-03,
4.52568e+04,2.64363e+08,6.61784e-01,3.33681e+00,-6.04872e-03,
5.13575e+04,2.64415e+08,4.62125e-01,3.96481e+00,8.98114e-04,
3.40756e+05,2.64755e+08,8.22558e-01,4.53553e-01,2.89836e-03,
2.03956e+04,2.64776e+08,2.22019e+00,5.58782e+00,4.64939e-03,
1.85366e+04,2.64794e+08,2.73963e-01,2.35435e+00,6.58255e-03,
1.98518e+04,2.64814e+08,3.95705e-01,3.41174e+00,7.28249e-03,
1.55865e+05,2.64970e+08,3.48067e-01,3.61051e+00,-8.61704e-03,
1.40782e+04,2.64984e+08,4.87844e-01,2.75332e-01,-4.32480e-03,
2.47230e+04,2.65009e+08,3.74743e-01,6.18575e+00,-4.39427e-03,
1.43459e+04,2.65023e+08,5.07067e-01,4.77665e+00,-7.38354e-03,
6.57088e+04,2.65089e+08,5.50208e-01,4.45689e+00,-6.23095e-03,
3.74094e+04,2.65126e+08,4.54585e-01,4.86857e+00,5.92776e-04,
9.55675e+04,2.65222e+08,4.75986e-01,4.58814e+00,-8.17222e-03,
3.06793e+04,2.65253e+08,1.11535e-01,3.36612e+00,8.45963e-03,
1.54756e+04,2.65268e+08,4.15885e-01,2.31991e-01,5.53938e-03,
1.58746e+06,2.66856e+08,3.66670e-01,5.19067e+00,-6.95018e-03,
1.65442e+04,2.66872e+08,4.72958e-01,9.93897e-01,-1.68963e-03,
2.05344e+06,2.68926e+08,5.07111e-01,8.97583e-01,-6.56390e-03,
1.12641e+04,2.68937e+08,7.40057e-01,1.76894e+00,8.48641e-03,
4.23144e+04,2.68979e+08,1.30713e+00,5.05735e+00,9.37781e-03,
1.30946e+04,2.68992e+08,1.85399e+00,6.17676e-01,4.27031e-03,
1.16986e+04,2.69004e+08,6.97328e-01,2.16318e+00,7.50430e-03,
3.23943e+04,2.69036e+08,4.24919e-01,3.99014e+00,3.54558e-03,
4.93872e+04,2.69086e+08,9.35572e-01,9.08502e-01,5.62014e-03,
2.50991e+04,2.69111e+08,3.43190e-01,3.17429e+00,-9.49032e-03,
3.50371e+04,2.69146e+08,1.18459e-01,8.14535e-03,-6.40563e-03,
1.26684e+04,2.69159e+08,5.00623e-01,5.29491e+00,9.28117e-03,
3.65443e+04,2.69195e+08,8.45255e-01,3.90094e+00,9.75853e-03,
1.32502e+04,2.69208e+08,1.23188e-01,3.06314e+00,7.23366e-03,
1.24982e+05,2.69333e+08,2.50863e-01,4.48322e+00,-6.01234e-04,
2.93473e+04,2.69363e+08,8.70089e-02,3.42880e+00,5.90822e-03,
4.24392e+04,2.69405e+08,6.69819e-01,3.30436e+00,-2.90893e-03,
5.67677e+04,2.69462e+08,2.44958e-01,6.00116e+00,3.22536e-03,
1.02308e+04,2.69472e+08,1.58743e-01,3.21129e+00,8.98282e-03,
1.62293e+04,2.69488e+08,4.05493e-01,2.81299e+00,6.24824e-03,
3.05804e+04,2.69519e+08,4.97262e-01,4.35225e+00,-4.37136e-03,
4.06770e+04,2.69560e+08,9.47672e-01,5.23871e+00,7.66176e-04,
1.81170e+04,2.69578e+08,5.38770e-01,3.69508e+00,-7.05862e-03,
1.24421e+04,2.69590e+08,6.45081e-01,4.68187e+00,6.19300e-03,
2.68066e+04,2.69617e+08,1.05008e+00,5.04002e+00,-3.20602e-04,
1.89866e+04,2.69636e+08,5.74808e-01,1.36036e+00,5.59614e-03,
1.09083e+04,2.69647e+08,4.45878e-01,2.57118e-01,4.40626e-03,
2.19847e+04,2.69669e+08,1.46920e+00,1.45795e+00,8.78371e-03,
2.22946e+04,2.69691e+08,1.76834e+00,3.07071e+00,-3.39488e-03,
2.03703e+04,2.69711e+08,6.62482e-01,2.54662e+00,-3.90791e-03,
4.78644e+05,2.70190e+08,3.10362e-01,6.57829e-01,5.46503e-03,
3.98196e+04,2.70230e+08,2.95124e-01,1.80571e+00,-9.01020e-03,
6.48613e+04,2.70295e+08,3.98049e-01,3.10888e+00,8.92618e-03,
2.81841e+04,2.70323e+08,7.50259e-01,5.92966e+00,4.45392e-03,
1.02552e+04,2.70333e+08,3.62198e-01,2.46383e+00,9.19732e-03,
3.07670e+04,2.70364e+08,5.89093e-01,1.25769e+00,8.74180e-03,
3.19864e+04,2.70396e+08,3.25040e-01,1.24373e+00,1.16993e-03,
5.72139e+04,2.70453e+08,1.93005e-01,4.87373e+00,-8.62815e-03,
1.36347e+04,2.70467e+08,7.69940e-02,6.45195e-01,9.22489e-03,
1.27850e+04,2.70480e+08,2.05041e+00,4.15598e+00,8.32972e-03,
1.33292e+04,2.70493e+08,5.42161e-01,1.08859e+00,-7.38763e-03,
1.63047e+04,2.70509e+08,1.52518e+00,3.91590e-01,-9.23705e-04,
3.15354e+04,2.70541e+08,4.37239e-02,3.28062e+00,8.92200e-03,
3.09789e+04,2.70572e+08,2.91653e-01,4.45576e+00,9.43929e-03,
1.80437e+04,2.70590e+08,8.59321e-01,2.15183e+00,7.96678e-03,
1.13616e+04,2.70601e+08,5.65572e-01,3.49504e+00,-2.42280e-03,
1.59854e+05,2.70761e+08,8.51125e-01,5.43678e+00,8.73395e-03,
5.10769e+04,2.70812e+08,7.91211e-02,3.06375e+00,-8.07343e-03,
1.62880e+04,2.70828e+08,1.20207e+00,6.69219e-01,-8.22689e-03,
1.06527e+04,2.70839e+08,4.48048e-01,2.84424e+00,9.90191e-03,
1.13757e+04,2.70850e+08,6.24818e-01,2.52403e+00,-2.51336e-03,
4.89471e+04,2.70899e+08,1.34162e-01,7.43725e-01,-2.83644e-03,
4.25020e+04,2.70942e+08,1.25824e+00,4.84347e+00,1.99032e-03,
1.55653e+04,2.70957e+08,4.84237e-01,5.42439e+00,7.73361e-03,
1.07621e+04,2.70968e+08,1.13527e+00,2.70474e+00,3.20267e-03,
2.03413e+04,2.70989e+08,2.89022e-01,3.26635e-01,-5.56186e-03,
1.17408e+04,2.71000e+08,7.11066e-01,1.36124e+00,-2.84817e-03,
3.86873e+04,2.71039e+08,3.95418e-01,5.03032e+00,9.72142e-04,
2.81453e+04,2.71067e+08,1.09081e+00,6.20207e+00,4.78305e-03,
5.95912e+04,2.71127e+08,2.91660e-01,8.62211e-01,-1.50331e-03,
1.89588e+04,2.71146e+08,4.43532e-02,4.07875e+00,1.43721e-03,
4.69351e+04,2.71193e+08,3.99107e-01,4.39326e+00,1.94367e-03,
2.94282e+04,2.71222e+08,2.84378e-01,2.83868e+00,1.42773e-03,
1.48658e+04,2.71237e+08,3.59151e-01,4.28651e+00,6.48586e-03,
8.92878e+04,2.71326e+08,6.70559e-02,9.98486e-01,-2.47529e-03,
2.44859e+05,2.71571e+08,5.30704e-01,6.07565e-01,8.46766e-03,
1.00775e+04,2.71581e+08,1.01735e+00,2.70691e+00,1.13396e-03,
3.42737e+04,2.71615e+08,1.29988e+00,1.45850e+00,-8.22039e-03,
1.26170e+04,2.71628e+08,4.48606e-01,4.37814e+00,4.98393e-03,
1.56628e+04,2.71644e+08,3.65682e-01,5.54090e+00,5.44838e-03,
1.58210e+04,2.71660e+08,2.95193e-01,1.78126e+00,4.33964e-03,
2.00803e+04,2.71680e+08,7.89778e-01,1.52020e+00,-1.52008e-03,
1.19638e+04,2.71692e+08,3.93725e-01,3.16945e+00,-4.72806e-03,
2.35674e+04,2.71715e+08,9.20758e-01,5.92179e+00,1.87499e-03,
1.20133e+05,2.71835e+08,4.58796e-01,5.68824e+00,5.82521e-03,
5.16179e+04,2.71887e+08,3.37003e-01,1.62336e+00,6.61085e-03,
6.65681e+04,2.71953e+08,1.31301e+00,3.42217e+00,2.00214e-03,
1.60963e+05,2.72114e+08,1.00483e+00,1.05572e+00,-7.41627e-03,
3.37830e+04,2.72148e+08,1.21051e+00,4.62424e+00,-8.83597e-03,
1.19259e+05,2.72267e+08,6.73316e-01,6.04964e+00,-7.71140e-03,
1.94920e+05,2.72462e+08,4.83844e-01,4.81474e+00,1.89402e-04,
3.53879e+04,2.72498e+08,5.77644e-01,3.83320e+00,7.71311e-03,
1.08304e+05,2.72606e+08,1.15776e+00,4.26981e+00,3.02703e-03,
9.07159e+04,2.72697e+08,2.87641e-01,2.55362e-02,4.33860e-03,
2.19489e+04,2.72719e+08,1.47107e+00,2.19423e+00,-5.23280e-03,
1.10353e+05,2.72829e+08,1.23081e+00,6.04622e-01,3.80235e-03,
2.59833e+04,2.72855e+08,5.85406e-01,1.13516e+00,-5.71952e-03,
2.83291e+04,2.72883e+08,3.89344e-01,6.12185e+00,-6.98600e-03,
4.48487e+04,2.72928e+08,2.15349e-01,6.25440e+00,-1.11654e-03,
3.40519e+04,2.72962e+08,4.13816e-01,5.05624e+00,-1.79104e-03,
2.16751e+05,2.73179e+08,5.22235e-01,5.73006e+00,-6.64493e-03,
1.93339e+04,2.73198e+08,4.47016e-01,4.63626e+00,6.07227e-04,
1.06517e+04,2.73209e+08,6.34407e-01,4.53019e+00,5.44325e-03,
2.50468e+04,2.73234e+08,1.70244e-01,3.19025e+00,5.16670e-03,
1.12176e+04,2.73245e+08,9.13336e-01,1.49812e+00,-6.76249e-03,
1.89642e+04,2.73264e+08,4.69089e-01,5.35232e+00,-9.17648e-03,
1.44717e+04,2.73279e+08,3.21544e-01,4.77581e+00,2.99775e-03,
4.67123e+04,2.73325e+08,6.34458e-01,3.19722e+00,5.33317e-03,
1.02275e+04,2.73336e+08,3.62900e-01,4.24115e+00,4.89544e-03,
4.37130e+05,2.73773e+08,1.14455e-01,2.94649e+00,-3.43100e-05,
2.12096e+04,2.73794e+08,1.04048e+00,5.45251e+00,2.59604e-04,
1.32965e+04,2.73807e+08,8.49179e-01,4.61085e+00,-3.37248e-03,
2.96923e+04,2.73837e+08,6.45413e-01,3.15287e+00,1.47830e-03,
2.50877e+05,2.74088e+08,1.13740e+00,2.52657e+00,-5.75605e-03,
1.55161e+05,2.74243e+08,2.36149e-02,2.35832e+00,-5.34744e-03,
4.76089e+04,2.74291e+08,4.48742e-01,1.42328e+00,-8.29950e-03,
4.07242e+04,2.74331e+08,1.90244e-01,2.32667e+00,-3.41130e-03,
2.34407e+04,2.74355e+08,3.02943e-01,5.31085e+00,8.71541e-03,
1.01550e+04,2.74365e+08,6.44425e-01,2.29430e+00,-4.41499e-03,
2.57935e+04,2.74391e+08,3.18479e-01,2.80915e+00,1.61992e-03,
1.23052e+04,2.74403e+08,4.27179e-01,4.42460e+00,8.18522e-03,
1.89704e+04,2.74422e+08,9.35002e-01,2.81993e+00,3.31732e-03,
4.51407e+04,2.74467e+08,2.59511e-01,2.17609e+00,1.87244e-03,
1.92650e+04,2.74486e+08,1.14235e+00,4.17809e+00,5.82105e-03,
1.70651e+04,2.74503e+08,6.60861e-01,3.42489e+00,-1.01041e-03,
1.57087e+04,2.74519e+08,4.94146e-01,1.69064e+00,6.05760e-03,
2.19483e+04,2.74541e+08,6.78759e-01,1.25284e+00,-7.48671e-03,
1.27940e+04,2.74554e+08,5.01852e-01,4.40304e-02,-7.02822e-03,
1.93605e+04,2.74573e+08,2.49248e-01,5.50238e+00,1.16854e-03,
2.42171e+05,2.74815e+08,1.17748e+00,6.12547e+00,7.31370e-03,
1.54324e+04,2.74831e+08,7.94116e-01,4.05082e+00,-8.76809e-04,
2.02844e+04,2.74851e+08,2.79003e-01,5.88231e+00,-9.05397e-03,
1.12070e+04,2.74862e+08,5.68120e-01,5.63720e+00,-7.99577e-03,
2.33399e+04,2.74886e+08,3.82918e-01,4.47140e+00,1.98522e-03,
1.14314e+04,2.74897e+08,2.34040e-01,6.05548e+00,2.50950e-03,
1.07762e+04,2.74908e+08,1.82725e-01,3.68017e+00,-8.58087e-03,
1.05113e+04,2.74918e+08,1.96188e+00,3.38265e+00,-8.85556e-03,
1.36314e+04,2.74932e+08,8.18060e-01,5.65713e+00,-2.16089e-03,
1.45637e+04,2.74947e+08,9.60631e-01,2.14052e-01,-7.89509e-03,
2.37756e+04,2.74970e+08,4.96223e-01,5.06371e+00,-7.44031e-03,
1.58149e+04,2.74986e+08,3.08299e-01,5.82181e+00,-8.49479e-03,
1.27147e+04,2.74999e+08,3.97257e-01,2.53440e+00,-2.89049e-03,
3.75287e+04,2.75036e+08,4.40164e-02,1.19957e+00,-9.24697e-03,
1.79577e+04,2.75054e+08,3.10413e-01,4.35481e+00,-7.35734e-03,
2.45731e+04,2.75079e+08,8.65158e-01,3.35596e+00,5.61683e-03,
1.21313e+04,2.75091e+08,7.84266e-01,3.23912e+00,5.30006e-03,
2.86541e+04,2.75120e+08,1.97856e+00,4.66469e+00,2.66040e-03,
1.20281e+05,2.75240e+08,9.09907e-01,3.45003e+00,8.19392e-03,
4.36939e+04,2.75284e+08,8.16490e-01,8.30870e-01,8.88885e-03,
4.27321e+04,2.75327e+08,9.71472e-01,3.13223e+00,-5.73504e-03,
1.37335e+04,2.75340e+08,4.55686e-01,2.80888e+00,-2.52484e-03,
2.11453e+04,2.75361e+08,1.42232e+00,1.90419e+00,3.49435e-03,
5.24068e+04,2.75414e+08,1.03269e+00,4.21691e+00,1.35962e-03,
5.27799e+04,2.75467e+08,1.39745e+00,2.51187e+00,1.98120e-03,
1.17282e+04,2.75478e+08,1.10750e+00,1.12165e+00,-9.91214e-03,
1.93656e+04,2.75498e+08,9.23320e-01,4.47569e+00,5.01833e-03,
2.87762e+04,2.75526e+08,1.44018e+00,6.03449e+00,-8.01289e-03,
1.67550e+04,2.75543e+08,1.94285e-01,4.38492e-01,7.91320e-03,
4.00140e+04,2.75583e+08,1.82488e-01,4.45140e+00,-7.56245e-03,
2.38300e+04,2.75607e+08,6.24976e-01,4.64299e+00,4.32140e-03,
1.74339e+04,2.75624e+08,9.94586e-01,2.58975e+00,4.44750e-03,
7.54835e+04,2.75700e+08,1.39263e+00,5.29674e+00,-4.83644e-03,
5.13243e+04,2.75751e+08,3.82042e-01,9.18128e-01,4.05126e-03,
4.29278e+04,2.75794e+08,1.11043e+00,1.81333e+00,2.42816e-03,
1.38007e+05,2.75932e+08,4.23772e-01,3.87168e+00,6.16475e-03,
6.84443e+04,2.76001e+08,8.54188e-01,3.96280e+00,5.21471e-03,
1.03191e+04,2.76011e+08,1.04017e+00,5.88737e+00,7.97448e-03,
3.66532e+04,2.76048e+08,2.60947e-01,5.85314e+00,9.34377e-03,
1.06416e+04,2.76058e+08,6.93839e-01,4.01144e+00,4.15154e-03,
3.89732e+04,2.76097e+08,7.12682e-01,3.57136e+00,-8.97516e-03,
1.13443e+04,2.76109e+08,9.27124e-01,4.19662e+00,-7.92493e-03,
1.56720e+04,2.76124e+08,2.92091e-01,4.68084e+00,-2.43514e-03,
1.38403e+04,2.76138e+08,2.12012e-01,5.08172e+00,9.62030e-04,
2.02484e+05,2.76341e+08,1.32150e+00,5.45489e+00,4.36991e-03,
2.62937e+05,2.76604e+08,4.61692e-02,2.88961e+00,-1.37802e-03,
1.80763e+04,2.76622e+08,7.50089e-01,5.52059e-01,7.97504e-03,
1.09123e+04,2.76633e+08,1.46007e-01,5.65976e-02,3.10818e-04,
1.16196e+04,2.76644e+08,6.06586e-01,2.31287e+00,2.97818e-03,
8.91642e+04,2.76733e+08,1.01227e+00,6.17955e+00,7.56015e-03,
1.99708e+04,2.76753e+08,2.80750e-01,5.69767e+00,8.02753e-03,
3.38969e+04,2.76787e+08,4.23515e-01,2.78337e+00,-5.15160e-03,
2.25906e+04,2.76810e+08,7.80364e-01,3.35776e+00,-8.20145e-03,
1.41905e+04,2.76824e+08,1.19355e+00,5.72518e+00,-2.74351e-03,
6.49563e+04,2.76889e+08,6.75291e-01,1.25249e+00,5.97010e-03,
7.07432e+04,2.76960e+08,4.22409e-01,4.54799e+00,1.30874e-03,
1.55904e+04,2.76975e+08,8.85319e-01,1.92898e+00,-6.26799e-03,
1.26282e+04,2.76988e+08,6.47145e-02,2.52049e+00,7.80274e-04,
6.57328e+04,2.77054e+08,2.81042e-01,2.98466e+00,-4.61860e-03,
1.44413e+04,2.77068e+08,3.69061e-01,6.01296e+00,4.72714e-03,
3.60810e+04,2.77104e+08,9.68554e-01,1.18978e+00,6.82250e-04,
4.50978e+04,2.77149e+08,5.93165e-01,1.37408e+00,-1.03798e-03,
1.21320e+04,2.77161e+08,6.37801e-01,6.02751e-01,2.73858e-03,
1.46495e+05,2.77308e+08,6.28747e-01,4.15076e+00,-1.61105e-03,
4.27818e+04,2.77351e+08,1.21516e+00,6.19780e+00,1.03027e-03,
2.13048e+04,2.77372e+08,1.90354e-01,3.58898e+00,6.58751e-03,
1.25433e+04,2.77384e+08,2.24437e-01,2.51443e+00,4.28592e-03,
1.49687e+04,2.77399e+08,2.15820e+00,1.66684e-01,6.96243e-03,
7.11553e+05,2.78111e+08,2.98723e-01,3.18066e+00,5.42317e-03,
1.63748e+04,2.78127e+08,6.75477e-01,3.16124e+00,2.81040e-03,
1.39912e+04,2.78141e+08,4.47970e-01,4.56273e+00,-9.73653e-03,
1.08417e+04,2.78152e+08,9.51083e-01,5.46436e+00,-8.37763e-03,
1.95478e+04,2.78172e+08,4.46008e-01,1.03245e+00,7.64924e-03,
1.26983e+04,2.78184e+08,1.12301e+00,7.93439e-01,-7.07037e-03,
1.99225e+04,2.78204e+08,1.26956e+00,3.48225e+00,7.04714e-03,
5.38502e+04,2.78258e+08,6.06847e-01,2.68601e+00,7.89598e-03,
1.48305e+04,2.78273e+08,4.70888e-01,4.70681e+00,6.89278e-03,
1.42898e+04,2.78287e+08,2.41988e-01,1.54061e+00,-9.11172e-03,
1.32864e+05,2.78420e+08,1.29915e+00,1.91990e+00,-1.76623e-04,
1.75788e+04,2.78438e+08,3.68351e-01,4.58723e+00,2.87728e-03,
8.47251e+04,2.78523e+08,1.31090e+00,3.81981e+00,-6.88968e-03,
1.74988e+04,2.78540e+08,9.40817e-02,1.09298e-01,4.27245e-03,
1.21368e+06,2.79754e+08,2.55861e-01,1.65764e+00,-6.73981e-03,
5.70131e+04,2.79811e+08,5.67045e-01,3.05855e+00,2.20541e-03,
5.97464e+04,2.79870e+08,2.86125e-01,5.88726e+00,-9.22924e-03,
4.26781e+04,2.79913e+08,5.88426e-01,5.85566e+00,3.22589e-03,
1.86860e+04,2.79932e+08,6.36604e-01,4.06655e+00,-6.73663e-03,
1.06844e+06,2.81000e+08,2.93297e-01,5.43651e+00,5.31879e-03,
1.19867e+04,2.81012e+08,4.36323e-01,3.82707e+00,6.24091e-03,
6.71264e+04,2.81079e+08,2.37226e-01,5.57784e+00,-9.05707e-03,
1.72490e+04,2.81097e+08,3.75284e-01,6.19918e+00,5.12952e-03,
2.71623e+04,2.81124e+08,5.54935e-01,3.79005e+00,5.00713e-03,
2.27674e+04,2.81147e+08,7.60611e-01,3.55310e+00,3.52588e-03,
1.07340e+04,2.81157e+08,8.56409e-01,4.47223e+00,-8.12111e-03,
1.60844e+04,2.81173e+08,5.14019e-01,4.14709e+00,6.81529e-04,
2.77952e+04,2.81201e+08,1.37984e+00,9.51053e-01,-1.76191e-03,
1.11815e+04,2.81212e+08,1.07070e-01,4.79636e+00,-2.79758e-03,
1.96458e+04,2.81232e+08,3.89450e-01,4.30149e+00,-3.66481e-03,
2.19088e+04,2.81254e+08,6.00125e-01,3.63915e+00,-7.06631e-03,
2.33250e+04,2.81277e+08,4.46522e-01,2.26795e+00,2.78286e-03,
1.93093e+04,2.81297e+08,1.57624e-01,2.55391e+00,7.68621e-03,
1.16310e+04,2.81308e+08,7.48950e-01,1.22765e+00,8.75226e-03,
4.98454e+04,2.81358e+08,6.28364e-01,9.40534e-01,-2.87614e-03,
1.23981e+04,2.81370e+08,2.52959e-02,5.60359e+00,9.83436e-03,
3.49859e+04,2.81405e+08,4.31191e-01,2.75283e+00,-9.70184e-03,
4.43365e+04,2.81450e+08,5.28109e-01,2.66588e+00,-4.30403e-03,
1.55608e+04,2.81465e+08,2.20293e-01,2.03493e+00,1.96480e-03,
1.60142e+04,2.81481e+08,2.04107e-01,3.14225e+00,5.94780e-03,
3.20728e+04,2.81513e+08,1.17002e+00,4.94011e+00,-9.88661e-03,
2.26580e+04,2.81536e+08,1.45984e+00,4.72199e-01,-6.44280e-03,
2.95919e+05,2.81832e+08,3.33831e-01,1.76114e+00,9.61456e-03,
1.14038e+04,2.81843e+08,8.86707e-01,1.80267e+00,-6.01809e-03,
1.02332e+04,2.81854e+08,2.82975e-01,5.04385e+00,7.38047e-03,
2.10706e+04,2.81875e+08,6.79004e-01,5.87700e+00,3.47184e-03,
2.39677e+06,2.84271e+08,5.17118e-01,4.61814e+00,-5.82333e-03,
1.26624e+04,2.84284e+08,2.50198e-01,2.61929e-02,9.46264e-03,
5.59291e+05,2.84843e+08,5.42816e-01,3.15916e+00,-7.44593e-03,
6.03370e+04,2.84904e+08,2.68090e-01,6.25920e+00,-9.27797e-03,
1.11736e+04,2.84915e+08,1.30229e+00,5.38754e+00,4.93375e-03,
3.86716e+04,2.84954e+08,2.65038e-01,1.65456e+00,2.22649e-03,
2.26382e+04,2.84976e+08,7.07493e-01,4.16615e+00,-8.81829e-03,
1.51264e+04,2.84991e+08,1.54425e-01,6.72026e-01,-3.60149e-03,
5.76201e+04,2.85049e+08,5.67345e-01,1.85821e+00,1.23118e-03,
1.19967e+04,2.85061e+08,2.48886e-01,3.36402e+00,9.65304e-04,
1.58381e+04,2.85077e+08,9.24586e-02,5.58984e+00,-2.07963e-03,
1.44095e+04,2.85091e+08,8.61316e-01,2.77155e+00,-4.07170e-03,
3.98191e+04,2.85131e+08,8.44929e-01,2.35564e+00,-9.31357e-03,
4.41719e+04,2.85175e+08,8.84061e-01,5.62923e-01,-1.57385e-03,
3.00470e+04,2.85205e+08,6.45940e-01,1.97171e-01,-4.50421e-03,
1.18228e+05,2.85323e+08,4.69166e-01,5.51338e+00,9.22548e-03,
7.75246e+04,2.85401e+08,2.06195e-01,7.16797e-01,-5.93578e-03,
1.04615e+04,2.85411e+08,2.19635e-01,8.06101e-01,9.36413e-03,
2.05853e+04,2.85432e+08,3.94117e-01,9.21074e-01,5.41246e-03,
3.20685e+04,2.85464e+08,1.60127e-01,1.28215e+00,6.95484e-03,
4.21169e+04,2.85506e+08,9.72645e-01,1.46471e+00,8.01735e-03,
3.34310e+04,2.85540e+08,6.78596e-01,1.14038e+00,7.25132e-03,
3.10504e+04,2.85571e+08,1.38639e+00,3.79724e+00,8.58680e-04,
2.51370e+04,2.85596e+08,7.85940e-01,3.13948e+00,-5.29278e-03,
1.28726e+04,2.85609e+08,7.68191e-01,5.36943e+00,8.16864e-03,
1.00364e+05,2.85709e+08,4.70941e-01,2.82425e+00,2.92193e-03,
2.62365e+04,2.85735e+08,2.05374e+00,8.08687e-01,9.65396e-03,
3.38096e+04,2.85769e+08,6.74310e-01,3.47950e-01,-8.48790e-03,
1.83892e+04,2.85788e+08,5.40569e-01,1.87938e+00,2.76458e-03,
1.44366e+04,2.85802e+08,1.24044e+00,2.26509e+00,7.78040e-03,
1.33991e+04,2.85815e+08,5.99052e-01,1.42974e+00,-8.87873e-03,
1.18108e+04,2.85827e+08,5.22439e-01,4.68268e+00,-1.07155e-03,
1.53577e+04,2.85843e+08,9.08724e-01,4.29208e+00,-2.40293e-03,
1.37427e+04,2.85856e+08,7.59704e-01,4.97446e+00,-4.01259e-04,
8.70485e+04,2.85943e+08,2.91438e-01,6.24459e+00,-1.50739e-03,
3.53813e+04,2.85979e+08,3.62681e-01,1.70539e+00,-6.66268e-03,
1.06381e+04,2.85989e+08,9.14852e-01,8.84170e-01,-6.80927e-03,
5.37344e+04,2.86043e+08,1.03891e+00,1.41526e+00,-1.15797e-03,
1.14094e+04,2.86054e+08,8.16741e-01,5.84916e+00,-1.90732e-03,
1.32056e+04,2.86068e+08,5.54600e-01,2.25927e+00,-4.34076e-04,
1.05693e+05,2.86173e+08,1.53332e-01,4.88083e+00,6.43695e-03,
1.32438e+04,2.86187e+08,7.07338e-01,5.14796e+00,2.20205e-03,
2.08432e+05,2.86395e+08,4.82372e-01,2.12727e+00,-8.35794e-03,
1.07243e+04,2.86406e+08,1.38990e+00,9.94318e-01,7.69847e-04,
6.01638e+04,2.86466e+08,5.04663e-01,2.28804e+00,-9.93825e-04,
2.98400e+04,2.86496e+08,6.77079e-01,6.26624e+00,-1.70853e-03,
5.82015e+05,2.87078e+08,1.16691e+00,5.45314e+00,3.73487e-03,
2.55656e+04,2.87103e+08,1.17180e+00,4.86537e+00,-9.99314e-03,
1.12222e+04,2.87115e+08,4.21295e-01,4.37978e+00,-4.62368e-03,
2.70674e+04,2.87142e+08,7.63155e-02,3.63811e+00,-8.36908e-03,
1.29488e+04,2.87155e+08,4.42159e-01,1.46716e-01,-4.74660e-03,
1.08509e+04,2.87165e+08,2.32070e-01,3.85641e+00,-5.44003e-03,
1.65447e+04,2.87182e+08,8.99368e-01,2.63666e+00,3.58925e-03,
1.89319e+04,2.87201e+08,4.77497e-01,4.40943e-01,-5.60981e-03,
1.99687e+04,2.87221e+08,8.28118e-01,5.24784e+00,-6.11309e-03,
4.67439e+04,2.87268e+08,1.70503e-01,5.08385e+00,-4.56105e-03,
1.17018e+04,2.87279e+08,1.04860e+00,1.76329e+00,-1.95084e-03,
2.20534e+04,2.87301e+08,6.75980e-01,5.61394e+00,-9.29471e-03,
5.24389e+04,2.87354e+08,1.66945e+00,6.00385e+00,8.16081e-03,
7.54202e+04,2.87429e+08,4.17446e-01,5.88374e+00,-1.51978e-03,
3.31325e+04,2.87462e+08,2.14921e-01,3.47660e+00,-6.85179e-04,
1.46895e+05,2.87609e+08,8.36982e-01,4.33933e+00,-7.16887e-03,
2.24992e+04,2.87632e+08,2.72413e-01,4.21359e+00,-3.31301e-04,
1.41432e+04,2.87646e+08,7.35353e-01,2.49040e+00,-5.96008e-03,
2.66789e+04,2.87673e+08,2.87766e-01,3.56260e+00,2.03987e-04,
1.85046e+04,2.87691e+08,3.28247e-01,6.13583e+00,-7.47793e-03,
6.79873e+04,2.87759e+08,1.28916e-01,6.70218e-01,-5.75669e-03,
1.13785e+04,2.87770e+08,1.14259e+00,1.52200e+00,-1.76957e-03,
3.18502e+04,2.87802e+08,5.47311e-01,1.36143e+00,-7.08321e-03,
1.12743e+04,2.87814e+08,5.54054e-01,1.91397e-01,4.58951e-03,
4.68853e+04,2.87860e+08,5.69249e-01,2.98647e+00,-3.72181e-03,
1.06785e+04,2.87871e+08,1.91056e-01,5.74059e-01,8.36308e-03,
1.93809e+04,2.87891e+08,4.99325e-01,2.44260e+00,-7.56213e-03,
6.46198e+04,2.87955e+08,3.69721e-01,8.53481e-01,-1.29860e-03,
5.38156e+04,2.88009e+08,2.66270e-01,1.29049e+00,-7.03165e-03,
1.34475e+04,2.88022e+08,1.04236e-01,2.43393e+00,-8.60186e-03,
1.60186e+04,2.88038e+08,1.33136e+00,2.53686e+00,-5.22601e-03,
1.56211e+04,2.88054e+08,4.75938e-01,2.05340e+00,-4.36899e-03,
3.14708e+04,2.88086e+08,6.74047e-01,1.96721e+00,-6.60291e-03,
1.06688e+04,2.88096e+08,1.16870e+00,7.55658e-01,-2.07429e-03,
1.01980e+04,2.88106e+08,8.17978e-01,2.61213e+00,1.79801e-03,
2.62604e+04,2.88133e+08,7.09641e-01,2.91810e+00,4.52212e-03,
8.22935e+04,2.88215e+08,9.21412e-01,5.00294e-01,-7.68413e-04,
2.32179e+04,2.88238e+08,2.68842e-01,6.22667e+00,-1.09509e-04,
4.26367e+04,2.88281e+08,2.05019e+00,2.14438e+00,2.82483e-03,
1.15736e+04,2.88292e+08,9.78342e-02,4.85607e+00,-6.37701e-03,
1.14626e+04,2.88304e+08,1.95452e+00,2.98280e+00,-9.82676e-03,
3.28590e+05,2.88632e+08,4.97749e-01,4.17071e+00,3.95719e-03,
4.87416e+04,2.88681e+08,4.35558e-01,1.14203e+00,-3.68589e-03,
1.21061e+04,2.88693e+08,4.50870e-01,4.40794e+00,5.23551e-03,
1.97853e+05,2.88891e+08,3.16039e-01,1.52862e-01,-4.40273e-03,
4.61647e+04,2.88937e+08,1.43096e-01,2.59846e-01,-2.21039e-03,
1.28635e+04,2.88950e+08,1.23345e-01,9.17610e-02,-6.30014e-03,
2.14394e+04,2.88972e+08,5.42153e-01,3.35110e+00,-9.41945e-03,
2.47259e+04,2.88996e+08,5.16615e-01,4.75635e+00,5.40859e-03,
1.74597e+04,2.89014e+08,4.92759e-01,2.84149e+00,2.04292e-03,
2.57997e+04,2.89040e+08,1.99134e-01,3.91821e+00,-1.43264e-03,
1.60137e+04,2.89056e+08,4.28970e-01,6.28227e-01,-3.31801e-03,
2.04440e+05,2.89260e+08,3.45254e-01,1.28881e+00,-4.48959e-04,
2.17152e+04,2.89282e+08,1.55676e+00,6.10495e+00,-1.59189e-03,
1.92392e+05,2.89474e+08,3.78311e-01,1.97751e+00,-4.64353e-03,
5.75559e+04,2.89532e+08,2.66796e-01,1.94137e+00,-4.24293e-03,
1.25837e+04,2.89544e+08,4.04487e-01,3.18380e+00,6.14744e-04,
2.09021e+04,2.89565e+08,6.00831e-01,3.98185e+00,-8.02524e-03,
2.50692e+04,2.89590e+08,4.35783e-01,5.58573e+00,-2.22016e-03,
2.58836e+04,2.89616e+08,5.63668e-01,1.23878e+00,6.48729e-03,
1.88587e+04,2.89635e+08,3.91198e-01,1.12254e+00,-3.29677e-03,
2.29504e+05,2.89864e+08,3.03794e-01,1.24999e+00,5.16460e-05,
1.62441e+04,2.89881e+08,1.33250e-01,1.57214e+00,2.38205e-03,
2.94752e+04,2.89910e+08,1.03845e+00,5.11820e+00,-1.93060e-03,
2.47246e+04,2.89935e+08,1.91659e+00,2.97465e+00,-1.80680e-03,
1.16103e+04,2.89947e+08,1.66193e+00,3.97473e+00,4.37850e-03,
1.47395e+04,2.89961e+08,4.37170e-01,3.25756e-01,-1.08696e-04,
2.17858e+04,2.89983e+08,1.35824e+00,4.67936e+00,2.56471e-03,
1.87540e+04,2.90002e+08,1.65770e-02,5.45138e+00,-1.72299e-03,
5.16871e+04,2.90054e+08,4.84396e-01,6.77463e-01,-4.27700e-03,
1.20355e+04,2.90066e+08,9.08636e-01,3.19427e-01,-7.47567e-03,
2.68701e+04,2.90092e+08,1.55030e+00,3.42156e+00,-3.50580e-03,
4.42352e+04,2.90137e+08,3.94484e-01,2.16512e+00,3.64712e-03,
4.94858e+04,2.90186e+08,9.78037e-01,3.75152e+00,-5.31712e-03,
2.82858e+04,2.90214e+08,1.22156e+00,2.93918e+00,-5.80783e-03,
7.47755e+04,2.90289e+08,2.73973e-01,4.24720e+00,2.07438e-03,
1.02910e+04,2.90299e+08,9.97129e-01,5.55966e+00,-3.11368e-03,
1.12119e+04,2.90311e+08,1.05974e+00,9.62709e-01,-7.69398e-03,
2.30533e+04,2.90334e+08,4.12277e-01,5.12677e+00,3.58574e-03,
1.19946e+04,2.90346e+08,8.54297e-01,5.92384e+00,-2.55738e-03,
9.74944e+04,2.90443e+08,5.55142e-01,1.99599e+00,-3.64609e-04,
1.23511e+05,2.90567e+08,1.18932e+00,1.73495e-01,-6.59662e-03,
2.65800e+04,2.90593e+08,1.60960e+00,1.41064e+00,9.41470e-03,
4.24700e+04,2.90636e+08,1.94516e-01,3.96439e+00,-4.27717e-03,
1.94443e+05,2.90830e+08,7.82622e-01,3.19406e+00,-7.21901e-03,
4.57067e+04,2.90876e+08,6.29052e-01,4.24911e+00,8.05244e-03,
1.14174e+04,2.90887e+08,1.00900e+00,4.85316e+00,-4.10277e-04,
1.01094e+04,2.90897e+08,9.44838e-02,2.25106e+00,-4.32606e-03,
8.17728e+04,2.90979e+08,3.01177e-01,2.63389e+00,3.74189e-03,
7.06791e+04,2.91050e+08,1.54686e+00,4.47222e+00,4.82055e-03,
1.21296e+04,2.91062e+08,5.54705e-01,3.71584e+00,-4.92872e-03,
1.21958e+05,2.91184e+08,2.18944e+00,1.27302e+00,-4.76571e-03,
2.54800e+04,2.91210e+08,4.02278e-01,1.18731e+00,4.87269e-03,
1.17205e+06,2.92382e+08,2.42998e-01,5.81304e+00,-3.59367e-03,
2.81944e+04,2.92410e+08,5.57191e-01,3.12379e-01,8.87508e-03,
1.65659e+04,2.92426e+08,1.54746e-01,9.55047e-01,-4.62628e-03,
1.40510e+05,2.92567e+08,1.78506e-01,2.84461e-01,6.55191e-03,
1.16763e+04,2.92579e+08,2.28803e-01,3.65016e+00,-3.92557e-03,
9.00020e+04,2.92669e+08,1.85190e-01,1.98826e+00,-5.07828e-03,
1.07786e+04,2.92679e+08,1.81286e-01,3.99297e+00,9.00331e-03,
1.36642e+04,2.92693e+08,5.85615e-01,3.47355e+00,-9.86432e-03,
1.56098e+04,2.92709e+08,8.04995e-01,4.47888e+00,-6.72957e-03,
1.02215e+05,2.92811e+08,2.47211e-01,8.93426e-01,-9.53277e-03,
4.54301e+04,2.92856e+08,1.20612e+00,5.20821e+00,2.60744e-03,
5.48951e+05,2.93405e+08,9.34135e-01,4.33039e+00,1.30565e-03,
1.03141e+04,2.93415e+08,9.68413e-01,2.92743e+00,-3.77275e-03,
2.49750e+05,2.93665e+08,1.26985e+00,3.88029e+00,-6.34558e-03,
1.08989e+04,2.93676e+08,2.56661e-01,3.94132e+00,2.88946e-03,
1.35567e+04,2.93690e+08,3.82440e-01,3.03064e+00,-7.74020e-03,
1.15718e+04,2.93701e+08,6.00024e-01,2.13068e+00,-5.22148e-03,
4.98732e+04,2.93751e+08,1.09381e+00,9.72468e-01,4.56203e-03,
8.91617e+05,2.94643e+08,6.24064e-01,5.23396e+00,-1.70595e-03,
2.40702e+05,2.94883e+08,4.45536e-01,5.40936e-01,-3.06046e-03,
1.27960e+04,2.94896e+08,6.47912e-01,5.58711e+00,-9.68521e-03,
8.16663e+04,2.94978e+08,6.96454e-01,2.04173e+00,6.29289e-04,
7.55081e+04,2.95053e+08,3.87668e-02,5.80747e+00,5.94243e-03,
2.38842e+04,2.95077e+08,7.32332e-01,3.15266e+00,1.63242e-03,
1.22735e+04,2.95090e+08,5.09931e-01,3.32842e+00,4.66963e-03,
6.46839e+04,2.95154e+08,6.02021e-01,5.49574e+00,4.68318e-03,
2.63104e+04,2.95181e+08,3.32975e-01,3.41973e+00,5.76774e-04,
2.57579e+04,2.95206e+08,1.50159e+00,5.50592e+00,9.74379e-03,
1.07461e+05,2.95314e+08,7.99619e-01,2.18378e+00,5.61538e-05,
1.08809e+04,2.95325e+08,5.76387e-01,3.33514e+00,-6.95105e-03,
5.86718e+04,2.95383e+08,3.48865e-01,6.15465e+00,5.07518e-03,
3.19642e+04,2.95415e+08,5.49857e-01,3.00054e+00,-6.66291e-03,
5.71149e+05,2.95986e+08,4.38095e-01,6.03953e+00,-6.87645e-03,
5.16678e+04,2.96038e+08,5.82249e-01,5.86560e+00,4.57728e-03,
7.54272e+05,2.96792e+08,1.12394e+00,2.90769e+00,9.69025e-03,
1.45082e+04,2.96807e+08,3.21210e-02,6.13176e+00,2.50738e-03,
2.20499e+04,2.96829e+08,3.29621e-01,4.07118e+00,-9.91421e-04,
2.28922e+04,2.96852e+08,6.52086e-01,1.73990e+00,-7.82863e-04,
9.51453e+05,2.97803e+08,3.08525e-01,5.90892e+00,-6.90976e-03,
3.29228e+04,2.97836e+08,2.76943e-01,5.75914e+00,9.25025e-03,
1.72745e+04,2.97853e+08,6.98253e-01,4.96039e+00,-1.97335e-03,
1.08394e+04,2.97864e+08,5.97217e-01,5.26300e+00,7.54526e-03,
2.87974e+04,2.97893e+08,1.07467e+00,5.72975e+00,4.30326e-03,
1.22949e+04,2.97905e+08,1.34405e+00,4.94415e+00,-2.16759e-04,
1.16639e+04,2.97917e+08,2.57255e-01,4.00087e+00,-5.49450e-03,
3.30613e+04,2.97950e+08,5.11279e-01,5.71142e+00,-6.96565e-04,
1.36483e+06,2.99315e+08,7.18046e-01,9.99616e-01,-3.24347e-03,
1.02371e+04,2.99325e+08,7.17697e-01,4.21069e+00,-2.62153e-03,
1.39332e+04,2.99339e+08,7.07395e-01,5.64668e+00,3.37869e-03,
1.11775e+04,2.99350e+08,3.15826e-01,4.94476e+00,9.40411e-03,
1.04260e+05,2.99455e+08,5.89631e-01,3.89933e+00,-7.98461e-03,
1.73929e+04,2.99472e+08,4.39818e-01,3.17922e+00,2.93493e-03,
4.76818e+04,2.99520e+08,3.86554e-01,4.87181e+00,-7.07308e-03,
1.48228e+04,2.99534e+08,1.85069e-01,5.13439e+00,-1.77035e-03,
1.10328e+04,2.99546e+08,3.10280e-01,6.28124e+00,7.40798e-03,
3.61051e+05,2.99907e+08,9.54711e-02,1.60296e-01,8.57553e-03,
1.17087e+04,2.99918e+08,2.53628e-01,5.67144e+00,3.64620e-03,
1.34453e+04,2.99932e+08,6.85848e-01,3.22859e+00,-7.18910e-03,
1.40439e+04,2.99946e+08,3.60574e-01,1.74339e+00,-8.26662e-03,
1.83663e+04,2.99964e+08,2.53202e-01,9.98146e-01,-5.33863e-03,
2.07200e+04,2.99985e+08,3.62084e-01,4.26194e+00,-7.25279e-03,
1.04474e+04,2.99995e+08,1.40465e-01,3.36577e+00,-2.25178e-03,
3.04695e+04,3.00026e+08,4.72866e-01,1.09082e-01,-9.02467e-03,
2.79378e+04,3.00054e+08,3.15603e-01,1.97970e+00,1.05610e-03,
8.30003e+04,3.00137e+08,4.57164e-01,5.93596e+00,-1.35835e-03,
1.75681e+04,3.00154e+08,5.39988e-01,1.38892e+00,-8.83684e-03,
1.30672e+04,3.00167e+08,1.33663e-01,7.72047e-01,1.78724e-03,
2.26796e+04,3.00190e+08,2.72557e-01,2.65114e+00,3.98312e-03,
2.98093e+04,3.00220e+08,7.50407e-01,6.87376e-02,-5.76556e-03,
1.57423e+04,3.00236e+08,1.46702e+00,3.10552e+00,9.88532e-03,
8.36991e+04,3.00319e+08,1.31570e+00,3.86783e+00,3.63982e-03,
6.31374e+05,3.00951e+08,1.52365e-01,3.64847e+00,-2.16080e-03,
3.16612e+04,3.00982e+08,1.77793e-01,3.55688e+00,8.33661e-03,
1.17755e+04,3.00994e+08,6.42109e-02,3.94090e+00,-9.90256e-03,
1.80196e+04,3.01012e+08,1.99955e-01,2.35349e+00,8.49889e-03,
7.25350e+04,3.01085e+08,4.80811e-01,3.74786e+00,5.56894e-03,
1.66749e+04,3.01101e+08,9.84233e-01,4.21469e+00,-8.20927e-03,
1.32451e+04,3.01115e+08,9.00518e-02,2.74668e+00,1.94445e-03,
1.09533e+04,3.01126e+08,4.98234e-01,3.80628e+00,-8.88433e-03,
2.43732e+04,3.01150e+08,7.12202e-01,5.42692e+00,-9.09421e-03,
5.11928e+04,3.01201e+08,4.70827e-01,3.26016e+00,-4.42513e-03,
3.53143e+04,3.01236e+08,4.89457e-01,7.47403e-01,3.11908e-03,
1.38774e+04,3.01250e+08,1.14256e+00,3.57153e+00,6.67257e-03,
1.34079e+04,3.01264e+08,5.71353e-01,4.92723e+00,3.83552e-04,
1.21926e+04,3.01276e+08,7.72459e-01,1.83257e+00,2.79133e-03,
3.02463e+05,3.01578e+08,5.19660e-01,4.69576e+00,-3.32260e-03,
3.19026e+04,3.01610e+08,1.33731e+00,3.05587e+00,5.83942e-03,
1.67766e+05,3.01778e+08,9.71565e-01,3.66520e+00,-6.00341e-03,
1.35667e+04,3.01792e+08,1.34672e-01,5.53681e-01,8.90254e-03,
1.82819e+04,3.01810e+08,5.41900e-01,5.11750e+00,-8.84922e-03,
2.44192e+04,3.01834e+08,6.95422e-01,2.85290e+00,6.35093e-03,
1.09736e+04,3.01845e+08,6.42900e-01,3.49272e+00,-6.70983e-03,
1.01559e+04,3.01855e+08,7.39172e-01,3.34262e+00,-7.59832e-03,
2.09211e+04,3.01876e+08,3.43642e-01,3.04260e+00,2.34002e-03,
1.87704e+04,3.01895e+08,7.90742e-01,4.01097e+00,2.89623e-03,
1.16200e+04,3.01907e+08,9.21125e-01,3.68334e+00,-8.75867e-03,
2.23768e+04,3.01929e+08,1.07079e+00,1.35404e+00,-2.45437e-03,
2.85188e+04,3.01958e+08,9.96273e-01,3.05217e+00,7.83878e-03,
5.06539e+04,3.02008e+08,6.00178e-01,6.01484e+00,-2.37036e-03,
8.01945e+04,3.02088e+08,1.72238e-01,3.30467e+00,-3.92768e-03,
1.40448e+04,3.02102e+08,1.17884e+00,2.57058e+00,8.67955e-03,
1.42196e+04,3.02117e+08,8.28497e-01,3.11822e+00,5.88022e-03,
5.89901e+04,3.02176e+08,6.21420e-01,1.37347e+00,3.92665e-03,
2.87423e+04,3.02204e+08,3.02327e-01,5.08491e+00,6.51603e-03,
2.70443e+04,3.02231e+08,9.32792e-01,6.25541e+00,-2.82182e-03,
3.09624e+04,3.02262e+08,6.74178e-01,1.46286e-01,6.71152e-03,
1.28879e+04,3.02275e+08,4.94866e-01,3.31102e+00,-1.72544e-03,
2.30542e+04,3.02298e+08,2.17341e-01,7.28013e-01,-7.40848e-03,
1.20384e+05,3.02419e+08,5.89602e-01,2.61876e+00,-8.67942e-03,
2.84201e+04,3.02447e+08,3.27760e-01,9.30513e-01,1.84918e-03,
1.77719e+04,3.02465e+08,3.90560e-01,3.33164e+00,1.65275e-04,
2.90257e+04,3.02494e+08,6.00822e-01,1.30577e+00,-3.91019e-03,
1.43617e+04,3.02508e+08,1.11341e-01,4.41274e+00,-4.03996e-03,
6.43319e+04,3.02573e+08,6.15886e-01,5.54422e+00,3.76256e-03,
1.64049e+04,3.02589e+08,4.14274e-01,7.06764e-01,-4.70882e-03,
1.52756e+04,3.02604e+08,4.25424e-01,6.11845e+00,5.56880e-04,
1.39107e+04,3.02618e+08,2.10769e-01,1.72685e+00,8.57004e-03,
4.01585e+04,3.02658e+08,8.46897e-01,1.50071e+00,3.55886e-03,
2.44075e+04,3.02683e+08,7.43974e-01,1.10764e+00,5.21391e-03,
1.07507e+04,3.02694e+08,3.61398e-01,1.40699e+00,6.71532e-03,
1.13806e+05,3.02807e+08,7.21800e-01,4.97254e+00,-5.47771e-03,
1.04570e+04,3.02818e+08,3.30726e-01,4.06011e+00,-1.18383e-03,
1.68430e+04,3.02835e+08,4.40731e-01,5.13961e+00,3.12215e-03,
3.49311e+04,3.02870e+08,5.19825e-01,3.41819e+00,-7.63166e-03,
1.06176e+04,3.02880e+08,4.62096e-01,4.57633e+00,1.32684e-03,
1.11236e+04,3.02891e+08,3.75031e-01,2.39583e+00,5.99302e-04,
3.26360e+04,3.02924e+08,6.42563e-01,1.99473e-01,-5.08172e-03,
1.34150e+04,3.02937e+08,1.14425e+00,2.57400e+00,-3.82379e-03,
1.43822e+04,3.02952e+08,8.06062e-02,4.57308e+00,5.58822e-03,
2.77897e+04,3.02980e+08,7.02598e-01,6.38864e-01,-1.80876e-03,
5.01525e+04,3.03030e+08,2.74767e-01,4.80407e-02,-9.20852e-03,
1.17966e+04,3.03042e+08,5.60720e-01,3.55920e+00,9.34104e-03,
1.81667e+05,3.03223e+08,4.34466e-01,4.06623e+00,-5.71338e-03,
4.09863e+04,3.03264e+08,3.32560e-01,1.78031e+00,6.45031e-03,
1.55329e+04,3.03280e+08,1.65006e+00,1.41823e+00,-4.36467e-03,
1.34942e+05,3.03415e+08,9.89836e-01,5.38295e+00,5.75780e-03,
8.07737e+04,3.03495e+08,2.77519e-01,2.96793e+00,-2.06192e-03,
3.29885e+04,3.03528e+08,1.34996e+00,2.16300e+00,-2.81234e-03,
1.11687e+04,3.03540e+08,1.78878e-01,3.45244e+00,7.71110e-03,
1.17347e+05,3.03657e+08,4.16330e-01,1.10145e+00,1.51306e-03,
7.05571e+04,3.03728e+08,1.15727e+00,3.59511e+00,-3.42280e-03,
1.49940e+04,3.03743e+08,3.22172e-01,2.26791e+00,2.74477e-03,
1.75602e+04,3.03760e+08,1.68891e-01,3.25095e+00,9.06689e-03,
1.22371e+04,3.03772e+08,5.48388e-01,2.31621e+00,4.39310e-03,
3.08745e+04,3.03803e+08,1.02308e+00,4.51691e+00,-4.85089e-03,
1.22942e+04,3.03815e+08,1.15486e+00,2.68616e+00,4.64622e-03,
3.04595e+05,3.04120e+08,3.61682e-01,2.72988e+00,3.09288e-03,
7.38929e+04,3.04194e+08,1.72904e-01,4.99143e+00,-3.46322e-03,
2.99242e+04,3.04224e+08,1.15331e+00,3.68319e+00,-7.33117e-03,
2.50879e+04,3.04249e+08,1.02074e-01,3.23346e+00,9.55497e-05,
9.07126e+04,3.04340e+08,1.91317e-01,6.80809e-01,-3.77772e-03,
1.50952e+04,3.04355e+08,7.35936e-01,5.09411e+00,-5.63326e-03,
5.13805e+04,3.04406e+08,6.02256e-01,3.65281e+00,5.69407e-03,
6.86303e+04,3.04475e+08,4.39571e-01,3.91768e+00,9.28968e-03,
1.40248e+05,3.04615e+08,1.85560e+00,5.94653e+00,-7.66152e-03,
2.25068e+04,3.04638e+08,6.80338e-02,3.36187e+00,9.91455e-03,
1.91369e+05,3.04829e+08,2.36426e+00,1.93265e+00,-9.31707e-03,
1.68377e+04,3.04846e+08,2.90640e-01,3.63602e+00,-1.95027e-03,
2.67145e+04,3.04872e+08,2.25792e-01,4.96653e+00,-1.33176e-03,
1.68645e+04,3.04889e+08,8.69625e-01,2.17072e+00,-4.23961e-03,
1.95025e+04,3.04909e+08,4.68505e-02,6.24932e+00,5.13244e-03,
2.24294e+04,3.04931e+08,1.39748e-01,1.26132e+00,-3.92003e-03,
2.55166e+04,3.04957e+08,5.16410e-01,3.58389e+00,5.33330e-04,
6.69360e+04,3.05024e+08,1.35629e+00,1.54270e+00,-4.34762e-03,
2.71207e+04,3.05051e+08,8.49853e-01,2.26753e+00,-7.79199e-03,
1.64776e+04,3.05067e+08,1.99416e-01,4.10794e+00,-1.99247e-05,
1.02303e+04,3.05078e+08,5.61403e-01,5.90940e+00,1.53076e-03,
1.42511e+04,3.05092e+08,1.02121e+00,4.11603e+00,7.63550e-03,
1.09770e+04,3.05103e+08,1.20310e-01,3.75253e+00,-6.49721e-03,
1.94391e+04,3.05122e+08,2.95922e-01,3.41427e+00,-4.87391e-03,
2.66906e+05,3.05389e+08,1.60438e-01,5.20870e+00,-8.37710e-03,
2.11032e+05,3.05600e+08,6.73035e-01,3.34769e-01,-9.38806e-04,
1.70974e+04,3.05617e+08,2.18129e-01,4.41042e+00,6.79326e-03,
2.15895e+04,3.05639e+08,4.49734e-01,4.50522e+00,4.15431e-03,
2.72574e+05,3.05911e+08,3.35166e-01,3.76900e-01,7.79880e-03,
1.65300e+04,3.05928e+08,3.13831e-01,5.12102e+00,-2.05179e-03,
6.79448e+04,3.05996e+08,8.95246e-01,3.98925e+00,-3.29986e-03,
1.15464e+04,3.06007e+08,3.43688e-01,3.01725e+00,-5.08475e-03,
6.25897e+04,3.06070e+08,1.59772e-01,2.09150e+00,7.72635e-03,
1.89698e+04,3.06089e+08,1.15089e-01,3.13908e+00,-7.89011e-03,
6.50075e+04,3.06154e+08,3.47614e-01,4.30972e+00,-9.80801e-03,
1.98897e+04,3.06174e+08,1.17786e+00,9.31545e-01,-3.50400e-03,
2.34425e+04,3.06197e+08,9.36476e-01,1.48113e-01,-3.83368e-03,
1.25887e+04,3.06210e+08,7.19392e-01,4.00938e+00,-1.45389e-03,
3.41812e+05,3.06552e+08,2.11457e-01,6.83562e-01,9.80526e-03,
1.57594e+05,3.06709e+08,1.36728e+00,1.67479e+00,-7.91839e-03,
1.30555e+04,3.06722e+08,8.74404e-01,2.43466e+00,-1.34559e-03,
1.42396e+04,3.06737e+08,4.52831e-01,5.20882e+00,-8.66160e-03,
3.62433e+04,3.06773e+08,3.82855e-01,1.36538e+00,-2.27379e-04,
1.82351e+04,3.06791e+08,1.18758e-01,1.36682e+00,-8.02901e-04,
2.14386e+04,3.06813e+08,1.35964e-01,5.05031e+00,1.03243e-04,
1.66466e+04,3.06829e+08,3.42792e-01,5.12762e+00,6.56381e-03,
1.18895e+04,3.06841e+08,1.25689e-02,4.46108e+00,5.60395e-03,
1.39568e+04,3.06855e+08,9.92516e-01,6.05708e+00,-4.96809e-04,
2.05869e+04,3.06876e+08,1.59184e+00,3.69366e+00,8.50701e-03,
2.82162e+04,3.06904e+08,4.17326e-01,3.51873e+00,6.73392e-03,
4.74105e+04,3.06951e+08,1.40201e-01,5.29960e+00,7.56653e-03,
2.01815e+04,3.06971e+08,5.37091e-01,2.87921e-01,4.91465e-03,
2.10151e+04,3.06992e+08,1.03752e+00,2.35868e+00,7.08713e-04,
1.04966e+04,3.07003e+08,1.07788e+00,1.65873e+00,4.40767e-03,
1.28858e+04,3.07016e+08,7.80894e-01,2.63743e-01,-6.28238e-03,
2.16845e+06,3.09184e+08,2.34714e+00,3.79255e+00,1.31380e-03,
5.79441e+04,3.09242e+08,4.53255e-01,2.30058e+00,-6.35489e-03,
1.32468e+04,3.09255e+08,1.56012e+00,4.85687e+00,8.35611e-03,
2.97178e+04,3.09285e+08,1.11823e+00,1.64399e+00,9.01531e-03,
1.45327e+04,3.09300e+08,6.42035e-01,9.03241e-01,6.09625e-03,
2.83104e+04,3.09328e+08,9.08831e-01,3.80231e+00,-3.31244e-03,
2.73443e+04,3.09355e+08,1.29446e+00,2.35200e-01,-8.14628e-03,
1.24823e+04,3.09368e+08,7.06276e-01,3.11447e+00,8.87942e-03,
1.53939e+04,3.09383e+08,5.10693e-01,4.98225e+00,2.98457e-03,
2.17649e+04,3.09405e+08,1.07054e-01,2.91935e+00,8.24962e-03,
1.03123e+04,3.09415e+08,9.03305e-01,3.72551e+00,8.90801e-04,
2.10085e+04,3.09436e+08,6.50934e-01,7.90090e-01,6.80956e-03,
1.67120e+04,3.09453e+08,3.85734e-01,8.75431e-01,2.18083e-03,
5.33505e+05,3.09987e+08,4.70766e-01,5.96155e+00,-2.94117e-03,
1.28897e+05,3.10115e+08,2.53151e-02,5.48916e+00,9.61327e-03,
1.09481e+05,3.10225e+08,9.42511e-01,5.81000e-01,2.28093e-03,
1.07762e+04,3.10236e+08,3.16807e-01,2.51352e+00,-7.16478e-03,
2.01890e+04,3.10256e+08,3.56890e-01,3.84263e-02,9.29267e-03,
3.72439e+04,3.10293e+08,1.31311e+00,4.78320e+00,3.00613e-03,
1.26826e+04,3.10306e+08,1.62552e-01,4.69879e-01,1.52219e-03,
1.39550e+04,3.10320e+08,1.27646e+00,1.13042e+00,3.88871e-03,
2.55847e+04,3.10345e+08,4.20706e-01,6.93232e-01,9.08948e-03,
1.72949e+04,3.10363e+08,4.27465e-01,3.22248e+00,-3.93821e-03,
4.42798e+05,3.10805e+08,6.29080e-01,5.46548e+00,-1.98148e-03,
2.59682e+05,3.11065e+08,8.29918e-01,5.16107e+00,-8.33090e-03,
1.39107e+04,3.11079e+08,9.93088e-01,5.24630e+00,5.12258e-03,
1.06538e+04,3.11090e+08,2.41025e-01,2.74136e+00,-3.96911e-03,
1.13684e+04,3.11101e+08,5.29452e-01,8.92018e-01,9.30333e-03,
1.49858e+05,3.11251e+08,7.39049e-01,4.59439e+00,-1.91928e-03,
3.83952e+04,3.11289e+08,8.90829e-01,3.38842e+00,-4.24577e-03,
1.40757e+04,3.11303e+08,7.27009e-01,2.01451e+00,-8.82600e-03,
1.14039e+04,3.11315e+08,2.96692e-01,5.58289e+00,6.09558e-03,
5.79216e+05,3.11894e+08,1.08476e+00,1.31906e+00,-1.28695e-03,
1.94959e+04,3.11914e+08,9.49863e-01,2.23261e+00,-1.20420e-03,
4.19111e+04,3.11955e+08,5.08333e-02,2.41314e+00,-9.45303e-03,
2.65320e+04,3.11982e+08,8.00673e-01,8.48442e-01,5.59622e-03,
2.12529e+04,3.12003e+08,2.07686e-01,5.88265e+00,2.98370e-03,
1.06121e+04,3.12014e+08,6.45026e-01,1.07754e+00,-8.06126e-03,
1.11813e+04,3.12025e+08,9.73296e-01,8.88689e-01,-1.58216e-03,
1.40150e+04,3.12039e+08,2.00067e-01,6.11709e+00,4.41377e-03,
3.97780e+04,3.12079e+08,1.89904e-01,1.60412e+00,-3.06056e-03,
2.00627e+04,3.12099e+08,7.60774e-01,3.24738e+00,9.21886e-03,
5.95772e+04,3.12158e+08,8.72489e-01,5.36539e+00,-7.21755e-03,
1.64647e+04,3.12175e+08,3.30421e-01,2.08784e-01,-5.43980e-03,
1.44206e+04,3.12189e+08,5.09102e-01,3.38932e+00,7.70035e-03,
1.04606e+04,3.12200e+08,2.16365e-01,8.55167e-01,9.86906e-03,
1.00445e+04,3.12210e+08,2.13210e-01,3.00439e-01,-1.84583e-03,
6.07134e+05,3.12817e+08,7.40850e-01,3.64196e+00,-8.29399e-03,
1.28826e+04,3.12830e+08,5.96400e-01,1.92366e-01,-7.79781e-03,
2.13244e+04,3.12851e+08,1.52882e-01,6.79891e-01,-3.23941e-03,
1.02717e+04,3.12861e+08,3.67455e-01,2.38220e+00,1.91033e-03,
1.71277e+04,3.12879e+08,4.84832e-01,8.55737e-01,6.75878e-03,
1.04959e+04,3.12889e+08,9.46204e-02,3.65827e+00,-9.11359e-03,
4.33795e+04,3.12932e+08,1.98136e+00,3.24475e-01,-1.79076e-03,
1.03676e+04,3.12943e+08,4.05649e-01,1.53509e+00,-8.76635e-03,
2.72337e+04,3.12970e+08,3.04119e-01,1.18532e+00,4.76930e-03,
5.65229e+04,3.13027e+08,1.46814e+00,1.22005e+00,-8.36574e-03,
1.35741e+04,3.13040e+08,3.64088e-01,5.29805e+00,1.26239e-03,
1.60668e+04,3.13056e+08,4.64580e-01,4.48844e+00,8.56018e-04,
1.29323e+04,3.13069e+08,4.04122e-01,1.22809e+00,-3.93595e-03,
3.07463e+04,3.13100e+08,8.17252e-01,2.57255e+00,3.26247e-03,
2.35375e+04,3.13123e+08,5.85393e-01,1.80419e-01,-9.50906e-03,
1.76199e+05,3.13300e+08,5.05769e-01,1.05673e+00,5.17107e-03,
1.72310e+04,3.13317e+08,8.87396e-01,9.01817e-01,-2.77733e-03,
4.15633e+04,3.13358e+08,3.15396e-01,3.14800e+00,-8.68515e-04,
2.79069e+04,3.13386e+08,7.03419e-01,9.22267e-01,7.42463e-03,
2.70907e+04,3.13413e+08,4.00008e-01,5.16293e+00,8.56482e-03,
1.54969e+05,3.13568e+08,3.42212e-01,3.37138e-01,-4.16894e-04,
5.39014e+04,3.13622e+08,4.15652e-01,5.79087e+00,-2.44499e-03,
2.36578e+04,3.13646e+08,1.04328e+00,5.55823e+00,-1.01222e-03,
2.17684e+04,3.13668e+08,1.29615e+00,3.21436e+00,-2.60178e-03,
4.18162e+04,3.13710e+08,3.25560e-01,2.99666e+00,4.39198e-03,
2.94294e+04,3.13739e+08,3.65540e-01,5.05102e+00,-6.29219e-03,
2.22671e+04,3.13761e+08,5.20558e-01,1.92538e+00,-2.32833e-03,
5.76240e+04,3.13819e+08,6.57418e-01,2.05650e+00,-1.40665e-03,
2.30797e+05,3.14050e+08,1.00258e+00,1.79492e+00,-2.17856e-03,
1.23002e+04,3.14062e+08,4.32105e-01,2.33327e+00,7.86977e-03,
1.62712e+04,3.14078e+08,1.39783e+00,1.56461e+00,9.66635e-03,
2.70758e+04,3.14105e+08,8.79800e-01,2.89524e+00,-1.20867e-03,
1.04110e+04,3.14116e+08,3.68251e-01,2.90123e+00,-9.70572e-03,
3.60353e+04,3.14152e+08,5.95700e-01,2.29198e+00,-8.08409e-03,
5.79563e+04,3.14210e+08,1.35101e-01,1.06023e+00,-6.14658e-03,
2.79473e+04,3.14238e+08,2.70600e-01,1.67804e+00,-1.92424e-03,
3.48911e+04,3.14273e+08,3.46211e-01,3.33262e+00,-1.35216e-03,
1.19602e+04,3.14284e+08,7.26346e-02,4.76430e+00,-4.26851e-03,
3.25956e+04,3.14317e+08,9.32190e-02,5.72037e+00,-5.28815e-04,
2.82590e+04,3.14345e+08,1.64622e-01,4.00270e+00,-8.30087e-03,
3.47478e+04,3.14380e+08,7.08495e-01,3.71656e+00,-7.40087e-03,
1.76486e+04,3.14398e+08,9.72446e-01,1.50003e+00,-2.27454e-03,
1.17919e+04,3.14410e+08,1.26058e+00,2.06013e+00,5.84573e-03,
2.53195e+05,3.14663e+08,1.49697e+00,2.91337e+00,5.57210e-03,
2.11365e+04,3.14684e+08,7.02559e-01,3.08780e+00,4.81483e-03,
1.35200e+04,3.14697e+08,2.35742e-01,4.71619e+00,-7.38871e-03,
1.85990e+05,3.14883e+08,4.11113e-01,1.31298e+00,3.92608e-03,
2.60480e+04,3.14909e+08,1.09682e-01,5.71489e+00,-1.43406e-03,
1.07511e+04,3.14920e+08,1.86968e-01,3.75738e+00,-6.85046e-04,
7.02904e+04,3.14990e+08,1.40866e-01,3.83772e+00,-9.81850e-03,
2.47641e+05,3.15238e+08,2.57860e-01,4.88039e+00,-7.83964e-03,
4.06545e+05,3.15645e+08,3.83891e-01,6.08292e+00,-3.55755e-03,
4.64758e+04,3.15691e+08,9.92340e-01,4.57384e+00,1.52270e-03,
2.96789e+04,3.15721e+08,4.99534e-01,3.33177e+00,1.07502e-03,
1.99070e+04,3.15741e+08,2.80250e-01,3.67079e+00,-4.31617e-04,
2.77974e+04,3.15769e+08,7.10001e-01,3.83067e+00,-3.25823e-03,
9.35964e+04,3.15862e+08,5.45432e-01,1.41792e-01,-7.62985e-03,
9.18982e+04,3.15954e+08,2.99837e-01,3.35121e+00,1.32527e-04,
1.89911e+04,3.15973e+08,1.30181e-01,1.16681e-01,9.72448e-03,
2.96113e+04,3.16003e+08,1.01062e+00,6.06770e+00,-5.74727e-03,
1.74245e+04,3.16020e+08,5.33547e-01,3.00314e-01,-4.17095e-03,
2.99302e+04,3.16050e+08,6.56011e-01,5.60146e+00,-5.59620e-03,
1.78693e+04,3.16068e+08,2.78246e-01,1.36449e-01,-3.91341e-03,
1.17375e+04,3.16080e+08,2.12188e-01,4.76798e-01,9.09446e-03,
1.11213e+04,3.16091e+08,1.32786e+00,8.44778e-01,7.01660e-03,
1.07799e+04,3.16101e+08,2.88456e-01,6.06532e+00,-1.58337e-03,
2.49197e+04,3.16126e+08,8.94369e-01,7.83036e-01,8.42845e-03,
2.47947e+05,3.16374e+08,6.59449e-01,1.49829e+00,7.60478e-03,
2.15492e+04,3.16396e+08,5.00049e-01,5.08594e+00,5.37364e-03,
1.15132e+04,3.16407e+08,4.99717e-01,1.29590e+00,5.76126e-03,
1.33478e+04,3.16421e+08,6.96712e-01,4.83355e+00,-9.65654e-03,
1.20577e+04,3.16433e+08,1.98347e-01,5.79885e+00,5.41280e-03,
6.45292e+04,3.16497e+08,4.23691e-01,3.07620e+00,-1.69036e-03,
7.40221e+04,3.16571e+08,3.57090e-01,5.00608e+00,1.53642e-03,
1.46415e+04,3.16586e+08,7.58896e-02,5.95189e+00,-5.74142e-03,
4.26639e+04,3.16629e+08,7.65209e-01,5.80923e+00,-5.19044e-03,
3.78732e+04,3.16667e+08,1.92295e-01,1.33238e+00,8.15606e-03,
2.62286e+04,3.16693e+08,2.69741e-01,2.11609e+00,-2.18081e-03,
2.00639e+04,3.16713e+08,2.86846e-01,5.36158e+00,6.41064e-03,
1.80472e+04,3.16731e+08,6.17228e-01,2.38219e+00,-4.53067e-03,
3.24304e+04,3.16763e+08,2.56927e-01,3.65074e+00,-8.24747e-03,
1.02699e+05,3.16866e+08,2.26590e-01,4.72071e-01,9.84425e-03,
3.65582e+05,3.17232e+08,7.46487e-01,1.17265e+00,8.61428e-04,
1.99526e+04,3.17252e+08,5.50984e-01,5.07800e+00,-7.84041e-03,
4.45718e+04,3.17296e+08,5.37639e-01,4.21681e+00,-4.06957e-03,
1.56637e+05,3.17453e+08,1.36839e+00,3.05810e+00,1.14721e-03,
3.34219e+04,3.17486e+08,5.93183e-01,1.44023e+00,4.12329e-03,
1.65541e+04,3.17503e+08,9.21020e-01,3.54489e+00,9.95776e-03,
2.15004e+04,3.17524e+08,2.48236e-01,7.20387e-02,-8.74180e-03,
1.84675e+04,3.17543e+08,4.66218e-01,3.69713e+00,6.50296e-04,
1.58908e+04,3.17559e+08,1.28967e-01,6.43276e-01,-2.70846e-03,
1.04391e+04,3.17569e+08,1.37049e+00,6.73425e-01,5.28600e-03,
1.04964e+04,3.17580e+08,2.07024e-01,5.73432e+00,-9.03594e-03,
1.92058e+04,3.17599e+08,3.79119e-01,8.04078e-01,9.18719e-04,
4.21065e+04,3.17641e+08,9.23080e-01,5.28252e+00,6.32198e-03,
6.85493e+04,3.17709e+08,4.68348e-01,3.20285e+00,-2.42324e-03,
1.31405e+04,3.17723e+08,4.00924e-01,3.13475e+00,2.35561e-03,
1.59429e+04,3.17738e+08,4.18011e-01,2.12768e+00,6.08784e-03,
1.46862e+04,3.17753e+08,2.96200e-01,5.54106e-01,2.93789e-03,
8.81882e+04,3.17841e+08,8.26753e-01,9.54280e-01,1.41583e-03,
1.00112e+04,3.17851e+08,3.92270e-01,1.04614e+00,-2.36719e-03,
1.39495e+04,3.17865e+08,3.72800e-01,4.08250e+00,-7.42822e-03,
5.52744e+04,3.17921e+08,7.11131e-01,1.75809e+00,-5.92801e-03,
1.38720e+04,3.17934e+08,5.90136e-01,5.63159e+00,8.62534e-03,
1.68426e+04,3.17951e+08,1.09344e+00,1.03761e+00,-8.07463e-03,
1.28057e+04,3.17964e+08,2.68011e-01,4.27008e+00,6.42497e-03,
2.42977e+05,3.18207e+08,3.43654e-01,5.37915e+00,-7.67728e-03,
4.24761e+04,3.18250e+08,2.78534e-01,1.42853e+00,-5.01732e-04,
1.69726e+05,3.18419e+08,5.07007e-01,3.72691e+00,9.51738e-04,
1.69784e+04,3.18436e+08,8.65869e-01,3.44577e+00,-8.68332e-03,
4.15283e+04,3.18478e+08,5.24101e-01,6.69523e-01,7.72790e-03,
2.52944e+04,3.18503e+08,9.75513e-01,4.71906e+00,2.91251e-03,
6.21204e+04,3.18565e+08,8.00843e-02,3.66028e+00,-5.97861e-03,
3.57532e+04,3.18601e+08,2.27875e-01,5.42620e-01,1.28121e-03,
1.36256e+04,3.18615e+08,8.28445e-01,1.16250e+00,1.01423e-03,
1.02294e+04,3.18625e+08,2.48548e-01,2.61260e+00,-8.56058e-03,
1.26836e+04,3.18637e+08,2.43555e-01,1.03016e+00,-1.17291e-03,
5.76804e+05,3.19214e+08,4.49447e-01,5.94118e+00,-2.36265e-03,
1.35135e+04,3.19228e+08,1.03454e+00,3.86070e+00,-1.21759e-03,
1.36079e+04,3.19241e+08,1.36902e+00,2.30767e-01,4.41456e-03,
2.19563e+05,3.19461e+08,1.62911e-01,4.33465e+00,-2.63455e-04,
2.55564e+04,3.19487e+08,8.82471e-01,4.79019e-01,2.62783e-03,
1.41958e+04,3.19501e+08,8.49111e-01,5.87194e+00,-8.00087e-03,
1.99945e+04,3.19521e+08,1.21213e+00,5.01443e+00,-9.86003e-03,
2.32579e+04,3.19544e+08,1.44426e+00,5.24299e+00,-4.22393e-03,
1.30269e+04,3.19557e+08,7.01687e-02,3.11914e+00,-1.98553e-03,
3.24722e+04,3.19589e+08,1.47228e-01,5.91449e+00,1.30284e-03,
1.53787e+04,3.19605e+08,2.60926e-01,5.79211e+00,-2.05164e-03,
1.00119e+04,3.19615e+08,3.52774e-01,2.58611e+00,-7.42954e-03,
2.10406e+04,3.19636e+08,9.37338e-01,4.39830e+00,7.61922e-03,
2.33762e+04,3.19659e+08,4.26122e-01,1.53762e-01,9.28542e-03,
8.31126e+04,3.19742e+08,6.96520e-01,3.80800e+00,1.22849e-04,
1.25964e+04,3.19755e+08,4.06109e-01,2.24730e+00,8.84747e-03,
4.87271e+04,3.19804e+08,1.85486e+00,5.58706e+00,-7.32703e-03,
2.63307e+04,3.19830e+08,1.12882e+00,2.85915e+00,8.92823e-04,
2.08807e+04,3.19851e+08,3.92278e-01,4.07383e+00,-7.68904e-03,
1.09506e+04,3.19862e+08,8.49323e-01,8.17534e-01,8.86915e-03,
5.19766e+04,3.19914e+08,1.72907e-01,3.29715e+00,-3.09240e-03,
1.52223e+04,3.19929e+08,8.02018e-01,1.17157e+00,-1.16103e-03,
1.02521e+04,3.19939e+08,2.53990e-01,4.71983e+00,4.95647e-03,
1.43888e+04,3.19954e+08,3.55790e-01,2.39592e-01,4.33858e-03,
2.03192e+04,3.19974e+08,5.06786e-01,5.47207e+00,6.85092e-03,
1.25563e+04,3.19987e+08,6.64363e-01,2.70117e+00,-7.14576e-03,
1.26235e+04,3.19999e+08,5.78278e-01,1.09105e+00,3.96680e-03,
1.64527e+04,3.20016e+08,7.99202e-01,1.73875e+00,3.24274e-03,
1.55378e+04,3.20031e+08,8.17864e-01,6.23933e+00,5.55537e-03,
2.34892e+04,3.20055e+08,2.82721e-01,4.95187e+00,5.95907e-03,
1.97105e+04,3.20074e+08,9.23457e-01,6.19887e+00,2.45190e-03,
2.14527e+04,3.20096e+08,9.54829e-01,1.35452e+00,-6.94904e-03,
3.05066e+04,3.20126e+08,2.11758e-01,4.15221e+00,-5.98813e-03,
1.64901e+04,3.20143e+08,4.59375e-01,2.30342e+00,-7.16217e-03,
1.54787e+04,3.20158e+08,2.02103e-01,3.25749e+00,2.09040e-03,
1.88257e+04,3.20177e+08,4.18513e-01,4.98892e+00,-4.48236e-03,
1.17289e+05,3.20294e+08,1.62245e+00,5.25977e-01,3.61871e-03,
1.41081e+05,3.20436e+08,1.75989e-01,4.44087e-01,2.31841e-04,
2.01134e+04,3.20456e+08,2.91452e-01,8.44247e-01,5.88004e-03,
2.22596e+04,3.20478e+08,5.17374e-01,2.67267e+00,4.08647e-03,
2.15040e+04,3.20499e+08,1.07454e+00,5.35951e+00,1.98519e-03,
1.08527e+04,3.20510e+08,2.34193e-01,5.51444e-01,3.81732e-03,
1.92181e+04,3.20529e+08,5.64268e-01,2.77133e+00,4.27839e-03,
1.12842e+04,3.20541e+08,6.53913e-01,4.20201e+00,1.43240e-03,
3.48868e+04,3.20576e+08,3.82763e-01,4.84428e+00,1.09419e-03,
1.08309e+04,3.20586e+08,1.42987e+00,2.56288e+00,-7.73865e-03,
1.06200e+04,3.20597e+08,4.52865e-01,2.79704e+00,3.73024e-03,
1.30858e+04,3.20610e+08,5.06255e-01,2.85422e+00,-2.33209e-03,
1.32751e+04,3.20623e+08,6.90283e-01,2.36957e+00,-3.85311e-03,
3.86199e+04,3.20662e+08,1.02803e+00,2.31583e+00,8.52579e-03,
2.01523e+04,3.20682e+08,1.34203e+00,1.91021e+00,4.28597e-03,
2.11565e+04,3.20703e+08,1.22468e+00,3.09877e+00,-4.05291e-03,
1.54509e+04,3.20719e+08,1.22351e+00,4.31850e+00,-4.75133e-03,
2.49406e+04,3.20744e+08,7.53289e-01,1.47976e+00,-7.42967e-04,
2.92473e+04,3.20773e+08,1.33034e-01,1.02882e+00,-1.26198e-03,
4.81345e+04,3.20821e+08,4.99463e-01,1.73580e+00,-2.98975e-03,
2.39224e+04,3.20845e+08,7.00535e-01,1.36769e+00,-7.86709e-04,
2.44629e+05,3.21090e+08,3.10810e-01,3.02842e+00,9.01946e-03,
8.69413e+04,3.21177e+08,1.22756e+00,5.53877e+00,-6.90692e-03,
1.41389e+04,3.21191e+08,2.21973e-01,5.23963e+00,4.41781e-03,
1.23917e+04,3.21203e+08,7.76242e-01,1.81321e+00,7.37585e-03,
2.47461e+04,3.21228e+08,3.50553e-01,1.44990e+00,5.21313e-03,
6.15194e+04,3.21289e+08,2.93232e-01,1.91130e+00,2.63266e-03,
3.19808e+04,3.21321e+08,7.94333e-01,5.46182e+00,7.14353e-03,
5.87793e+04,3.21380e+08,1.30197e-01,4.73156e+00,1.82265e-03,
1.35985e+05,3.21516e+08,7.30664e-01,2.86507e+00,-6.98756e-03,
1.97850e+04,3.21536e+08,3.07994e-01,3.65489e+00,6.95072e-03,
1.37687e+04,3.21550e+08,2.70095e-01,3.05437e+00,-8.78259e-03,
3.90935e+04,3.21589e+08,4.99926e-01,1.32835e+00,9.22134e-03,
1.48597e+04,3.21604e+08,6.27414e-01,4.08741e+00,-5.99717e-03,
1.75701e+04,3.21621e+08,4.23204e-01,5.86182e+00,-4.24904e-03,
1.69197e+04,3.21638e+08,7.21609e-01,5.43333e+00,-5.53112e-03,
1.41770e+05,3.21780e+08,3.12828e-01,2.02663e-01,5.91570e-03,
1.06447e+04,3.21791e+08,5.17290e-01,4.42708e+00,6.47286e-03,
1.59281e+04,3.21807e+08,7.25448e-01,1.89853e+00,1.30418e-04,
2.38396e+05,3.22045e+08,8.79969e-01,3.41845e+00,-6.09725e-03,
6.34395e+04,3.22108e+08,5.57730e-01,1.58739e-01,3.02468e-03,
2.91252e+04,3.22138e+08,6.35502e-01,2.81214e+00,-6.68373e-03,
1.35733e+04,3.22151e+08,3.20180e-01,5.90758e+00,-6.01176e-03,
2.21062e+04,3.22173e+08,9.90172e-01,6.28061e+00,-9.04752e-03,
3.18646e+04,3.22205e+08,1.32320e-01,4.72696e+00,-5.63706e-04,
2.98951e+04,3.22235e+08,9.65139e-01,1.48053e-01,1.77385e-03,
4.03430e+04,3.22275e+08,6.23404e-01,2.43853e+00,-6.46589e-03,
2.10671e+04,3.22296e+08,5.47226e-01,9.42609e-01,3.65034e-03,
1.09332e+04,3.22307e+08,2.60842e-01,6.22587e+00,3.26212e-03,
2.99925e+05,3.22607e+08,4.44425e-01,2.27032e+00,7.95154e-03,
2.18165e+04,3.22629e+08,1.18194e+00,2.46422e+00,6.01453e-03,
3.96424e+04,3.22669e+08,5.86316e-02,4.12259e+00,7.37359e-03,
4.75014e+05,3.23144e+08,1.14104e-01,3.59860e+00,9.67746e-03,
2.08936e+05,3.23353e+08,6.03011e-01,1.34446e+00,-7.80613e-03,
2.36248e+04,3.23376e+08,1.62507e-01,4.69558e+00,7.41704e-03,
1.50008e+04,3.23391e+08,3.88302e-01,1.78601e+00,1.52059e-03,
2.13392e+04,3.23413e+08,3.15829e-01,9.16107e-02,2.57501e-03,
1.20943e+05,3.23534e+08,4.62524e-01,2.73573e-01,-2.62618e-03,
1.71972e+04,3.23551e+08,2.49562e-01,2.05076e+00,-7.91346e-03,
1.58257e+04,3.23567e+08,4.58906e-01,1.16662e-01,-8.85217e-03,
1.02256e+05,3.23669e+08,8.81398e-02,6.91912e-02,-3.18485e-03,
5.19627e+04,3.23721e+08,9.31836e-01,1.48284e+00,-4.37486e-03,
1.80134e+04,3.23739e+08,3.54229e-01,8.91234e-01,8.97177e-03,
1.22386e+04,3.23751e+08,5.85277e-01,5.14055e+00,2.09485e-03,
3.80479e+05,3.24131e+08,5.81839e-01,5.70431e+00,-5.01447e-03,
3.04603e+04,3.24162e+08,1.09045e-01,2.34343e+00,5.37487e-03,
2.07291e+05,3.24369e+08,9.37852e-02,2.99403e+00,-2.25700e-03,
1.21432e+04,3.24381e+08,1.95040e-01,3.79533e+00,-2.10390e-03,
1.02286e+04,3.24392e+08,2.75386e-01,2.31520e+00,-1.45061e-03,
2.96948e+04,3.24421e+08,3.32805e-01,3.09266e+00,-9.90110e-03,
1.77194e+04,3.24439e+08,1.38236e+00,3.54609e+00,-9.09207e-03,
6.31590e+05,3.25071e+08,8.30015e-02,3.56845e+00,-3.03020e-03,
1.83362e+04,3.25089e+08,6.46905e-01,2.84845e+00,-8.25811e-03,
3.97524e+04,3.25129e+08,6.87371e-01,3.59562e-01,-8.21221e-03,
1.46636e+04,3.25143e+08,7.91282e-01,5.48823e+00,-4.00734e-03,
1.29727e+04,3.25156e+08,4.63177e-01,2.86235e+00,-2.64974e-03,
3.06946e+04,3.25187e+08,7.33430e-01,4.90150e+00,4.86032e-03,
2.04412e+04,3.25207e+08,5.51675e-01,1.18215e+00,-8.26823e-03,
1.05606e+04,3.25218e+08,9.01837e-01,3.02650e+00,4.12305e-03,
1.21913e+04,3.25230e+08,1.39409e+00,4.37780e+00,-4.93048e-03,
4.14630e+04,3.25272e+08,5.49803e-01,4.47095e+00,1.76164e-03,
4.72963e+04,3.25319e+08,7.21877e-01,3.25220e+00,4.65165e-03,
3.10969e+04,3.25350e+08,7.63762e-01,4.18597e+00,8.37476e-03,
3.93097e+05,3.25743e+08,6.82261e-01,2.19829e+00,-3.25315e-03,
2.04375e+04,3.25764e+08,8.78867e-01,2.71066e+00,-4.58649e-04,
2.98293e+04,3.25793e+08,7.90536e-01,4.21273e+00,3.59205e-03,
3.78230e+04,3.25831e+08,1.45753e+00,6.02099e+00,-7.89950e-04,
1.29662e+04,3.25844e+08,3.41970e-01,5.83895e-01,-2.71968e-03,
8.66148e+04,3.25931e+08,2.03472e-01,4.61434e+00,9.47953e-03,
4.88907e+04,3.25980e+08,9.81539e-01,5.37784e+00,-2.87491e-04,
4.42633e+04,3.26024e+08,1.30990e-01,5.84415e+00,-7.08985e-03,
1.19302e+04,3.26036e+08,8.71136e-01,4.04290e+00,6.36632e-03,
1.66358e+04,3.26053e+08,6.77795e-01,1.50250e+00,5.81396e-03,
1.42867e+05,3.26195e+08,5.91869e-01,5.71469e+00,2.85869e-03,
1.31415e+04,3.26209e+08,6.46420e-01,7.72625e-01,8.15201e-03,
1.66131e+04,3.26225e+08,5.30464e-01,4.51584e+00,-2.70472e-03,
2.79850e+04,3.26253e+08,1.12177e+00,4.72711e+00,4.52214e-03,
8.81500e+04,3.26341e+08,2.07192e-01,3.96250e+00,-5.94095e-03,
1.00527e+04,3.26351e+08,6.92210e-01,7.21163e-01,8.57527e-03,
8.07525e+04,3.26432e+08,1.30151e+00,3.48452e+00,4.67163e-03,
1.50875e+04,3.26447e+08,1.07729e-01,5.78187e+00,-1.75300e-03,
5.44031e+04,3.26502e+08,2.47961e-01,3.21522e+00,-2.18900e-03,
4.31681e+04,3.26545e+08,1.46905e-01,1.69693e+00,-4.35734e-04,
1.59017e+04,3.26561e+08,2.97500e-01,3.12628e-02,-4.85687e-03,
1.02489e+04,3.26571e+08,4.72146e-01,6.20150e-01,-1.30611e-04,
1.03131e+05,3.26674e+08,4.52148e-01,7.53708e-01,-7.84792e-03,
1.16981e+05,3.26791e+08,5.35471e-01,2.42173e+00,2.10260e-03,
1.23856e+04,3.26803e+08,2.05904e-01,1.39166e+00,6.73978e-03,
5.86179e+04,3.26862e+08,4.89873e-01,5.28349e+00,6.73314e-03,
3.90443e+04,3.26901e+08,6.01232e-01,4.34576e+00,-3.77505e-03,
1.30574e+04,3.26914e+08,5.68278e-01,4.66620e+00,6.95773e-03,
1.04192e+04,3.26925e+08,7.91736e-01,4.79356e+00,1.20378e-04,
4.07766e+04,3.26965e+08,1.50899e-01,2.41889e-01,-9.80182e-04,
1.00078e+04,3.26975e+08,7.19422e-01,8.28797e-01,2.34819e-03,
4.52490e+04,3.27021e+08,4.57539e-01,1.71707e+00,-6.36229e-03,
1.05800e+04,3.27031e+08,3.51711e-01,1.50672e+00,8.19677e-03,
2.32139e+04,3.27054e+08,1.49062e-01,5.65810e+00,4.29067e-03,
4.86640e+04,3.27103e+08,1.44115e+00,4.78032e+00,-8.49889e-03,
2.38725e+05,3.27342e+08,6.21633e-01,2.50017e+00,-4.19397e-03,
2.78772e+04,3.27370e+08,3.77625e-01,7.54038e-01,-2.11846e-04,
1.10817e+04,3.27381e+08,8.97880e-01,1.19861e-01,8.94347e-03,
1.41602e+04,3.27395e+08,5.86363e-01,5.91602e+00,4.45983e-04,
1.28587e+05,3.27524e+08,4.85779e-01,2.22574e+00,-1.05076e-03,
3.10508e+04,3.27555e+08,1.98561e-01,4.45002e+00,-2.92117e-03,
1.34509e+04,3.27568e+08,3.44445e-01,8.17958e-01,-3.00000e-03,
4.84566e+04,3.27616e+08,3.26899e-01,1.44069e+00,3.70134e-04,
4.92009e+04,3.27666e+08,2.61850e-01,5.83508e+00,-9.10585e-03,
4.12695e+05,3.28078e+08,4.24998e-01,4.23971e+00,6.18221e-03,
4.23954e+04,3.28121e+08,6.55818e-01,3.42298e+00,1.84185e-03,
1.24435e+04,3.28133e+08,9.87893e-01,8.40253e-01,-7.02030e-03,
3.19173e+04,3.28165e+08,1.11694e+00,2.10032e+00,6.24337e-04,
1.02775e+04,3.28175e+08,1.53223e+00,5.54149e+00,-2.96003e-03,
1.65987e+04,3.28192e+08,5.22159e-01,2.18305e+00,8.01891e-03,
3.33819e+04,3.28225e+08,1.13094e+00,2.89904e+00,-8.14679e-03,
2.48233e+05,3.28474e+08,3.30120e-03,3.94601e+00,9.76325e-03,
1.19954e+04,3.28486e+08,7.21376e-01,5.71187e+00,3.09874e-03,
1.41003e+04,3.28500e+08,4.26436e-01,1.57499e+00,5.51499e-03,
1.19620e+04,3.28512e+08,8.90250e-01,3.34230e+00,-9.68664e-03,
1.06558e+04,3.28522e+08,1.14482e-01,5.82134e+00,3.92209e-03,
1.22045e+04,3.28535e+08,3.79086e-01,1.38955e+00,-1.44884e-03,
1.75966e+04,3.28552e+08,1.41510e+00,3.56233e+00,-2.77801e-04,
1.03996e+04,3.28563e+08,5.88122e-01,2.45972e+00,-9.48496e-03,
4.05024e+04,3.28603e+08,1.33151e+00,5.84415e+00,-2.95384e-03,
2.43721e+04,3.28627e+08,5.42494e-01,2.62623e+00,-7.51104e-03,
3.58973e+05,3.28986e+08,7.53360e-01,5.08998e+00,8.66673e-03,
7.54373e+04,3.29062e+08,1.66542e+00,3.55011e+00,-4.71890e-03,
1.49139e+04,3.29077e+08,7.15074e-01,4.01934e+00,7.22410e-03,
1.31937e+04,3.29090e+08,1.52210e+00,6.08402e+00,5.28769e-03,
1.02852e+04,3.29100e+08,4.66154e-01,5.11793e+00,-5.65081e-03,
1.00213e+04,3.29110e+08,1.67903e+00,4.67233e+00,1.18453e-03,
1.15509e+04,3.29122e+08,5.95413e-01,1.16392e+00,-1.96135e-03,
1.30039e+04,3.29135e+08,7.14018e-01,6.07512e+00,4.89578e-03,
2.32447e+04,3.29158e+08,5.13205e-01,1.12576e+00,8.59016e-03,
1.09712e+04,3.29169e+08,1.28629e-01,3.45554e+00,7.86415e-05,
6.72419e+04,3.29236e+08,5.86655e-01,2.41760e+00,1.59505e-03,
1.51050e+04,3.29251e+08,9.87236e-02,5.03512e+00,-7.17616e-03,
1.02350e+04,3.29262e+08,7.06775e-01,1.46398e+00,-1.12335e-03,
1.70488e+04,3.29279e+08,9.13620e-02,5.64285e+00,-9.41988e-03,
6.57449e+05,3.29936e+08,4.14025e-01,5.39789e+00,-3.51057e-03,
2.76739e+04,3.29964e+08,2.21799e-01,5.39891e-01,-1.35007e-03,
1.88035e+04,3.29983e+08,8.87088e-01,5.29248e-01,4.35525e-03,
1.82616e+05,3.30165e+08,4.95074e-01,5.28962e+00,6.25817e-04,
2.09146e+04,3.30186e+08,5.62772e-01,1.36160e+00,-2.50098e-03,
2.44146e+04,3.30210e+08,2.07992e-01,3.57235e+00,-9.99452e-03,
1.77599e+04,3.30228e+08,1.30478e+00,1.80350e+00,8.11634e-03,
2.06284e+04,3.30249e+08,2.81762e-01,2.53364e+00,-9.53563e-04,
1.19023e+05,3.30368e+08,6.84809e-01,1.99740e+00,5.95253e-04,
1.57717e+04,3.30384e+08,7.03268e-01,2.54049e+00,-1.10636e-03,
2.22275e+04,3.30406e+08,1.98403e-01,1.10213e+00,-7.60703e-03,
1.61321e+04,3.30422e+08,8.67674e-01,5.18211e-01,-2.43689e-03,
2.46341e+05,3.30668e+08,2.09966e-01,5.27741e+00,7.98202e-03,
1.25641e+04,3.30681e+08,1.37665e+00,2.78269e+00,-9.70470e-04,
1.25833e+04,3.30694e+08,4.83527e-04,5.83509e+00,-2.25247e-03,
2.49913e+04,3.30719e+08,4.34360e-01,6.11316e+00,-4.84375e-03,
1.01969e+04,3.30729e+08,4.54065e-01,2.74935e-01,3.73056e-03,
1.18758e+04,3.30741e+08,9.52750e-01,1.18791e+00,9.66115e-03,
5.32702e+04,3.30794e+08,7.74980e-02,5.58444e+00,-5.47847e-03,
1.17362e+04,3.30806e+08,1.09128e+00,1.74830e+00,-5.23691e-03,
1.26736e+04,3.30818e+08,9.60416e-01,3.98089e+00,1.85361e-03,
1.81877e+04,3.30836e+08,2.13230e-01,5.75647e+00,7.22687e-03,
2.90669e+04,3.30866e+08,1.07372e+00,1.50953e+00,-8.87987e-03,
9.49188e+04,3.30960e+08,1.79303e-01,2.39476e+00,5.56231e-03,
1.94630e+04,3.30980e+08,1.36167e-01,5.19466e+00,-4.31484e-03,
1.68031e+04,3.30997e+08,1.13213e+00,4.67007e+00,-9.08658e-03,
3.99834e+04,3.31037e+08,9.97619e-02,8.45429e-01,-3.62215e-03,
3.12643e+04,3.31068e+08,4.07954e-01,3.00844e+00,6.50847e-04,
1.85460e+06,3.32923e+08,4.25832e-01,3.51077e+00,6.75391e-03,
2.41587e+04,3.32947e+08,4.62592e-01,2.01113e+00,-8.14756e-04,
1.06356e+04,3.32957e+08,1.55756e-01,4.69637e+00,3.83096e-03,
4.23750e+04,3.33000e+08,1.07582e-01,2.77394e-01,-6.52440e-03,
1.21827e+04,3.33012e+08,6.29513e-01,7.92562e-01,8.52676e-03,
1.10882e+04,3.33023e+08,5.47745e-01,4.09606e+00,-7.86435e-04,
2.24769e+04,3.33045e+08,1.41722e+00,1.98844e+00,-5.63663e-04,
1.10605e+04,3.33057e+08,2.32842e-02,5.39525e+00,-2.11394e-03,
1.26926e+05,3.33183e+08,1.05048e-01,1.18887e+00,1.97699e-04,
2.88091e+04,3.33212e+08,1.87918e-01,3.84277e+00,-5.56632e-03,
3.41660e+04,3.33246e+08,6.20663e-01,4.56277e+00,-3.78292e-04,
1.21474e+04,3.33259e+08,1.41934e+00,3.10412e+00,8.37006e-03,
1.12190e+04,3.33270e+08,4.08985e-01,5.26758e+00,9.31066e-03,
4.79318e+04,3.33318e+08,4.02805e-01,5.87276e+00,-3.63246e-03,
1.44976e+04,3.33332e+08,2.43233e-01,4.16882e+00,1.12694e-03,
4.59893e+05,3.33792e+08,6.23726e-01,2.20091e+00,-6.99205e-03,
4.14141e+04,3.33834e+08,1.86638e+00,1.93453e+00,-2.68162e-04,
3.73885e+04,3.33871e+08,5.55850e-02,2.43931e+00,7.42770e-03,
1.49330e+05,3.34020e+08,2.79932e-01,3.83471e+00,-8.40044e-03,
1.51915e+04,3.34035e+08,2.22101e+00,2.97408e+00,2.71415e-03,
1.35410e+04,3.34049e+08,6.84094e-01,3.47082e+00,-3.35970e-03,
1.58653e+04,3.34065e+08,3.68336e-01,1.81516e+00,3.02212e-03,
1.02673e+04,3.34075e+08,3.44201e-01,1.01649e+00,3.32933e-03,
1.86269e+04,3.34094e+08,7.86761e-01,5.21125e+00,-5.78766e-03,
2.33897e+04,3.34117e+08,4.62584e-01,5.71497e+00,-2.05595e-03,
5.52360e+04,3.34172e+08,1.89649e-01,2.30123e+00,-9.55412e-03,
1.35997e+04,3.34186e+08,4.81014e-01,3.25463e+00,-1.01533e-03,
7.07397e+04,3.34257e+08,9.19055e-01,3.87866e+00,-8.09422e-03,
1.27611e+04,3.34269e+08,7.35392e-01,1.83086e+00,-7.82359e-03,
1.84197e+04,3.34288e+08,2.33051e-01,5.23137e+00,-6.70893e-03,
1.10517e+04,3.34299e+08,1.31392e+00,4.64219e-02,3.19603e-03,
3.47830e+04,3.34334e+08,3.58213e-01,5.37561e+00,-3.56237e-03,
2.79951e+05,3.34614e+08,5.08870e-01,3.89688e+00,-3.06138e-03,
1.24447e+05,3.34738e+08,6.85004e-01,3.31600e+00,7.16279e-03,
5.60205e+04,3.34794e+08,4.70474e-01,4.18561e+00,-2.72810e-03,
3.71936e+04,3.34831e+08,6.07271e-01,1.62008e+00,-2.10478e-03,
2.28882e+04,3.34854e+08,6.62100e-01,3.26038e-02,4.85908e-03,
2.47861e+04,3.34879e+08,3.73621e-01,2.18118e+00,5.04636e-03,
1.32667e+04,3.34892e+08,9.78656e-01,3.93067e+00,1.13652e-03,
1.00688e+04,3.34902e+08,1.69051e+00,4.53998e+00,-3.61487e-04,
1.30981e+05,3.35033e+08,1.30810e+00,3.38514e+00,-6.04210e-03,
3.99706e+05,3.35433e+08,5.46274e-01,4.81238e-01,-6.17640e-03,
1.30452e+04,3.35446e+08,3.19696e-01,1.20260e+00,4.14928e-03,
1.17159e+06,3.36618e+08,1.21115e-02,8.36611e-01,-5.30701e-03,
1.26050e+04,3.36630e+08,1.36484e+00,2.95200e+00,5.47957e-03,
9.96653e+04,3.36730e+08,2.84113e-01,4.43606e+00,4.96602e-03,
1.63360e+04,3.36746e+08,1.96516e-01,3.96545e+00,2.11715e-03,
1.04849e+04,3.36757e+08,2.18635e-01,5.97402e+00,-8.81335e-03,
3.43477e+04,3.36791e+08,8.80769e-01,8.26356e-01,4.94962e-03,
1.05859e+04,3.36802e+08,6.03137e-01,4.57982e+00,7.43707e-04,
6.18849e+04,3.36864e+08,4.35271e-01,3.43360e+00,7.28084e-03,
3.75597e+04,3.36901e+08,4.85270e-01,5.62706e+00,-9.36042e-03,
1.80527e+04,3.36919e+08,5.95336e-01,2.58215e+00,-6.88203e-03,
1.81634e+04,3.36937e+08,3.44174e-01,3.52001e+00,6.81979e-03,
1.78047e+04,3.36955e+08,9.68179e-01,4.06093e+00,-5.15020e-03,
7.72531e+04,3.37032e+08,2.47383e-01,3.69581e+00,-4.04824e-03,
4.54218e+04,3.37078e+08,7.69572e-01,6.65755e-01,9.96681e-03,
4.82582e+04,3.37126e+08,8.17926e-01,1.42903e+00,-5.25283e-03,
2.18557e+04,3.37148e+08,5.80088e-01,2.68374e-01,7.27703e-03,
4.93889e+04,3.37197e+08,7.88271e-02,5.39900e+00,5.35128e-03,
1.17810e+05,3.37315e+08,6.20746e-01,3.95558e+00,-2.15043e-03,
1.53632e+04,3.37331e+08,1.15572e+00,2.72332e+00,-1.75035e-03,
3.70137e+04,3.37368e+08,9.37729e-01,3.94515e+00,3.78218e-04,
1.54186e+04,3.37383e+08,6.81623e-01,3.24232e+00,-8.11845e-03,
1.41772e+04,3.37397e+08,1.19080e+00,4.97578e+00,5.58383e-03,
1.34709e+04,3.37411e+08,3.23589e-01,6.04622e+00,-1.29797e-03,
2.00405e+05,3.37611e+08,1.55873e-01,2.05631e+00,1.37128e-03,
1.17299e+04,3.37623e+08,1.40945e-01,5.53302e+00,7.32624e-03,
1.58928e+04,3.37639e+08,5.41246e-01,3.45741e+00,3.11346e-03,
5.31453e+05,3.38170e+08,8.25344e-01,2.84809e+00,-6.85805e-03,
3.59364e+04,3.38206e+08,2.44986e-01,4.88895e+00,-5.13058e-03,
4.67498e+04,3.38253e+08,1.44712e+00,4.59467e+00,4.78655e-05,
2.56819e+04,3.38278e+08,4.56559e-01,5.01734e-01,-7.69802e-03,
2.19620e+04,3.38300e+08,7.63722e-01,4.71983e+00,-3.96578e-03,
1.37872e+04,3.38314e+08,4.55672e-01,1.30061e+00,5.20305e-03,
1.30984e+04,3.38327e+08,4.88002e-01,2.11487e+00,-6.42060e-03,
1.55394e+04,3.38343e+08,6.90348e-01,2.00842e+00,-8.33744e-03,
1.00262e+04,3.38353e+08,9.13695e-02,5.29086e+00,3.25844e-03,
1.39834e+04,3.38367e+08,6.58505e-01,5.17968e-01,-6.56428e-03,
3.79597e+04,3.38405e+08,6.72046e-01,2.87834e+00,-5.36077e-03,
1.23401e+04,3.38417e+08,2.77844e-01,6.05491e+00,8.26979e-03,
1.25270e+04,3.38430e+08,1.14757e+00,3.80729e+00,7.67410e-03,
8.28529e+04,3.38513e+08,8.00875e-01,3.52915e-01,6.77377e-03,
2.54233e+04,3.38538e+08,1.55113e-01,3.49215e+00,5.18022e-03,
1.17155e+05,3.38655e+08,4.65077e-01,4.44429e+00,5.88232e-03,
2.54128e+04,3.38681e+08,2.49563e-01,5.92697e+00,-3.50658e-03,
1.21052e+04,3.38693e+08,6.68773e-02,2.55851e+00,6.79156e-03,
2.07031e+04,3.38713e+08,3.04274e-01,3.61871e+00,-2.10166e-03,
1.30766e+04,3.38726e+08,8.46681e-01,6.21009e+00,-6.56014e-03,
8.57434e+04,3.38812e+08,1.99618e-01,6.24092e+00,-1.02440e-03,
1.70730e+04,3.38829e+08,7.83968e-01,2.25455e+00,1.24316e-03,
1.24858e+04,3.38842e+08,5.54155e-01,7.59631e-01,1.93343e-03,
7.43099e+04,3.38916e+08,1.85788e-01,8.83918e-01,-5.80435e-04,
2.92214e+04,3.38945e+08,8.74851e-01,2.40536e+00,-9.81035e-03,
6.71350e+04,3.39012e+08,2.82903e-01,8.55180e-01,1.50670e-03,
1.99727e+04,3.39032e+08,7.17943e-01,5.02048e-01,-8.55868e-03,
1.10975e+04,3.39043e+08,1.29945e+00,2.77922e+00,1.89844e-03,
5.59292e+04,3.39099e+08,4.08283e-01,5.11198e+00,-3.89541e-03,
3.19169e+04,3.39131e+08,1.66053e+00,5.23558e-01,-4.19056e-03,
1.94491e+04,3.39151e+08,1.86915e-01,1.61459e+00,-5.89179e-03,
1.30903e+04,3.39164e+08,6.87958e-02,2.17627e+00,-3.76059e-03,
2.28980e+05,3.39393e+08,9.08637e-01,5.23987e+00,6.26739e-03,
2.16215e+04,3.39414e+08,3.77148e-01,2.65854e+00,-7.34417e-03,
4.97718e+04,3.39464e+08,1.49271e-01,4.09682e+00,-5.82722e-04,
4.14152e+04,3.39506e+08,8.01333e-01,2.37738e+00,7.95207e-03,
1.56630e+05,3.39662e+08,3.75528e-01,4.52757e-01,-5.31926e-03,
1.54463e+04,3.39678e+08,8.22891e-01,1.86224e+00,8.13547e-04,
2.07161e+04,3.39698e+08,7.40795e-01,4.58797e+00,-8.10855e-03,
2.79622e+04,3.39726e+08,1.68866e-01,1.80496e+00,-1.66702e-03,
2.14567e+04,3.39748e+08,5.68534e-01,2.24872e-01,-4.89757e-03,
1.02790e+04,3.39758e+08,4.71047e-01,5.90554e+00,4.34622e-03,
3.54447e+05,3.40113e+08,5.82067e-01,2.43830e+00,-5.42598e-03,
1.87616e+04,3.40131e+08,4.63711e-01,1.26016e+00,-4.99749e-04,
1.20841e+04,3.40143e+08,3.01347e-01,2.37132e+00,5.79336e-03,
5.28321e+04,3.40196e+08,5.73280e-01,2.06955e-01,-7.16671e-03,
1.14406e+04,3.40208e+08,5.48328e-01,1.37649e-01,-8.42948e-03,
6.51482e+04,3.40273e+08,1.21553e-01,2.38864e+00,-8.20257e-03,
1.03523e+04,3.40283e+08,1.49506e-01,4.96527e+00,1.40246e-03,
1.90355e+04,3.40302e+08,1.19134e+00,4.76221e+00,3.86067e-03,
2.29354e+04,3.40325e+08,1.35019e+00,5.73566e-01,-9.04292e-03,
4.14817e+04,3.40367e+08,1.54175e-02,3.98700e+00,5.26011e-03,
8.51691e+04,3.40452e+08,2.92464e-01,5.04732e+00,-8.27285e-03,
1.34946e+04,3.40465e+08,1.53675e-01,6.87601e-01,8.11103e-03,
1.71101e+04,3.40482e+08,2.70214e-01,4.10712e+00,8.71915e-03,
3.00934e+04,3.40512e+08,3.73866e-01,9.78421e-01,4.95435e-04,
2.25944e+04,3.40535e+08,5.12381e-01,4.17026e+00,-3.58659e-03,
1.10412e+04,3.40546e+08,6.06012e-01,5.94494e+00,-1.23555e-03,
1.57755e+04,3.40562e+08,6.02418e-01,3.54248e-02,8.77949e-03,
1.88202e+05,3.40750e+08,5.12359e-01,6.15905e+00,6.37722e-03,
1.09069e+04,3.40761e+08,5.26663e-01,5.53172e+00,8.53592e-03,
1.99549e+04,3.40781e+08,5.73756e-01,6.20308e+00,-8.01040e-04,
1.38629e+04,3.40795e+08,1.90066e-01,4.87445e+00,-6.53734e-03,
3.59961e+04,3.40831e+08,1.76835e-01,5.89183e+00,-4.06472e-03,
3.40612e+04,3.40865e+08,6.16704e-01,2.28400e-01,3.11642e-03,
1.39085e+05,3.41004e+08,3.15286e-01,4.04120e+00,-8.65906e-03,
2.01053e+04,3.41024e+08,8.13320e-01,8.85326e-01,8.17484e-03,
1.03835e+05,3.41128e+08,9.87502e-01,7.17207e-01,-5.29338e-03,
1.75896e+04,3.41146e+08,2.22768e-01,6.08670e+00,8.72055e-03,
4.56082e+04,3.41191e+08,2.30656e-01,3.37451e+00,9.98176e-03,
2.68951e+04,3.41218e+08,3.08030e-01,4.39390e+00,-8.75088e-03,
7.28044e+04,3.41291e+08,8.66301e-01,9.04664e-01,-1.42165e-03,
9.62718e+04,3.41387e+08,9.94729e-01,4.73392e-01,-6.76257e-03,
5.74550e+04,3.41445e+08,9.05386e-02,2.51131e+00,-2.92940e-03,
1.89264e+04,3.41463e+08,1.60112e-01,2.07925e+00,-9.59127e-03,
1.70300e+04,3.41480e+08,1.17704e+00,3.72866e+00,4.18516e-03,
1.25788e+04,3.41493e+08,5.26098e-01,2.59716e+00,5.52812e-04,
1.77652e+04,3.41511e+08,3.60553e-01,5.27770e+00,2.87782e-03,
4.43095e+04,3.41555e+08,5.83379e-02,9.22724e-01,7.55804e-03,
1.09593e+04,3.41566e+08,3.04047e-01,1.07242e+00,8.50661e-03,
1.97835e+05,3.41764e+08,1.31380e-01,4.29186e+00,-8.80050e-03,
1.18911e+04,3.41776e+08,5.44087e-01,3.83537e+00,8.68100e-03,
1.41765e+04,3.41790e+08,2.36232e-01,4.62121e+00,-5.06669e-03,
7.89879e+04,3.41869e+08,1.42703e-01,2.37468e+00,3.76941e-03,
3.82745e+04,3.41907e+08,1.44178e+00,1.34213e+00,-5.05995e-03,
2.28460e+05,3.42136e+08,1.03574e+00,5.20892e+00,-7.69592e-03,
1.83655e+04,3.42154e+08,6.94381e-01,1.25752e-01,2.98649e-03,
1.48410e+04,3.42169e+08,3.50632e-01,5.22679e+00,-9.68443e-04,
2.97772e+04,3.42199e+08,3.97746e-01,3.84887e+00,-7.39228e-04,
1.09513e+04,3.42210e+08,3.83151e-01,1.60918e+00,-4.03700e-03,
2.02705e+04,3.42230e+08,8.27696e-01,1.79975e+00,1.84603e-03,
1.11282e+04,3.42241e+08,4.55613e-01,6.09286e+00,9.31462e-03,
3.28821e+05,3.42570e+08,9.38454e-01,1.43510e+00,-5.93835e-03,
1.46578e+04,3.42585e+08,5.22372e-01,2.46629e+00,5.79636e-03,
2.23192e+04,3.42607e+08,2.08609e-01,2.67010e+00,4.94466e-03,
5.56847e+04,3.42663e+08,3.62588e-01,5.20863e+00,7.91316e-04,
1.24633e+04,3.42675e+08,6.57523e-01,1.95343e+00,2.59687e-03,
3.54270e+04,3.42710e+08,1.19355e+00,2.82898e+00,3.97487e-03,
1.46914e+04,3.42725e+08,9.92778e-01,1.83422e+00,-8.52529e-03,
1.66841e+04,3.42742e+08,5.83988e-01,4.62312e+00,-9.66808e-03,
2.60760e+04,3.42768e+08,5.14642e-02,6.22342e+00,1.05782e-03,
5.49812e+05,3.43318e+08,3.90772e-01,3.19226e+00,9.55495e-03,
2.43825e+04,3.43342e+08,4.81184e-01,6.04325e+00,-3.66363e-03,
2.83025e+04,3.43370e+08,2.93766e-01,3.49918e+00,-3.63259e-03,
1.46234e+04,3.43385e+08,3.86703e-01,4.33547e+00,-8.06296e-03,
1.74862e+04,3.43402e+08,2.44131e-01,3.78950e+00,-5.20681e-03,
4.30445e+04,3.43446e+08,1.01108e+00,2.88879e+00,8.74087e-03,
3.95779e+04,3.43485e+08,2.91539e-01,1.73174e+00,7.76376e-03,
2.16360e+04,3.43507e+08,4.65445e-01,2.54123e+00,-3.25834e-03,
3.52227e+04,3.43542e+08,8.44431e-01,4.96956e+00,2.92226e-03,
1.63050e+04,3.43558e+08,2.42769e+00,3.54307e+00,-5.52942e-03,
2.90847e+04,3.43587e+08,5.57688e-01,2.36855e+00,-2.36302e-03,
4.25716e+04,3.43630e+08,8.17293e-01,2.52278e+00,3.68054e-03,
6.93698e+04,3.43699e+08,1.96132e+00,2.63535e+00,-6.36673e-03,
3.41801e+04,3.43733e+08,3.12597e-01,5.29373e+00,-6.19371e-03,
1.14515e+04,3.43745e+08,8.01168e-01,1.94563e+00,-4.65916e-03,
3.68613e+04,3.43782e+08,2.91322e-01,4.98443e+00,5.84459e-03,
1.16363e+04,3.43793e+08,7.07403e-01,3.84250e+00,-2.32508e-03,
2.09850e+04,3.43814e+08,5.90287e-01,9.39601e-01,3.00559e-03,
1.66420e+04,3.43831e+08,1.57634e-01,4.10339e+00,-1.16665e-03,
2.19061e+04,3.43853e+08,5.52074e-01,3.20723e+00,9.09914e-03,
1.28623e+05,3.43982e+08,4.55682e-01,3.54415e+00,4.42490e-03,
1.15475e+04,3.43993e+08,2.88290e-01,3.00897e+00,-8.26759e-03,
1.78208e+04,3.44011e+08,5.63260e-01,2.44724e+00,-8.49774e-03,
2.67355e+04,3.44038e+08,2.30770e-01,6.12027e+00,-7.06941e-03,
1.05817e+04,3.44048e+08,2.34973e-01,3.70484e+00,8.22126e-03,
1.56248e+04,3.44064e+08,1.23668e+00,3.92944e+00,-1.75402e-05,
1.58878e+04,3.44080e+08,1.46879e+00,6.26148e+00,-4.29739e-03,
1.36712e+04,3.44093e+08,1.09113e+00,3.60580e-01,-6.18992e-04,
1.20644e+06,3.45300e+08,3.32096e-01,4.68355e+00,9.27580e-03,
6.10413e+04,3.45361e+08,4.52027e-01,3.41300e+00,2.52708e-03,
2.49426e+04,3.45386e+08,3.59598e-01,4.22770e+00,-4.30624e-03,
1.63700e+04,3.45402e+08,5.31393e-01,4.26770e+00,-5.28266e-03,
1.87301e+04,3.45421e+08,1.61410e-01,2.20766e+00,8.30656e-03,
1.78938e+04,3.45439e+08,2.77805e-01,4.92040e+00,-8.31045e-03,
2.25271e+05,3.45664e+08,2.64390e-01,4.07884e+00,-3.73061e-03,
1.65118e+04,3.45681e+08,3.53175e-01,6.06719e+00,5.90629e-03,
1.96552e+04,3.45700e+08,6.28619e-01,1.45485e+00,-6.55269e-03,
4.66211e+04,3.45747e+08,6.25687e-01,4.32119e+00,-8.92458e-03,
1.52437e+04,3.45762e+08,1.82168e+00,9.33902e-01,-6.42047e-03,
2.03877e+05,3.45966e+08,1.19847e-01,5.28606e+00,-6.61694e-03,
2.32753e+04,3.45989e+08,5.91605e-01,3.16539e+00,-3.07084e-03,
5.00048e+04,3.46039e+08,1.54689e-01,5.31603e+00,-4.10062e-03,
1.32841e+04,3.46053e+08,1.41974e+00,6.18337e+00,4.86577e-03,
1.22393e+04,3.46065e+08,3.99603e-01,4.37347e+00,-2.49950e-03,
1.82739e+04,3.46083e+08,1.76099e-01,5.93160e+00,2.81842e-03,
7.14815e+04,3.46155e+08,6.05969e-01,3.33465e+00,-9.99708e-03,
2.82308e+04,3.46183e+08,9.82076e-01,3.82014e+00,9.04068e-03,
1.36580e+04,3.46197e+08,8.81413e-02,4.74782e+00,1.84406e-03,
8.24740e+04,3.46279e+08,2.69819e-01,3.66666e+00,8.33921e-03,
2.72133e+04,3.46306e+08,2.12825e-01,2.56734e+00,-5.47349e-03,
2.11751e+04,3.46327e+08,2.37555e-01,4.55234e+00,8.69544e-03,
2.42509e+04,3.46352e+08,7.94226e-02,5.62601e+00,2.18506e-03,
1.15807e+04,3.46363e+08,6.74220e-01,3.76189e+00,1.45587e-03,
1.93904e+05,3.46557e+08,7.41393e-01,5.82234e+00,-1.50254e-03,
1.18886e+04,3.46569e+08,2.66261e+00,3.15719e+00,-1.36153e-03,
2.42790e+04,3.46593e+08,3.11814e-01,5.80378e+00,7.09646e-03,
1.11816e+04,3.46604e+08,9.08464e-01,1.35996e+00,6.13393e-03,
1.73143e+04,3.46622e+08,4.83632e-01,4.51885e-01,6.34126e-03,
3.36502e+05,3.46958e+08,1.07608e+00,5.13861e+00,-8.44388e-03,
3.08064e+05,3.47266e+08,1.63586e-01,5.20231e+00,1.95453e-03,
1.02883e+04,3.47277e+08,1.57719e-01,4.01199e+00,1.56403e-03,
3.72997e+04,3.47314e+08,1.56402e+00,6.23896e+00,6.55586e-03,
1.19330e+04,3.47326e+08,2.53208e-01,6.21135e+00,5.16437e-03,
2.75886e+04,3.47353e+08,4.98503e-01,3.12089e-01,4.20043e-03,
3.00839e+04,3.47384e+08,4.88728e-01,3.18133e+00,-9.43504e-03,
6.17681e+04,3.47445e+08,9.06544e-01,3.93476e-01,5.96167e-03,
5.80276e+04,3.47503e+08,1.97694e-01,2.74671e+00,-4.42759e-03,
9.44901e+05,3.48448e+08,7.70580e-01,3.21841e+00,6.67362e-03,
1.87351e+04,3.48467e+08,7.58379e-01,3.19909e+00,1.09409e-03,
1.31062e+04,3.48480e+08,5.25345e-01,2.52474e+00,-6.76703e-03,
3.39517e+05,3.48820e+08,7.23486e-01,5.16496e+00,-3.01348e-04,
1.45936e+05,3.48966e+08,8.05150e-01,5.58560e+00,-7.23474e-03,
7.77597e+05,3.49743e+08,5.18877e-01,4.45604e+00,-1.80367e-03,
1.35173e+04,3.49757e+08,6.20335e-01,5.10914e-01,-7.68258e-03,
6.22035e+04,3.49819e+08,9.95831e-01,2.05974e+00,8.10494e-03,
1.26236e+04,3.49831e+08,5.15488e-01,1.82000e+00,7.77337e-04,
3.09040e+04,3.49862e+08,7.13560e-01,4.09844e+00,-7.49718e-03,
1.59143e+04,3.49878e+08,2.74072e-01,5.38618e+00,3.59804e-04,
3.49656e+04,3.49913e+08,4.29704e-01,1.79291e+00,4.10367e-03,
1.12455e+04,3.49924e+08,4.84294e-01,5.53347e-01,9.28410e-03,
1.92653e+04,3.49944e+08,1.23789e-01,2.91697e-01,4.82581e-03,
1.08330e+04,3.49955e+08,4.57757e-01,1.14316e-01,-5.68507e-03,
6.22938e+04,3.50017e+08,1.29915e-01,4.19961e+00,-7.24330e-03,
};
