Real cluster_data[] = {
// mass [M_sun]  total_SF [M_sun]  r [kpc]  phi [rad]  z [kpc],
2.36261e+04,2.36261e+04,9.34970e-01,4.13299e+00,-4.14407e-03,
1.17533e+04,3.53794e+04,2.82830e-01,1.86405e+00,-3.16933e-03,
1.04245e+04,4.58039e+04,9.41592e-02,3.28506e+00,-8.84048e-03,
1.08280e+05,1.54084e+05,4.45790e-01,3.59369e+00,-5.59955e-03,
1.69257e+04,1.71009e+05,1.14660e+00,3.17979e+00,3.67073e-03,
6.37729e+04,2.34782e+05,4.33128e-01,2.92971e+00,-8.24805e-03,
3.12661e+04,2.66048e+05,5.83343e-01,2.98181e+00,-9.30470e-03,
1.17341e+04,2.77782e+05,4.43175e-01,3.42776e+00,4.64355e-03,
1.06149e+04,2.88397e+05,3.40502e-01,2.03764e+00,-4.72522e-03,
1.74087e+04,3.05806e+05,6.32972e-01,3.01188e+00,-7.99578e-03,
1.63121e+06,1.93702e+06,1.34435e+00,2.07819e-01,9.45048e-03,
1.09450e+04,1.94796e+06,7.35820e-01,1.22042e+00,9.36255e-03,
8.94213e+05,2.84217e+06,2.31646e-01,4.15648e+00,8.18836e-03,
1.05716e+04,2.85275e+06,5.67256e-01,4.26566e+00,-3.40386e-03,
7.57941e+04,2.92854e+06,3.83524e-01,1.65925e+00,-6.16189e-03,
1.09400e+05,3.03794e+06,9.19868e-01,5.22852e+00,-9.36392e-03,
3.95164e+04,3.07746e+06,3.04812e-01,3.44754e+00,-9.91985e-03,
5.01029e+04,3.12756e+06,4.37741e-01,4.14620e+00,4.58399e-03,
2.02354e+04,3.14779e+06,1.05845e+00,1.47795e-01,-8.50453e-03,
3.77716e+04,3.18557e+06,5.64980e-01,3.28183e+00,-1.18850e-03,
1.00067e+04,3.19557e+06,4.68373e-01,5.57851e-01,1.32591e-03,
1.55263e+04,3.21110e+06,7.03766e-01,6.24874e+00,8.87586e-03,
3.07542e+04,3.24185e+06,1.08624e+00,1.88106e+00,-4.91867e-03,
3.58105e+05,3.59996e+06,2.90652e-01,1.32622e+00,-3.45396e-03,
1.58088e+04,3.61577e+06,8.19971e-01,1.60559e+00,-6.39787e-03,
1.24242e+04,3.62819e+06,1.13421e+00,1.37656e+00,-1.52350e-03,
1.00468e+04,3.63824e+06,8.29385e-01,1.39833e+00,-3.24163e-03,
7.73040e+04,3.71554e+06,3.59507e-01,2.97269e-01,8.12191e-03,
1.41353e+04,3.72968e+06,8.19484e-02,2.34078e+00,-3.45361e-03,
1.37365e+04,3.74341e+06,5.95550e-01,1.90187e+00,-5.44753e-03,
1.44824e+04,3.75790e+06,2.49246e-01,2.53948e+00,-8.17977e-03,
2.61620e+05,4.01952e+06,7.09461e-01,5.08663e+00,-9.57520e-03,
1.27895e+04,4.03231e+06,2.74609e-01,3.09010e+00,-3.37282e-03,
1.20960e+04,4.04440e+06,1.53348e+00,4.12292e-01,4.50265e-03,
1.46729e+04,4.05907e+06,2.55913e-01,3.68496e+00,5.99679e-03,
6.89974e+04,4.12807e+06,5.12964e-01,5.05390e+00,-1.97657e-03,
1.04651e+04,4.13854e+06,1.23721e+00,1.01073e+00,-2.11298e-03,
1.63665e+04,4.15490e+06,5.77344e-01,3.75710e+00,-9.34895e-03,
1.28739e+04,4.16778e+06,7.61003e-01,6.10276e+00,-5.47312e-03,
1.53971e+04,4.18317e+06,9.06050e-01,1.76373e+00,4.06351e-03,
1.13836e+04,4.19456e+06,1.16936e-01,5.11954e+00,3.42880e-03,
1.57099e+04,4.21027e+06,2.99230e-01,1.33971e+00,2.06898e-03,
1.38189e+04,4.22409e+06,6.09680e-01,1.44911e+00,-6.66830e-03,
3.11264e+04,4.25521e+06,6.36565e-01,5.74371e+00,3.59727e-03,
1.78784e+04,4.27309e+06,2.41960e-01,8.46926e-01,9.93278e-03,
2.62359e+04,4.29933e+06,6.18248e-01,3.22362e+00,9.33162e-04,
5.92073e+04,4.35854e+06,1.61127e-01,2.63461e+00,3.85177e-03,
1.96028e+04,4.37814e+06,7.36773e-01,4.51785e+00,-3.53707e-04,
1.34795e+04,4.39162e+06,3.20052e-01,2.03117e+00,7.19981e-03,
6.29368e+04,4.45455e+06,6.28180e-01,3.25603e-01,6.23887e-03,
1.33444e+04,4.46790e+06,2.37158e+00,4.30696e+00,-3.26140e-04,
1.50547e+04,4.48295e+06,3.62273e-01,2.96620e-01,-2.11195e-03,
2.23001e+04,4.50525e+06,1.13299e+00,2.05406e+00,4.68511e-04,
1.53249e+04,4.52058e+06,1.54687e-01,1.89511e+00,4.83640e-03,
2.30874e+04,4.54367e+06,8.37112e-01,6.81632e-01,3.34863e-03,
5.71361e+04,4.60080e+06,1.54569e+00,2.85767e+00,2.45004e-03,
1.25365e+04,4.61334e+06,3.04549e-01,4.74256e+00,-9.33783e-03,
3.25115e+04,4.64585e+06,9.78185e-01,4.45313e-01,-7.93112e-03,
1.06282e+04,4.65648e+06,1.53624e+00,5.24446e+00,-4.94728e-03,
2.99095e+04,4.68639e+06,2.95382e-01,4.10363e+00,-1.08412e-03,
4.77700e+04,4.73416e+06,5.76636e-01,2.56553e-01,3.84077e-03,
1.07928e+04,4.74495e+06,8.08490e-01,5.39065e+00,-4.28830e-03,
1.02246e+05,4.84720e+06,4.51260e-01,1.42342e+00,-9.79985e-03,
1.80148e+04,4.86521e+06,2.72784e-01,1.92900e+00,-1.80867e-03,
2.40490e+04,4.88926e+06,1.79578e-01,6.15334e+00,2.10244e-04,
6.24962e+04,4.95176e+06,3.69860e-01,1.21978e+00,-7.84724e-03,
2.04229e+04,4.97218e+06,9.73287e-01,6.97325e-01,-4.60660e-03,
1.14385e+04,4.98362e+06,2.84007e-01,5.44699e+00,-4.91639e-03,
1.33815e+04,4.99700e+06,6.54117e-01,4.31195e+00,-5.02273e-03,
1.18324e+04,5.00883e+06,6.07311e-01,7.44680e-02,1.70962e-03,
1.49736e+04,5.02381e+06,8.68480e-01,3.59852e+00,7.93002e-03,
3.19264e+04,5.05573e+06,2.85170e-01,3.99191e+00,-2.88707e-03,
1.18796e+04,5.06761e+06,8.63773e-01,3.17533e+00,-1.53352e-03,
3.85211e+04,5.10613e+06,1.44682e+00,4.24633e+00,-6.31522e-03,
5.13207e+04,5.15745e+06,4.48431e-01,4.33278e+00,-1.01090e-03,
1.13696e+05,5.27115e+06,2.46636e-01,4.08769e+00,-2.43555e-03,
1.86284e+04,5.28978e+06,6.94216e-01,1.62522e+00,6.12332e-03,
2.84550e+04,5.31823e+06,3.60272e-01,9.31403e-01,-8.37139e-03,
1.13084e+04,5.32954e+06,6.55893e-01,5.01434e+00,-1.47417e-03,
7.29575e+04,5.40250e+06,4.58800e-01,2.15438e+00,-1.14056e-03,
1.43506e+04,5.41685e+06,1.65185e+00,4.57612e+00,2.20391e-03,
1.43224e+04,5.43117e+06,4.76051e-01,2.31721e+00,-1.64771e-03,
4.50907e+04,5.47626e+06,4.30082e-01,2.41883e+00,6.71725e-03,
1.93607e+04,5.49562e+06,9.91531e-02,9.22209e-02,-4.67807e-03,
1.03408e+04,5.50596e+06,1.03100e+00,4.89723e+00,6.52720e-03,
1.59360e+04,5.52190e+06,1.34414e-01,4.54453e+00,1.64489e-03,
2.73357e+05,5.79526e+06,1.89045e-01,4.74873e+00,6.32409e-03,
4.01489e+04,5.83541e+06,4.08496e-01,8.92383e-01,9.73674e-03,
1.15642e+04,5.84697e+06,5.56895e-01,1.78058e+00,2.92148e-03,
5.74731e+04,5.90444e+06,5.91093e-01,2.31845e+00,9.22337e-03,
6.50164e+04,5.96946e+06,3.05639e-01,5.48948e+00,9.77574e-03,
1.91365e+04,5.98860e+06,1.38655e+00,4.95671e+00,-2.80267e-03,
1.31005e+04,6.00170e+06,7.91268e-01,3.67560e+00,6.32009e-03,
2.15747e+04,6.02327e+06,3.26522e-01,4.89510e+00,6.03164e-03,
1.89370e+04,6.04221e+06,1.24384e+00,5.05857e+00,-3.14407e-03,
8.65815e+05,6.90802e+06,2.76480e-01,4.47012e+00,-4.03785e-03,
1.43986e+04,6.92242e+06,4.16963e-01,1.62048e+00,-7.61117e-03,
8.85110e+04,7.01093e+06,4.35219e-01,4.57330e+00,-5.66972e-03,
1.33722e+05,7.14465e+06,6.57167e-01,4.87332e+00,-8.03705e-03,
2.04045e+04,7.16506e+06,1.12615e+00,5.09694e+00,9.71379e-03,
5.48751e+04,7.21993e+06,6.67956e-01,2.81420e+00,9.18102e-04,
8.97409e+04,7.30967e+06,2.27465e-01,1.91780e+00,3.70466e-03,
1.84674e+04,7.32814e+06,1.17492e+00,9.27953e-02,4.16201e-03,
1.26060e+04,7.34075e+06,4.56242e-01,2.95843e-01,2.99168e-03,
1.36318e+04,7.35438e+06,4.63234e-01,1.53615e+00,-9.79588e-03,
1.12620e+04,7.36564e+06,7.63074e-01,6.24017e+00,-4.65168e-03,
6.12681e+04,7.42691e+06,9.96933e-01,2.98461e+00,6.74337e-03,
3.29368e+04,7.45985e+06,4.26552e-01,6.04351e+00,-4.15751e-03,
1.79479e+04,7.47779e+06,2.52173e-02,2.74581e+00,-3.97462e-04,
1.35521e+04,7.49135e+06,7.93308e-01,5.98439e-01,-5.75581e-03,
2.27751e+04,7.51412e+06,2.44643e-01,1.64656e+00,2.68080e-03,
4.31576e+04,7.55728e+06,5.43879e-01,5.85917e+00,-2.18377e-03,
6.25508e+04,7.61983e+06,1.50536e+00,5.89563e+00,2.61915e-03,
5.20535e+04,7.67188e+06,5.34509e-01,6.25380e+00,1.07513e-03,
1.85077e+04,7.69039e+06,2.57722e-01,6.09131e+00,-3.84924e-03,
1.02516e+04,7.70064e+06,9.72585e-02,4.19868e+00,8.53119e-03,
1.64836e+04,7.71713e+06,4.35267e-01,1.27332e+00,-4.10534e-03,
1.86378e+04,7.73576e+06,6.47135e-01,1.68468e+00,4.43392e-03,
1.03799e+04,7.74614e+06,6.98527e-02,3.74785e+00,-2.08716e-03,
3.84880e+04,7.78463e+06,4.66226e-01,3.87566e+00,-6.95147e-03,
3.12679e+04,7.81590e+06,5.85391e-01,3.75969e+00,-6.00879e-03,
4.33815e+04,7.85928e+06,1.29128e-01,1.05565e+00,8.42342e-03,
2.65587e+04,7.88584e+06,6.56780e-01,5.78193e+00,-2.97485e-03,
5.57076e+04,7.94155e+06,5.61158e-01,4.24458e+00,-9.89446e-03,
1.09791e+04,7.95253e+06,2.40442e-01,5.45779e+00,7.08735e-03,
1.44876e+04,7.96701e+06,1.80489e-01,1.25441e+00,-8.62245e-03,
1.95257e+04,7.98654e+06,4.54282e-01,6.23484e+00,4.35674e-03,
1.85008e+04,8.00504e+06,3.32892e-01,5.89627e+00,9.55337e-03,
2.11197e+04,8.02616e+06,1.04102e-01,6.15062e+00,8.57278e-03,
2.19187e+04,8.04808e+06,3.90250e-01,2.31098e+00,5.39551e-03,
3.66280e+04,8.08471e+06,9.53345e-01,9.45765e-01,2.03381e-04,
1.10751e+04,8.09578e+06,2.54568e-01,7.90831e-01,5.69176e-03,
1.35289e+05,8.23107e+06,6.31692e-01,4.65791e+00,-8.52029e-04,
1.37663e+04,8.24484e+06,7.52290e-01,5.83955e+00,4.52958e-03,
1.86818e+04,8.26352e+06,2.08947e-01,2.86773e+00,4.64802e-03,
1.14983e+04,8.27502e+06,3.03203e-01,3.21127e-02,4.65804e-03,
2.60197e+04,8.30104e+06,1.18782e+00,5.94011e+00,-7.07064e-03,
9.19911e+04,8.39303e+06,3.13686e-01,5.90555e+00,7.08379e-03,
1.75934e+04,8.41062e+06,4.88581e-01,5.84827e+00,-9.14460e-03,
1.18689e+04,8.42249e+06,1.23083e+00,4.01718e+00,2.07638e-03,
1.10353e+04,8.43353e+06,2.06705e-01,1.37461e+00,5.46701e-03,
2.28779e+04,8.45640e+06,6.37219e-01,6.14240e+00,3.76805e-03,
5.03867e+04,8.50679e+06,1.59438e+00,3.07563e+00,-7.36448e-03,
6.42876e+04,8.57108e+06,1.33090e+00,5.57102e+00,2.76975e-03,
1.05332e+04,8.58161e+06,5.76787e-01,6.07048e+00,-1.01115e-03,
1.24931e+04,8.59410e+06,1.41313e-01,1.81916e+00,-9.36850e-03,
1.24072e+04,8.60651e+06,4.24023e-01,5.11949e-02,8.85114e-03,
1.94252e+04,8.62594e+06,1.19926e+00,1.72487e+00,4.61442e-03,
2.24096e+04,8.64835e+06,7.69274e-01,3.49458e+00,-7.75839e-03,
1.02610e+04,8.65861e+06,4.80333e-01,2.56312e+00,-2.24480e-03,
1.20996e+04,8.67071e+06,2.49482e+00,3.93089e+00,4.48872e-04,
1.67737e+04,8.68748e+06,3.85477e-01,5.94289e+00,-5.38966e-03,
1.03475e+04,8.69783e+06,4.74560e-01,5.14268e+00,2.23469e-03,
1.39320e+04,8.71176e+06,6.26428e-02,2.55634e-01,-1.54574e-04,
1.88493e+04,8.73061e+06,1.54909e-01,5.17389e+00,6.60456e-03,
1.11032e+04,8.74171e+06,7.99407e-01,1.57723e+00,-7.75089e-03,
2.81107e+04,8.76982e+06,2.93464e-01,3.81172e+00,7.13647e-03,
2.62367e+04,8.79606e+06,7.74310e-01,7.26545e-01,-6.18016e-03,
1.79480e+04,8.81401e+06,4.33605e-01,3.69706e+00,7.09368e-03,
2.70597e+04,8.84107e+06,2.95664e-01,4.44196e+00,-1.51972e-03,
1.18767e+04,8.85294e+06,4.73454e-01,8.82406e-01,-5.75178e-03,
1.68773e+04,8.86982e+06,4.05058e-01,5.22333e+00,-4.26529e-03,
9.17719e+04,8.96159e+06,1.27543e+00,3.72999e+00,-6.11870e-03,
2.06527e+04,8.98225e+06,4.27229e-01,8.65831e-01,-8.01058e-03,
4.56068e+04,9.02785e+06,3.17170e-01,3.98952e+00,-5.40861e-03,
1.26609e+04,9.04051e+06,5.09318e-01,6.20316e-01,5.75156e-03,
1.05970e+04,9.05111e+06,8.90850e-01,9.99657e-01,-9.97919e-03,
9.52334e+05,1.00034e+07,1.10202e+00,4.58363e+00,-2.50041e-03,
1.21453e+04,1.00156e+07,7.35328e-01,2.15790e+00,1.08868e-03,
1.25011e+04,1.00281e+07,4.85261e-01,8.64267e-01,7.44588e-03,
2.68505e+04,1.00549e+07,6.20442e-01,1.13167e+00,-5.02792e-03,
3.96071e+04,1.00945e+07,1.55484e+00,1.27464e+00,4.23369e-04,
3.00368e+04,1.01246e+07,7.48715e-01,5.45764e-01,5.33710e-03,
2.12474e+04,1.01458e+07,1.25365e+00,3.46741e+00,-7.73205e-03,
1.76931e+04,1.01635e+07,1.29213e+00,2.08312e+00,-2.94317e-03,
2.47184e+04,1.01882e+07,8.75765e-01,3.00483e-01,-8.48123e-03,
1.67537e+05,1.03558e+07,1.72728e+00,2.96184e+00,9.05439e-03,
4.13545e+04,1.03971e+07,2.67647e-01,1.17242e+00,2.46293e-03,
3.73587e+04,1.04345e+07,1.73112e+00,5.71281e+00,5.54057e-03,
1.92147e+04,1.04537e+07,4.65439e-01,4.06767e+00,-4.44050e-03,
1.45855e+04,1.04683e+07,5.56031e-01,2.59917e+00,-2.65444e-03,
2.63967e+04,1.04947e+07,5.05349e-01,3.51300e+00,7.99545e-03,
1.13876e+05,1.06086e+07,1.21528e+00,4.50760e+00,8.51536e-03,
1.58275e+04,1.06244e+07,1.18038e+00,8.07231e-01,-9.69240e-03,
9.23578e+04,1.07168e+07,1.29019e+00,5.87738e+00,7.98155e-03,
6.59648e+04,1.07827e+07,1.01329e-01,1.03545e+00,6.56604e-03,
2.04880e+04,1.08032e+07,4.40209e-01,1.43530e+00,8.74364e-03,
1.10093e+05,1.09133e+07,4.52591e-01,3.92622e+00,-9.10983e-03,
1.85302e+04,1.09318e+07,6.36260e-01,5.89366e+00,9.10959e-03,
1.17357e+04,1.09436e+07,6.77669e-01,1.09957e+00,-3.66668e-03,
1.00154e+04,1.09536e+07,4.76748e-01,3.99248e+00,5.55171e-03,
1.08691e+04,1.09644e+07,2.43792e-01,5.52035e+00,-2.91655e-03,
2.17959e+04,1.09862e+07,2.11050e+00,4.66475e+00,-9.50559e-03,
1.13579e+04,1.09976e+07,6.84016e-01,1.87689e+00,-1.09116e-03,
2.02889e+04,1.10179e+07,9.58920e-01,1.37050e-01,-1.96533e-03,
3.65771e+04,1.10545e+07,1.48617e+00,2.95649e+00,-8.75168e-03,
1.28281e+04,1.10673e+07,4.47525e-01,5.85118e+00,-5.38755e-03,
2.94119e+04,1.10967e+07,5.30494e-01,1.41629e+00,6.62648e-03,
1.59541e+04,1.11127e+07,2.38622e-01,5.78763e-01,3.92503e-03,
2.22392e+04,1.11349e+07,4.02065e-01,2.61261e+00,-7.32905e-03,
4.04571e+04,1.11754e+07,1.65473e+00,2.18147e+00,4.94340e-03,
1.69893e+04,1.11923e+07,3.49564e-01,2.03598e+00,-4.52493e-04,
2.76996e+04,1.12200e+07,2.31618e-01,4.47773e-01,-3.93257e-03,
3.77070e+04,1.12578e+07,4.12144e-01,4.60204e-02,2.11994e-03,
2.00406e+04,1.12778e+07,9.29192e-01,4.26425e+00,-8.30143e-03,
5.72022e+04,1.13350e+07,9.71114e-01,4.75822e+00,-5.50943e-03,
1.70771e+04,1.13521e+07,5.65908e-01,6.09128e+00,-8.05965e-03,
3.13277e+04,1.13834e+07,6.78197e-01,3.62552e+00,-2.34392e-04,
3.15666e+05,1.16991e+07,5.12039e-01,5.56469e+00,-9.28837e-03,
3.47481e+04,1.17338e+07,3.22368e-01,4.15255e+00,2.97546e-03,
1.10410e+04,1.17449e+07,2.63949e-01,1.41364e+00,-7.04317e-03,
1.03177e+04,1.17552e+07,8.61688e-01,6.16794e+00,7.10364e-03,
6.74071e+05,1.24292e+07,8.48150e-01,5.11530e+00,-2.69142e-03,
2.93644e+04,1.24586e+07,6.84149e-01,1.55267e+00,8.82322e-03,
1.92823e+05,1.26514e+07,6.31445e-01,2.58296e+00,-5.97451e-03,
1.64565e+05,1.28160e+07,1.45144e+00,4.27733e+00,6.20859e-04,
2.07499e+04,1.28367e+07,2.76478e-01,2.94212e+00,3.44996e-03,
1.56226e+04,1.28524e+07,1.66855e+00,2.34173e+00,-9.87602e-04,
8.48670e+04,1.29372e+07,2.15542e-01,1.51812e+00,5.39875e-05,
1.39029e+04,1.29511e+07,6.59800e-01,3.58160e+00,7.05836e-03,
5.55096e+05,1.35062e+07,6.67747e-01,9.09733e-01,2.91723e-03,
1.66855e+04,1.35229e+07,1.52636e-01,1.06610e-03,-3.52233e-03,
1.02299e+04,1.35332e+07,5.39785e-01,3.52584e+00,7.34951e-03,
1.51243e+06,1.50456e+07,5.45671e-01,3.73606e+00,3.17010e-03,
4.32441e+04,1.50888e+07,7.36293e-01,2.90945e-01,2.09864e-04,
3.16102e+04,1.51204e+07,9.96977e-01,8.51561e-01,-5.84658e-03,
1.15850e+04,1.51320e+07,2.24432e-01,2.70627e+00,9.28339e-03,
4.66238e+04,1.51786e+07,2.40034e-01,6.10102e+00,-5.95545e-03,
4.55758e+04,1.52242e+07,1.33092e+00,3.95538e+00,-9.55888e-03,
1.19999e+04,1.52362e+07,7.40943e-01,4.06940e+00,-8.27012e-03,
4.77339e+04,1.52840e+07,3.56937e-01,6.16302e+00,2.75014e-03,
1.11889e+04,1.52951e+07,6.02328e-01,1.69884e+00,4.52711e-03,
1.39642e+06,1.66916e+07,1.19929e-01,4.17187e-01,3.81255e-03,
1.72487e+04,1.67088e+07,2.38367e-01,3.61579e+00,9.20758e-03,
7.49374e+04,1.67837e+07,4.97255e-01,1.24768e+00,-2.08123e-03,
9.91953e+04,1.68829e+07,3.20724e-01,5.62747e+00,4.55351e-03,
1.41536e+04,1.68971e+07,5.21019e-01,2.30677e+00,4.37797e-03,
6.59206e+04,1.69630e+07,4.72713e-01,5.53469e+00,6.17769e-03,
3.08868e+05,1.72719e+07,8.82468e-01,9.02868e-01,2.19132e-03,
1.02168e+04,1.72821e+07,6.74047e-02,1.95945e+00,7.07225e-03,
2.43452e+05,1.75256e+07,2.10524e-01,2.88009e+00,2.14613e-03,
1.05271e+04,1.75361e+07,7.80861e-01,5.40768e-02,-3.13347e-03,
1.77666e+04,1.75538e+07,1.24745e-01,3.09451e+00,-5.97152e-03,
7.42046e+04,1.76281e+07,6.87518e-01,4.87689e+00,-6.18663e-03,
1.39831e+05,1.77679e+07,6.63647e-01,2.08071e+00,2.40617e-03,
1.85727e+04,1.77865e+07,7.86476e-01,1.55978e+00,-5.14036e-03,
1.20856e+04,1.77985e+07,8.10259e-01,6.26412e+00,-3.79424e-03,
1.37931e+04,1.78123e+07,1.30114e+00,4.78569e+00,-5.42713e-03,
1.01864e+04,1.78225e+07,2.24177e-01,5.60882e+00,-8.51158e-03,
1.21357e+04,1.78347e+07,5.60724e-01,3.67164e+00,-2.17608e-03,
4.19522e+04,1.78766e+07,4.29364e-01,7.80415e-01,-2.72449e-03,
2.12792e+04,1.78979e+07,4.85785e-01,3.99208e+00,-3.05788e-03,
2.16045e+04,1.79195e+07,1.21561e+00,2.77254e+00,-4.67718e-03,
5.17599e+04,1.79713e+07,6.06256e-01,4.03559e-01,-6.73750e-03,
1.79953e+04,1.79892e+07,3.73974e-01,2.89600e+00,3.02157e-03,
1.64091e+04,1.80057e+07,1.78691e-01,4.61222e+00,-9.48249e-03,
1.00810e+04,1.80157e+07,8.89146e-01,2.58519e-01,1.49794e-03,
1.32571e+04,1.80290e+07,3.29599e-01,2.54920e-01,8.38283e-03,
2.86742e+04,1.80577e+07,4.66485e-01,1.39598e-01,-6.23891e-03,
1.27698e+04,1.80704e+07,1.82111e+00,1.23927e+00,7.43255e-03,
3.89313e+04,1.81094e+07,5.95863e-01,3.50015e+00,-8.32458e-03,
2.03843e+04,1.81298e+07,5.51173e-02,3.78181e-01,6.55451e-03,
5.97876e+04,1.81895e+07,8.29189e-01,2.00989e+00,4.24301e-03,
9.04134e+04,1.82800e+07,3.37995e-01,1.76052e+00,5.37599e-03,
4.11168e+04,1.83211e+07,7.10601e-02,4.67386e+00,2.46054e-03,
6.36728e+04,1.83847e+07,7.18434e-01,3.56393e+00,-9.34155e-03,
1.27454e+04,1.83975e+07,6.80250e-01,2.92403e+00,1.26924e-03,
2.18038e+04,1.84193e+07,8.21833e-01,2.82075e+00,9.87085e-03,
2.95658e+04,1.84489e+07,5.82780e-01,1.63933e+00,6.40570e-03,
1.03596e+04,1.84592e+07,6.52896e-01,2.73892e+00,-1.32990e-03,
3.15217e+04,1.84907e+07,8.82767e-01,4.22528e+00,7.23032e-03,
1.12459e+04,1.85020e+07,1.18981e-01,3.39024e+00,-2.54251e-03,
3.91902e+04,1.85412e+07,8.58782e-01,1.61908e+00,3.71032e-03,
6.73229e+04,1.86085e+07,1.35041e-01,5.59838e+00,4.19130e-04,
1.63050e+04,1.86248e+07,1.63397e-01,1.10596e+00,4.78946e-03,
1.01879e+04,1.86350e+07,8.98132e-01,9.69166e-01,1.28270e-03,
1.42121e+04,1.86492e+07,5.80261e-01,4.21212e+00,8.38947e-03,
1.40017e+04,1.86632e+07,2.34075e-01,9.83984e-01,1.42854e-03,
1.08351e+04,1.86740e+07,1.88582e-01,2.43913e+00,4.08667e-03,
1.29293e+04,1.86870e+07,4.07070e-01,2.41099e+00,2.13984e-03,
1.29176e+04,1.86999e+07,2.73250e-01,4.75918e+00,-6.51971e-04,
2.18112e+04,1.87217e+07,5.19666e-01,4.44141e+00,9.02460e-03,
1.36217e+04,1.87353e+07,4.45406e-01,2.47224e+00,-3.88395e-03,
1.02372e+04,1.87456e+07,5.19069e-01,3.53945e+00,6.53069e-03,
1.71124e+04,1.87627e+07,8.68387e-01,2.69224e+00,-2.73301e-03,
1.17646e+04,1.87744e+07,1.17892e+00,5.13230e+00,-3.00347e-03,
3.10943e+04,1.88055e+07,1.09036e+00,2.24483e+00,9.64507e-03,
4.28957e+04,1.88484e+07,5.41692e-01,4.87215e+00,7.14794e-03,
4.92994e+04,1.88977e+07,5.30927e-01,4.28123e+00,5.94307e-03,
1.25643e+04,1.89103e+07,1.07080e+00,4.20090e-01,5.14284e-03,
3.36855e+04,1.89440e+07,5.83528e-01,1.54922e+00,3.92409e-03,
3.50494e+04,1.89790e+07,1.86001e-01,6.08558e+00,7.01425e-03,
1.56559e+04,1.89947e+07,2.82668e-01,4.17654e+00,-3.88738e-03,
5.55918e+04,1.90503e+07,1.38216e+00,6.05259e+00,2.75644e-03,
2.15605e+04,1.90718e+07,2.01809e-01,5.17844e+00,-6.84269e-03,
6.15139e+04,1.91333e+07,7.39106e-01,8.49433e-01,6.94113e-03,
1.03148e+04,1.91437e+07,1.62447e+00,2.80434e+00,8.25206e-03,
1.24131e+04,1.91561e+07,1.74432e+00,3.73799e+00,2.44366e-03,
1.13643e+04,1.91674e+07,6.04577e-01,1.28410e+00,-1.74418e-03,
4.37254e+05,1.96047e+07,2.61304e-01,3.79810e+00,-9.81094e-03,
9.32488e+05,2.05372e+07,1.06575e+00,3.02489e+00,4.60817e-03,
2.71923e+04,2.05644e+07,3.72261e-01,4.19885e+00,4.37732e-03,
1.06108e+04,2.05750e+07,1.00167e+00,9.94515e-01,-5.65430e-03,
5.38051e+05,2.11130e+07,3.68535e-01,2.77461e+00,-4.92998e-03,
1.07169e+04,2.11238e+07,1.67073e-01,4.94158e-01,-7.67981e-03,
6.65765e+04,2.11903e+07,9.24612e-01,3.16545e-01,-8.33365e-03,
6.92977e+04,2.12596e+07,3.58419e-01,5.74703e+00,-9.99849e-03,
1.67258e+04,2.12764e+07,1.89593e+00,1.04380e+00,-1.03578e-03,
1.33101e+04,2.12897e+07,3.65913e-01,5.27728e+00,9.19044e-04,
1.77505e+04,2.13074e+07,9.62578e-01,8.90888e-01,-4.60738e-03,
1.07148e+04,2.13181e+07,2.50489e-01,4.01133e-04,-9.68703e-03,
1.07245e+04,2.13289e+07,5.70948e-01,2.93014e+00,7.34060e-03,
3.78519e+04,2.13667e+07,8.71234e-01,5.61373e+00,-2.15323e-03,
7.23716e+04,2.14391e+07,6.45393e-01,7.95843e-01,1.76950e-03,
1.78699e+04,2.14569e+07,1.04192e+00,3.41675e-01,-6.28830e-03,
4.78192e+04,2.15048e+07,1.17849e+00,4.74553e+00,7.58809e-03,
1.05911e+04,2.15154e+07,4.41517e-01,5.09723e+00,-3.57289e-03,
1.46415e+04,2.15300e+07,8.70886e-01,5.41645e+00,4.80062e-04,
6.70898e+04,2.15971e+07,4.80048e-01,1.87105e+00,3.28746e-03,
1.18946e+04,2.16090e+07,5.41858e-01,8.77240e-01,-3.17731e-03,
1.52021e+04,2.16242e+07,8.88191e-01,2.10788e+00,-8.86451e-03,
1.51728e+04,2.16394e+07,4.55908e-01,2.72985e+00,-4.15438e-03,
1.53731e+04,2.16547e+07,7.11461e-01,3.55441e+00,-6.48571e-03,
4.93546e+04,2.17041e+07,3.24275e-01,2.79546e+00,-7.64184e-03,
1.44351e+04,2.17185e+07,5.55038e-01,5.55923e+00,8.26383e-03,
1.17571e+04,2.17303e+07,8.47369e-01,1.80122e-01,2.45775e-03,
1.06778e+04,2.17410e+07,5.83910e-01,1.91051e+00,6.16126e-03,
4.72195e+04,2.17882e+07,7.52957e-01,1.28820e+00,-6.24465e-03,
2.55566e+04,2.18137e+07,8.44942e-01,3.91503e+00,7.70814e-03,
1.58167e+04,2.18295e+07,5.59805e-01,2.74889e+00,8.56954e-03,
2.32611e+04,2.18528e+07,9.95783e-01,4.77452e+00,-8.53171e-03,
1.54418e+04,2.18683e+07,8.11178e-01,5.85058e-01,-3.76474e-03,
1.15810e+04,2.18798e+07,1.81060e-01,2.41189e+00,-3.53829e-03,
2.18591e+04,2.19017e+07,4.33403e-01,4.63908e+00,8.05849e-03,
5.14391e+04,2.19531e+07,7.21748e-02,5.16500e+00,-7.84908e-03,
1.53661e+04,2.19685e+07,1.72575e+00,3.54114e+00,7.02616e-03,
1.11332e+04,2.19796e+07,8.80521e-02,4.06888e+00,1.32981e-03,
2.74062e+05,2.22537e+07,2.28151e-01,5.23422e+00,-4.16721e-03,
5.44268e+04,2.23081e+07,5.18827e-01,1.11294e+00,3.67519e-05,
1.08227e+06,2.33904e+07,6.24259e-01,3.42770e+00,3.72200e-03,
3.31362e+05,2.37217e+07,5.92976e-01,2.84935e+00,2.47105e-03,
7.99592e+04,2.38017e+07,4.41299e-01,6.23605e+00,3.34225e-03,
7.65432e+04,2.38783e+07,2.03029e+00,4.27952e+00,-5.43610e-03,
1.17682e+04,2.38900e+07,2.43276e-01,5.41884e+00,6.55023e-03,
1.07260e+04,2.39007e+07,8.47368e-01,2.29722e+00,2.35640e-04,
5.75548e+04,2.39583e+07,4.79279e-01,4.87569e+00,7.05357e-03,
3.39555e+04,2.39923e+07,5.97150e-01,3.95074e+00,-2.23319e-04,
2.09611e+04,2.40132e+07,6.97175e-01,3.13755e+00,8.94676e-03,
1.32641e+06,2.53396e+07,1.81877e-01,3.87737e+00,-9.15626e-03,
2.94183e+05,2.56338e+07,3.64335e-01,1.24588e+00,-6.47213e-03,
4.43640e+04,2.56782e+07,5.52005e-01,5.14236e+00,4.93866e-03,
1.19240e+04,2.56901e+07,2.56431e-01,2.82106e+00,-2.39840e-03,
4.85398e+04,2.57386e+07,1.01102e+00,9.53976e-02,-1.11030e-03,
1.36869e+05,2.58755e+07,8.96651e-01,2.74469e+00,-4.82960e-03,
4.50098e+04,2.59205e+07,5.40049e-01,5.76141e-01,9.30976e-03,
1.08100e+04,2.59313e+07,1.66223e-01,5.22391e-02,6.98060e-03,
4.04154e+04,2.59717e+07,8.82020e-01,4.85464e+00,6.43412e-04,
1.53409e+04,2.59871e+07,1.66391e-01,3.23666e+00,9.47333e-03,
1.07965e+04,2.59979e+07,7.42487e-02,3.43440e+00,1.02323e-03,
1.00667e+04,2.60079e+07,6.07626e-01,2.44940e+00,7.40674e-03,
6.14433e+04,2.60694e+07,7.54849e-01,3.14973e+00,5.75456e-04,
1.14002e+05,2.61834e+07,2.94280e-01,3.03673e+00,-6.54108e-03,
5.37935e+04,2.62372e+07,1.45551e-01,4.62201e+00,-3.00761e-03,
6.18539e+05,2.68557e+07,2.28304e-01,2.33038e+00,9.21525e-03,
1.02177e+04,2.68659e+07,1.19288e-01,5.91912e+00,6.27494e-03,
2.21055e+06,2.90765e+07,5.36012e-01,1.11958e+00,-2.41757e-03,
8.31204e+04,2.91596e+07,8.52975e-01,5.26797e-01,-6.99478e-03,
1.07818e+04,2.91704e+07,5.09522e-01,1.26207e-01,-6.72311e-03,
3.40602e+04,2.92045e+07,5.72369e-01,1.03766e+00,5.52277e-03,
4.42385e+05,2.96468e+07,7.11688e-01,1.95319e+00,4.09571e-03,
1.17936e+04,2.96586e+07,1.61812e-01,4.25510e+00,-6.79712e-03,
2.61575e+05,2.99202e+07,4.06191e-01,6.19396e+00,3.67213e-03,
1.26224e+04,2.99328e+07,1.69883e-01,4.37264e+00,9.20528e-03,
2.93207e+04,2.99621e+07,1.74774e-01,5.89219e+00,1.78488e-03,
2.01116e+04,2.99823e+07,1.84931e+00,2.00183e-01,4.99306e-03,
2.22593e+05,3.02049e+07,5.27465e-01,4.75673e+00,2.33562e-03,
1.70592e+04,3.02219e+07,1.28326e-01,4.65053e+00,-2.51209e-03,
1.60243e+05,3.03822e+07,5.91848e-01,5.83305e+00,-7.10160e-03,
2.83433e+04,3.04105e+07,4.80165e-01,2.05025e+00,8.29726e-03,
2.04297e+05,3.06148e+07,4.47571e-01,4.75846e+00,-8.32188e-03,
2.33715e+04,3.06382e+07,3.54639e-01,6.20199e+00,-1.86777e-03,
1.37383e+04,3.06519e+07,1.59404e-01,7.88342e-01,3.05557e-03,
1.39913e+04,3.06659e+07,5.00711e-01,3.98260e+00,9.21989e-04,
3.78258e+04,3.07037e+07,7.10283e-01,4.23177e+00,-5.80334e-03,
1.07559e+04,3.07145e+07,4.11872e-01,1.67884e+00,-1.89111e-03,
3.78598e+05,3.10931e+07,2.28013e-01,1.72110e-01,3.03045e-03,
1.66740e+05,3.12598e+07,1.52851e+00,3.35289e+00,-1.76397e-03,
1.52629e+04,3.12751e+07,7.93451e-01,4.75909e+00,-4.46402e-03,
1.27959e+04,3.12879e+07,1.29261e+00,2.00217e+00,-6.56953e-03,
1.09049e+05,3.13969e+07,5.91533e-01,5.57351e+00,9.62426e-03,
1.79391e+04,3.14149e+07,1.85267e-01,1.97660e+00,-6.83417e-03,
1.31036e+04,3.14280e+07,1.00512e+00,5.58768e+00,4.27816e-03,
1.10042e+04,3.14390e+07,4.00230e-01,3.52867e+00,-5.04735e-03,
2.19846e+04,3.14610e+07,1.58497e-01,6.50371e-01,6.44482e-03,
3.01633e+04,3.14911e+07,4.72708e-01,4.04250e+00,-7.54646e-04,
1.40723e+04,3.15052e+07,4.99521e-01,5.81104e+00,-8.57444e-04,
1.35762e+04,3.15188e+07,1.06758e+00,3.43304e+00,5.47579e-03,
1.93867e+04,3.15382e+07,1.05734e+00,1.39244e+00,-8.23479e-03,
2.06723e+04,3.15588e+07,5.49597e-01,2.77137e+00,1.53643e-03,
1.25065e+04,3.15713e+07,7.86244e-01,1.59407e+00,-4.88387e-03,
1.34818e+04,3.15848e+07,4.20333e-01,7.30391e-01,3.86299e-03,
5.81561e+04,3.16430e+07,1.09892e+00,2.53264e+00,2.84291e-03,
1.06025e+05,3.17490e+07,4.71872e-01,2.09468e+00,-5.67487e-03,
1.23901e+04,3.17614e+07,1.08371e+00,1.27728e-01,-8.20056e-03,
1.51982e+04,3.17766e+07,2.40515e-01,5.22707e+00,-6.92819e-03,
1.02195e+04,3.17868e+07,1.88761e-01,1.53983e+00,-7.98910e-03,
2.55605e+04,3.18124e+07,5.34705e-01,2.68547e+00,-4.74348e-03,
3.67520e+04,3.18491e+07,7.16256e-02,4.78126e+00,6.77769e-03,
5.98944e+04,3.19090e+07,4.82114e-01,1.07039e+00,-2.24510e-04,
1.69501e+04,3.19260e+07,2.22688e-01,1.05046e+00,5.36486e-03,
1.34802e+04,3.19394e+07,3.45625e-01,4.62570e-01,-5.26282e-03,
1.73173e+04,3.19568e+07,4.06231e-01,5.80211e+00,3.31030e-05,
1.71025e+04,3.19739e+07,8.03528e-01,4.74436e+00,7.16161e-03,
1.62987e+04,3.19902e+07,5.31720e-01,5.59306e-01,-9.21123e-03,
5.08044e+04,3.20410e+07,1.70948e-01,1.66153e+00,-6.94555e-03,
1.18077e+05,3.21590e+07,9.83459e-02,1.24583e+00,-3.05312e-03,
7.13207e+04,3.22304e+07,6.08153e-01,5.14913e-01,8.73231e-03,
5.93670e+04,3.22897e+07,5.53065e-01,3.60268e+00,3.38988e-03,
1.00473e+04,3.22998e+07,1.33036e+00,1.11970e+00,-7.09583e-03,
1.77373e+04,3.23175e+07,9.32274e-01,1.48944e+00,-4.62394e-04,
4.32696e+04,3.23608e+07,1.01782e+00,5.50824e+00,-5.12911e-03,
3.60397e+04,3.23968e+07,7.24236e-01,2.31697e-01,-4.26680e-03,
2.13113e+04,3.24181e+07,1.69822e-01,8.44126e-01,3.27609e-03,
1.35382e+04,3.24317e+07,6.13161e-01,4.30372e+00,2.99576e-03,
1.44790e+04,3.24462e+07,6.70916e-01,1.99846e+00,-3.41553e-03,
3.35173e+04,3.24797e+07,7.85843e-01,5.99562e+00,-1.45636e-03,
1.22084e+04,3.24919e+07,7.76363e-01,5.97404e-01,7.23573e-03,
1.31675e+04,3.25050e+07,1.05823e+00,2.14861e+00,6.98779e-03,
3.64052e+04,3.25414e+07,7.00008e-01,3.84494e+00,-9.49766e-03,
1.11707e+04,3.25526e+07,5.59767e-01,6.01463e+00,-4.69484e-03,
8.26899e+04,3.26353e+07,1.44854e+00,8.99770e-01,-6.41602e-03,
1.30125e+04,3.26483e+07,3.94813e-01,5.76896e+00,1.47003e-03,
2.84567e+04,3.26768e+07,4.34848e-01,3.59687e+00,-3.31727e-04,
2.18885e+04,3.26987e+07,1.13759e+00,3.20617e-01,-6.32942e-04,
1.48085e+04,3.27135e+07,2.82691e-01,5.99696e+00,7.42137e-03,
1.71419e+04,3.27306e+07,2.29917e-01,4.56716e+00,-3.17504e-03,
1.31598e+04,3.27438e+07,5.13987e-01,6.66206e-01,-1.20988e-04,
1.97930e+04,3.27636e+07,6.57942e-01,4.60293e+00,6.67108e-03,
1.59839e+04,3.27796e+07,2.15931e-01,5.14834e+00,4.34647e-03,
1.58542e+04,3.27954e+07,3.11392e-01,3.96211e+00,3.13032e-03,
1.44412e+04,3.28099e+07,8.49648e-01,5.44475e+00,2.03268e-05,
1.18940e+04,3.28217e+07,1.19548e+00,3.90644e+00,6.07625e-04,
1.41674e+04,3.28359e+07,8.64714e-01,2.81730e+00,3.80805e-03,
3.47736e+05,3.31836e+07,9.77858e-01,7.31456e-01,-6.29332e-03,
2.27145e+04,3.32064e+07,3.79457e-01,2.94678e+00,-7.00439e-03,
1.38393e+04,3.32202e+07,2.00123e-01,1.38978e+00,-7.34329e-03,
4.30014e+04,3.32632e+07,1.17719e+00,4.53950e+00,9.24250e-04,
3.46257e+04,3.32978e+07,5.61097e-01,6.90966e-02,-3.69681e-03,
5.69070e+05,3.38669e+07,9.18787e-01,7.24778e-01,-7.33085e-04,
3.70988e+05,3.42379e+07,1.88851e-01,1.29971e+00,1.71712e-03,
1.26155e+04,3.42505e+07,7.41580e-01,1.70031e-01,-4.95706e-04,
4.96189e+05,3.47467e+07,6.61056e-01,6.13232e+00,-1.72535e-03,
3.44869e+04,3.47812e+07,4.24200e-01,4.52439e+00,8.56262e-03,
1.53785e+04,3.47966e+07,1.54710e-01,3.28050e-01,9.39580e-03,
7.11459e+04,3.48677e+07,9.78921e-01,5.47901e+00,2.72111e-03,
7.69835e+04,3.49447e+07,8.49618e-01,1.94167e+00,3.30731e-03,
1.18175e+04,3.49565e+07,3.30788e-01,5.56711e-01,-2.41089e-03,
1.15308e+04,3.49680e+07,5.02259e-01,3.37772e+00,-1.34822e-03,
1.27019e+04,3.49807e+07,9.92237e-01,4.51174e+00,-4.74379e-03,
3.41344e+05,3.53221e+07,3.74585e-01,3.46445e+00,-5.24348e-03,
1.75586e+04,3.53396e+07,3.19667e-01,3.96122e+00,5.12560e-03,
1.68736e+04,3.53565e+07,3.88692e-01,5.56200e+00,8.93957e-03,
7.35026e+04,3.54300e+07,9.90175e-01,5.82765e+00,-6.37396e-03,
1.38173e+04,3.54438e+07,1.44442e+00,2.90437e+00,6.05365e-03,
1.92003e+04,3.54630e+07,5.57055e-01,6.09002e+00,6.02578e-03,
6.71799e+04,3.55302e+07,6.94255e-01,1.08041e+00,-6.09340e-03,
5.30444e+04,3.55833e+07,6.02833e-01,5.23473e+00,-3.26397e-03,
1.43919e+05,3.57272e+07,5.97994e-01,3.07333e+00,5.76522e-03,
3.59074e+04,3.57631e+07,8.21721e-01,2.52142e+00,-7.81970e-03,
3.71583e+04,3.58002e+07,1.48255e+00,5.04086e+00,-8.65695e-03,
1.89133e+05,3.59894e+07,1.36319e-01,3.53538e+00,-4.88375e-03,
1.55342e+04,3.60049e+07,3.88984e-01,5.05183e+00,2.57234e-03,
1.24338e+04,3.60173e+07,9.42890e-01,7.58469e-01,6.12738e-03,
1.04782e+04,3.60278e+07,3.49372e-01,1.85368e+00,-8.15498e-03,
1.36756e+04,3.60415e+07,6.87999e-01,1.29547e+00,1.90720e-03,
4.25023e+04,3.60840e+07,2.45691e-01,6.07310e-01,-8.59967e-03,
4.10980e+04,3.61251e+07,1.79414e+00,3.65926e+00,9.17945e-03,
1.75669e+04,3.61427e+07,7.52910e-02,5.66618e+00,5.99796e-03,
5.99341e+05,3.67420e+07,8.09766e-02,6.13311e+00,-1.18339e-05,
2.42473e+04,3.67663e+07,4.23947e-01,4.77185e+00,-5.65647e-03,
4.18945e+04,3.68081e+07,1.09832e+00,2.12993e+00,-8.92597e-04,
1.71024e+04,3.68252e+07,1.98765e-01,1.40729e+00,-6.46518e-03,
3.11872e+04,3.68564e+07,5.98652e-01,3.23842e+00,-6.77969e-03,
1.05168e+04,3.68670e+07,7.30030e-01,3.66913e-01,-2.71730e-03,
1.84584e+04,3.68854e+07,1.00406e+00,1.62999e+00,1.87211e-03,
7.06426e+04,3.69561e+07,7.47768e-01,4.73090e+00,-3.68531e-03,
1.02098e+04,3.69663e+07,2.83162e-01,2.08716e+00,-4.39707e-03,
1.66502e+04,3.69829e+07,6.63015e-01,2.78084e+00,7.28406e-03,
1.22083e+05,3.71050e+07,1.26671e-01,2.76166e+00,7.49914e-03,
1.05027e+04,3.71155e+07,6.77355e-01,1.13278e+00,-4.24277e-04,
1.62201e+04,3.71317e+07,2.94827e-01,3.29041e+00,4.23576e-03,
1.91516e+04,3.71509e+07,1.37765e-01,4.90226e-01,-7.20107e-03,
1.19920e+04,3.71629e+07,1.13427e+00,3.91283e+00,4.86104e-03,
1.57655e+04,3.71786e+07,4.24091e-01,3.01701e+00,-8.74564e-03,
1.24717e+04,3.71911e+07,1.37505e-01,4.65903e-01,-7.71204e-03,
1.84195e+04,3.72095e+07,5.60772e-01,1.53660e+00,-4.34662e-03,
4.93388e+04,3.72589e+07,7.57097e-01,1.77239e+00,5.37512e-03,
1.80717e+05,3.74396e+07,2.66355e-01,1.33668e+00,8.40949e-03,
3.61035e+04,3.74757e+07,8.42012e-01,1.88365e+00,-5.46047e-03,
3.08278e+04,3.75065e+07,5.32768e-01,2.07084e+00,7.36771e-03,
2.13933e+04,3.75279e+07,5.82742e-02,4.37598e+00,8.50214e-03,
4.10175e+04,3.75689e+07,1.65111e+00,3.73797e+00,-5.22148e-03,
2.77759e+04,3.75967e+07,4.17356e-01,3.40926e+00,-5.78383e-03,
1.37391e+04,3.76104e+07,7.19273e-01,5.03967e+00,-2.70278e-03,
1.78787e+04,3.76283e+07,7.50304e-02,3.09602e+00,3.46071e-03,
3.03673e+04,3.76587e+07,2.86095e-01,4.31965e+00,7.38567e-03,
1.68917e+04,3.76756e+07,7.71400e-01,1.03137e+00,2.61575e-03,
4.27211e+04,3.77183e+07,1.08412e+00,3.83807e-01,4.36236e-04,
7.23620e+04,3.77907e+07,4.19033e-01,4.60790e+00,1.44672e-05,
1.80997e+04,3.78088e+07,4.85111e-01,1.77127e+00,2.32229e-03,
1.17678e+04,3.78205e+07,1.27871e+00,1.39950e+00,4.58928e-03,
3.61483e+04,3.78567e+07,3.49963e-01,5.93937e+00,-9.63678e-03,
1.27289e+04,3.78694e+07,3.86628e-01,3.11295e+00,9.54144e-03,
1.51686e+04,3.78846e+07,8.60734e-01,4.10319e+00,2.15086e-03,
2.39244e+05,3.81238e+07,2.37807e-01,1.44058e+00,6.70463e-04,
8.64249e+04,3.82102e+07,2.85780e-01,4.79471e+00,-9.10792e-03,
1.16025e+04,3.82218e+07,1.13157e+00,5.36844e+00,-5.57415e-03,
1.58294e+04,3.82377e+07,1.16728e+00,3.71850e+00,1.39008e-03,
7.70001e+04,3.83147e+07,2.28554e+00,3.15991e+00,-3.78431e-03,
1.02998e+04,3.83250e+07,3.86719e-01,4.29676e-01,2.74784e-04,
4.73641e+05,3.87986e+07,6.16092e-01,2.30963e+00,-9.37893e-03,
1.08604e+04,3.88095e+07,1.61824e-01,3.98928e+00,-4.84259e-03,
3.47957e+04,3.88443e+07,9.22322e-02,2.31458e-01,-6.49590e-03,
1.19751e+05,3.89640e+07,3.60524e-01,5.13733e+00,-1.99621e-03,
1.42079e+04,3.89782e+07,8.96385e-01,2.69804e+00,-4.89436e-03,
1.44330e+04,3.89927e+07,2.38238e-01,6.28052e+00,-5.59850e-03,
2.29570e+04,3.90156e+07,5.45289e-01,1.66293e+00,7.67320e-03,
7.03364e+04,3.90859e+07,4.27436e-02,2.61112e+00,-4.87034e-03,
1.27307e+05,3.92133e+07,3.70039e-01,1.26723e+00,8.26911e-03,
2.83860e+05,3.94971e+07,6.28815e-01,6.03691e+00,4.52386e-03,
1.20148e+04,3.95091e+07,1.28233e+00,5.21028e+00,-9.25871e-03,
1.38558e+04,3.95230e+07,6.30244e-01,4.27324e+00,1.23166e-03,
2.68560e+04,3.95498e+07,2.24575e-01,1.33443e+00,1.78617e-04,
2.29661e+04,3.95728e+07,6.11032e-01,6.27929e+00,-3.25840e-04,
2.22188e+04,3.95950e+07,5.37859e-01,6.09877e+00,-5.77064e-03,
1.38140e+04,3.96088e+07,8.20328e-01,3.56612e+00,8.92269e-03,
3.21330e+04,3.96410e+07,8.55582e-01,8.93494e-01,-3.84071e-03,
1.15412e+04,3.96525e+07,1.77844e+00,1.91176e+00,8.01389e-03,
4.66984e+04,3.96992e+07,8.70306e-01,4.94890e+00,3.56757e-03,
3.14782e+04,3.97307e+07,4.80846e-01,4.88165e+00,-8.03380e-03,
1.11525e+04,3.97418e+07,6.51254e-01,5.91457e+00,5.78158e-03,
1.19418e+04,3.97538e+07,1.18572e+00,1.64358e+00,8.65742e-03,
1.27081e+04,3.97665e+07,7.52725e-01,5.82412e+00,-3.03384e-03,
2.90969e+04,3.97956e+07,3.06809e-01,2.28010e+00,-2.27983e-03,
1.52551e+06,4.13211e+07,2.31846e-01,2.04907e+00,1.55263e-04,
6.77703e+04,4.13889e+07,7.26479e-02,1.22359e+00,-9.35490e-03,
8.35275e+04,4.14724e+07,2.86229e-01,5.19874e+00,-3.59015e-03,
3.33967e+04,4.15058e+07,1.28303e+00,4.87965e+00,-1.71880e-03,
1.83302e+04,4.15241e+07,4.30735e-01,2.08281e+00,8.60943e-03,
1.18048e+04,4.15359e+07,4.26229e-01,4.38861e+00,4.04094e-03,
7.83846e+04,4.16143e+07,1.05828e+00,1.22517e+00,3.68328e-03,
1.23343e+04,4.16267e+07,2.18164e-01,4.38542e+00,7.06100e-04,
1.20719e+04,4.16387e+07,1.02498e-01,1.61860e+00,-5.48178e-03,
1.40483e+04,4.16528e+07,5.76598e-01,9.28808e-01,-5.36785e-03,
2.61885e+04,4.16790e+07,3.91132e-01,4.88703e+00,-3.08723e-03,
1.05804e+04,4.16895e+07,1.69809e+00,2.59770e+00,-9.62463e-03,
8.34153e+04,4.17730e+07,2.73455e-01,1.63182e+00,1.18558e-04,
1.10064e+04,4.17840e+07,8.57726e-01,3.34147e+00,8.34000e-03,
2.76329e+04,4.18116e+07,3.91521e-01,2.85195e+00,3.53643e-04,
3.80551e+04,4.18497e+07,2.61019e-01,3.89645e+00,2.40568e-03,
1.48751e+04,4.18645e+07,4.97618e-01,4.45189e+00,4.68885e-03,
4.43305e+04,4.19089e+07,8.54781e-01,3.95493e-01,-1.86383e-03,
2.05320e+05,4.21142e+07,6.70802e-01,1.14921e+00,8.69793e-03,
1.56527e+04,4.21298e+07,3.69102e-01,1.11576e-01,6.64558e-05,
2.28531e+04,4.21527e+07,6.29603e-01,3.66350e+00,-5.55470e-04,
1.16343e+04,4.21643e+07,1.75391e+00,2.93254e+00,-2.15264e-04,
2.13101e+04,4.21856e+07,8.21115e-01,4.99280e+00,-4.40052e-03,
1.14869e+04,4.21971e+07,1.07871e+00,4.80974e+00,-3.92630e-03,
1.31153e+04,4.22102e+07,2.54857e-01,2.10291e-01,5.49555e-03,
5.39464e+04,4.22642e+07,5.07429e-01,4.11358e+00,5.22204e-04,
2.37604e+04,4.22879e+07,2.25621e-01,3.72401e-01,-1.24768e-03,
3.30769e+04,4.23210e+07,3.29534e-01,4.65163e+00,8.81849e-04,
1.77307e+04,4.23387e+07,1.01424e+00,4.62626e+00,-9.62971e-03,
2.40091e+05,4.25788e+07,9.92413e-01,2.71475e+00,7.17982e-03,
2.28008e+04,4.26016e+07,5.63924e-01,1.96611e+00,4.89311e-03,
1.44448e+04,4.26161e+07,7.25047e-01,4.56175e+00,-7.85619e-03,
3.18706e+04,4.26480e+07,8.15874e-01,6.19983e+00,1.04353e-03,
1.57747e+04,4.26637e+07,3.85757e-01,5.81566e+00,8.21304e-03,
4.49888e+04,4.27087e+07,4.81762e-01,4.94358e-01,-3.71794e-03,
1.17572e+04,4.27205e+07,1.04670e+00,2.38183e+00,8.32290e-03,
1.04135e+04,4.27309e+07,9.99068e-02,3.20982e+00,-3.91847e-03,
1.06357e+04,4.27415e+07,9.81579e-01,2.33885e+00,-2.13497e-03,
5.42352e+04,4.27958e+07,1.35814e-01,1.63321e-01,2.99190e-03,
1.00638e+04,4.28058e+07,8.12861e-01,4.76128e+00,6.28927e-03,
1.95575e+04,4.28254e+07,6.16364e-02,5.97157e+00,4.73302e-03,
1.17394e+04,4.28371e+07,6.29378e-01,4.58810e+00,-7.27117e-03,
1.45991e+04,4.28517e+07,1.91918e-01,2.80628e+00,-4.42117e-03,
1.06352e+04,4.28624e+07,2.39774e+00,6.09148e+00,1.61860e-03,
3.72298e+04,4.28996e+07,1.53049e-01,2.91219e+00,-9.99160e-03,
1.16216e+04,4.29112e+07,5.82351e-01,4.57706e+00,-7.49101e-03,
5.40298e+04,4.29652e+07,6.77247e-01,7.54649e-01,9.29182e-03,
2.63296e+04,4.29916e+07,2.90171e-01,5.61513e+00,8.44648e-03,
1.11414e+04,4.30027e+07,1.28003e+00,3.45668e+00,5.19137e-03,
1.09081e+04,4.30136e+07,8.64033e-01,5.73487e+00,7.06361e-03,
3.43586e+04,4.30480e+07,3.32042e-01,4.61623e+00,2.16602e-03,
6.45344e+04,4.31125e+07,4.63717e-01,3.27147e+00,-7.81737e-03,
2.45859e+04,4.31371e+07,3.28272e-01,3.64232e+00,-9.84358e-03,
2.00628e+05,4.33377e+07,5.45705e-01,4.32140e+00,-8.62588e-03,
1.17987e+05,4.34557e+07,1.22196e+00,4.97999e+00,8.94639e-03,
3.58066e+04,4.34915e+07,3.81874e-01,3.53111e+00,1.50204e-03,
4.64604e+05,4.39561e+07,1.71459e+00,2.25742e+00,-9.10987e-03,
2.12571e+04,4.39774e+07,3.88892e-01,6.20205e+00,7.15126e-03,
1.06389e+05,4.40838e+07,3.92754e-01,5.35331e+00,-9.90658e-03,
2.08504e+05,4.42923e+07,5.48184e-01,5.06551e+00,4.93707e-04,
2.21949e+04,4.43145e+07,7.14849e-01,5.06795e-01,2.91212e-03,
1.70336e+04,4.43315e+07,2.38187e-01,1.52870e-01,-7.90908e-03,
5.20315e+04,4.43835e+07,2.12846e-01,5.70682e-01,-9.48127e-03,
1.62058e+04,4.43997e+07,7.81152e-01,3.51285e+00,1.04041e-03,
1.69511e+04,4.44167e+07,9.53560e-01,4.03368e+00,9.24962e-05,
3.75582e+04,4.44542e+07,4.20321e-01,2.14965e+00,-7.24495e-05,
1.35330e+04,4.44678e+07,4.51632e-01,5.41557e-01,-3.32489e-03,
4.63973e+04,4.45142e+07,7.48239e-01,3.45792e+00,9.40020e-03,
2.29642e+04,4.45371e+07,7.41909e-01,2.65833e+00,3.95655e-03,
1.60817e+04,4.45532e+07,8.36077e-02,2.73710e+00,-9.83334e-03,
2.74384e+04,4.45807e+07,4.46715e-01,2.07988e+00,9.66786e-03,
1.69292e+04,4.45976e+07,1.97102e+00,5.10719e+00,3.91624e-03,
3.78663e+04,4.46355e+07,6.23312e-01,5.31904e+00,1.58714e-03,
1.65338e+04,4.46520e+07,3.35402e-01,1.42636e+00,-8.77685e-03,
1.47583e+04,4.46667e+07,6.11972e-01,3.21951e+00,-2.75051e-03,
1.88106e+06,4.65478e+07,2.42760e-01,5.41601e+00,4.37220e-03,
1.05395e+04,4.65583e+07,2.45320e-01,2.26865e+00,-1.74599e-03,
1.43110e+04,4.65727e+07,7.05020e-01,5.73181e-01,3.27177e-03,
1.52766e+04,4.65879e+07,3.06638e-01,6.29834e-01,-1.65966e-03,
1.37635e+04,4.66017e+07,3.69083e-01,1.35346e+00,-6.53445e-04,
1.97460e+05,4.67992e+07,1.72539e+00,6.18922e+00,3.41477e-03,
3.75423e+04,4.68367e+07,3.73151e-01,5.44517e+00,6.35328e-03,
2.07255e+04,4.68574e+07,1.03042e+00,5.49628e+00,-6.36328e-03,
6.52641e+05,4.75101e+07,1.37988e+00,1.11922e+00,2.90348e-03,
1.22389e+04,4.75223e+07,8.76431e-02,4.89192e+00,-5.39136e-03,
7.21012e+04,4.75944e+07,3.65089e-01,1.95439e-01,-6.55344e-04,
1.00179e+05,4.76946e+07,3.14816e-01,4.41134e+00,5.29322e-03,
1.83355e+04,4.77129e+07,3.24398e-01,1.72370e+00,-9.39309e-03,
1.24106e+06,4.89540e+07,1.26668e+00,4.30658e+00,3.51438e-03,
1.22622e+04,4.89662e+07,5.61226e-01,1.96497e+00,5.89502e-03,
1.31304e+04,4.89794e+07,9.00643e-01,5.92831e+00,-6.92890e-03,
1.54301e+04,4.89948e+07,3.53083e-01,2.61476e+00,-3.94388e-03,
1.26664e+04,4.90075e+07,8.74416e-01,1.02852e+00,-1.18536e-03,
1.30758e+04,4.90205e+07,4.01607e-01,2.49116e+00,-1.20691e-04,
3.38648e+04,4.90544e+07,1.04830e+00,2.26765e+00,-6.58986e-03,
1.80035e+04,4.90724e+07,1.09906e+00,1.37096e+00,-7.17614e-03,
2.27495e+06,5.13474e+07,6.25762e-01,1.79775e+00,2.96855e-03,
1.22663e+04,5.13596e+07,7.65179e-01,2.13160e+00,2.41562e-03,
1.01321e+04,5.13698e+07,3.18163e-01,1.81221e+00,-5.62942e-03,
4.56050e+04,5.14154e+07,9.15519e-01,4.74621e+00,-4.21019e-03,
1.03683e+05,5.15191e+07,9.72472e-01,2.50672e+00,-9.97835e-04,
3.36250e+04,5.15527e+07,2.28071e-01,2.59747e+00,9.33770e-03,
1.10026e+04,5.15637e+07,2.66904e-01,5.05730e+00,6.86923e-03,
1.32349e+04,5.15769e+07,9.98861e-01,3.91991e+00,-8.47679e-03,
1.33103e+04,5.15902e+07,1.55115e+00,1.88107e+00,9.44545e-03,
1.71699e+04,5.16074e+07,4.09344e-01,5.17836e+00,-9.50819e-03,
1.08816e+04,5.16183e+07,2.13168e-01,1.57840e+00,6.04169e-03,
1.15439e+04,5.16298e+07,1.94127e-01,2.32269e+00,-4.11987e-03,
2.44625e+04,5.16543e+07,1.09874e+00,4.23129e+00,-6.25604e-03,
1.66429e+04,5.16709e+07,1.31986e-01,1.76927e+00,5.90156e-03,
1.58257e+04,5.16868e+07,1.38710e-01,4.01372e+00,2.84609e-03,
5.12487e+04,5.17380e+07,3.68927e-01,7.79511e-01,-4.75682e-03,
5.24695e+05,5.22627e+07,3.52189e-01,1.11089e+00,-8.31052e-03,
1.07684e+05,5.23704e+07,9.46746e-01,9.30122e-01,-6.91817e-04,
2.08281e+04,5.23912e+07,7.41576e-01,1.74712e-01,-4.74179e-03,
9.68244e+04,5.24880e+07,8.41534e-01,5.55912e+00,-5.21226e-04,
2.36621e+04,5.25117e+07,2.89821e-01,5.24543e+00,-6.76215e-03,
2.75568e+04,5.25392e+07,4.97506e-01,1.92354e-01,-8.39864e-03,
8.17486e+04,5.26210e+07,2.05461e-01,6.05280e-01,-4.10154e-03,
1.60041e+04,5.26370e+07,1.09624e+00,8.53538e-01,-9.85201e-03,
1.47812e+05,5.27848e+07,1.84636e-01,6.18703e+00,5.30791e-03,
2.37016e+04,5.28085e+07,4.59656e-01,4.83219e+00,3.99475e-03,
1.22006e+04,5.28207e+07,1.58214e-01,3.25857e+00,6.87038e-03,
2.18907e+04,5.28426e+07,1.75604e-01,1.63163e+00,7.13285e-03,
1.29214e+04,5.28555e+07,2.70116e-01,1.03453e+00,-9.71842e-03,
1.57670e+04,5.28713e+07,1.21227e+00,2.77355e+00,-9.44720e-03,
4.29876e+04,5.29143e+07,8.80425e-01,5.04820e+00,-2.57245e-03,
3.12937e+04,5.29456e+07,2.83439e-01,1.80674e+00,-2.78940e-03,
1.84893e+04,5.29641e+07,8.48496e-01,3.98947e+00,2.25941e-03,
2.95892e+04,5.29937e+07,8.37628e-01,6.23574e+00,-6.74720e-03,
1.61987e+04,5.30099e+07,3.01363e-01,1.21292e+00,-4.38608e-03,
2.10863e+05,5.32207e+07,3.19888e-01,6.08608e+00,-4.97616e-03,
1.11542e+04,5.32319e+07,1.43055e+00,2.58737e+00,-1.75784e-03,
1.58013e+04,5.32477e+07,4.94337e-01,3.55192e+00,-9.94867e-03,
1.54166e+04,5.32631e+07,1.74169e-01,1.59224e+00,-9.80240e-03,
3.58435e+04,5.32989e+07,3.11097e-01,6.02069e+00,3.36070e-03,
1.03510e+04,5.33093e+07,4.55558e-01,1.59032e+00,-6.45782e-03,
1.23393e+04,5.33216e+07,3.16187e-01,1.12355e-01,1.55509e-03,
1.52857e+04,5.33369e+07,1.96243e-01,3.02466e+00,-2.03441e-04,
8.00140e+04,5.34169e+07,1.17868e+00,3.36815e+00,-3.55180e-03,
3.34150e+04,5.34503e+07,5.51924e-01,5.18616e-02,-1.53758e-03,
6.49219e+04,5.35153e+07,7.58844e-01,8.90408e-01,1.87542e-03,
1.27680e+04,5.35280e+07,6.47349e-01,2.98194e+00,3.64246e-03,
2.54858e+04,5.35535e+07,7.71155e-01,4.47474e+00,6.04557e-03,
2.05128e+04,5.35740e+07,1.16255e+00,3.68149e+00,-9.80428e-04,
1.47827e+05,5.37219e+07,6.42394e-01,4.88971e+00,-3.27555e-03,
2.17773e+04,5.37436e+07,1.28285e-01,4.22779e+00,3.93719e-03,
1.39063e+04,5.37575e+07,3.02902e-01,5.83795e+00,-5.72388e-03,
3.37801e+04,5.37913e+07,4.67195e-01,3.96053e+00,9.21902e-03,
1.03565e+06,5.48270e+07,7.49679e-01,4.66338e+00,-6.48728e-04,
2.26779e+04,5.48496e+07,2.49233e-01,4.18237e+00,7.58213e-03,
1.14592e+04,5.48611e+07,3.16108e-01,1.44900e+00,6.34156e-03,
1.41842e+05,5.50029e+07,4.57147e-01,6.45438e-01,-9.21217e-04,
2.29898e+04,5.50259e+07,2.51333e-01,4.42192e+00,-8.03541e-04,
6.73619e+04,5.50933e+07,1.49112e-01,5.04031e-01,5.37014e-03,
1.85679e+04,5.51119e+07,1.23634e+00,1.35582e+00,8.16085e-03,
2.04148e+04,5.51323e+07,3.89946e-01,4.91261e+00,-9.32903e-03,
2.28730e+04,5.51552e+07,1.65707e+00,1.99365e+00,6.29972e-04,
2.01961e+04,5.51754e+07,4.33567e-01,1.89104e+00,9.22060e-03,
3.20279e+04,5.52074e+07,4.51457e-01,1.81603e+00,-6.72196e-03,
3.23358e+04,5.52397e+07,1.25631e+00,4.76562e+00,-4.93032e-03,
1.41716e+05,5.53814e+07,3.64453e-01,9.20895e-01,2.41690e-03,
1.05759e+04,5.53920e+07,2.02263e-01,5.47718e+00,5.74150e-03,
1.11066e+04,5.54031e+07,3.16352e-01,1.54461e-01,-8.48561e-03,
1.41637e+04,5.54173e+07,1.35865e+00,4.04585e-01,-7.03605e-03,
1.45511e+04,5.54318e+07,3.97753e-01,5.54288e+00,-2.42486e-03,
1.34379e+04,5.54453e+07,7.38142e-01,4.68183e+00,6.49098e-03,
2.46600e+04,5.54699e+07,1.61476e-01,4.51467e+00,2.56753e-03,
1.71186e+04,5.54870e+07,1.68730e+00,5.56013e+00,-8.31220e-03,
1.49115e+04,5.55020e+07,3.30437e-01,5.67692e+00,7.04098e-03,
2.21532e+04,5.55241e+07,6.32823e-01,1.16466e+00,-1.57314e-03,
2.40822e+04,5.55482e+07,3.77957e-01,2.45863e+00,8.91736e-03,
1.79799e+04,5.55662e+07,1.90884e+00,5.42488e+00,-1.44592e-03,
2.78574e+04,5.55940e+07,2.70887e-01,1.95530e+00,7.98599e-03,
8.15288e+04,5.56756e+07,4.57787e-01,3.44194e+00,-4.26291e-03,
3.45248e+04,5.57101e+07,4.52017e-01,1.69465e+00,1.21496e-03,
1.40096e+04,5.57241e+07,4.57040e-01,7.32464e-01,-9.11305e-03,
1.31160e+04,5.57372e+07,1.05353e+00,7.68744e-01,-5.56112e-03,
1.25889e+05,5.58631e+07,3.54284e-01,6.49262e-01,-6.43470e-04,
2.92595e+04,5.58924e+07,3.56842e-01,4.04572e-01,2.39394e-03,
2.47283e+04,5.59171e+07,1.06946e+00,5.58611e-01,6.83970e-03,
3.16390e+04,5.59487e+07,2.17092e-01,1.95986e+00,1.79797e-03,
6.45113e+05,5.65938e+07,3.33042e-01,5.92484e+00,5.68992e-03,
4.16606e+04,5.66355e+07,3.45593e-01,3.77495e+00,-1.70182e-03,
2.72975e+04,5.66628e+07,2.65625e-01,2.18872e+00,5.41011e-03,
1.90120e+04,5.66818e+07,6.27460e-01,3.40991e+00,6.65465e-03,
1.20740e+04,5.66939e+07,3.66522e-01,5.75885e+00,-9.72052e-03,
2.04076e+04,5.67143e+07,7.54583e-01,2.91513e+00,9.64679e-03,
1.32726e+04,5.67276e+07,1.29229e+00,4.60081e+00,-9.73256e-03,
1.32389e+04,5.67408e+07,6.99509e-01,4.56322e+00,-1.09101e-03,
1.17583e+04,5.67526e+07,3.96937e-01,3.52595e+00,7.74660e-03,
1.84625e+04,5.67710e+07,2.31574e-01,1.78212e+00,8.06984e-03,
3.10052e+04,5.68020e+07,2.95389e-01,3.89995e+00,1.53585e-03,
1.30660e+04,5.68151e+07,1.99522e-01,9.36252e-01,4.23939e-03,
6.96916e+04,5.68848e+07,1.78764e-01,5.24577e+00,8.77510e-04,
7.35149e+04,5.69583e+07,7.15827e-01,2.79622e+00,-5.61745e-03,
1.09941e+04,5.69693e+07,2.61027e-01,5.20938e-01,9.44297e-03,
8.96379e+05,5.78657e+07,5.66639e-01,2.78443e+00,5.01588e-03,
2.71288e+04,5.78928e+07,4.04081e-01,4.00496e+00,1.64241e-03,
2.37673e+04,5.79166e+07,6.69415e-01,5.41070e+00,5.78727e-04,
1.35133e+04,5.79301e+07,2.95667e-01,3.09962e+00,-4.21897e-03,
1.65485e+04,5.79466e+07,7.06296e-01,1.89761e+00,-7.60418e-03,
2.51388e+04,5.79718e+07,4.16110e-01,1.35197e+00,7.34958e-03,
3.37354e+04,5.80055e+07,5.46563e-01,4.02405e+00,-5.25951e-03,
3.75578e+04,5.80431e+07,3.09570e-01,5.08564e-01,-5.63801e-04,
1.28460e+04,5.80559e+07,9.02058e-02,4.50142e+00,6.56541e-03,
1.10272e+04,5.80669e+07,5.00977e-01,4.38270e+00,1.50093e-03,
8.61555e+04,5.81531e+07,2.24353e-01,3.24171e+00,4.24935e-05,
1.17953e+04,5.81649e+07,3.14468e-01,1.55432e+00,1.05205e-03,
2.00009e+04,5.81849e+07,7.21810e-01,1.89551e+00,-4.48083e-03,
1.52084e+05,5.83370e+07,4.29230e-01,1.68882e+00,1.08098e-03,
1.01500e+05,5.84385e+07,6.62788e-01,2.54980e+00,7.62664e-03,
1.81044e+04,5.84566e+07,6.68173e-01,3.11775e+00,-7.53341e-03,
1.14020e+04,5.84680e+07,4.10535e-01,6.17954e+00,8.93259e-03,
4.85563e+04,5.85165e+07,4.18331e-01,2.62858e+00,-1.09157e-03,
1.32094e+04,5.85297e+07,7.17808e-01,8.59329e-01,3.01031e-03,
1.15658e+04,5.85413e+07,4.54340e-01,1.99012e+00,-2.11716e-03,
1.15101e+04,5.85528e+07,1.64266e+00,3.66932e+00,5.31727e-03,
2.50989e+04,5.85779e+07,3.55126e-01,2.92497e+00,5.91018e-04,
1.45076e+04,5.85924e+07,5.25874e-01,1.18667e+00,-7.87704e-03,
1.12842e+04,5.86037e+07,1.99440e-01,2.22430e+00,1.78138e-03,
1.38884e+05,5.87426e+07,5.61128e-01,3.08007e+00,-6.51149e-03,
3.09022e+05,5.90516e+07,1.86702e-01,6.03840e+00,-1.20999e-03,
1.46967e+04,5.90663e+07,1.32463e+00,1.06814e+00,1.41922e-03,
3.60168e+04,5.91023e+07,9.16721e-01,7.03577e-01,7.62486e-04,
1.00150e+04,5.91123e+07,3.33134e-01,3.58730e+00,-3.37082e-03,
1.09102e+05,5.92214e+07,7.81789e-02,4.16166e+00,5.99056e-04,
1.03566e+05,5.93250e+07,6.11766e-01,1.20691e+00,-7.83225e-03,
1.09489e+04,5.93360e+07,7.58915e-01,7.01988e-01,1.80649e-03,
2.37751e+04,5.93597e+07,1.34599e+00,3.74880e+00,9.11621e-03,
4.03698e+04,5.94001e+07,7.97929e-01,9.63017e-01,-8.40809e-03,
3.76284e+04,5.94377e+07,6.49534e-01,1.52783e+00,-6.68132e-03,
3.10678e+04,5.94688e+07,2.27328e-01,2.87899e+00,-1.49125e-03,
4.24486e+04,5.95113e+07,2.02351e-01,2.84442e+00,-4.53838e-03,
1.87336e+04,5.95300e+07,1.77097e-01,2.53659e+00,-5.86022e-04,
1.92693e+04,5.95493e+07,2.31817e-01,4.94186e+00,-2.04887e-03,
1.54055e+04,5.95647e+07,1.18655e+00,3.08618e+00,-6.75390e-03,
1.29925e+04,5.95777e+07,2.72293e-01,2.62641e+00,-1.22339e-03,
1.21307e+04,5.95898e+07,3.10075e-01,2.16299e+00,9.41747e-03,
1.41984e+04,5.96040e+07,1.74070e-01,3.83323e-01,-9.96794e-03,
2.62518e+04,5.96302e+07,4.94661e-01,3.06219e+00,-7.39146e-04,
2.79272e+04,5.96582e+07,2.89095e-01,5.69928e+00,-7.56585e-03,
3.11591e+04,5.96893e+07,5.26520e-01,1.54455e+00,4.90188e-04,
1.96607e+04,5.97090e+07,7.74751e-01,8.54060e-01,-6.99196e-03,
2.56332e+04,5.97346e+07,5.43430e-01,4.33194e+00,1.59586e-03,
1.74223e+04,5.97520e+07,2.57016e-01,4.03435e+00,7.77603e-03,
1.34221e+04,5.97655e+07,1.05700e+00,2.99815e+00,6.94048e-04,
1.44389e+04,5.97799e+07,5.49410e-01,2.84234e+00,1.76992e-03,
1.47278e+04,5.97946e+07,1.07586e-01,3.69347e+00,1.24021e-03,
1.15700e+04,5.98062e+07,2.59230e-01,7.56727e-01,-6.51171e-03,
3.33275e+04,5.98395e+07,2.16781e-01,3.52921e+00,-7.62622e-03,
2.33013e+04,5.98628e+07,3.78830e-01,4.41367e+00,-7.22419e-03,
1.65010e+04,5.98793e+07,5.94820e-01,4.52515e+00,-2.47744e-03,
2.19028e+04,5.99012e+07,2.89091e-01,1.08709e+00,-4.12388e-03,
1.05601e+04,5.99118e+07,4.43276e-01,4.78545e+00,-6.76185e-03,
1.19797e+04,5.99238e+07,1.78857e-01,5.68819e+00,8.64325e-03,
9.06682e+04,6.00144e+07,2.03135e-01,3.11562e+00,-2.19040e-03,
2.20672e+04,6.00365e+07,8.54755e-01,3.43578e+00,6.04959e-03,
1.10149e+04,6.00475e+07,1.75197e-01,3.03194e-01,8.98112e-03,
2.27930e+04,6.00703e+07,1.22184e+00,3.94948e+00,1.50152e-03,
1.01462e+04,6.00805e+07,4.10552e-01,2.30781e+00,2.17523e-04,
1.36611e+04,6.00941e+07,2.18077e-01,3.17659e+00,9.89711e-04,
2.25863e+05,6.03200e+07,1.73286e-02,2.19595e+00,3.07791e-03,
2.15161e+04,6.03415e+07,1.55124e+00,5.88053e+00,3.09090e-03,
2.53722e+04,6.03669e+07,2.45855e-01,4.72212e+00,3.01226e-03,
1.54288e+05,6.05212e+07,1.25942e+00,5.39866e+00,-6.04352e-03,
6.96190e+04,6.05908e+07,1.71153e+00,6.56174e-01,-6.56612e-04,
1.67064e+04,6.06075e+07,4.72072e-01,5.37016e-01,6.08325e-03,
4.34240e+04,6.06509e+07,6.43777e-01,2.03975e+00,-9.60141e-04,
1.27075e+04,6.06636e+07,7.66158e-01,4.61668e-01,5.92812e-03,
6.45904e+04,6.07282e+07,5.89639e-02,6.00473e+00,8.36922e-03,
2.63308e+04,6.07545e+07,1.82657e+00,3.56935e+00,2.94928e-03,
3.73478e+04,6.07919e+07,6.21908e-01,5.04603e+00,-7.42844e-03,
1.52148e+04,6.08071e+07,7.14965e-01,1.48704e-01,-9.64969e-04,
2.16515e+04,6.08287e+07,2.45580e-01,5.97773e+00,1.72768e-03,
5.80412e+04,6.08868e+07,5.43075e-01,4.47917e+00,1.44009e-03,
1.68553e+04,6.09036e+07,3.12562e-01,8.27486e-01,-1.89191e-03,
1.89023e+04,6.09225e+07,1.07212e+00,3.98461e+00,-5.46425e-06,
1.06177e+04,6.09332e+07,1.04181e+00,1.07202e+00,-3.23704e-03,
2.10823e+04,6.09542e+07,1.34456e+00,2.26356e+00,-4.31798e-03,
1.65403e+04,6.09708e+07,2.01150e-01,3.46419e+00,-2.58118e-03,
2.60758e+04,6.09969e+07,4.92750e-01,6.33867e-01,-5.80503e-03,
1.22818e+05,6.11197e+07,3.61127e-01,6.11818e+00,-1.72255e-03,
1.59205e+04,6.11356e+07,3.89822e-01,1.80474e+00,5.21364e-03,
1.40952e+05,6.12766e+07,2.20753e-01,1.64132e+00,6.27944e-03,
1.13732e+04,6.12879e+07,5.54529e-01,3.95942e+00,-9.13674e-03,
1.28130e+04,6.13007e+07,4.13921e-01,6.13360e+00,3.03990e-03,
1.21252e+04,6.13129e+07,6.69711e-01,8.29878e-01,5.82173e-03,
3.32375e+04,6.13461e+07,2.01522e-01,5.41930e+00,3.29547e-03,
1.10590e+04,6.13572e+07,1.50977e-01,3.98086e+00,-5.95651e-03,
2.70273e+05,6.16274e+07,4.90348e-01,2.51164e+00,-2.37819e-03,
1.18410e+04,6.16393e+07,1.37209e-01,1.61600e+00,-3.95520e-03,
1.91441e+04,6.16584e+07,1.64503e-01,2.89906e+00,-6.72618e-03,
3.25757e+04,6.16910e+07,6.57810e-01,3.18012e+00,-3.75950e-03,
2.41723e+04,6.17152e+07,1.02529e+00,4.35594e+00,-4.03911e-03,
1.32206e+05,6.18474e+07,8.25699e-01,3.33464e+00,4.80229e-03,
4.71981e+04,6.18946e+07,2.62111e-01,3.84833e+00,6.33280e-04,
3.12264e+04,6.19258e+07,3.03046e-01,4.99468e+00,-9.74782e-03,
4.48609e+04,6.19707e+07,9.20485e-01,5.51245e+00,-1.21048e-05,
1.24803e+04,6.19831e+07,3.16766e-01,1.24394e+00,4.31446e-03,
5.51693e+04,6.20383e+07,3.12365e-01,3.84045e+00,-7.10507e-03,
1.22164e+04,6.20505e+07,4.19356e-01,2.38748e+00,3.22669e-03,
1.18978e+04,6.20624e+07,6.36140e-01,5.27075e+00,5.74895e-03,
1.87019e+04,6.20811e+07,1.20819e+00,3.55447e+00,1.99989e-03,
3.19927e+05,6.24011e+07,1.16604e-01,3.14077e+00,7.20684e-03,
1.15029e+05,6.25161e+07,2.87411e-01,5.25307e+00,1.67146e-03,
3.40738e+04,6.25502e+07,1.50249e-01,5.55541e+00,1.62838e-03,
2.13250e+05,6.27634e+07,3.86068e-01,4.52401e+00,-1.03508e-03,
1.68502e+04,6.27803e+07,3.67059e-02,6.37966e-01,9.24690e-03,
1.46455e+04,6.27949e+07,1.59967e+00,3.15549e+00,-8.59596e-03,
1.46419e+04,6.28095e+07,3.59536e-01,5.23810e+00,9.04443e-03,
1.58039e+04,6.28253e+07,5.64692e-01,2.74494e+00,-5.78947e-03,
2.14303e+04,6.28468e+07,3.31024e-01,2.23198e+00,9.24883e-03,
1.43030e+04,6.28611e+07,2.16537e-01,2.33204e+00,-8.28532e-03,
2.66463e+04,6.28877e+07,7.48004e-01,3.89781e+00,-4.14703e-03,
1.11139e+04,6.28988e+07,6.80362e-01,3.03964e+00,6.84858e-03,
1.22782e+05,6.30216e+07,5.95193e-01,3.32426e+00,6.72109e-03,
2.35853e+04,6.30452e+07,2.33132e-01,3.64419e+00,5.64630e-03,
1.16519e+04,6.30569e+07,8.83941e-01,2.66077e+00,5.17706e-03,
3.46839e+04,6.30915e+07,4.09971e-01,1.04846e+00,5.79139e-03,
1.31099e+04,6.31047e+07,6.26510e-01,6.65737e-01,1.05607e-03,
3.15639e+04,6.31362e+07,1.17778e+00,1.65962e+00,-4.46537e-03,
1.05219e+04,6.31467e+07,1.33570e-01,4.39606e+00,-2.88070e-03,
8.48773e+04,6.32316e+07,4.01207e-01,7.24282e-01,-5.44273e-03,
2.78608e+04,6.32595e+07,8.72274e-01,4.92478e+00,-8.05851e-03,
1.87467e+04,6.32782e+07,2.60422e-01,2.71270e-01,8.00708e-03,
2.38858e+04,6.33021e+07,4.83314e-01,9.60050e-01,2.21105e-03,
7.96537e+04,6.33818e+07,4.34252e-01,4.04734e+00,4.20925e-03,
2.85939e+04,6.34104e+07,6.78362e-01,5.89185e+00,2.65333e-03,
1.09374e+04,6.34213e+07,1.33724e-01,3.04466e+00,9.27255e-03,
7.90111e+04,6.35003e+07,7.17025e-01,8.25780e-01,-2.52083e-03,
6.95629e+04,6.35699e+07,4.09704e-01,2.37663e+00,2.59067e-04,
1.08355e+04,6.35807e+07,3.43023e-01,3.87241e+00,6.57110e-03,
1.05949e+05,6.36867e+07,1.02436e+00,3.69843e+00,-7.38872e-03,
9.96957e+05,6.46836e+07,8.46209e-01,3.94086e+00,6.21628e-03,
2.03137e+04,6.47039e+07,5.80326e-01,2.84862e+00,4.11501e-03,
5.97689e+04,6.47637e+07,1.22260e+00,3.77305e+00,9.76570e-03,
2.38541e+04,6.47875e+07,1.71048e-01,5.48714e+00,-5.57319e-03,
4.17125e+04,6.48293e+07,1.12927e+00,4.20856e-01,-6.56890e-03,
2.11019e+04,6.48504e+07,4.51004e-01,2.73125e+00,1.00541e-03,
1.49057e+04,6.48653e+07,5.02475e-01,4.09201e+00,-8.74838e-03,
1.15421e+04,6.48768e+07,2.70915e-01,3.48808e+00,-6.88898e-03,
3.40567e+04,6.49109e+07,2.75770e-01,1.47086e+00,-6.59924e-03,
6.13686e+04,6.49722e+07,8.43436e-01,3.90279e+00,-5.04566e-03,
1.11315e+04,6.49834e+07,5.64376e-01,2.06479e+00,3.21643e-03,
1.02616e+04,6.49936e+07,7.05392e-01,5.40025e+00,4.53186e-03,
1.03752e+04,6.50040e+07,6.30152e-01,3.94560e+00,5.10755e-03,
1.45972e+05,6.51500e+07,3.77891e-01,2.88403e+00,-7.45156e-03,
1.08341e+04,6.51608e+07,9.93680e-01,2.64559e+00,-7.03147e-03,
9.49746e+04,6.52558e+07,7.15993e-01,3.07321e+00,-8.98425e-03,
1.64197e+04,6.52722e+07,8.12641e-01,4.78131e+00,9.67723e-03,
1.03957e+04,6.52826e+07,1.17414e-01,7.32574e-01,-2.06292e-03,
4.27355e+05,6.57100e+07,3.28045e-01,6.08288e+00,4.26016e-03,
1.28319e+04,6.57228e+07,1.12367e+00,1.33029e+00,9.92504e-03,
1.19323e+04,6.57347e+07,1.06405e+00,1.08262e+00,5.18099e-03,
1.24268e+05,6.58590e+07,1.20632e-01,3.86595e+00,-6.43263e-04,
1.00719e+05,6.59597e+07,8.95187e-01,5.82969e+00,9.13560e-03,
1.11633e+04,6.59709e+07,3.15034e-01,5.36189e+00,-4.05997e-03,
1.20470e+04,6.59829e+07,2.83164e-01,3.38160e+00,6.69832e-03,
1.26742e+04,6.59956e+07,3.22202e-01,4.78199e+00,-8.23879e-04,
3.41282e+04,6.60297e+07,5.11470e-01,5.17077e-01,9.58695e-03,
1.70758e+04,6.60468e+07,5.18014e-01,1.36293e+00,-5.94453e-03,
8.57782e+04,6.61326e+07,1.23918e-01,5.68835e+00,8.40704e-03,
2.20389e+05,6.63530e+07,1.14721e+00,5.07922e+00,2.32697e-03,
4.53371e+04,6.63983e+07,1.41024e+00,4.12194e+00,6.35275e-03,
1.40402e+04,6.64123e+07,3.06760e-01,3.29839e+00,9.12924e-03,
1.81970e+04,6.64305e+07,4.55881e-01,2.08477e+00,-2.17376e-03,
3.13667e+05,6.67442e+07,4.56168e-01,4.54999e+00,-8.38428e-03,
2.47518e+04,6.67690e+07,4.15270e-01,1.03769e+00,4.75703e-03,
4.12787e+04,6.68102e+07,7.15735e-01,3.10561e+00,7.02182e-03,
1.82821e+04,6.68285e+07,8.60015e-01,1.35518e+00,-9.25472e-03,
1.69961e+04,6.68455e+07,1.10539e+00,5.86756e+00,-1.08156e-03,
1.11481e+04,6.68567e+07,3.69364e-01,4.52608e+00,2.40132e-03,
5.29031e+04,6.69096e+07,1.09603e+00,6.28301e+00,2.87460e-03,
1.26180e+04,6.69222e+07,7.40057e-01,6.15038e+00,6.46520e-03,
1.92730e+04,6.69415e+07,3.84506e-01,5.09288e-01,-4.26632e-04,
2.65798e+04,6.69680e+07,9.22176e-01,8.38369e-02,-4.90457e-03,
1.01026e+04,6.69781e+07,1.01186e+00,7.94265e-01,1.06853e-04,
1.07813e+04,6.69889e+07,6.48149e-01,1.30607e+00,8.67539e-03,
5.67020e+05,6.75559e+07,1.48080e+00,9.25216e-01,-8.47802e-03,
3.48433e+04,6.75908e+07,7.21489e-01,3.32457e+00,9.52333e-04,
1.55395e+04,6.76063e+07,5.23246e-02,1.30877e+00,3.19823e-03,
4.95208e+04,6.76558e+07,4.32381e-01,3.51096e+00,-4.60095e-03,
2.82276e+04,6.76841e+07,3.38017e-01,6.23084e+00,-2.76303e-03,
2.38406e+04,6.77079e+07,5.16730e-01,1.47419e-02,-8.06005e-04,
2.08358e+04,6.77287e+07,8.53554e-01,1.87108e+00,7.96337e-03,
3.98414e+05,6.81272e+07,2.88570e-01,1.62217e-01,2.68032e-03,
1.05663e+04,6.81377e+07,6.75805e-01,3.02497e+00,-2.68803e-03,
1.06629e+05,6.82444e+07,2.16036e-01,4.25515e+00,-9.66705e-03,
1.31558e+04,6.82575e+07,6.21632e-01,4.19159e+00,9.84295e-04,
1.50950e+04,6.82726e+07,1.46414e+00,4.51193e+00,3.36251e-03,
1.33185e+04,6.82859e+07,4.27265e-01,1.19909e-02,-4.65482e-03,
3.02097e+04,6.83161e+07,9.90101e-01,2.89749e+00,7.56565e-03,
1.48155e+05,6.84643e+07,2.67238e-01,3.47067e+00,-4.04045e-03,
1.32612e+06,6.97904e+07,4.93844e-01,7.53758e-01,-6.92574e-03,
1.42811e+04,6.98047e+07,4.49349e-01,3.27491e+00,6.03640e-03,
1.24270e+04,6.98171e+07,1.00641e+00,3.79599e+00,5.75461e-03,
1.47305e+04,6.98318e+07,1.87650e+00,1.27188e-01,1.02133e-03,
5.36352e+04,6.98855e+07,3.37504e-01,5.76052e+00,7.89086e-03,
1.30088e+04,6.98985e+07,1.68111e+00,5.65595e+00,-8.57045e-03,
1.37160e+04,6.99122e+07,4.99729e-01,6.24608e+00,1.17485e-03,
1.68541e+04,6.99291e+07,6.86178e-01,5.22802e-01,1.79295e-03,
1.69649e+04,6.99460e+07,1.29738e+00,8.09442e-01,6.50753e-03,
1.05865e+04,6.99566e+07,1.13114e+00,6.16171e+00,-2.70316e-03,
3.03671e+04,6.99870e+07,2.77222e-01,1.69399e+00,-6.50741e-04,
1.62872e+05,7.01498e+07,4.91174e-01,2.64160e+00,7.58447e-03,
5.38727e+04,7.02037e+07,2.04422e-01,3.76691e+00,9.57939e-03,
1.30105e+04,7.02167e+07,1.03438e+00,4.89630e+00,3.35728e-03,
4.23394e+04,7.02591e+07,2.15884e-01,4.68894e+00,7.51737e-03,
3.11147e+04,7.02902e+07,4.98501e-01,4.50784e+00,-4.70677e-03,
1.36792e+04,7.03039e+07,2.86725e-01,5.98946e+00,1.94118e-04,
1.06046e+05,7.04099e+07,4.38201e-01,3.74054e+00,-4.44387e-03,
1.04241e+04,7.04203e+07,7.43455e-01,2.15811e+00,-4.87008e-03,
4.97378e+04,7.04701e+07,2.03456e-01,1.78646e+00,5.00753e-03,
1.77559e+04,7.04878e+07,2.38424e-01,6.47827e-01,1.89776e-03,
2.46086e+04,7.05124e+07,7.34956e-01,2.18302e+00,-1.89265e-03,
2.31839e+04,7.05356e+07,4.42590e-01,2.82085e+00,-5.00722e-03,
4.44435e+04,7.05801e+07,1.85199e-01,6.17396e+00,-5.12256e-03,
1.43006e+04,7.05944e+07,1.14605e+00,4.02092e+00,-5.80064e-03,
4.02151e+04,7.06346e+07,5.23661e-01,3.94884e+00,-3.60216e-03,
1.16216e+04,7.06462e+07,6.42178e-01,4.04604e+00,-2.63130e-03,
2.16284e+04,7.06678e+07,4.92036e-01,1.50588e+00,-3.61691e-03,
2.43926e+04,7.06922e+07,1.10775e+00,3.38822e+00,-3.03657e-03,
6.53800e+04,7.07576e+07,1.67480e+00,3.62346e+00,-6.50604e-03,
9.19622e+04,7.08496e+07,3.24705e-01,1.96221e+00,5.46500e-03,
5.86353e+04,7.09082e+07,6.39557e-01,2.10660e+00,-5.58294e-03,
2.19275e+04,7.09301e+07,3.53858e-01,5.44771e+00,2.80683e-03,
2.47226e+04,7.09548e+07,3.43219e-01,5.01051e+00,1.41532e-03,
3.41250e+04,7.09890e+07,1.74271e-01,1.91705e+00,5.36143e-03,
1.24159e+04,7.10014e+07,4.34187e-01,5.89068e+00,7.64527e-03,
1.69791e+04,7.10184e+07,6.26740e-01,3.08883e+00,-9.94330e-03,
1.38404e+04,7.10322e+07,8.29511e-01,1.89777e+00,1.83529e-03,
1.34736e+04,7.10457e+07,3.29287e-01,2.10902e+00,-1.61964e-03,
4.49351e+04,7.10906e+07,2.20408e-01,4.51737e+00,8.38880e-03,
1.16544e+04,7.11023e+07,6.53901e-01,1.08343e+00,5.37081e-04,
1.12184e+05,7.12145e+07,1.11330e-01,5.26150e+00,3.14464e-03,
3.17777e+04,7.12462e+07,8.75852e-01,5.47803e+00,-1.12032e-03,
1.73950e+04,7.12636e+07,3.56000e-01,4.86120e+00,6.86965e-03,
1.61989e+05,7.14256e+07,3.18183e-01,1.45935e+00,-8.92695e-03,
4.49296e+05,7.18749e+07,2.62633e-01,5.60356e+00,-8.85978e-03,
1.19396e+04,7.18869e+07,4.51743e-01,2.61882e+00,-1.65296e-03,
1.31078e+04,7.19000e+07,1.40920e+00,3.39775e+00,-2.34493e-04,
4.36518e+04,7.19436e+07,2.74495e-01,2.91147e+00,-8.99577e-03,
1.64583e+04,7.19601e+07,4.87201e-01,1.21712e+00,4.67986e-03,
2.01775e+04,7.19802e+07,5.77275e-01,1.27091e+00,-2.79236e-03,
1.32181e+04,7.19935e+07,2.44973e-01,5.92525e+00,5.84804e-03,
2.13520e+04,7.20148e+07,1.96463e-01,5.42302e+00,-4.23641e-03,
3.97259e+04,7.20545e+07,8.82419e-01,2.81463e+00,-9.17488e-03,
1.02101e+04,7.20648e+07,8.29330e-01,4.61798e+00,-4.61446e-04,
1.00477e+04,7.20748e+07,3.25537e-01,7.74758e-01,2.56467e-03,
5.39747e+04,7.21288e+07,1.16834e-01,4.50160e+00,1.20775e-03,
2.31695e+04,7.21519e+07,5.87064e-01,1.06038e+00,-2.11130e-03,
5.87736e+04,7.22107e+07,8.11799e-01,1.12064e+00,-9.95519e-04,
1.85873e+04,7.22293e+07,5.22476e-01,2.98678e+00,1.04645e-04,
3.40517e+05,7.25698e+07,4.62762e-01,3.47723e+00,8.85907e-03,
2.22475e+04,7.25921e+07,3.18411e-01,4.97752e+00,3.27888e-03,
1.17660e+04,7.26038e+07,1.16886e-01,2.92181e+00,5.93381e-03,
1.39175e+04,7.26178e+07,7.06542e-01,1.41306e+00,6.37092e-03,
1.54547e+04,7.26332e+07,5.91019e-01,4.39905e+00,9.03739e-03,
1.05215e+04,7.26437e+07,3.00904e-01,1.08155e+00,-7.39201e-03,
1.19870e+04,7.26557e+07,9.96743e-02,5.17109e+00,-2.72368e-04,
7.21370e+04,7.27279e+07,3.70705e-02,1.82235e+00,-8.84109e-03,
2.63593e+05,7.29914e+07,8.19588e-01,1.08681e+00,3.71572e-03,
2.32221e+04,7.30147e+07,5.41690e-01,5.73630e-01,4.81264e-03,
3.86517e+04,7.30533e+07,6.63082e-01,2.37633e+00,-5.69625e-03,
1.15107e+04,7.30648e+07,5.03790e-01,1.85838e+00,-3.16329e-03,
2.27450e+04,7.30876e+07,1.99360e-01,4.98202e+00,1.31314e-03,
1.26850e+04,7.31003e+07,9.42622e-01,3.51525e+00,-7.15242e-03,
1.18579e+04,7.31121e+07,1.26174e+00,5.75612e+00,1.21584e-03,
5.84679e+04,7.31706e+07,1.07208e+00,5.25837e+00,4.24692e-03,
1.41780e+04,7.31848e+07,7.26322e-01,1.84430e-01,1.64000e-03,
5.10145e+04,7.32358e+07,8.70921e-01,1.22193e+00,-6.23420e-03,
3.34287e+05,7.35701e+07,8.82185e-02,4.54545e+00,1.01910e-03,
1.14235e+05,7.36843e+07,6.90401e-01,3.32544e+00,5.31116e-03,
5.50262e+04,7.37393e+07,3.41648e-01,5.69486e+00,-6.50965e-03,
6.18106e+04,7.38011e+07,4.73542e-01,5.48243e+00,9.93900e-03,
1.19784e+04,7.38131e+07,1.28944e+00,3.44218e+00,2.73367e-03,
1.19335e+04,7.38251e+07,1.82087e-01,6.02725e+00,-7.68398e-03,
2.43521e+04,7.38494e+07,1.43642e+00,3.98230e-01,4.91633e-03,
3.37079e+04,7.38831e+07,2.39673e-02,4.16269e+00,-9.53207e-03,
2.19814e+04,7.39051e+07,4.50709e-01,2.65730e+00,-9.78224e-03,
3.99092e+04,7.39450e+07,6.71664e-01,4.70867e+00,9.57262e-03,
7.02570e+04,7.40153e+07,2.00788e-01,8.20109e-01,4.47309e-03,
8.28532e+04,7.40981e+07,7.48949e-01,2.45221e+00,5.54216e-03,
9.60418e+04,7.41942e+07,5.01108e-01,4.95730e+00,7.62192e-03,
1.62501e+04,7.42104e+07,1.39823e+00,4.80720e+00,5.93687e-03,
2.41389e+04,7.42345e+07,1.94844e-01,4.18884e+00,-6.93741e-03,
6.81660e+04,7.43027e+07,1.19299e-01,5.45681e-02,9.51814e-03,
1.08317e+04,7.43135e+07,7.54701e-01,6.09179e+00,-6.22263e-03,
8.20732e+04,7.43956e+07,2.42738e-01,3.62716e+00,-2.30731e-05,
1.09467e+04,7.44066e+07,3.83023e-01,5.00947e+00,9.63345e-03,
1.17694e+04,7.44183e+07,3.13360e-01,1.01211e+00,1.06931e-03,
2.95440e+04,7.44479e+07,3.66268e-01,6.13963e+00,-9.74226e-03,
1.36903e+04,7.44616e+07,4.82239e-02,4.46589e+00,1.50576e-03,
2.31640e+04,7.44847e+07,4.21976e-01,1.77666e+00,-8.30143e-03,
3.70399e+04,7.45218e+07,1.50801e-01,7.07724e-01,7.77728e-04,
1.07284e+04,7.45325e+07,1.35743e+00,1.50671e+00,-6.39810e-03,
2.65134e+04,7.45590e+07,4.04628e-01,3.70311e+00,4.10340e-03,
1.37085e+05,7.46961e+07,1.51185e+00,5.13399e+00,-8.97864e-04,
1.03778e+04,7.47065e+07,5.14591e-01,3.39282e+00,9.60552e-03,
2.26839e+04,7.47292e+07,6.37230e-01,6.04698e+00,-7.05135e-03,
1.31488e+04,7.47423e+07,3.13654e-01,3.26612e+00,-5.05851e-03,
1.75749e+04,7.47599e+07,9.59520e-01,4.21462e+00,-8.22181e-03,
2.86348e+04,7.47885e+07,6.30742e-01,6.17264e+00,3.95099e-03,
6.64779e+04,7.48550e+07,4.63883e-02,2.51965e+00,-4.80479e-03,
4.70370e+04,7.49020e+07,4.79744e-01,2.76670e+00,6.81674e-03,
1.06673e+04,7.49127e+07,1.07543e+00,6.81075e-01,-6.68730e-03,
1.01393e+04,7.49228e+07,1.08356e+00,3.92714e+00,-4.76889e-03,
1.63990e+04,7.49392e+07,2.24047e-01,4.60055e+00,-4.74074e-03,
1.27907e+05,7.50671e+07,1.01398e-01,4.65645e+00,5.09490e-03,
1.94484e+04,7.50866e+07,3.26773e-01,5.78039e+00,-6.93655e-04,
1.72341e+04,7.51038e+07,4.03868e-01,6.05848e+00,-8.49300e-03,
3.24004e+04,7.51362e+07,1.13042e+00,5.71516e+00,-2.51499e-03,
2.85225e+04,7.51647e+07,2.04571e-01,2.27631e+00,7.02994e-03,
4.57677e+04,7.52105e+07,1.56603e-01,2.62784e+00,-6.95064e-03,
1.92244e+05,7.54028e+07,9.11481e-01,7.66310e-02,-9.53217e-03,
5.66956e+05,7.59697e+07,1.58234e+00,3.86634e+00,-5.95016e-03,
1.41218e+05,7.61109e+07,2.75344e-01,2.79845e+00,-6.72911e-03,
1.06648e+04,7.61216e+07,5.59451e-01,3.47750e+00,6.01610e-03,
2.32911e+04,7.61449e+07,4.15760e-01,5.88771e-02,-9.89387e-03,
1.74257e+04,7.61623e+07,5.28024e-01,1.91097e+00,-7.02137e-03,
2.03611e+04,7.61827e+07,3.27441e-01,5.83758e+00,5.83994e-03,
7.85930e+04,7.62613e+07,7.92902e-01,6.97435e-01,7.13454e-03,
1.03443e+04,7.62716e+07,1.22157e+00,4.31410e+00,3.71107e-03,
1.56955e+04,7.62873e+07,1.10768e-01,1.52109e+00,8.80838e-03,
1.79578e+04,7.63053e+07,3.16345e-01,5.79035e+00,-8.75364e-03,
1.09551e+04,7.63162e+07,3.11352e-01,2.65646e+00,3.36906e-03,
9.90925e+05,7.73071e+07,3.11237e-01,1.02503e+00,-6.91909e-04,
4.59543e+04,7.73531e+07,5.17395e-01,4.73465e+00,-3.38093e-03,
5.15537e+04,7.74047e+07,1.87157e-01,5.48278e-01,9.83937e-03,
1.14149e+04,7.74161e+07,8.71431e-01,2.45791e+00,5.45223e-03,
1.02200e+04,7.74263e+07,6.09062e-01,1.69590e+00,-9.78259e-04,
2.26210e+04,7.74489e+07,6.62170e-01,5.09889e+00,-6.34066e-03,
1.55015e+04,7.74644e+07,1.08245e+00,3.56083e+00,7.14078e-03,
1.82766e+04,7.74827e+07,7.35189e-02,3.95849e-01,-5.46831e-03,
1.08986e+04,7.74936e+07,7.98048e-01,4.90203e+00,1.15214e-03,
2.85374e+04,7.75221e+07,4.15842e-01,6.92388e-01,-4.04224e-03,
7.54555e+04,7.75976e+07,3.19079e-01,4.49947e+00,5.13332e-03,
1.33154e+04,7.76109e+07,7.47288e-01,7.19258e-01,-5.34871e-03,
1.69152e+04,7.76278e+07,1.94658e-01,1.45285e+00,-1.44065e-04,
5.69366e+04,7.76847e+07,3.10014e-01,5.89867e+00,5.39434e-04,
1.60851e+04,7.77008e+07,2.23804e-01,4.32485e+00,2.85215e-03,
1.29114e+04,7.77137e+07,1.10333e-01,1.47846e+00,-4.07743e-03,
1.05939e+04,7.77243e+07,8.18952e-01,4.75609e+00,-4.86078e-03,
2.38231e+04,7.77482e+07,3.90741e-01,2.10713e+00,-1.44526e-03,
1.59853e+04,7.77641e+07,5.60433e-01,3.81632e+00,-6.92740e-03,
1.09511e+05,7.78737e+07,2.14103e-01,1.35783e-01,-7.96214e-03,
1.73550e+04,7.78910e+07,9.85750e-01,4.98295e+00,-4.17552e-03,
1.59957e+04,7.79070e+07,5.36055e-01,2.70151e-01,-3.60106e-03,
1.58747e+04,7.79229e+07,4.79697e-01,3.21648e+00,1.68508e-03,
3.68894e+04,7.79598e+07,4.52479e-01,2.62477e+00,5.73479e-03,
1.01379e+04,7.79699e+07,1.33004e-01,2.30169e+00,-7.15598e-03,
2.03576e+04,7.79903e+07,1.96824e-01,6.20546e+00,-8.71657e-03,
1.87567e+04,7.80090e+07,1.12860e+00,3.67350e+00,-3.80917e-03,
3.15007e+04,7.80405e+07,3.21362e-01,6.25251e+00,-5.40292e-03,
1.00464e+04,7.80506e+07,9.00084e-01,4.81819e+00,4.16361e-03,
1.09218e+04,7.80615e+07,6.99727e-01,4.64606e+00,-3.24460e-03,
4.93112e+04,7.81108e+07,4.75258e-01,1.42969e+00,9.83431e-03,
1.27917e+05,7.82387e+07,5.64336e-01,2.28518e+00,-1.06023e-03,
1.47596e+04,7.82535e+07,2.69531e-01,5.02803e+00,-9.33334e-03,
7.39812e+04,7.83275e+07,2.19665e-01,5.36996e+00,2.62092e-03,
2.92985e+04,7.83568e+07,1.21544e+00,4.92585e-01,-7.37505e-04,
1.51835e+04,7.83719e+07,5.59403e-01,1.12699e+00,-6.80844e-03,
1.58770e+05,7.85307e+07,1.30379e-01,3.23087e-02,-5.74702e-03,
1.60841e+05,7.86916e+07,4.15605e-01,3.79193e+00,-9.41565e-03,
1.03889e+04,7.87019e+07,1.06587e+00,5.50803e+00,-1.86283e-03,
1.50625e+04,7.87170e+07,5.49805e-01,5.57244e-01,3.70510e-03,
8.24902e+04,7.87995e+07,1.11568e-01,2.68592e-01,-7.87987e-03,
4.09824e+05,7.92093e+07,7.41209e-01,3.93574e+00,-2.17068e-03,
1.25602e+04,7.92219e+07,1.14659e+00,1.26682e+00,6.75891e-03,
3.27224e+04,7.92546e+07,3.10228e-01,4.74364e+00,-1.96904e-03,
1.55654e+04,7.92702e+07,9.60528e-01,4.17410e+00,7.26138e-03,
1.25545e+04,7.92827e+07,3.98768e-01,4.32973e+00,-6.29737e-03,
1.35067e+04,7.92962e+07,9.13630e-01,4.18503e+00,-3.65470e-03,
3.50699e+05,7.96469e+07,5.70888e-01,5.19960e+00,5.28313e-03,
1.04338e+04,7.96574e+07,4.89154e-01,5.82254e+00,6.37583e-03,
1.33986e+04,7.96708e+07,5.61663e-01,9.66000e-02,1.67212e-03,
9.89549e+04,7.97697e+07,9.63409e-01,1.57262e+00,-8.63999e-03,
4.36702e+04,7.98134e+07,1.22588e+00,6.27553e+00,1.78963e-03,
7.68298e+04,7.98902e+07,5.17663e-01,1.69154e-01,3.34760e-03,
2.76030e+04,7.99178e+07,1.09551e-01,1.34265e+00,-3.68904e-03,
1.02411e+05,8.00202e+07,4.08044e-01,4.90514e-01,9.06486e-03,
1.20581e+04,8.00323e+07,1.21053e+00,4.68173e+00,1.49456e-03,
1.28465e+04,8.00451e+07,2.59469e-01,1.30144e+00,-9.52106e-03,
3.53749e+04,8.00805e+07,1.24435e+00,5.47373e+00,-7.30964e-03,
1.27530e+05,8.02080e+07,5.81369e-01,4.89007e+00,3.12328e-03,
3.78852e+04,8.02459e+07,2.96283e-01,4.21268e-01,-1.86684e-03,
5.68206e+04,8.03027e+07,2.20316e-01,1.15273e+00,3.55279e-03,
7.17138e+04,8.03745e+07,3.39884e-01,2.57814e-01,1.53266e-04,
1.30015e+04,8.03875e+07,1.38169e-01,4.64528e+00,-1.40347e-03,
1.60725e+04,8.04035e+07,3.24809e+00,4.33215e-01,-1.65620e-03,
2.34744e+04,8.04270e+07,4.09742e-01,3.48971e+00,4.33782e-03,
8.68200e+04,8.05138e+07,1.43932e-01,5.62159e+00,5.59730e-03,
1.45857e+04,8.05284e+07,5.70746e-01,2.59023e+00,-4.89536e-04,
2.86834e+05,8.08152e+07,4.18079e-01,6.00150e+00,-8.95328e-04,
1.02018e+04,8.08254e+07,5.93917e-01,5.16211e+00,-2.60677e-03,
1.25510e+04,8.08380e+07,7.17854e-01,1.08251e+00,-5.48635e-03,
2.34882e+04,8.08615e+07,7.79386e-01,5.91688e+00,-4.27838e-03,
2.05888e+04,8.08821e+07,2.26184e-01,6.22213e+00,9.10423e-03,
2.08180e+04,8.09029e+07,7.66520e-01,3.17807e+00,5.22668e-03,
4.63425e+04,8.09492e+07,9.08391e-01,1.97417e+00,3.69599e-03,
1.22740e+04,8.09615e+07,4.28662e-01,1.08228e+00,4.82296e-03,
3.59986e+05,8.13215e+07,4.44491e-01,4.57445e+00,1.44205e-03,
1.01857e+04,8.13317e+07,8.24115e-01,2.25438e+00,-1.31232e-03,
3.92124e+04,8.13709e+07,4.20084e-01,7.75616e-03,7.16415e-03,
1.71565e+04,8.13881e+07,1.41264e-01,3.40134e+00,-6.91294e-03,
2.47840e+04,8.14128e+07,1.21133e+00,5.89336e+00,4.81344e-03,
1.37275e+04,8.14266e+07,2.47847e+00,4.20656e+00,9.37182e-03,
1.20785e+04,8.14386e+07,4.62415e-01,3.07575e+00,9.50402e-03,
2.00126e+04,8.14587e+07,1.55877e+00,5.53638e+00,4.46476e-03,
3.13077e+04,8.14900e+07,2.48546e-01,5.33963e+00,-2.31869e-03,
2.76542e+04,8.15176e+07,9.08805e-01,1.24655e+00,6.42339e-03,
2.23255e+04,8.15399e+07,7.95750e-01,1.39202e+00,-7.43860e-03,
3.68707e+04,8.15768e+07,1.45096e+00,4.13141e+00,2.07577e-04,
2.21185e+04,8.15989e+07,1.24525e-01,4.35479e+00,4.78659e-03,
3.90737e+04,8.16380e+07,4.97526e-01,4.51847e+00,7.20502e-03,
1.06085e+04,8.16486e+07,6.44617e-01,8.49810e-01,-5.14236e-03,
4.33824e+04,8.16920e+07,1.78856e+00,6.16865e+00,3.93686e-03,
2.33806e+04,8.17154e+07,7.75771e-01,2.85801e+00,8.00157e-03,
1.29596e+04,8.17283e+07,3.25993e-01,1.47566e+00,8.03486e-03,
4.08610e+04,8.17692e+07,5.06855e-01,4.50070e+00,-8.90209e-03,
1.70479e+04,8.17862e+07,7.61597e-01,2.00542e-01,1.31714e-03,
1.41362e+04,8.18004e+07,1.44276e-01,2.39052e+00,-2.36605e-03,
4.57604e+04,8.18461e+07,7.39644e-02,4.69024e-02,4.71029e-03,
1.04190e+05,8.19503e+07,9.48128e-02,2.31979e+00,-1.14215e-03,
2.55160e+04,8.19758e+07,1.85012e-01,3.30217e+00,-4.20328e-03,
1.53124e+04,8.19912e+07,5.96175e-01,5.25019e+00,8.98372e-03,
3.89747e+04,8.20301e+07,1.12125e+00,5.99927e+00,-4.43446e-03,
1.92408e+04,8.20494e+07,5.47643e-01,3.75200e+00,-5.06691e-03,
1.46342e+04,8.20640e+07,3.05133e-01,4.70358e-01,-4.51912e-03,
2.25101e+04,8.20865e+07,2.52839e-01,1.32556e+00,1.72818e-03,
2.55944e+04,8.21121e+07,2.96994e-01,2.28304e+00,-6.48822e-03,
1.02068e+04,8.21223e+07,3.47196e-02,4.81536e+00,5.70631e-03,
1.31086e+04,8.21354e+07,5.52580e-01,3.72568e+00,-3.23866e-03,
1.15872e+04,8.21470e+07,3.18192e-01,1.70172e+00,-5.70004e-03,
4.68768e+05,8.26158e+07,1.12462e-01,1.09290e+00,4.10185e-04,
1.21958e+04,8.26280e+07,3.77280e-01,2.22301e+00,1.62094e-04,
6.14666e+04,8.26894e+07,2.60055e-01,5.16248e+00,7.79899e-03,
5.99081e+04,8.27494e+07,1.69064e+00,2.31568e+00,-2.88040e-03,
2.05584e+05,8.29549e+07,1.34937e+00,5.79252e+00,-3.19857e-03,
3.17019e+04,8.29866e+07,4.66910e-01,6.00824e+00,-6.77623e-03,
2.82410e+04,8.30149e+07,4.38228e-01,2.84847e+00,-1.29573e-03,
1.91544e+04,8.30340e+07,3.09300e-02,1.31000e+00,5.13554e-03,
1.90355e+05,8.32244e+07,1.35831e-01,5.42001e+00,-2.05666e-03,
2.34269e+05,8.34587e+07,1.65268e+00,5.91876e+00,3.82776e-03,
2.22602e+04,8.34809e+07,3.77169e-01,3.41417e+00,5.98906e-03,
1.02424e+04,8.34912e+07,8.19865e-01,1.57157e+00,-1.71547e-03,
1.52526e+04,8.35064e+07,3.84034e-01,8.32297e-01,-8.46694e-03,
1.02477e+04,8.35167e+07,1.25332e-01,5.67297e+00,7.01265e-03,
1.22664e+04,8.35289e+07,4.54577e-01,1.61459e+00,3.70850e-04,
3.10809e+04,8.35600e+07,5.10905e-01,2.37591e-01,-5.24929e-03,
2.04931e+04,8.35805e+07,9.84799e-01,6.20895e+00,-4.40123e-03,
1.14464e+04,8.35919e+07,2.88458e-01,3.84305e+00,-2.82017e-03,
7.38480e+04,8.36658e+07,4.47531e-01,5.38417e+00,6.63548e-03,
1.60491e+05,8.38263e+07,8.61783e-01,3.01264e+00,-3.73550e-03,
1.23936e+04,8.38387e+07,1.79345e+00,4.13542e+00,-7.51470e-03,
1.69546e+04,8.38556e+07,3.41414e-01,4.69727e+00,3.41063e-05,
1.24758e+04,8.38681e+07,1.06549e-01,1.99896e+00,-4.47544e-03,
3.16440e+04,8.38998e+07,1.37280e-01,4.76820e+00,-2.11487e-03,
1.18905e+04,8.39116e+07,2.22712e-01,9.86001e-01,-4.56862e-03,
1.20676e+04,8.39237e+07,9.82952e-01,1.16347e+00,-8.36717e-03,
5.15744e+04,8.39753e+07,1.02486e+00,2.89639e-01,1.70782e-03,
8.05418e+04,8.40558e+07,5.02822e-01,3.54297e+00,5.70984e-03,
2.93498e+04,8.40852e+07,5.55200e-01,2.13460e+00,8.05361e-03,
3.76869e+04,8.41229e+07,1.38845e-01,4.33755e+00,1.85076e-03,
2.96980e+04,8.41526e+07,2.13116e+00,6.19809e+00,-1.60192e-03,
3.27582e+04,8.41853e+07,1.61400e-01,7.56664e-01,-5.78106e-03,
3.36177e+04,8.42189e+07,1.16993e+00,8.72897e-01,-6.99155e-03,
4.77185e+04,8.42667e+07,7.04810e-01,2.41119e+00,-7.85167e-03,
1.28850e+05,8.43955e+07,3.74602e-01,1.87328e+00,-7.30479e-04,
2.50399e+05,8.46459e+07,1.12140e+00,5.79901e+00,-7.17231e-03,
1.29954e+05,8.47759e+07,3.87801e-01,3.46318e+00,-9.16476e-03,
1.86140e+04,8.47945e+07,4.24054e-01,2.89425e+00,-1.07716e-03,
3.09756e+04,8.48255e+07,2.97158e-01,5.71152e+00,-5.19617e-03,
1.22010e+04,8.48377e+07,6.16435e-01,2.25049e+00,-2.73913e-03,
2.89492e+04,8.48666e+07,2.61290e-01,3.07837e+00,-7.43141e-03,
1.89017e+04,8.48855e+07,5.10349e-01,6.09607e+00,5.94225e-03,
1.57369e+04,8.49012e+07,1.70776e+00,5.71965e+00,-6.34926e-03,
1.64745e+04,8.49177e+07,1.01652e+00,5.50567e+00,-3.28783e-04,
3.93823e+04,8.49571e+07,1.01294e+00,6.02129e+00,-3.50976e-03,
2.85049e+05,8.52421e+07,4.15949e-01,1.39204e+00,8.30772e-03,
1.44278e+04,8.52566e+07,1.44483e-01,3.19683e+00,-7.64016e-04,
1.25389e+04,8.52691e+07,4.42110e-01,3.38219e-01,9.34837e-04,
1.78540e+04,8.52870e+07,3.77111e-01,5.92061e-01,-1.20040e-03,
2.11184e+04,8.53081e+07,5.50118e-01,3.16373e+00,-9.63478e-03,
3.64319e+04,8.53445e+07,2.44760e-01,8.63895e-01,7.70110e-03,
1.05739e+04,8.53551e+07,7.57913e-01,4.01350e+00,5.43720e-03,
1.58742e+04,8.53710e+07,6.48788e-01,5.61060e+00,-1.85564e-03,
3.79822e+04,8.54089e+07,1.40292e+00,3.14145e+00,-7.69124e-03,
1.34626e+04,8.54224e+07,1.54834e-01,5.21710e+00,-4.11066e-03,
2.85259e+04,8.54509e+07,5.10909e-01,2.73948e+00,2.18552e-03,
2.22851e+04,8.54732e+07,3.87653e-01,2.19922e+00,-1.00641e-03,
2.03464e+04,8.54936e+07,1.25085e+00,1.87425e+00,-6.37957e-03,
2.36197e+04,8.55172e+07,1.30262e-02,8.72293e-01,-1.69498e-03,
3.86887e+04,8.55559e+07,4.04631e-01,2.42057e+00,-7.84446e-03,
9.86311e+04,8.56545e+07,1.96143e-01,3.96927e-01,-1.93216e-04,
2.81411e+04,8.56826e+07,4.05075e-01,1.96397e+00,-1.95971e-03,
1.19295e+04,8.56946e+07,4.89698e-01,3.48484e+00,7.10805e-03,
2.73621e+05,8.59682e+07,6.52823e-01,2.50126e+00,8.36694e-03,
3.59831e+04,8.60042e+07,8.33058e-02,3.69573e+00,-5.89975e-03,
4.38872e+04,8.60481e+07,1.34847e+00,2.20158e+00,-8.84061e-03,
5.33115e+04,8.61014e+07,4.03776e-01,5.34739e+00,8.85365e-03,
3.97196e+04,8.61411e+07,4.17839e-01,3.45483e+00,-7.60714e-03,
1.20557e+04,8.61532e+07,1.22193e+00,1.73869e+00,1.86413e-03,
1.04444e+04,8.61636e+07,1.33166e-01,1.75890e+00,-7.65430e-03,
3.68690e+04,8.62005e+07,1.82629e-01,2.85313e+00,5.40076e-03,
2.50273e+04,8.62255e+07,3.78359e-01,1.81831e+00,-3.43456e-03,
1.42109e+05,8.63676e+07,3.17382e-01,3.17108e+00,-5.84451e-03,
1.24076e+04,8.63800e+07,8.53562e-01,5.54790e+00,2.68975e-03,
1.54420e+05,8.65344e+07,1.15427e+00,4.29028e+00,7.10129e-03,
1.27333e+04,8.65472e+07,9.35792e-01,4.73081e+00,8.69017e-03,
1.60197e+04,8.65632e+07,1.44033e-01,6.12116e+00,-8.37249e-03,
1.25672e+04,8.65758e+07,7.27268e-01,2.52351e+00,6.05463e-03,
2.05468e+04,8.65963e+07,1.11907e+00,3.07475e+00,9.61517e-03,
1.86037e+04,8.66149e+07,6.60380e-01,4.46843e+00,-4.22510e-03,
2.37338e+04,8.66386e+07,7.54861e-01,7.23193e-01,6.64301e-03,
3.53961e+04,8.66740e+07,5.41435e-01,9.16154e-01,-5.87289e-04,
4.18287e+04,8.67159e+07,6.23116e-01,5.92375e+00,5.70728e-03,
1.86045e+04,8.67345e+07,1.71073e-01,4.07556e+00,-8.85684e-03,
4.06134e+04,8.67751e+07,5.34122e-01,3.56867e+00,4.23079e-03,
1.74640e+04,8.67925e+07,1.09130e-01,7.07025e-01,-9.64231e-03,
1.28559e+04,8.68054e+07,9.84364e-02,3.77881e-01,1.72657e-03,
1.39673e+04,8.68194e+07,8.42928e-01,3.69472e+00,4.69137e-04,
1.21997e+04,8.68316e+07,1.88208e-01,2.38073e+00,6.27958e-03,
1.01548e+04,8.68417e+07,1.10067e-01,2.58488e+00,-3.17052e-03,
3.54736e+04,8.68772e+07,2.10117e-01,3.75727e+00,-1.28856e-04,
1.23516e+04,8.68895e+07,7.05913e-01,1.58185e+00,-2.80244e-03,
1.42855e+04,8.69038e+07,3.42470e-01,3.07654e+00,-2.76523e-03,
1.15619e+04,8.69154e+07,8.80076e-01,4.91122e+00,4.52453e-03,
1.07537e+04,8.69262e+07,1.00031e+00,4.27031e+00,5.39155e-03,
2.00939e+06,8.89355e+07,1.06527e-01,3.46339e+00,-4.58354e-03,
1.90695e+05,8.91262e+07,2.80422e-01,3.16311e+00,2.21484e-03,
1.49325e+04,8.91412e+07,1.05244e+00,1.55010e+00,2.21247e-03,
5.68473e+04,8.91980e+07,1.28205e+00,2.31293e-01,-3.39840e-03,
1.41623e+04,8.92122e+07,2.26704e-01,6.22276e+00,5.52774e-03,
2.23445e+04,8.92345e+07,3.82360e-01,6.02721e+00,-6.71235e-03,
1.55172e+04,8.92500e+07,1.94246e-01,8.29105e-01,-8.70900e-03,
2.96858e+04,8.92797e+07,7.88758e-01,5.06125e+00,-7.09701e-03,
1.11160e+04,8.92908e+07,3.19857e-01,2.48515e+00,6.20709e-03,
2.32475e+04,8.93141e+07,2.86262e-01,2.64450e+00,2.55158e-03,
1.21638e+04,8.93263e+07,2.67778e-01,1.53082e+00,9.38335e-03,
2.04085e+04,8.93467e+07,8.87478e-01,5.79727e+00,-3.59935e-03,
1.39337e+04,8.93606e+07,4.97061e-01,9.10083e-01,-3.33546e-03,
1.52379e+04,8.93758e+07,4.32044e-01,6.15673e+00,-4.95813e-03,
1.99304e+04,8.93958e+07,2.66686e-01,6.16958e+00,-4.07377e-04,
3.32157e+04,8.94290e+07,4.09336e-01,4.79579e+00,9.66425e-03,
1.21552e+04,8.94411e+07,6.95512e-01,4.00750e+00,2.31267e-03,
1.69628e+04,8.94581e+07,9.66885e-01,5.73790e+00,-2.45542e-03,
1.10159e+04,8.94691e+07,1.27253e+00,2.28332e+00,7.98822e-03,
1.87972e+05,8.96571e+07,5.35519e-01,5.63860e+00,9.75157e-04,
1.48150e+04,8.96719e+07,4.80952e-01,3.20698e+00,-7.47173e-03,
1.28948e+05,8.98008e+07,7.07584e-01,2.99881e-01,-1.87740e-03,
1.25516e+04,8.98134e+07,3.26789e-01,4.12812e+00,2.77790e-04,
1.44720e+05,8.99581e+07,5.86684e-01,5.54559e+00,-5.49060e-03,
6.06677e+04,9.00188e+07,2.22409e-01,1.15054e+00,-5.21786e-03,
1.12743e+04,9.00301e+07,1.19044e+00,6.18126e-01,-4.48853e-03,
2.01742e+05,9.02318e+07,8.31148e-01,2.57333e+00,1.74214e-03,
1.91379e+04,9.02509e+07,2.23050e-01,5.84575e+00,-7.02304e-03,
1.80784e+04,9.02690e+07,1.16777e+00,3.47168e+00,-1.58728e-03,
2.04880e+04,9.02895e+07,5.79960e-01,1.89451e-01,8.18439e-03,
2.98054e+04,9.03193e+07,1.40853e+00,5.90000e+00,5.53530e-03,
1.05572e+04,9.03299e+07,2.23781e-01,5.21800e+00,-2.30989e-03,
2.18321e+04,9.03517e+07,5.91546e-01,1.79064e+00,2.62333e-03,
1.01295e+04,9.03618e+07,9.63415e-01,5.15392e+00,3.82558e-03,
3.01951e+04,9.03920e+07,8.84241e-01,3.16577e-01,5.81532e-03,
3.05913e+04,9.04226e+07,1.40053e+00,2.46059e+00,2.16314e-03,
1.27877e+04,9.04354e+07,1.01723e+00,2.58479e-01,2.09225e-03,
2.47963e+04,9.04602e+07,6.54632e-01,2.17625e+00,5.89018e-03,
2.65955e+04,9.04868e+07,1.59532e+00,3.63798e+00,2.42934e-03,
3.78837e+04,9.05247e+07,3.35751e-01,8.83924e-01,-6.26394e-03,
4.65171e+04,9.05712e+07,1.81959e-01,1.54105e+00,7.33736e-03,
1.27849e+04,9.05840e+07,2.38553e-01,5.34089e-01,8.44009e-03,
1.27875e+04,9.05968e+07,3.22977e-01,5.49115e+00,-6.37254e-03,
3.50929e+04,9.06319e+07,7.50847e-01,2.83452e+00,2.60039e-03,
2.45634e+04,9.06564e+07,9.55867e-02,3.86903e+00,-8.46727e-03,
1.16932e+04,9.06681e+07,4.42199e-01,2.32089e+00,-9.58085e-03,
1.24137e+05,9.07923e+07,9.48799e-01,3.89415e+00,-1.95813e-03,
1.15178e+05,9.09074e+07,2.92005e-01,2.24394e+00,-5.30098e-03,
3.46319e+04,9.09421e+07,2.69044e-01,6.85741e-02,3.52059e-03,
1.62898e+04,9.09584e+07,4.75321e-01,5.87877e+00,5.40116e-03,
4.36117e+05,9.13945e+07,9.66978e-01,5.08517e+00,-3.01671e-03,
9.47762e+04,9.14893e+07,5.16139e-01,3.88105e-01,8.82519e-03,
2.26491e+04,9.15119e+07,1.64065e-01,4.81979e+00,3.55833e-03,
3.25680e+04,9.15445e+07,2.88622e-01,1.73562e+00,-3.76727e-03,
1.97464e+04,9.15642e+07,3.35952e-01,4.17105e+00,9.91562e-03,
1.71898e+04,9.15814e+07,6.43371e-01,4.74189e+00,5.60408e-03,
1.00305e+04,9.15914e+07,4.27624e-01,5.61240e+00,-9.89791e-03,
3.68482e+04,9.16283e+07,5.93985e-01,3.45608e+00,3.48929e-03,
5.71205e+04,9.16854e+07,9.96395e-02,2.70545e+00,6.07908e-03,
4.44274e+04,9.17298e+07,1.15111e-01,4.39884e+00,7.50729e-03,
1.48439e+04,9.17447e+07,6.00811e-01,1.96111e+00,2.53563e-03,
2.40597e+04,9.17687e+07,1.16172e+00,4.75072e+00,-4.60612e-03,
1.64170e+04,9.17852e+07,9.25127e-01,3.87306e+00,1.84630e-03,
1.28058e+04,9.17980e+07,1.40843e+00,3.51148e+00,9.79599e-03,
4.48104e+04,9.18428e+07,4.00768e-01,4.85114e+00,5.12463e-03,
8.06783e+04,9.19234e+07,6.52255e-01,1.21048e+00,6.78253e-03,
2.07502e+04,9.19442e+07,5.86928e-01,3.95313e-01,-7.35786e-03,
1.15083e+04,9.19557e+07,9.89958e-02,2.74934e+00,7.00479e-03,
3.34522e+04,9.19892e+07,4.52587e-01,2.53287e+00,3.04916e-03,
1.93688e+04,9.20085e+07,1.24105e-01,1.68292e+00,7.58676e-04,
1.91289e+04,9.20277e+07,8.67279e-01,5.34826e-02,-1.49171e-03,
1.29926e+04,9.20406e+07,2.40582e-01,2.11274e+00,7.98155e-03,
1.34674e+04,9.20541e+07,3.17466e-01,1.61492e+00,9.26128e-03,
1.84601e+04,9.20726e+07,1.89745e+00,5.99272e+00,-3.18721e-03,
2.19221e+04,9.20945e+07,5.74643e-01,5.19175e+00,6.62009e-03,
3.17855e+04,9.21263e+07,7.75513e-01,2.70781e+00,7.12984e-03,
3.06999e+04,9.21570e+07,1.75644e-01,4.58026e+00,7.11751e-03,
5.02923e+04,9.22073e+07,5.33620e-01,1.90181e+00,1.39916e-03,
2.34764e+05,9.24420e+07,4.65474e-01,4.78209e+00,-8.54615e-03,
3.38870e+04,9.24759e+07,1.02194e+00,3.23966e+00,8.73682e-03,
2.31272e+04,9.24991e+07,8.06817e-01,5.10574e+00,5.17660e-03,
2.24632e+04,9.25215e+07,2.65456e-01,5.74720e+00,7.48328e-04,
9.27773e+04,9.26143e+07,1.88584e-01,4.89708e+00,7.89207e-03,
7.88738e+04,9.26932e+07,4.95879e-01,7.24173e-01,-5.57063e-03,
1.09563e+04,9.27041e+07,2.35760e-01,2.61766e+00,-4.99693e-03,
2.04095e+04,9.27245e+07,6.77091e-01,5.24781e+00,-7.59149e-03,
7.92108e+04,9.28037e+07,7.87312e-01,4.99229e+00,-8.07638e-03,
3.47078e+04,9.28385e+07,3.23288e-02,1.92469e+00,5.37748e-03,
1.72329e+06,9.45617e+07,8.36789e-01,5.22329e+00,7.54825e-03,
2.81690e+04,9.45899e+07,3.02199e-01,3.50530e+00,7.37434e-03,
1.83390e+04,9.46083e+07,7.35717e-01,2.80139e+00,2.76820e-03,
1.25600e+04,9.46208e+07,8.74131e-01,3.40832e+00,8.82373e-03,
3.66561e+04,9.46575e+07,4.53994e-01,4.76393e+00,-4.23327e-03,
3.00879e+04,9.46876e+07,4.89073e-01,1.45197e+00,1.76461e-03,
1.21883e+05,9.48094e+07,1.24581e+00,7.38432e-01,5.05145e-03,
1.20011e+04,9.48214e+07,9.19013e-01,6.26271e+00,4.85455e-03,
1.52283e+04,9.48367e+07,7.34607e-01,4.78669e-01,-3.61937e-04,
1.37488e+04,9.48504e+07,5.17834e-01,3.01217e+00,4.23074e-03,
1.53502e+04,9.48658e+07,3.49899e-01,5.18855e+00,-1.82783e-03,
1.77551e+05,9.50433e+07,8.06327e-01,2.11810e+00,9.51395e-03,
8.25073e+04,9.51258e+07,2.88963e-01,2.41995e+00,6.88918e-03,
2.81607e+04,9.51540e+07,2.77664e-01,2.96210e+00,1.50158e-03,
1.23483e+04,9.51663e+07,1.12647e+00,1.40856e+00,6.22636e-03,
7.09022e+04,9.52372e+07,4.22063e-01,3.37566e+00,-1.18708e-03,
7.64675e+04,9.53137e+07,4.97586e-02,1.14343e+00,6.69655e-03,
2.12933e+04,9.53350e+07,1.60880e-01,5.92399e+00,7.20384e-03,
2.11571e+05,9.55466e+07,2.54758e-02,4.35066e+00,3.89723e-05,
1.18025e+04,9.55584e+07,1.04697e+00,3.98660e+00,6.12609e-04,
1.60263e+04,9.55744e+07,2.22071e-01,9.01860e-01,-6.99580e-03,
4.53241e+04,9.56197e+07,4.90219e-01,4.54233e+00,-1.28828e-03,
1.01863e+04,9.56299e+07,5.49991e-01,1.52574e+00,-2.60404e-03,
1.43955e+04,9.56443e+07,5.12087e-01,4.56055e+00,7.48398e-03,
1.40804e+04,9.56584e+07,6.49352e-01,3.82557e+00,5.50722e-03,
1.45083e+04,9.56729e+07,7.40616e-01,9.85135e-01,6.58849e-03,
4.16176e+05,9.60891e+07,1.12919e+00,4.44389e+00,7.06626e-03,
2.10007e+04,9.61101e+07,3.15873e-01,4.23698e+00,-2.03912e-03,
2.28986e+04,9.61330e+07,3.85601e-01,3.82917e+00,7.95601e-03,
1.27140e+04,9.61457e+07,5.72271e-01,2.73074e+00,-1.11421e-03,
7.09121e+04,9.62166e+07,2.57227e-01,3.48105e+00,-8.29261e-03,
1.90808e+04,9.62357e+07,1.35273e-01,2.30496e+00,-5.54525e-04,
2.12483e+04,9.62569e+07,4.99933e-01,1.52230e+00,6.80977e-03,
1.94855e+04,9.62764e+07,1.92033e-01,5.50420e+00,-5.81928e-03,
1.65463e+04,9.62930e+07,6.59272e-01,8.42299e-01,8.06202e-03,
1.85602e+04,9.63115e+07,1.61130e-01,2.55221e+00,3.09097e-03,
1.33003e+04,9.63248e+07,1.28058e+00,1.69845e+00,8.04020e-03,
1.69264e+04,9.63417e+07,4.06464e-01,9.80105e-01,-6.33604e-03,
1.71909e+04,9.63589e+07,1.48576e+00,6.07384e+00,-4.68018e-03,
1.22288e+04,9.63712e+07,3.02907e-01,5.68374e+00,-5.92452e-04,
1.24784e+04,9.63836e+07,8.70986e-01,6.08936e+00,8.00772e-03,
1.69710e+04,9.64006e+07,1.35133e+00,1.91828e+00,-3.59971e-03,
1.46801e+04,9.64153e+07,7.73706e-02,8.83246e-01,1.28835e-03,
6.06913e+04,9.64760e+07,2.99153e-01,1.08046e+00,-8.37529e-03,
1.65704e+04,9.64926e+07,1.13170e+00,4.95445e+00,-1.57494e-03,
1.03443e+04,9.65029e+07,7.08845e-01,1.97785e+00,8.00723e-03,
2.89812e+05,9.67927e+07,1.10356e-01,4.20096e+00,-8.05876e-03,
1.80352e+04,9.68107e+07,1.00907e+00,6.18818e+00,-4.27033e-03,
1.92076e+05,9.70028e+07,7.11488e-01,1.55710e+00,1.48599e-04,
7.35061e+04,9.70763e+07,7.46346e-01,3.95793e+00,-7.05804e-03,
4.70367e+04,9.71234e+07,7.84476e-01,5.27888e-01,3.86410e-03,
1.33912e+04,9.71368e+07,4.80793e-01,2.58144e+00,-2.88473e-03,
2.93611e+04,9.71661e+07,4.58613e-01,1.05054e+00,9.25716e-03,
2.50150e+04,9.71911e+07,6.96813e-01,3.98612e+00,9.27805e-03,
2.01133e+04,9.72112e+07,4.18970e-01,3.01697e+00,-3.26228e-03,
1.46446e+04,9.72259e+07,1.10518e+00,4.59518e+00,-9.35520e-03,
1.67646e+05,9.73935e+07,4.33091e-01,3.80466e+00,-4.56047e-03,
3.94977e+04,9.74330e+07,2.81244e-01,3.32426e+00,4.88639e-03,
1.56438e+04,9.74487e+07,8.06045e-01,1.43669e+00,-7.56338e-03,
2.36655e+05,9.76853e+07,5.72332e-01,1.93400e+00,-2.42665e-03,
6.71896e+04,9.77525e+07,3.37160e-01,4.51731e+00,8.60568e-03,
1.81899e+04,9.77707e+07,8.52295e-01,5.90810e+00,2.02075e-03,
2.95911e+04,9.78003e+07,5.17428e-01,2.17749e+00,-9.10309e-03,
2.48265e+04,9.78251e+07,5.66903e-01,4.37941e+00,5.97202e-03,
9.61924e+04,9.79213e+07,8.27047e-01,4.72586e+00,8.29887e-03,
8.53929e+04,9.80067e+07,1.36529e+00,3.09905e+00,5.71815e-03,
6.14704e+05,9.86214e+07,2.79819e-01,5.16016e+00,-5.30153e-04,
1.31517e+04,9.86346e+07,1.35693e+00,1.57905e+00,-4.97807e-03,
6.96368e+04,9.87042e+07,1.78835e-01,2.90389e+00,9.95944e-03,
2.35540e+05,9.89397e+07,4.78296e-01,4.26344e+00,-4.36555e-04,
1.84057e+04,9.89581e+07,1.25149e+00,2.34497e-01,-4.92053e-03,
4.86455e+04,9.90068e+07,1.78075e-01,3.52869e+00,6.11278e-03,
2.40580e+04,9.90309e+07,1.21787e+00,1.30394e+00,3.49518e-03,
8.76717e+04,9.91185e+07,6.65926e-01,5.14674e+00,1.28149e-03,
2.20194e+04,9.91405e+07,1.34158e+00,4.66625e+00,6.93219e-03,
2.17643e+04,9.91623e+07,2.50410e-01,1.53900e+00,9.31389e-03,
2.01342e+05,9.93637e+07,7.34823e-01,4.41379e+00,-6.21480e-03,
3.26714e+05,9.96904e+07,4.50904e-01,5.11486e+00,6.24570e-03,
2.15011e+04,9.97119e+07,7.47893e-01,2.16464e+00,8.13335e-03,
1.16605e+04,9.97235e+07,1.72245e-01,5.65095e+00,6.34492e-03,
1.05246e+05,9.98288e+07,9.88969e-02,1.90107e+00,6.26141e-03,
8.21532e+04,9.99109e+07,6.88661e-01,5.85646e+00,-8.05180e-03,
1.44216e+04,9.99253e+07,2.93203e-02,2.86193e+00,9.32805e-03,
2.84132e+04,9.99538e+07,7.98536e-01,2.42496e+00,-8.38450e-03,
1.02009e+04,9.99640e+07,1.72708e-01,5.59957e+00,-3.53409e-03,
6.84977e+04,1.00032e+08,6.16052e-01,2.63021e+00,6.56817e-03,
1.45913e+04,1.00047e+08,4.48669e-01,6.05589e+00,2.95353e-03,
1.07379e+04,1.00058e+08,3.59794e-01,2.19739e+00,-4.78700e-03,
1.69447e+04,1.00075e+08,1.37158e+00,4.58589e+00,-3.29049e-03,
1.80835e+04,1.00093e+08,2.63687e-01,2.43993e+00,7.64273e-03,
2.21645e+04,1.00115e+08,1.04022e+00,1.77824e+00,1.57047e-03,
1.05688e+06,1.01172e+08,5.87270e-02,6.41237e-01,-6.91733e-03,
3.49692e+04,1.01207e+08,7.18244e-01,2.53071e+00,8.15761e-03,
2.16171e+04,1.01228e+08,4.26516e-01,3.60637e+00,4.21943e-03,
1.26912e+04,1.01241e+08,1.06148e+00,6.02234e+00,3.00176e-03,
2.74104e+04,1.01269e+08,1.69239e+00,4.90224e-02,-2.57402e-03,
1.05895e+05,1.01374e+08,1.00308e+00,1.49504e+00,1.97219e-03,
2.28875e+04,1.01397e+08,1.03288e+00,3.60294e+00,6.86701e-03,
1.35547e+05,1.01533e+08,7.62563e-01,4.87028e+00,4.52508e-03,
5.01939e+04,1.01583e+08,6.52230e-01,3.29972e+00,-3.35761e-03,
3.73344e+04,1.01620e+08,5.77134e-02,4.54535e+00,7.28272e-03,
2.86880e+04,1.01649e+08,5.50636e-01,5.74111e+00,4.21241e-03,
4.20628e+04,1.01691e+08,7.61982e-01,3.45650e+00,-4.11824e-03,
1.08276e+04,1.01702e+08,3.08322e-02,4.17934e+00,-6.71282e-03,
1.12041e+04,1.01713e+08,1.21164e+00,2.50031e+00,-8.83143e-04,
2.02101e+04,1.01733e+08,4.01430e-01,4.55682e+00,8.71697e-03,
4.19134e+04,1.01775e+08,1.32650e+00,3.48736e+00,1.54084e-03,
1.40264e+04,1.01789e+08,4.28947e-01,4.15110e+00,2.54618e-03,
2.25289e+04,1.01812e+08,7.38167e-01,2.98679e+00,4.91902e-03,
3.17089e+04,1.01844e+08,1.16390e-01,5.86993e+00,6.80510e-03,
1.26218e+04,1.01856e+08,3.48216e-01,4.06066e+00,-1.04422e-03,
1.59570e+04,1.01872e+08,4.70098e-01,5.48396e+00,8.48578e-04,
1.63456e+04,1.01889e+08,2.19277e-01,4.49802e+00,5.53915e-04,
1.60100e+04,1.01905e+08,4.83224e-01,4.27430e+00,-6.25592e-03,
1.40290e+05,1.02045e+08,2.82513e-01,2.77291e+00,-4.17442e-04,
1.48798e+04,1.02060e+08,4.59748e-01,4.90581e+00,7.75352e-03,
1.06757e+04,1.02070e+08,6.75696e-01,1.29079e+00,1.94014e-03,
3.03046e+04,1.02101e+08,6.30210e-01,4.68467e+00,-7.96106e-03,
1.95620e+04,1.02120e+08,4.82387e-01,4.52715e+00,6.80639e-03,
8.43883e+04,1.02205e+08,4.21049e-01,4.68439e+00,-3.89124e-03,
2.34009e+04,1.02228e+08,8.79318e-01,3.78439e+00,2.51393e-03,
1.10736e+04,1.02239e+08,9.18834e-01,1.45748e+00,9.08812e-03,
1.41993e+05,1.02381e+08,1.11866e-01,2.14555e+00,9.18907e-03,
3.83247e+04,1.02419e+08,1.17789e+00,1.07556e+00,-6.10761e-03,
1.76349e+04,1.02437e+08,1.28144e+00,2.40018e+00,-1.71765e-03,
5.22836e+04,1.02489e+08,3.60643e-01,4.01451e+00,-9.57849e-03,
2.06487e+04,1.02510e+08,2.79468e-01,4.76080e+00,3.30606e-04,
1.32751e+04,1.02523e+08,3.44021e-01,4.76047e+00,5.31558e-03,
5.45850e+04,1.02578e+08,1.22346e+00,5.32327e+00,-7.03235e-03,
6.54161e+04,1.02643e+08,1.90910e-01,2.11258e+00,9.89258e-03,
2.10453e+04,1.02664e+08,3.00246e-01,6.01325e+00,-1.68189e-03,
5.11561e+04,1.02715e+08,1.01851e+00,3.63035e-01,6.51224e-03,
2.23290e+05,1.02939e+08,5.35580e-01,2.12671e+00,7.16750e-03,
1.18578e+04,1.02951e+08,3.87806e-01,4.50282e+00,6.49558e-04,
3.64969e+04,1.02987e+08,3.58048e-01,4.07108e+00,-9.42944e-03,
1.16365e+04,1.02999e+08,9.40415e-02,5.68017e+00,-4.14776e-04,
6.50633e+04,1.03064e+08,2.08010e-01,4.77254e+00,-7.13086e-03,
1.03911e+04,1.03074e+08,4.10952e-01,3.83727e-01,-4.71736e-03,
8.28490e+04,1.03157e+08,7.97988e-01,3.48288e+00,5.28572e-03,
1.56713e+04,1.03173e+08,7.82213e-01,3.25616e+00,-9.30952e-03,
2.73160e+05,1.03446e+08,8.24828e-01,4.45694e+00,8.00000e-03,
1.35883e+04,1.03459e+08,1.08203e+00,3.90396e+00,-8.12776e-03,
2.35902e+04,1.03483e+08,5.87479e-01,5.08046e+00,-5.31175e-03,
1.51996e+04,1.03498e+08,3.95030e-02,5.79885e+00,1.13627e-03,
2.43849e+04,1.03523e+08,2.72151e-01,1.67994e+00,9.89252e-03,
1.64399e+04,1.03539e+08,1.31168e+00,5.98145e+00,-8.48251e-03,
1.04366e+04,1.03550e+08,6.79319e-01,2.91260e+00,6.90942e-03,
2.52144e+04,1.03575e+08,1.33278e+00,5.82641e+00,5.47348e-03,
1.14383e+04,1.03586e+08,2.00698e-01,3.97498e-01,-1.63483e-03,
8.74184e+04,1.03674e+08,8.56059e-02,7.90311e-01,-3.66874e-03,
1.07781e+05,1.03781e+08,5.08837e-01,6.26146e+00,-7.71855e-03,
1.32143e+04,1.03795e+08,4.84576e-01,2.28807e-01,8.64924e-03,
4.13140e+04,1.03836e+08,1.45642e-01,6.16425e-01,5.49403e-03,
1.79089e+04,1.03854e+08,5.02001e-01,2.63580e+00,4.01667e-04,
2.32090e+04,1.03877e+08,3.36204e-01,5.47257e+00,-9.59185e-03,
1.23918e+04,1.03889e+08,2.47322e-01,4.50571e+00,-4.47731e-03,
8.79259e+04,1.03977e+08,5.37902e-01,1.15209e+00,9.21805e-03,
2.23240e+04,1.04000e+08,1.67163e+00,1.89039e+00,-5.06009e-03,
1.23381e+04,1.04012e+08,2.90135e-01,9.45918e-01,4.01099e-03,
8.66834e+04,1.04099e+08,5.02225e-01,2.68843e+00,-7.78907e-03,
2.34130e+04,1.04122e+08,1.53646e+00,1.57509e+00,-8.81478e-03,
2.11500e+04,1.04143e+08,2.56740e-01,5.98400e+00,8.62511e-03,
8.41765e+04,1.04227e+08,4.95339e-01,2.22158e+00,-7.52858e-03,
2.91365e+04,1.04257e+08,2.99521e-01,3.92286e+00,-3.60255e-03,
1.76713e+05,1.04433e+08,1.55604e-01,9.31096e-01,-4.26955e-03,
1.11599e+04,1.04444e+08,1.47919e-01,5.36665e-01,-8.24873e-03,
7.57016e+04,1.04520e+08,4.87074e-01,2.26577e+00,7.26358e-03,
1.88263e+04,1.04539e+08,5.30614e-01,2.80174e+00,5.66873e-03,
1.32411e+04,1.04552e+08,4.74155e-02,6.13154e+00,-9.71166e-03,
1.98106e+04,1.04572e+08,2.89032e-01,3.18779e+00,-1.33311e-03,
1.26214e+04,1.04585e+08,5.30945e-01,3.76948e+00,7.13895e-03,
1.41433e+04,1.04599e+08,1.07156e+00,5.63653e+00,-5.09473e-03,
1.11397e+04,1.04610e+08,5.44898e-01,2.18472e+00,-2.32883e-03,
1.50737e+04,1.04625e+08,5.39145e-01,6.89897e-01,8.51313e-04,
2.55465e+04,1.04651e+08,6.71407e-01,6.16224e+00,6.15233e-03,
2.55217e+04,1.04676e+08,5.85685e-01,4.82017e+00,-2.25155e-03,
3.52939e+04,1.04711e+08,1.79980e-01,1.99165e+00,2.80935e-03,
3.61653e+04,1.04747e+08,1.05159e+00,4.14859e+00,-5.07379e-03,
1.10145e+04,1.04759e+08,1.27209e+00,1.18670e+00,6.80333e-03,
6.60978e+05,1.05419e+08,4.69807e-01,2.22852e+00,-1.82968e-03,
1.32671e+04,1.05433e+08,1.72268e+00,1.38004e-02,-2.86687e-03,
1.06011e+05,1.05539e+08,6.75926e-01,3.91414e+00,-3.90624e-03,
1.07372e+04,1.05550e+08,5.84521e-01,2.74025e+00,-4.78760e-03,
2.13735e+04,1.05571e+08,1.50421e+00,4.94730e+00,-6.85116e-03,
2.82153e+04,1.05599e+08,8.55780e-01,1.07883e+00,9.29086e-03,
4.80838e+04,1.05647e+08,4.91199e-01,1.33096e+00,3.96769e-03,
1.02981e+04,1.05657e+08,4.15015e-01,2.33474e+00,7.11415e-03,
1.14870e+04,1.05669e+08,8.09058e-01,3.21660e+00,9.30913e-03,
1.12759e+04,1.05680e+08,4.27056e-01,5.44237e+00,-8.10753e-03,
1.52873e+05,1.05833e+08,5.41522e-01,5.40289e+00,3.50068e-03,
3.66577e+04,1.05870e+08,3.93833e-01,1.02087e+00,-2.83545e-03,
3.50244e+05,1.06220e+08,6.35148e-01,1.38362e+00,2.31676e-03,
2.38294e+04,1.06244e+08,7.21356e-01,5.06251e+00,5.60370e-03,
1.54848e+04,1.06259e+08,9.71247e-01,1.62432e+00,6.39308e-03,
1.18350e+05,1.06378e+08,4.78673e-01,2.94133e+00,-2.85841e-03,
3.00660e+04,1.06408e+08,7.35923e-01,3.11654e+00,9.81777e-03,
1.68462e+04,1.06425e+08,5.38468e-01,5.56663e+00,8.63700e-03,
1.22185e+04,1.06437e+08,4.86180e-01,1.48002e+00,-5.55591e-03,
1.12603e+05,1.06549e+08,2.11202e-01,6.18840e+00,-7.27211e-03,
2.56623e+04,1.06575e+08,5.90200e-01,2.81353e+00,7.68528e-03,
4.83731e+04,1.06623e+08,7.72170e-01,1.03739e+00,6.78477e-04,
2.12736e+04,1.06645e+08,6.29103e-01,4.54261e+00,-6.48302e-03,
4.60889e+04,1.06691e+08,5.78801e-01,4.44041e+00,-2.40369e-03,
1.06966e+04,1.06702e+08,5.63794e-01,3.00106e+00,8.89016e-03,
1.02727e+04,1.06712e+08,6.16050e-01,4.39889e+00,-9.11145e-03,
2.05428e+04,1.06732e+08,9.52328e-01,6.19830e+00,3.63560e-04,
1.14017e+04,1.06744e+08,4.21798e-01,1.11074e-01,-7.76808e-03,
1.55328e+04,1.06759e+08,6.15155e-01,7.91319e-01,3.38158e-03,
2.31037e+04,1.06782e+08,7.72549e-01,2.99201e+00,-7.86334e-04,
1.22338e+04,1.06795e+08,4.72611e-01,4.65896e+00,-8.75644e-03,
2.24038e+04,1.06817e+08,5.19415e-01,5.79188e-03,-1.41867e-03,
3.80926e+04,1.06855e+08,1.35660e+00,1.80501e+00,1.65979e-03,
1.28926e+04,1.06868e+08,3.18410e-01,4.90514e+00,2.78150e-03,
2.30958e+05,1.07099e+08,2.54761e-01,1.14576e+00,4.87593e-03,
1.77533e+04,1.07117e+08,1.47095e+00,1.84977e+00,3.88842e-03,
9.49620e+04,1.07212e+08,6.01027e-01,4.72458e+00,1.15133e-03,
1.17424e+04,1.07223e+08,9.86959e-01,4.21602e+00,-1.32742e-03,
4.74255e+04,1.07271e+08,2.49102e-01,3.24658e+00,-1.88169e-03,
8.65024e+04,1.07357e+08,1.99662e-01,2.66218e+00,2.91624e-03,
1.26794e+04,1.07370e+08,6.60394e-01,3.67071e-01,-5.80830e-04,
1.56099e+04,1.07386e+08,4.20947e-01,5.21086e+00,-3.35483e-03,
3.04520e+04,1.07416e+08,6.62827e-01,5.10441e+00,8.31195e-03,
3.37593e+04,1.07450e+08,4.31188e-01,2.41550e+00,-7.72755e-03,
1.63364e+04,1.07466e+08,5.87654e-01,5.97552e+00,-4.35814e-03,
1.52208e+04,1.07481e+08,2.21981e-01,4.55519e+00,-1.91931e-03,
4.13014e+04,1.07523e+08,6.61596e-01,1.81860e+00,-4.38090e-03,
3.22878e+04,1.07555e+08,5.37523e-01,2.44552e+00,-3.70593e-03,
1.13496e+04,1.07566e+08,6.02634e-01,2.74971e+00,9.12776e-03,
4.93276e+04,1.07616e+08,1.82167e+00,5.41354e+00,6.71436e-03,
4.30463e+04,1.07659e+08,6.07851e-01,4.65866e+00,-5.92509e-03,
3.97356e+04,1.07698e+08,4.48152e-01,3.08059e+00,-8.33743e-03,
5.07367e+04,1.07749e+08,8.76204e-01,2.31769e+00,6.41293e-04,
1.16465e+04,1.07761e+08,8.12651e-01,4.42932e+00,-8.25046e-03,
1.37310e+04,1.07775e+08,6.67583e-02,4.74457e+00,8.65867e-03,
1.56333e+04,1.07790e+08,3.95322e-01,5.18642e+00,6.67332e-03,
2.78776e+04,1.07818e+08,4.15338e-01,4.14969e+00,2.74045e-03,
2.93098e+04,1.07847e+08,3.54782e-01,1.69089e+00,-5.08799e-03,
1.90317e+04,1.07866e+08,9.19080e-01,4.25473e+00,-9.71171e-03,
1.37249e+04,1.07880e+08,8.89976e-01,3.51014e+00,3.12727e-03,
2.81826e+04,1.07908e+08,7.91272e-02,4.13892e+00,5.61264e-03,
1.33585e+04,1.07922e+08,6.15192e-01,3.84357e+00,-5.76358e-03,
1.63974e+04,1.07938e+08,2.79517e-01,5.47118e+00,-4.97816e-03,
9.83948e+04,1.08036e+08,7.72866e-02,6.76425e-01,-8.86870e-03,
1.64885e+04,1.08053e+08,2.47128e-01,5.56433e-01,2.05923e-03,
2.59585e+04,1.08079e+08,3.70281e-01,5.96476e+00,-7.98016e-03,
1.47312e+04,1.08094e+08,9.11134e-01,5.35569e+00,-2.85771e-04,
2.18225e+04,1.08115e+08,3.71902e-01,4.37972e+00,-4.16394e-03,
1.58232e+04,1.08131e+08,5.10514e-01,6.06631e+00,4.82999e-03,
1.23966e+04,1.08144e+08,1.07861e+00,1.51412e-01,4.92307e-03,
1.98465e+04,1.08164e+08,1.27414e+00,4.09758e+00,2.19229e-03,
1.85799e+04,1.08182e+08,6.38801e-01,2.32222e-01,-2.34579e-03,
1.31064e+04,1.08195e+08,2.31476e-01,3.29958e+00,-7.62345e-03,
2.11633e+04,1.08216e+08,3.24186e-01,4.52399e+00,-6.61102e-03,
4.84221e+04,1.08265e+08,4.99485e-01,2.74160e+00,4.09441e-03,
1.44836e+04,1.08279e+08,2.49075e-01,8.58122e-01,3.91362e-03,
2.69567e+04,1.08306e+08,4.22799e-01,2.35295e+00,4.48032e-03,
2.19731e+04,1.08328e+08,6.26630e-01,5.06322e+00,7.64277e-03,
1.29046e+05,1.08457e+08,1.96039e+00,5.74295e-01,-6.05057e-03,
1.00105e+04,1.08467e+08,9.61046e-01,4.46724e+00,6.40867e-03,
2.00656e+04,1.08487e+08,6.23402e-01,2.56810e+00,2.43204e-03,
1.19731e+04,1.08499e+08,1.02457e+00,4.93072e+00,4.94834e-03,
3.16386e+05,1.08816e+08,1.55407e-01,6.03418e+00,7.35006e-03,
5.40475e+04,1.08870e+08,8.92868e-01,5.82714e+00,-9.88054e-03,
3.48161e+04,1.08905e+08,1.67389e-01,1.12186e+00,5.93568e-03,
1.00135e+04,1.08915e+08,5.36180e-01,2.50444e+00,5.34465e-03,
1.29139e+04,1.08927e+08,6.88020e-01,4.35369e+00,-7.76048e-03,
1.69105e+04,1.08944e+08,4.02391e-01,6.03530e+00,-4.17521e-03,
1.62891e+04,1.08961e+08,4.59888e-01,6.23005e+00,-7.35711e-03,
5.24887e+05,1.09486e+08,1.58117e+00,2.70805e+00,-2.14656e-03,
1.14111e+06,1.10627e+08,1.95432e-01,4.70063e+00,7.37735e-03,
1.87890e+04,1.10645e+08,5.09705e-01,5.67472e+00,6.58774e-03,
5.38492e+04,1.10699e+08,1.22473e+00,5.05690e+00,5.60981e-03,
6.93589e+04,1.10769e+08,2.12776e-01,3.15387e+00,5.98951e-03,
1.57238e+04,1.10784e+08,2.25914e-01,8.60628e-01,7.70459e-03,
2.09697e+04,1.10805e+08,1.10058e+00,4.22593e+00,-7.01452e-03,
1.22477e+05,1.10928e+08,3.53129e-01,5.11312e+00,7.23540e-03,
1.08138e+05,1.11036e+08,3.84259e-01,3.87174e+00,9.79777e-03,
1.04516e+04,1.11046e+08,5.50536e-01,1.57231e+00,-4.26031e-03,
1.88762e+04,1.11065e+08,4.65891e-01,3.00800e+00,-4.82496e-03,
1.26468e+04,1.11078e+08,9.59667e-01,4.83243e+00,-6.94319e-03,
3.65549e+04,1.11115e+08,5.16884e-01,4.94262e+00,2.44211e-03,
1.24601e+04,1.11127e+08,5.10998e-01,4.55586e+00,1.83906e-03,
2.36002e+04,1.11151e+08,4.08391e-01,3.08518e+00,-2.39709e-03,
1.96088e+04,1.11170e+08,5.87226e-01,5.57909e+00,7.27547e-03,
5.58814e+04,1.11226e+08,2.62734e-01,6.13427e+00,5.66167e-03,
2.05697e+04,1.11247e+08,3.95675e-01,1.21346e+00,-4.72355e-04,
2.25921e+04,1.11269e+08,3.73524e-01,4.86178e+00,5.18083e-03,
1.04543e+04,1.11280e+08,6.66971e-01,2.31070e+00,-3.65883e-03,
1.87859e+04,1.11298e+08,7.26774e-01,2.28096e+00,7.51960e-03,
6.70769e+04,1.11366e+08,4.47715e-01,2.22237e+00,4.40580e-03,
1.18986e+04,1.11377e+08,1.02552e-01,3.26992e+00,9.22604e-04,
2.40104e+04,1.11401e+08,6.47191e-01,5.54817e+00,-8.82409e-03,
5.37902e+04,1.11455e+08,1.00909e+00,3.59158e+00,5.91386e-03,
1.00203e+04,1.11465e+08,1.29136e+00,1.92262e+00,-7.29147e-03,
1.80538e+04,1.11483e+08,9.31947e-01,6.12216e+00,4.02026e-03,
1.09793e+04,1.11494e+08,4.42902e-01,5.75420e+00,-9.65109e-03,
6.59852e+04,1.11560e+08,1.35259e+00,4.62844e+00,-5.65681e-03,
7.04794e+04,1.11631e+08,1.07147e+00,5.53774e+00,-8.82543e-03,
9.92992e+04,1.11730e+08,3.09311e-01,2.48633e+00,-3.44663e-03,
6.75792e+04,1.11798e+08,4.93625e-01,2.59556e+00,7.93465e-03,
1.65300e+04,1.11814e+08,6.20663e-01,6.09331e+00,7.90311e-03,
6.05955e+04,1.11875e+08,4.24437e-01,5.20888e+00,-7.31111e-03,
1.06914e+04,1.11885e+08,2.68445e+00,8.84262e-01,-2.75367e-03,
4.05066e+04,1.11926e+08,4.56130e-01,4.30129e+00,6.73889e-03,
1.08094e+04,1.11937e+08,1.40122e-01,2.41010e+00,-9.08236e-03,
1.22581e+04,1.11949e+08,5.04021e-01,5.26922e+00,7.39024e-03,
2.65166e+04,1.11976e+08,3.95074e-01,3.36057e+00,-7.33222e-03,
2.59456e+04,1.12001e+08,2.38190e+00,3.63918e+00,-7.51745e-03,
2.59222e+04,1.12027e+08,2.87247e-01,3.61752e+00,9.45806e-03,
1.74791e+04,1.12045e+08,2.54471e-01,3.43405e+00,-2.07563e-03,
2.08627e+04,1.12066e+08,2.96093e-01,3.97945e+00,5.57685e-03,
1.31304e+04,1.12079e+08,1.18489e+00,1.04247e+00,-2.85161e-03,
8.54354e+04,1.12164e+08,5.75083e-01,4.62777e+00,-7.59067e-03,
2.09009e+04,1.12185e+08,5.18242e-01,4.95689e+00,5.76720e-03,
4.15963e+05,1.12601e+08,4.78981e-01,9.23199e-01,3.63225e-03,
2.18901e+04,1.12623e+08,9.08594e-01,2.81785e+00,-7.94668e-03,
1.20338e+05,1.12743e+08,1.09887e+00,4.73539e+00,8.62711e-03,
1.34117e+04,1.12757e+08,5.47861e-01,4.14089e+00,-4.58500e-03,
1.40261e+04,1.12771e+08,7.26386e-01,5.71057e+00,3.52701e-03,
3.59354e+04,1.12807e+08,3.02599e-01,3.83461e-02,-8.61902e-03,
5.95338e+04,1.12866e+08,2.95812e-01,5.62682e+00,-5.07804e-03,
1.00031e+04,1.12876e+08,9.04140e-01,2.63281e+00,2.16915e-04,
1.16729e+04,1.12888e+08,3.30340e-01,1.01320e+00,8.79525e-03,
1.32602e+04,1.12901e+08,8.12128e-01,3.11496e+00,-8.79319e-03,
1.18330e+04,1.12913e+08,5.46223e-01,6.10981e+00,-1.30824e-03,
3.47273e+04,1.12948e+08,1.58075e-02,6.08729e+00,5.93575e-03,
6.05243e+04,1.13008e+08,4.98499e-01,4.89907e+00,-9.21684e-03,
1.86806e+04,1.13027e+08,5.99477e-01,1.85314e+00,-9.73160e-04,
2.05528e+04,1.13048e+08,1.35505e+00,9.48254e-01,4.00289e-03,
2.03501e+04,1.13068e+08,1.51935e-01,1.28424e-01,8.01723e-03,
6.34831e+04,1.13131e+08,2.74782e-01,4.79326e+00,-6.56151e-05,
1.48141e+04,1.13146e+08,3.58711e-01,3.60419e-01,-9.13365e-03,
1.49328e+04,1.13161e+08,5.83479e-01,1.70584e+00,4.98182e-03,
1.34990e+04,1.13175e+08,8.76816e-01,1.26740e-02,-7.51106e-04,
1.43150e+04,1.13189e+08,5.03754e-01,2.80829e+00,-3.97807e-03,
1.05731e+06,1.14246e+08,9.61402e-01,4.46283e+00,-1.64740e-03,
3.72938e+04,1.14284e+08,1.05691e+00,3.46682e+00,2.46065e-03,
6.29965e+04,1.14347e+08,4.91809e-01,6.12101e+00,-6.37264e-04,
2.68404e+04,1.14373e+08,5.86922e-02,1.77727e+00,-9.59265e-03,
1.44825e+04,1.14388e+08,1.95849e-01,2.91554e+00,5.84451e-03,
7.61566e+04,1.14464e+08,1.15998e+00,5.32122e-01,1.75147e-03,
1.36274e+04,1.14478e+08,2.86711e-01,4.09188e+00,9.21068e-03,
1.31249e+04,1.14491e+08,1.61163e-01,4.87269e-03,-2.86701e-03,
3.34222e+04,1.14524e+08,2.37191e-01,3.31962e+00,-4.52071e-03,
1.09496e+05,1.14634e+08,7.78517e-01,3.28775e+00,1.88630e-03,
1.34325e+04,1.14647e+08,1.85364e-01,1.70454e+00,-9.04941e-03,
2.13010e+04,1.14668e+08,1.65710e+00,1.62500e+00,-8.52024e-03,
6.34867e+04,1.14732e+08,3.42286e-01,4.92334e+00,-9.81495e-03,
1.12159e+04,1.14743e+08,2.31519e-01,4.95715e+00,-8.06510e-03,
1.31398e+04,1.14756e+08,4.59941e-01,3.41582e+00,-6.67568e-03,
1.09431e+04,1.14767e+08,3.29280e-01,6.19579e+00,-1.20653e-03,
1.11595e+04,1.14778e+08,3.60071e-01,3.70685e+00,3.45386e-03,
7.17974e+04,1.14850e+08,8.15054e-01,3.14069e+00,-6.99386e-03,
1.97341e+04,1.14870e+08,1.44816e-01,3.66709e-01,-2.86009e-04,
2.54318e+05,1.15124e+08,9.95950e-01,1.35256e+00,-4.16738e-03,
1.10328e+04,1.15135e+08,4.87496e-01,3.12482e+00,-8.43265e-03,
2.03127e+04,1.15156e+08,6.99159e-01,1.77590e+00,-9.78654e-03,
1.15594e+04,1.15167e+08,9.09642e-01,9.24423e-01,7.61865e-03,
3.97363e+04,1.15207e+08,1.29251e+00,2.15273e+00,-2.02429e-03,
2.28030e+04,1.15230e+08,7.86758e-01,9.52988e-02,4.02948e-03,
4.02244e+04,1.15270e+08,2.65947e-01,7.78563e-01,-9.36495e-03,
1.10706e+04,1.15281e+08,2.21732e-01,2.25044e+00,4.09954e-04,
1.42246e+05,1.15423e+08,4.00597e-01,5.62317e+00,-1.63991e-03,
2.43606e+04,1.15448e+08,1.06695e+00,1.14364e+00,-8.99201e-03,
6.64827e+04,1.15514e+08,1.73763e-01,1.44867e+00,3.15048e-04,
6.98629e+04,1.15584e+08,2.26719e-01,2.78895e+00,-2.75792e-03,
1.52660e+04,1.15599e+08,8.55459e-01,1.51177e+00,-8.82868e-03,
1.10980e+04,1.15610e+08,7.92252e-01,7.09452e-01,1.22877e-03,
9.74508e+04,1.15708e+08,6.21109e-01,3.12811e+00,2.76377e-03,
2.78290e+04,1.15736e+08,1.05346e+00,5.64072e+00,9.17953e-03,
2.91923e+04,1.15765e+08,2.35984e-01,5.95418e-01,7.09625e-03,
1.45148e+04,1.15779e+08,2.18598e+00,3.59512e+00,2.37208e-03,
1.52151e+04,1.15795e+08,5.06559e-01,1.91806e+00,1.11705e-03,
5.99128e+04,1.15854e+08,9.86226e-01,3.79215e+00,-5.11190e-03,
1.44748e+04,1.15869e+08,1.05215e+00,7.84185e-01,6.60410e-03,
1.02842e+04,1.15879e+08,1.13040e-01,1.33084e+00,-1.62183e-03,
7.24149e+04,1.15952e+08,9.26010e-01,4.69274e+00,8.55920e-03,
1.13447e+04,1.15963e+08,4.98562e-01,8.79973e-02,-3.52092e-03,
1.14358e+04,1.15974e+08,5.37222e-01,5.32628e+00,-2.26144e-03,
1.86518e+04,1.15993e+08,1.98003e-01,1.65643e+00,-9.55174e-03,
7.62773e+04,1.16069e+08,5.50603e-01,1.81962e+00,9.19480e-03,
5.40850e+04,1.16123e+08,2.94050e-01,3.69753e+00,2.67362e-03,
1.28416e+05,1.16252e+08,1.08772e+00,1.14967e+00,7.16143e-03,
6.17615e+04,1.16314e+08,3.46149e-01,5.09238e+00,-7.51569e-03,
2.00445e+04,1.16334e+08,5.36908e-01,6.01725e-01,-8.22022e-03,
6.95508e+04,1.16403e+08,4.71545e-01,2.56007e+00,8.17697e-03,
3.04750e+04,1.16434e+08,5.06014e-01,5.18312e+00,5.42058e-03,
2.22553e+04,1.16456e+08,2.21689e-01,4.17639e+00,9.67447e-03,
2.12844e+04,1.16477e+08,8.81138e-01,2.89686e+00,-7.06568e-03,
2.59457e+05,1.16737e+08,6.13948e-01,2.85050e+00,2.22207e-04,
3.99421e+05,1.17136e+08,7.36783e-01,3.61555e+00,9.28655e-03,
2.16025e+04,1.17158e+08,2.00276e+00,2.09013e+00,-4.81505e-03,
1.63433e+05,1.17321e+08,5.22863e-01,4.23660e+00,9.60774e-03,
1.72685e+04,1.17338e+08,6.29317e-01,1.14154e+00,3.22961e-03,
1.16566e+04,1.17350e+08,6.33167e-02,3.86872e+00,6.17013e-03,
1.26070e+04,1.17363e+08,8.35862e-01,5.23202e-01,1.80288e-03,
4.66934e+04,1.17409e+08,8.32024e-02,1.25065e+00,-4.58517e-03,
3.42532e+04,1.17444e+08,1.98375e-01,5.63761e+00,3.48050e-03,
2.27817e+04,1.17466e+08,2.48000e-01,4.03832e-01,-1.09777e-03,
2.43858e+04,1.17491e+08,4.93525e-01,4.92285e+00,-1.46120e-03,
1.41556e+04,1.17505e+08,6.30513e-01,2.40087e+00,7.74430e-03,
2.36991e+05,1.17742e+08,9.38753e-01,1.33905e+00,-6.52470e-03,
1.16012e+04,1.17753e+08,3.09277e-01,5.45227e+00,-2.52362e-03,
2.55087e+04,1.17779e+08,7.77632e-01,6.01849e-01,-8.34016e-03,
1.40482e+04,1.17793e+08,5.88085e-02,7.82227e-01,-9.73603e-03,
4.45648e+04,1.17838e+08,2.40771e-01,4.63790e+00,-6.20041e-04,
4.32571e+04,1.17881e+08,3.45306e-01,3.74478e+00,-3.40923e-03,
1.19105e+04,1.17893e+08,7.04854e-01,3.44371e+00,-7.26355e-03,
5.64695e+04,1.17949e+08,4.18725e-01,3.64430e+00,8.83045e-03,
4.82411e+04,1.17997e+08,3.20847e-01,4.77944e+00,5.14857e-05,
1.63246e+05,1.18161e+08,8.09645e-01,2.73131e+00,3.44096e-03,
1.13142e+04,1.18172e+08,8.24499e-01,4.40053e+00,-1.67697e-03,
6.66426e+04,1.18239e+08,5.92909e-01,4.50465e+00,3.36821e-03,
7.64968e+04,1.18315e+08,2.38787e-01,4.17647e+00,3.11925e-03,
1.27597e+05,1.18443e+08,3.17410e-01,1.33341e+00,-4.27186e-03,
1.40172e+04,1.18457e+08,1.56461e+00,4.71135e+00,-3.27873e-03,
4.07188e+04,1.18498e+08,5.90983e-01,2.55993e+00,8.35477e-03,
1.13253e+04,1.18509e+08,1.10410e+00,6.20942e+00,-1.93513e-03,
1.03757e+04,1.18519e+08,1.02138e+00,5.16346e-01,-8.61289e-03,
2.10039e+04,1.18540e+08,1.03343e+00,1.60075e-01,5.20434e-03,
3.07888e+04,1.18571e+08,1.20576e+00,6.04801e+00,1.00560e-03,
3.22339e+04,1.18603e+08,7.04991e-01,8.60904e-02,-1.11923e-03,
5.16525e+05,1.19120e+08,1.31086e+00,5.56878e+00,2.92879e-03,
1.12533e+04,1.19131e+08,3.79467e-01,5.27674e+00,1.84970e-03,
2.72670e+04,1.19158e+08,7.00464e-01,3.72553e+00,8.68206e-06,
1.51695e+04,1.19173e+08,3.80352e-01,1.61062e-01,1.24184e-03,
2.03932e+04,1.19194e+08,4.44650e-01,5.79322e+00,-7.64580e-03,
5.40560e+04,1.19248e+08,1.47486e-01,2.89213e+00,1.34147e-03,
7.90522e+04,1.19327e+08,8.86931e-01,4.57465e+00,9.54091e-03,
1.09401e+04,1.19338e+08,2.46981e+00,4.86474e+00,6.31428e-03,
9.72634e+04,1.19435e+08,2.09892e-01,5.15606e+00,8.33190e-03,
1.06417e+04,1.19446e+08,6.00045e-01,2.57617e+00,-2.58305e-03,
3.75005e+04,1.19483e+08,1.96056e+00,3.18576e+00,-2.58992e-03,
5.58454e+04,1.19539e+08,5.56991e-01,2.78945e+00,1.06384e-03,
2.19151e+05,1.19758e+08,2.71674e-01,5.47719e+00,6.43566e-03,
6.44769e+04,1.19823e+08,1.29929e-01,3.30735e+00,-3.25307e-03,
1.94935e+05,1.20018e+08,4.97095e-01,2.76060e+00,-2.11916e-04,
2.36909e+04,1.20041e+08,5.09388e-01,3.98293e+00,8.33843e-03,
1.00178e+04,1.20051e+08,5.40840e-01,1.82260e+00,-9.87287e-03,
6.14349e+04,1.20113e+08,4.35041e-01,8.77218e-01,4.42690e-03,
2.20823e+04,1.20135e+08,7.65998e-01,9.87605e-02,1.93129e-03,
1.97418e+04,1.20155e+08,1.05261e+00,4.38319e+00,-4.29053e-03,
2.27803e+04,1.20177e+08,8.39536e-01,5.29013e+00,-1.28874e-03,
1.42476e+05,1.20320e+08,5.85998e-01,2.31058e+00,-9.17578e-03,
1.28224e+04,1.20333e+08,1.87370e+00,3.97243e+00,-4.15213e-03,
1.61135e+04,1.20349e+08,7.11084e-01,2.31380e-01,-7.66186e-03,
1.03200e+04,1.20359e+08,1.96469e+00,6.18337e+00,1.15832e-03,
5.39195e+04,1.20413e+08,3.86203e-01,3.44381e+00,-1.14917e-03,
1.42172e+05,1.20555e+08,9.81359e-01,1.84891e+00,1.56641e-03,
1.20349e+04,1.20567e+08,2.23261e-01,4.93555e+00,1.67803e-03,
1.07287e+04,1.20578e+08,5.51806e-01,3.46870e+00,5.63305e-03,
1.95390e+04,1.20598e+08,5.26335e-01,4.50150e+00,9.18171e-03,
2.44650e+04,1.20622e+08,3.46093e-01,5.20501e+00,-8.60929e-04,
5.50903e+04,1.20677e+08,8.91208e-01,3.26641e+00,-8.78097e-03,
2.23048e+04,1.20699e+08,1.47407e-01,6.26758e+00,-9.46019e-03,
1.06017e+04,1.20710e+08,5.13853e-01,5.87497e+00,-1.97886e-03,
2.31929e+04,1.20733e+08,1.25614e+00,2.07440e+00,9.19746e-03,
1.59334e+04,1.20749e+08,1.13514e+00,6.22934e+00,-9.41426e-03,
1.45489e+04,1.20764e+08,1.13776e-01,1.80310e+00,2.98345e-03,
8.27926e+04,1.20847e+08,1.42879e+00,3.04716e+00,1.84919e-04,
1.10437e+04,1.20858e+08,3.73652e-01,1.12093e+00,-8.36459e-03,
2.11179e+04,1.20879e+08,1.27526e-01,3.14016e+00,3.69506e-04,
1.38989e+04,1.20893e+08,1.01229e+00,2.21555e+00,-4.80211e-03,
2.06489e+04,1.20913e+08,5.20554e-01,3.86597e+00,-8.44131e-03,
5.44775e+05,1.21458e+08,1.58221e+00,4.39326e+00,-1.13322e-03,
6.54446e+04,1.21523e+08,3.27351e-01,5.31586e+00,7.01817e-03,
1.68570e+05,1.21692e+08,7.84406e-01,4.16044e+00,8.64313e-03,
1.08599e+04,1.21703e+08,7.82482e-01,3.48872e+00,8.00751e-04,
3.07691e+04,1.21734e+08,8.52441e-02,5.68435e+00,4.63561e-03,
1.83750e+04,1.21752e+08,3.85619e-01,1.05728e+00,3.92557e-03,
1.03063e+04,1.21762e+08,9.75009e-01,2.62869e+00,-6.42439e-03,
7.27109e+04,1.21835e+08,7.66563e-01,2.61525e+00,4.74262e-03,
5.36491e+04,1.21889e+08,2.00342e-01,7.11323e-01,-8.87906e-03,
1.60463e+04,1.21905e+08,1.90716e-01,6.16484e+00,5.66599e-03,
3.26688e+04,1.21937e+08,4.46227e-01,3.65949e+00,2.99130e-03,
6.94561e+04,1.22007e+08,2.99525e-01,3.03381e+00,6.23745e-03,
2.43293e+04,1.22031e+08,1.97098e-01,2.91359e+00,-2.83512e-03,
3.11461e+04,1.22062e+08,1.10161e-01,5.14828e+00,-5.88349e-03,
1.75056e+04,1.22080e+08,2.71023e-01,3.86839e+00,1.77895e-03,
2.14166e+04,1.22101e+08,1.11675e+00,7.10225e-01,-2.17890e-03,
1.08529e+04,1.22112e+08,1.44427e-01,5.91957e+00,9.09330e-03,
1.48445e+04,1.22127e+08,1.43795e+00,6.05890e+00,-1.12170e-03,
1.44057e+04,1.22141e+08,1.16262e+00,4.85777e+00,-2.60284e-03,
1.03585e+04,1.22152e+08,2.85425e-01,3.57789e+00,-4.30807e-03,
1.07970e+04,1.22163e+08,9.37807e-01,2.67976e+00,-3.48804e-03,
1.52507e+04,1.22178e+08,4.41597e-01,1.71601e+00,4.73448e-03,
3.41036e+04,1.22212e+08,9.90239e-01,1.84186e+00,-5.41690e-03,
3.93592e+05,1.22605e+08,2.84852e-01,3.92648e+00,9.75882e-03,
2.78392e+04,1.22633e+08,3.74003e-01,4.87908e-01,3.38928e-03,
3.51320e+04,1.22668e+08,1.74952e+00,4.04467e+00,-1.99447e-03,
1.97606e+04,1.22688e+08,1.54882e+00,4.47889e-01,1.47622e-03,
2.19966e+04,1.22710e+08,6.69240e-01,6.86052e-01,2.61321e-03,
2.06137e+04,1.22731e+08,1.47931e-01,4.16176e+00,-6.04799e-03,
2.22327e+04,1.22753e+08,5.67032e-01,1.42250e+00,-9.58354e-03,
6.97298e+04,1.22823e+08,4.29300e-01,4.37269e+00,-6.78053e-03,
1.50472e+04,1.22838e+08,1.84631e-01,2.02081e+00,-9.93863e-03,
2.75095e+04,1.22865e+08,4.59334e-01,2.43889e+00,6.12036e-03,
2.23487e+04,1.22888e+08,2.16778e-01,1.10125e-01,2.08517e-03,
1.98981e+04,1.22908e+08,7.23764e-01,6.04656e+00,9.91814e-04,
3.74205e+04,1.22945e+08,8.11736e-01,1.87629e+00,-3.21417e-03,
1.70480e+04,1.22962e+08,3.90605e-01,1.04363e+00,9.67263e-03,
4.00114e+04,1.23002e+08,2.53407e-01,4.52151e+00,9.32022e-03,
1.34979e+04,1.23016e+08,1.10352e-01,8.25951e-01,-7.48855e-04,
1.62695e+05,1.23178e+08,1.20296e+00,5.64962e+00,8.18870e-03,
1.52427e+04,1.23193e+08,1.23275e+00,4.14496e+00,2.17001e-04,
1.26013e+05,1.23319e+08,7.72770e-01,6.81206e-01,-2.37766e-03,
1.22073e+05,1.23442e+08,2.76179e-01,6.26937e+00,1.27804e-03,
5.83174e+04,1.23500e+08,8.20455e-01,1.69997e+00,9.02049e-04,
1.88663e+04,1.23519e+08,6.20943e-01,3.45542e+00,9.35044e-03,
8.56462e+04,1.23604e+08,6.99311e-01,3.09619e+00,-3.57009e-03,
1.49898e+06,1.25103e+08,3.18318e-01,1.57231e+00,-2.15763e-03,
2.52308e+04,1.25129e+08,7.26509e-01,1.29733e+00,4.48908e-03,
1.18722e+04,1.25140e+08,1.72834e+00,1.02807e+00,-3.56408e-03,
3.22472e+04,1.25173e+08,1.75831e-01,6.17842e+00,7.79363e-03,
2.19402e+04,1.25195e+08,1.84445e-01,4.67064e+00,1.54525e-03,
1.22510e+04,1.25207e+08,3.96238e-01,4.12789e+00,-9.05759e-03,
2.05537e+04,1.25227e+08,9.10584e-01,1.74733e+00,-5.00945e-03,
1.78411e+04,1.25245e+08,1.48096e+00,2.06085e+00,-7.26845e-03,
1.93526e+04,1.25265e+08,7.06783e-01,4.20382e+00,-4.55461e-03,
7.19720e+04,1.25337e+08,3.01333e-01,5.85211e-01,8.85878e-03,
4.22795e+04,1.25379e+08,5.56270e-01,1.38865e+00,-9.62369e-03,
7.46490e+04,1.25454e+08,4.56110e-01,5.53957e+00,-7.15494e-03,
2.39508e+05,1.25693e+08,9.39628e-01,2.89867e+00,6.92280e-03,
1.19982e+04,1.25705e+08,9.74996e-01,5.53471e-01,-7.68788e-03,
6.17562e+04,1.25767e+08,5.24005e-01,3.94502e+00,-1.40768e-04,
2.78264e+04,1.25795e+08,6.74810e-01,3.39059e+00,2.60115e-03,
1.11487e+04,1.25806e+08,2.31550e-01,2.89238e+00,4.79007e-03,
4.55704e+04,1.25851e+08,8.85396e-01,8.97100e-01,-6.32682e-03,
1.42457e+04,1.25866e+08,6.63862e-01,5.01868e+00,-1.14426e-04,
1.76643e+04,1.25883e+08,2.27601e-01,5.54149e+00,5.98120e-03,
2.30581e+05,1.26114e+08,5.60283e-01,1.25450e+00,1.87352e-03,
3.38479e+04,1.26148e+08,1.03655e+00,3.12255e+00,9.57914e-03,
1.62202e+05,1.26310e+08,6.55106e-02,2.57283e+00,8.83033e-03,
1.06089e+04,1.26321e+08,5.71459e-01,3.89782e+00,-8.33753e-03,
1.11991e+04,1.26332e+08,6.85883e-01,2.39163e+00,1.04720e-03,
1.27126e+04,1.26344e+08,9.37806e-02,5.06137e+00,-1.91824e-03,
5.73303e+04,1.26402e+08,6.52230e-01,6.18819e+00,9.12907e-03,
2.78459e+04,1.26430e+08,1.05617e-01,4.20270e+00,-5.48588e-03,
1.63482e+04,1.26446e+08,1.20496e-01,1.94204e+00,6.10606e-04,
1.70219e+04,1.26463e+08,3.77459e-01,1.89362e+00,-7.27112e-03,
2.94304e+04,1.26492e+08,6.93383e-01,3.10783e+00,-6.98714e-03,
1.07316e+04,1.26503e+08,7.22241e-01,3.91827e+00,-9.10045e-03,
1.01999e+04,1.26513e+08,2.31866e+00,1.11092e+00,8.06865e-03,
2.64302e+04,1.26540e+08,6.86347e-01,1.55267e+00,5.71421e-03,
1.77544e+04,1.26558e+08,5.74968e-01,5.20752e+00,3.85224e-03,
1.38466e+04,1.26571e+08,1.80815e-01,3.86488e+00,-6.68217e-03,
1.69713e+04,1.26588e+08,1.14246e+00,5.57763e-01,-2.76792e-04,
3.79501e+04,1.26626e+08,2.76431e-02,1.35712e+00,9.64414e-04,
1.02723e+04,1.26637e+08,4.78022e-01,7.76154e-01,-5.97680e-03,
3.04479e+04,1.26667e+08,3.99148e-01,2.88442e+00,-3.67562e-03,
1.41510e+05,1.26809e+08,2.85751e-01,3.62738e+00,3.85007e-03,
1.27878e+04,1.26821e+08,4.30808e-01,1.58418e+00,4.87745e-04,
1.74368e+04,1.26839e+08,5.96969e-01,2.19934e+00,-4.18033e-03,
1.25720e+04,1.26851e+08,5.10687e-01,1.31526e-01,-4.68028e-03,
1.30570e+04,1.26864e+08,7.67734e-01,3.50828e+00,5.88005e-03,
1.27970e+04,1.26877e+08,1.40448e+00,6.12725e+00,-6.08284e-04,
2.73524e+04,1.26905e+08,9.51961e-01,3.68920e+00,2.68845e-03,
3.01619e+04,1.26935e+08,8.73033e-02,2.21935e+00,-1.83553e-03,
2.23667e+04,1.26957e+08,8.51241e-01,2.25417e+00,-7.14917e-03,
3.90708e+04,1.26996e+08,2.87897e-01,3.35772e+00,-6.36267e-03,
1.03221e+04,1.27006e+08,5.71653e-01,1.69003e-01,1.62386e-03,
3.54880e+04,1.27042e+08,7.06655e-02,4.13704e+00,-6.25104e-04,
1.05298e+04,1.27052e+08,8.76455e-01,4.77351e+00,-8.98572e-03,
2.62112e+04,1.27079e+08,1.88368e-01,4.28144e-01,-9.10116e-03,
1.86056e+04,1.27097e+08,5.85844e-01,2.15273e+00,-9.61898e-03,
7.23669e+04,1.27170e+08,3.16371e-01,3.96089e+00,-2.10020e-03,
1.94043e+04,1.27189e+08,1.16476e+00,4.67616e+00,3.90461e-05,
1.00941e+04,1.27199e+08,4.78944e-01,5.14934e+00,5.03441e-03,
1.06199e+04,1.27210e+08,6.59111e-01,2.25000e+00,4.38665e-03,
1.24384e+04,1.27222e+08,2.70606e-01,5.95140e+00,3.62353e-03,
2.05184e+04,1.27243e+08,5.88016e-01,9.25642e-01,-8.20804e-03,
2.36998e+04,1.27266e+08,4.00675e-01,8.00848e-01,4.92088e-03,
1.33715e+04,1.27280e+08,1.13835e+00,6.02868e+00,-5.90363e-03,
1.29347e+04,1.27293e+08,4.06407e-01,1.52715e+00,5.61941e-03,
1.86171e+04,1.27311e+08,7.93279e-01,5.50797e+00,-9.89873e-03,
4.14559e+04,1.27353e+08,8.52676e-01,2.89835e+00,-7.92783e-03,
1.24727e+04,1.27365e+08,1.33590e-01,5.71420e+00,-9.34023e-03,
1.16211e+04,1.27377e+08,1.31907e+00,1.24809e+00,-3.28901e-03,
2.60475e+04,1.27403e+08,1.53596e-01,1.95325e-02,-6.06985e-03,
1.89832e+04,1.27422e+08,3.77997e-01,1.59253e+00,8.90736e-03,
1.13425e+04,1.27433e+08,4.66809e-01,8.46989e-01,-1.77187e-03,
2.16135e+04,1.27455e+08,5.63029e-01,3.97201e-01,-1.05246e-03,
1.51222e+04,1.27470e+08,3.66662e-01,5.82615e+00,-8.44894e-03,
3.15900e+04,1.27502e+08,2.89460e-01,1.32929e+00,3.59655e-03,
2.38666e+04,1.27525e+08,5.54051e-01,4.83726e+00,-7.35097e-03,
1.88095e+04,1.27544e+08,1.22351e+00,5.06169e+00,5.29554e-03,
1.66302e+04,1.27561e+08,3.02229e-01,7.25351e-01,1.17894e-03,
1.99931e+04,1.27581e+08,3.58077e-01,2.93667e+00,3.35781e-03,
4.78112e+04,1.27629e+08,1.33178e-01,4.59909e+00,-5.44982e-03,
8.60122e+04,1.27715e+08,9.05304e-02,4.04846e+00,-5.25445e-03,
2.88895e+04,1.27744e+08,6.63430e-01,2.18372e+00,5.19336e-03,
1.29653e+04,1.27757e+08,1.03835e+00,1.25846e+00,7.27908e-03,
1.52871e+04,1.27772e+08,4.39904e-01,6.21064e+00,-3.22713e-03,
2.21274e+04,1.27794e+08,1.05123e+00,4.78088e+00,5.40212e-03,
1.74159e+04,1.27811e+08,3.75950e-01,4.94561e+00,-4.70528e-03,
1.25130e+04,1.27824e+08,3.36601e-01,4.49686e+00,-1.24001e-04,
1.22086e+04,1.27836e+08,7.63233e-01,2.46799e+00,1.11819e-03,
1.42633e+04,1.27850e+08,1.23895e-01,2.45472e+00,7.32776e-04,
1.22022e+04,1.27863e+08,8.70418e-01,1.76032e+00,4.51483e-03,
7.05747e+04,1.27933e+08,1.96108e-01,5.62723e+00,-4.16788e-03,
1.07752e+04,1.27944e+08,1.42108e-01,3.82417e+00,4.01801e-03,
2.71487e+04,1.27971e+08,7.25787e-01,3.95046e+00,-1.04395e-03,
1.77738e+04,1.27989e+08,4.43897e-01,5.43250e+00,-3.14901e-03,
2.97503e+04,1.28019e+08,8.99392e-01,1.04119e-01,-9.90985e-03,
8.86702e+04,1.28107e+08,8.51193e-01,1.70482e+00,9.51249e-03,
1.95954e+04,1.28127e+08,6.51616e-01,2.14061e-01,2.41645e-03,
1.67139e+04,1.28144e+08,1.99007e-01,5.94699e+00,-6.18619e-03,
1.34947e+04,1.28157e+08,4.08949e-01,2.94394e+00,4.39848e-03,
1.31741e+04,1.28170e+08,1.24019e-01,3.80234e+00,4.88413e-03,
2.49069e+04,1.28195e+08,9.01830e-01,6.27135e+00,-7.98403e-03,
1.69228e+04,1.28212e+08,1.14703e+00,4.17298e+00,2.31844e-03,
5.39109e+04,1.28266e+08,7.27492e-01,3.83894e+00,6.35021e-03,
7.58587e+04,1.28342e+08,1.88640e-01,5.57445e+00,4.59088e-03,
5.29628e+04,1.28395e+08,2.63356e-01,3.08940e+00,-9.46807e-03,
3.57639e+05,1.28752e+08,1.25258e-01,4.44145e+00,7.59803e-04,
2.21183e+04,1.28775e+08,8.29013e-01,5.00217e+00,8.16709e-03,
2.19848e+04,1.28797e+08,7.48807e-01,5.16439e+00,9.64555e-04,
4.28350e+04,1.28839e+08,4.79484e-01,5.61410e+00,-9.67879e-03,
1.39754e+04,1.28853e+08,1.80495e+00,1.17560e+00,-1.85731e-03,
1.27767e+04,1.28866e+08,5.17703e-01,2.00683e+00,-9.99031e-04,
1.67289e+04,1.28883e+08,1.21285e+00,3.14432e+00,-1.27480e-03,
1.37964e+04,1.28897e+08,3.83144e-01,4.77351e+00,-2.79114e-03,
1.89843e+04,1.28916e+08,1.65678e-01,4.88181e+00,-7.68104e-04,
1.01833e+05,1.29017e+08,4.49829e-01,4.89452e+00,7.34438e-03,
2.05620e+04,1.29038e+08,6.84848e-01,4.60064e+00,8.39635e-03,
1.74162e+04,1.29055e+08,4.79294e-01,3.99208e+00,-7.39526e-03,
2.26489e+04,1.29078e+08,4.40174e-02,3.06339e+00,-4.33588e-03,
1.28139e+04,1.29091e+08,1.18628e-01,4.12431e+00,-7.43741e-03,
1.02031e+04,1.29101e+08,7.80058e-01,1.84978e+00,1.64807e-03,
2.88450e+04,1.29130e+08,1.44175e+00,6.98497e-01,-5.73573e-03,
2.38655e+05,1.29369e+08,1.83653e-01,6.27249e+00,2.41798e-04,
4.59915e+04,1.29415e+08,1.59931e-01,3.48384e+00,6.25389e-03,
6.02313e+04,1.29475e+08,1.13438e-01,4.45506e+00,5.71698e-03,
1.01239e+04,1.29485e+08,8.14070e-01,3.72071e-01,-7.25354e-03,
4.00367e+04,1.29525e+08,1.28694e+00,3.63428e+00,-6.73221e-03,
6.38186e+04,1.29589e+08,7.34192e-01,1.51285e+00,-7.87340e-03,
4.17362e+04,1.29631e+08,3.86270e-01,1.02588e+00,-1.59492e-03,
1.48519e+05,1.29779e+08,5.44548e-01,1.21356e-01,-2.20135e-03,
3.03870e+04,1.29809e+08,4.67240e-01,3.17193e-01,3.51855e-03,
2.96978e+04,1.29839e+08,7.06419e-01,1.90021e+00,-3.96255e-03,
3.70578e+04,1.29876e+08,4.92985e-01,1.21221e+00,1.54049e-03,
1.17303e+04,1.29888e+08,5.41686e-01,6.25268e+00,-8.71693e-03,
1.37890e+04,1.29902e+08,9.56870e-01,4.52273e+00,1.70194e-03,
2.72975e+05,1.30175e+08,4.39664e-01,4.47167e+00,-5.03557e-03,
1.15854e+04,1.30186e+08,1.04794e+00,3.52087e+00,-5.47913e-03,
3.00622e+04,1.30216e+08,5.23873e-01,8.99860e-01,3.03626e-03,
1.48793e+04,1.30231e+08,1.13038e+00,5.16213e-01,-2.78446e-03,
9.83496e+04,1.30330e+08,9.76098e-01,3.42394e+00,5.46141e-03,
4.18943e+05,1.30749e+08,4.54421e-01,2.08446e+00,-2.13053e-03,
2.53959e+04,1.30774e+08,1.98786e-01,3.53420e+00,4.82036e-03,
1.17721e+05,1.30892e+08,1.23384e+00,2.78483e+00,8.99284e-03,
1.65170e+04,1.30908e+08,5.23574e-01,3.05717e+00,-6.13647e-03,
1.89969e+04,1.30927e+08,9.66790e-01,3.14791e+00,-6.64684e-03,
1.27060e+04,1.30940e+08,6.68635e-01,4.83037e+00,9.26806e-03,
3.76365e+04,1.30978e+08,5.37213e-01,1.94201e+00,-7.33188e-03,
1.33800e+05,1.31111e+08,6.15656e-01,2.46873e+00,5.02396e-03,
1.09966e+04,1.31122e+08,3.58885e-01,2.08758e+00,-8.64074e-03,
1.03513e+04,1.31133e+08,8.61871e-02,5.74927e-01,2.78945e-03,
1.95022e+04,1.31152e+08,4.40949e-01,2.67896e+00,7.52999e-03,
1.30882e+04,1.31165e+08,2.71644e-01,3.64571e+00,8.41559e-03,
1.20858e+04,1.31177e+08,5.00200e-01,3.58269e+00,3.96016e-03,
2.23018e+04,1.31200e+08,4.44431e-01,1.75208e+00,6.04218e-03,
2.77279e+04,1.31227e+08,5.74104e-01,4.11244e+00,8.53263e-04,
2.84749e+04,1.31256e+08,6.40952e-01,2.09206e+00,-5.02853e-03,
1.67377e+04,1.31273e+08,4.56924e-01,3.99041e+00,8.80019e-03,
9.13070e+05,1.32186e+08,1.43898e-01,1.72160e+00,9.52464e-04,
5.71484e+04,1.32243e+08,2.68929e-01,3.62151e+00,-5.64028e-04,
1.44111e+05,1.32387e+08,9.48387e-01,2.53395e+00,6.08781e-03,
1.09202e+04,1.32398e+08,5.20376e-01,3.33924e+00,7.22710e-03,
9.15286e+04,1.32489e+08,7.34978e-01,5.13329e+00,6.77597e-03,
1.34444e+04,1.32503e+08,5.65482e-01,5.74860e+00,-4.19522e-03,
5.04382e+04,1.32553e+08,1.44672e+00,4.58756e+00,1.49657e-03,
1.04226e+04,1.32564e+08,1.67677e-01,3.43758e+00,7.03711e-03,
1.36687e+04,1.32577e+08,1.11747e+00,3.90674e+00,4.90511e-04,
4.18439e+04,1.32619e+08,1.27058e+00,5.58161e+00,-3.52263e-03,
3.60192e+04,1.32655e+08,5.56715e-01,3.81474e+00,-3.38377e-03,
2.47068e+04,1.32680e+08,5.06652e-01,4.92884e-01,7.92862e-03,
6.62622e+04,1.32746e+08,1.22453e+00,2.52776e+00,2.82204e-03,
2.66469e+05,1.33013e+08,1.10661e+00,3.31465e+00,-7.04072e-03,
3.70026e+04,1.33050e+08,9.07426e-01,5.50668e+00,-5.86995e-03,
3.20202e+04,1.33082e+08,4.93104e-01,1.37303e+00,9.18726e-03,
2.85180e+04,1.33110e+08,3.98089e-01,6.69276e-01,-5.21699e-03,
2.22229e+04,1.33132e+08,4.84821e-01,2.25183e+00,7.18306e-03,
1.09719e+05,1.33242e+08,1.27230e+00,4.04130e-01,5.88278e-03,
1.64799e+04,1.33259e+08,1.23929e-01,3.73500e+00,-3.22414e-03,
6.65440e+04,1.33325e+08,3.88522e-01,3.97123e+00,-3.22394e-04,
6.61372e+04,1.33391e+08,6.06004e-01,6.88222e-01,7.25749e-03,
1.39683e+05,1.33531e+08,1.30250e+00,6.26576e+00,1.65615e-03,
1.74444e+05,1.33705e+08,1.39658e+00,4.40586e+00,-8.27305e-03,
1.35106e+04,1.33719e+08,3.10826e-01,5.09166e-01,6.03217e-04,
1.49061e+04,1.33734e+08,1.39871e+00,4.11164e+00,-6.98518e-03,
2.07765e+04,1.33755e+08,5.94493e-01,4.22177e+00,-5.04312e-03,
6.16927e+04,1.33816e+08,3.84218e-01,1.56397e+00,9.67227e-03,
1.33484e+05,1.33950e+08,5.97792e-01,7.35183e-01,-7.79203e-03,
4.57584e+05,1.34407e+08,1.06120e-01,8.88685e-01,1.06703e-03,
1.58164e+04,1.34423e+08,3.04551e-01,9.79264e-01,-7.15164e-03,
1.45013e+04,1.34438e+08,7.00793e-01,3.52794e+00,-8.91663e-03,
1.07889e+04,1.34448e+08,2.08358e-01,4.61920e+00,-3.38081e-03,
1.35156e+04,1.34462e+08,8.81519e-01,5.64852e+00,-3.76792e-03,
1.84776e+04,1.34480e+08,9.29025e-01,3.76635e+00,4.20314e-03,
2.86691e+04,1.34509e+08,4.98060e-01,5.11141e-01,-4.88564e-03,
2.79047e+04,1.34537e+08,2.96500e-01,4.94928e+00,9.64332e-04,
1.17224e+04,1.34549e+08,2.74512e-01,4.10598e+00,-4.47797e-03,
6.96063e+04,1.34618e+08,7.85048e-01,5.97660e+00,-9.77664e-03,
1.21408e+04,1.34631e+08,1.02409e+00,4.86784e+00,-5.40661e-03,
7.43210e+04,1.34705e+08,1.13800e-01,5.53330e+00,2.98151e-03,
1.05216e+04,1.34715e+08,5.84121e-01,2.82278e-01,1.35749e-03,
2.21952e+04,1.34738e+08,3.94028e-01,3.66688e+00,-1.82214e-03,
5.14248e+04,1.34789e+08,2.96990e-01,4.89989e+00,6.62566e-03,
1.03719e+04,1.34799e+08,5.27367e-01,9.77221e-01,-8.35508e-03,
9.55428e+04,1.34895e+08,5.19568e-01,5.02547e+00,8.95053e-03,
7.56789e+04,1.34971e+08,3.82177e-01,3.88758e+00,5.57428e-03,
3.54827e+04,1.35006e+08,3.50368e-01,5.14858e+00,-7.84595e-03,
4.18991e+04,1.35048e+08,3.63051e-01,2.64629e+00,-4.08546e-03,
4.79512e+04,1.35096e+08,4.68661e-01,5.09310e+00,-6.69363e-03,
1.66095e+04,1.35113e+08,3.00091e-01,6.05916e+00,-1.75079e-03,
3.02288e+04,1.35143e+08,1.76042e+00,5.48138e+00,7.74049e-03,
9.76335e+04,1.35240e+08,1.32475e-01,4.05703e+00,6.76159e-03,
5.74310e+05,1.35815e+08,6.32721e-01,3.13057e+00,-2.64039e-03,
9.35953e+04,1.35908e+08,1.06716e+00,4.42485e+00,-5.41665e-03,
1.17639e+04,1.35920e+08,3.78905e-01,1.50875e-01,-9.41872e-03,
5.61969e+04,1.35976e+08,7.82233e-01,3.37094e+00,-1.02821e-03,
7.23568e+04,1.36049e+08,1.51347e-01,8.20325e-01,7.09514e-03,
1.68879e+04,1.36065e+08,7.62078e-01,4.38778e+00,5.67752e-03,
4.45903e+05,1.36511e+08,7.31848e-01,3.04502e+00,4.36904e-03,
1.93562e+04,1.36531e+08,4.76363e-01,3.97930e-01,1.79630e-03,
1.48745e+04,1.36546e+08,1.19316e+00,1.59815e+00,4.65862e-03,
1.09115e+04,1.36557e+08,2.19260e-01,1.78434e+00,-6.69023e-03,
1.31058e+04,1.36570e+08,1.54710e+00,4.65133e+00,8.93527e-03,
2.11290e+04,1.36591e+08,2.02582e-01,3.99722e+00,-2.99016e-03,
6.11361e+05,1.37202e+08,4.38157e-01,9.24824e-01,8.85292e-03,
1.17428e+05,1.37320e+08,1.10990e-01,5.04984e+00,-3.95842e-03,
4.26365e+04,1.37362e+08,1.08872e+00,5.76787e+00,-4.51079e-03,
2.28808e+05,1.37591e+08,2.77399e-01,4.66912e+00,-5.36918e-03,
1.58480e+05,1.37749e+08,1.27244e+00,5.68995e+00,-7.46003e-03,
1.86112e+04,1.37768e+08,1.31987e-01,3.51681e+00,6.72404e-03,
1.26216e+04,1.37781e+08,1.97991e-01,6.14987e+00,-8.81201e-04,
2.29517e+04,1.37804e+08,7.54564e-01,2.77654e+00,2.25076e-03,
1.72165e+04,1.37821e+08,7.66621e-01,5.54658e-01,7.51502e-04,
4.09764e+04,1.37862e+08,3.98208e-01,4.64992e+00,2.60878e-03,
1.33997e+04,1.37875e+08,5.47985e-01,4.56332e+00,8.96858e-03,
1.52641e+05,1.38028e+08,3.20475e-01,3.60598e+00,-5.11956e-04,
2.36075e+04,1.38052e+08,5.36567e-01,2.55159e+00,-6.36863e-03,
1.63916e+04,1.38068e+08,3.23016e-01,5.28943e+00,-9.91694e-04,
1.13348e+04,1.38079e+08,5.98633e-01,4.61023e+00,-1.86271e-03,
2.06190e+04,1.38100e+08,2.35391e-01,2.19624e+00,3.07302e-03,
5.51747e+04,1.38155e+08,1.17210e+00,5.96384e+00,-9.40031e-03,
1.02984e+04,1.38165e+08,6.31586e-01,2.64874e+00,-9.03351e-03,
2.42715e+04,1.38190e+08,1.06931e+00,5.55251e+00,9.74375e-03,
1.43832e+05,1.38333e+08,4.32276e-01,4.70433e-01,-7.57987e-03,
1.48687e+04,1.38348e+08,1.93676e-01,1.17614e+00,7.20552e-03,
2.13654e+04,1.38370e+08,7.71718e-01,5.99445e+00,-7.67199e-03,
5.58807e+05,1.38928e+08,6.33525e-01,1.67037e+00,2.96205e-04,
1.84550e+04,1.38947e+08,1.13676e+00,3.97138e+00,-4.04664e-03,
2.01824e+05,1.39149e+08,1.10646e+00,1.37112e-01,-6.08740e-03,
1.02206e+04,1.39159e+08,1.45152e+00,2.92245e-02,-7.67306e-03,
2.01271e+04,1.39179e+08,1.26537e-02,1.50951e-01,6.06306e-03,
2.26962e+04,1.39202e+08,6.46557e-01,2.54663e+00,4.73133e-03,
1.10229e+04,1.39213e+08,6.23204e-01,2.85014e+00,4.78840e-03,
9.58808e+04,1.39309e+08,9.48174e-01,2.62081e+00,9.98515e-03,
1.23696e+05,1.39432e+08,5.90143e-01,4.36505e+00,7.86343e-04,
6.33900e+04,1.39496e+08,2.44473e-01,5.07185e-01,9.55628e-03,
2.85909e+04,1.39524e+08,2.39714e-02,1.09978e+00,-5.51963e-03,
9.28747e+04,1.39617e+08,3.98121e-01,4.96862e+00,-7.77478e-03,
1.84649e+06,1.41464e+08,1.78184e-01,1.40723e+00,4.42183e-03,
1.17514e+04,1.41475e+08,5.43379e-01,4.22147e+00,-3.12583e-03,
1.05183e+04,1.41486e+08,2.67022e-01,2.19885e+00,5.73752e-03,
4.43647e+05,1.41930e+08,1.06595e+00,9.16445e-01,-7.09410e-03,
1.15696e+04,1.41941e+08,2.15223e-01,6.15866e+00,-9.67400e-03,
4.64741e+04,1.41988e+08,4.42702e-01,6.17431e+00,-2.85104e-03,
2.98904e+04,1.42018e+08,5.35237e-01,6.81100e-01,8.13267e-05,
2.16700e+04,1.42039e+08,2.25451e-01,4.69129e+00,-7.41714e-03,
2.11331e+04,1.42060e+08,1.07846e-01,3.77036e+00,-1.40805e-03,
1.06429e+04,1.42071e+08,5.79971e-01,4.23902e+00,-5.81281e-03,
1.02300e+04,1.42081e+08,8.95036e-01,5.20966e-01,5.60582e-03,
2.10289e+04,1.42102e+08,1.76467e-01,3.51551e-01,7.64186e-03,
3.00132e+05,1.42402e+08,6.45033e-01,2.16538e+00,1.81979e-03,
2.42454e+04,1.42427e+08,1.76246e+00,5.97869e+00,3.46552e-03,
2.60984e+04,1.42453e+08,1.86040e-01,1.57731e+00,-6.90528e-03,
2.08341e+04,1.42474e+08,1.22397e+00,2.71698e+00,-4.24302e-03,
2.56326e+04,1.42499e+08,6.20261e-01,3.98544e+00,-7.17118e-03,
1.03689e+05,1.42603e+08,5.11380e-01,5.08584e+00,2.94826e-04,
1.19032e+04,1.42615e+08,6.26273e-01,4.55765e+00,-4.80615e-03,
2.26130e+04,1.42637e+08,2.14734e-01,2.37182e-01,8.14244e-03,
8.11650e+04,1.42719e+08,6.34913e-01,4.63527e+00,-3.11200e-03,
1.04732e+05,1.42823e+08,1.04749e+00,3.51446e+00,-3.17322e-03,
6.33038e+04,1.42887e+08,8.71840e-01,3.41390e+00,-6.58166e-03,
7.32422e+04,1.42960e+08,4.40208e-01,3.54704e+00,2.17593e-03,
4.28779e+05,1.43389e+08,9.74786e-02,4.73559e+00,-4.97249e-04,
1.26829e+04,1.43401e+08,1.20075e-01,3.62583e+00,-4.02785e-03,
1.16664e+04,1.43413e+08,5.73721e-01,2.49739e+00,8.68797e-03,
2.93749e+04,1.43442e+08,4.02027e-01,5.23888e+00,2.08761e-03,
2.07068e+05,1.43649e+08,7.23092e-01,4.55787e+00,8.86596e-03,
1.66459e+04,1.43666e+08,9.24520e-01,3.98541e+00,1.25499e-03,
7.54369e+04,1.43742e+08,1.10063e+00,6.93043e-01,5.89149e-03,
3.00651e+05,1.44042e+08,9.46396e-01,4.94188e+00,-8.19755e-03,
1.33300e+04,1.44056e+08,4.08922e-01,2.27905e+00,7.08394e-03,
1.62010e+04,1.44072e+08,4.05091e-01,4.69578e+00,5.37669e-03,
1.27352e+04,1.44084e+08,9.73929e-01,5.56309e+00,3.90039e-04,
1.94611e+04,1.44104e+08,5.97729e-01,4.08627e+00,5.81799e-03,
3.53947e+04,1.44139e+08,1.03203e+00,6.93120e-01,2.34139e-03,
1.24755e+04,1.44152e+08,1.36121e+00,7.15774e-01,-1.04933e-03,
6.95899e+04,1.44221e+08,8.34883e-02,2.31091e+00,8.95824e-03,
1.22965e+04,1.44234e+08,2.36773e-01,4.77657e+00,3.80181e-03,
1.20096e+04,1.44246e+08,7.35397e-01,2.42261e+00,-5.42498e-04,
1.36429e+04,1.44259e+08,7.55089e-01,1.48060e+00,-8.17981e-03,
2.11768e+04,1.44281e+08,7.85764e-01,1.25576e+00,-6.15472e-03,
4.42206e+04,1.44325e+08,2.36755e+00,6.18754e+00,7.84890e-03,
2.20672e+06,1.46531e+08,7.32188e-01,3.10996e-01,-7.07775e-03,
4.98821e+04,1.46581e+08,1.78487e+00,6.12887e+00,3.11403e-03,
2.77924e+04,1.46609e+08,1.19550e+00,4.50171e+00,8.66106e-04,
1.10213e+04,1.46620e+08,4.39216e-01,3.40360e+00,-4.05016e-03,
1.04370e+04,1.46631e+08,9.50728e-01,1.96772e+00,4.36566e-03,
2.54504e+05,1.46885e+08,2.67026e-01,3.44732e-01,-3.87212e-04,
1.00177e+04,1.46895e+08,6.19883e-01,3.35775e+00,-8.48741e-03,
1.99546e+04,1.46915e+08,7.07733e-01,3.22084e+00,-1.44425e-03,
2.19889e+04,1.46937e+08,8.91329e-01,2.44100e+00,-3.10713e-03,
1.72646e+04,1.46954e+08,1.53700e+00,4.10015e+00,9.34597e-03,
1.27535e+04,1.46967e+08,1.62731e-01,1.13194e+00,4.17928e-03,
1.60030e+04,1.46983e+08,4.82326e-01,1.04497e+00,9.27977e-03,
3.99890e+04,1.47023e+08,5.29593e-01,5.68316e+00,-9.76735e-04,
2.20213e+04,1.47045e+08,1.42917e-01,1.42478e+00,8.71373e-03,
3.01378e+04,1.47075e+08,1.81408e-01,4.43122e-01,-2.52067e-04,
4.11609e+04,1.47116e+08,6.51478e-01,9.56581e-01,8.97872e-03,
1.08290e+05,1.47225e+08,4.27931e-01,6.41182e-01,3.73799e-03,
1.75737e+04,1.47242e+08,3.64153e-01,3.02769e+00,-7.18933e-03,
1.44617e+04,1.47257e+08,4.87734e-01,2.12171e+00,5.90888e-03,
1.30110e+04,1.47270e+08,9.24260e-02,2.73230e+00,-2.68503e-03,
1.08154e+04,1.47281e+08,6.61155e-01,2.08184e+00,-8.34190e-03,
2.78656e+05,1.47559e+08,1.05334e+00,6.19090e+00,9.81323e-04,
3.35230e+04,1.47593e+08,4.16359e-01,2.65868e-01,-4.90247e-03,
1.12500e+04,1.47604e+08,6.19269e-01,2.86459e+00,-7.77678e-03,
1.08095e+04,1.47615e+08,2.16606e+00,6.02416e+00,-1.33722e-03,
2.59982e+04,1.47641e+08,9.45615e-02,2.21434e+00,7.63823e-03,
1.08279e+04,1.47652e+08,1.03100e+00,2.80403e+00,-5.08201e-03,
1.33840e+04,1.47665e+08,3.64744e-01,2.52313e+00,-9.28456e-03,
3.44191e+04,1.47699e+08,1.73263e+00,2.54428e+00,-9.47166e-03,
3.14662e+04,1.47731e+08,7.01505e-01,6.18288e+00,-1.68153e-03,
1.94114e+04,1.47750e+08,1.22723e+00,2.22651e+00,5.41297e-03,
3.54205e+04,1.47786e+08,1.05706e+00,3.33967e+00,-7.68142e-04,
4.31560e+04,1.47829e+08,4.10038e-01,1.68801e+00,-1.11401e-03,
1.50795e+05,1.47980e+08,5.04162e-01,3.64247e+00,-3.88345e-03,
1.82957e+04,1.47998e+08,7.81859e-01,1.17336e+00,-1.82405e-03,
3.30402e+04,1.48031e+08,4.21194e-01,1.66522e+00,5.84350e-03,
2.00255e+04,1.48051e+08,7.90488e-01,3.33650e+00,-3.70714e-03,
1.16980e+04,1.48063e+08,4.42941e-01,2.94774e+00,3.02890e-03,
3.47660e+04,1.48097e+08,5.99203e-01,2.98942e+00,8.11621e-04,
1.26639e+04,1.48110e+08,1.86722e-01,5.39319e+00,-5.68816e-03,
1.36850e+04,1.48124e+08,1.51979e+00,3.24028e-01,-1.10251e-03,
1.86644e+04,1.48142e+08,3.68200e-01,1.82676e+00,-2.37621e-03,
1.21907e+04,1.48155e+08,1.54313e-01,5.95558e+00,7.78133e-03,
5.10427e+04,1.48206e+08,3.92116e-01,2.45316e-01,-4.31436e-03,
2.14115e+04,1.48227e+08,2.60300e-01,3.03163e+00,3.03538e-03,
1.61660e+04,1.48243e+08,9.11833e-01,4.67093e+00,5.58042e-05,
1.32459e+04,1.48257e+08,4.97786e-01,1.60349e+00,-3.30650e-03,
1.88472e+04,1.48275e+08,4.64989e-01,1.90394e+00,-5.79423e-03,
9.54639e+04,1.48371e+08,2.09777e-01,3.72477e+00,3.24742e-03,
1.02561e+04,1.48381e+08,1.01684e+00,6.21375e+00,-3.58524e-03,
2.39377e+04,1.48405e+08,4.88358e-01,2.60565e-01,6.87072e-03,
1.94008e+04,1.48424e+08,8.78153e-02,4.86763e+00,7.41059e-03,
7.43729e+04,1.48499e+08,1.40881e+00,2.67075e+00,-7.18218e-03,
1.04305e+04,1.48509e+08,7.31601e-01,4.15493e+00,7.76735e-03,
1.50864e+04,1.48524e+08,2.61709e-01,1.21597e+00,-7.77801e-03,
1.87907e+04,1.48543e+08,3.85439e-01,9.79766e-01,8.21684e-03,
1.08670e+04,1.48554e+08,1.41834e-01,1.54939e+00,4.05498e-03,
2.55139e+04,1.48580e+08,7.25832e-01,5.68492e+00,5.49433e-03,
2.26927e+04,1.48602e+08,1.16747e+00,1.05378e+00,-7.24825e-03,
1.18827e+04,1.48614e+08,5.70988e-01,4.21545e+00,7.05088e-03,
1.77632e+04,1.48632e+08,2.13135e-01,1.53623e+00,5.20789e-03,
5.44696e+04,1.48686e+08,1.18439e+00,6.66244e-01,-1.91681e-03,
4.49826e+04,1.48731e+08,6.12810e-01,3.94145e+00,-2.53900e-03,
1.32356e+04,1.48745e+08,1.19792e+00,1.90816e+00,8.31154e-03,
1.18316e+04,1.48756e+08,1.17088e+00,2.17112e+00,-4.16198e-03,
1.04719e+04,1.48767e+08,1.31455e-01,5.09390e+00,-8.09928e-03,
1.03827e+04,1.48777e+08,5.95354e-01,4.67708e-02,-6.32241e-03,
1.43987e+04,1.48792e+08,1.15663e+00,3.92328e+00,-8.19649e-03,
1.00276e+04,1.48802e+08,7.52536e-01,2.54977e+00,-3.03313e-03,
1.99960e+04,1.48822e+08,6.89170e-01,1.90869e+00,-4.54647e-03,
1.19999e+04,1.48834e+08,3.38015e-01,1.32966e+00,1.13402e-04,
1.02843e+04,1.48844e+08,2.10744e-01,1.21926e+00,-8.54408e-03,
4.56605e+04,1.48890e+08,3.30330e-01,3.74615e-01,-7.79789e-03,
2.75121e+04,1.48917e+08,2.84112e-02,3.66097e+00,6.16286e-03,
1.33528e+05,1.49051e+08,7.64781e-01,5.45600e+00,-6.60521e-03,
1.31710e+04,1.49064e+08,2.28986e-01,2.83464e+00,-2.36716e-03,
8.93867e+04,1.49153e+08,1.22303e+00,4.25313e+00,2.98803e-03,
2.09022e+04,1.49174e+08,7.63725e-01,5.63021e+00,5.59874e-03,
1.50725e+04,1.49189e+08,4.44513e-01,8.80637e-02,7.79597e-04,
9.85870e+04,1.49288e+08,1.54742e+00,1.06707e+00,4.19817e-03,
3.14317e+04,1.49319e+08,3.53493e-01,8.06584e-01,3.51224e-03,
1.49143e+05,1.49468e+08,3.58469e-01,2.08977e+00,1.90067e-03,
1.24916e+04,1.49481e+08,6.30603e-02,1.57309e+00,2.53946e-03,
8.18340e+04,1.49563e+08,8.00747e-01,5.99774e+00,-4.49682e-03,
5.25023e+04,1.49615e+08,1.86657e-01,3.74230e+00,-4.38812e-04,
4.59817e+04,1.49661e+08,5.77683e-01,6.02739e+00,5.79638e-03,
1.10255e+04,1.49672e+08,5.23099e-01,3.37521e+00,-7.10249e-03,
1.01953e+04,1.49682e+08,6.45466e-01,3.08860e+00,4.38174e-03,
1.81490e+04,1.49701e+08,2.20865e-01,6.07758e+00,-6.15109e-03,
1.11073e+04,1.49712e+08,1.06602e+00,5.60196e+00,3.32775e-03,
1.32292e+04,1.49725e+08,1.09865e-02,2.42393e+00,4.22103e-03,
3.34044e+04,1.49758e+08,2.20905e-01,3.16585e+00,2.55630e-03,
1.24032e+04,1.49771e+08,5.16225e-01,4.97097e+00,7.22432e-03,
6.43834e+04,1.49835e+08,1.05375e-01,2.86461e-01,-8.90310e-03,
1.67965e+04,1.49852e+08,1.22351e+00,1.54412e+00,-2.75026e-03,
1.71863e+04,1.49869e+08,5.34063e-01,1.43751e+00,9.50783e-03,
4.55110e+04,1.49915e+08,1.03843e+00,5.36644e+00,-2.51242e-03,
2.80168e+04,1.49943e+08,1.31176e-01,6.26549e+00,-2.34916e-03,
2.14180e+04,1.49964e+08,6.72899e-01,4.98982e+00,4.59593e-03,
3.05990e+04,1.49995e+08,1.43396e+00,3.13941e+00,-9.36486e-03,
2.28159e+04,1.50017e+08,3.04455e-01,5.64361e+00,1.18183e-03,
1.08462e+04,1.50028e+08,3.41873e-01,2.21809e+00,-4.80948e-03,
1.91900e+04,1.50047e+08,1.34945e+00,1.53323e+00,6.43813e-03,
3.53876e+04,1.50083e+08,2.97121e-01,5.39110e+00,-6.61400e-04,
1.45600e+04,1.50097e+08,1.73596e-01,8.28347e-01,2.65056e-03,
2.92178e+04,1.50127e+08,4.64425e-01,7.73832e-01,7.21747e-04,
1.52921e+04,1.50142e+08,3.02545e-01,5.06714e+00,-6.18582e-04,
1.70003e+04,1.50159e+08,1.68106e+00,5.08731e+00,1.17669e-03,
1.75362e+05,1.50334e+08,1.63482e-01,4.81323e-01,-1.18067e-03,
1.33405e+04,1.50348e+08,1.14260e+00,2.21293e+00,2.24352e-03,
1.58856e+05,1.50506e+08,4.94891e-01,6.25807e+00,-4.23316e-03,
2.71621e+04,1.50534e+08,4.02076e-01,2.40386e+00,-6.56930e-03,
1.84367e+04,1.50552e+08,4.94935e-01,4.42402e-01,-5.62169e-03,
4.43178e+04,1.50596e+08,4.65272e-01,4.73798e+00,-7.48181e-03,
1.73577e+04,1.50614e+08,6.78411e-01,4.72589e+00,-8.81615e-03,
1.97956e+04,1.50633e+08,4.65899e-01,5.92461e+00,2.84155e-04,
5.78852e+04,1.50691e+08,4.99872e-01,2.06443e+00,9.44089e-03,
1.46045e+04,1.50706e+08,6.61626e-01,1.62597e+00,1.80772e-04,
3.69220e+04,1.50743e+08,1.24094e+00,6.14866e+00,3.88580e-03,
9.82820e+04,1.50841e+08,1.16835e-01,2.99331e+00,-4.38627e-03,
1.24253e+04,1.50854e+08,1.04584e+00,9.08004e-01,1.60663e-04,
1.86860e+04,1.50872e+08,6.79358e-01,2.29431e+00,1.48800e-03,
4.27610e+04,1.50915e+08,1.67387e-01,5.75496e+00,-1.00825e-03,
3.55761e+04,1.50951e+08,1.26581e+00,1.60928e+00,-6.38456e-03,
2.22874e+04,1.50973e+08,7.55137e-01,7.82864e-01,-3.65695e-03,
1.87551e+04,1.50992e+08,1.42678e+00,5.65337e+00,7.78291e-03,
1.15355e+04,1.51003e+08,1.04812e+00,5.40749e+00,2.87188e-03,
2.10549e+04,1.51024e+08,1.75895e-01,1.91479e+00,8.22750e-03,
3.59789e+04,1.51060e+08,1.95641e-01,5.11770e+00,-6.14446e-03,
6.07162e+04,1.51121e+08,4.42776e-01,8.94129e-01,4.35190e-04,
1.20759e+04,1.51133e+08,6.04156e-01,5.18962e+00,3.78949e-03,
6.99253e+04,1.51203e+08,1.20148e-01,5.84551e+00,-8.94677e-03,
2.63849e+04,1.51229e+08,3.00478e-01,5.67979e+00,1.61555e-03,
2.51312e+04,1.51254e+08,1.47072e+00,2.35197e+00,-3.25101e-03,
3.28151e+04,1.51287e+08,1.74766e-01,2.60689e+00,-6.97257e-03,
1.53453e+06,1.52822e+08,6.83456e-01,1.39965e+00,-5.34970e-03,
1.90916e+05,1.53013e+08,8.50311e-01,5.73471e+00,-2.19613e-03,
1.68240e+05,1.53181e+08,1.68970e-01,5.73217e+00,-1.38713e-03,
2.15203e+04,1.53203e+08,7.19816e-01,5.87003e+00,-2.52461e-03,
1.04040e+04,1.53213e+08,1.47630e-01,3.40465e-02,-2.23238e-03,
1.59867e+04,1.53229e+08,2.65379e-01,4.56584e+00,-8.32070e-03,
4.23055e+04,1.53271e+08,4.30253e-01,1.03455e+00,-8.78970e-03,
1.56573e+04,1.53287e+08,4.48388e-01,5.88562e+00,1.84667e-03,
4.96984e+04,1.53337e+08,2.33049e-01,9.78923e-01,-5.09853e-03,
7.52395e+04,1.53412e+08,6.50641e-01,3.11674e+00,6.14979e-03,
1.02929e+04,1.53422e+08,1.92591e-01,3.36381e+00,-4.19270e-03,
1.37804e+04,1.53436e+08,1.23281e+00,1.56558e+00,4.08242e-03,
5.73491e+04,1.53493e+08,4.95370e-01,1.83432e+00,4.34222e-03,
1.39732e+04,1.53507e+08,3.07772e-01,4.48354e+00,-1.32578e-03,
1.06270e+04,1.53518e+08,9.45868e-01,6.14344e+00,-6.08766e-03,
1.48504e+04,1.53533e+08,2.04150e-01,5.17984e+00,-3.40147e-03,
1.11561e+05,1.53644e+08,1.62479e+00,1.68289e-01,-7.86544e-03,
2.74173e+04,1.53672e+08,5.26361e-01,5.22710e+00,-8.29861e-03,
1.53000e+04,1.53687e+08,6.10568e-01,4.41806e+00,-6.39323e-03,
1.25004e+04,1.53699e+08,3.20499e-01,4.86226e+00,2.68747e-03,
1.87263e+04,1.53718e+08,4.21541e-01,2.45318e+00,-2.61975e-03,
1.96122e+04,1.53738e+08,8.28769e-01,3.74283e+00,-8.69531e-03,
1.15108e+04,1.53749e+08,2.88491e-01,2.91746e+00,-4.85751e-03,
1.14009e+04,1.53761e+08,6.64035e-01,2.02419e+00,-1.60614e-03,
1.16974e+04,1.53772e+08,6.63330e-01,2.66786e+00,-5.27734e-03,
1.38199e+04,1.53786e+08,8.78054e-01,2.95556e+00,1.08701e-03,
6.08060e+04,1.53847e+08,3.87704e-01,3.48634e+00,-2.05039e-03,
9.32707e+04,1.53940e+08,4.74434e-01,1.83395e+00,7.51927e-03,
1.21604e+04,1.53952e+08,3.25648e-01,4.23966e+00,-5.07427e-05,
4.80571e+04,1.54001e+08,4.24527e-01,6.21300e+00,-3.64002e-03,
1.69411e+04,1.54017e+08,3.21001e-01,4.28217e+00,-7.01487e-03,
1.51467e+04,1.54033e+08,3.42914e-01,2.99075e+00,-3.71384e-03,
2.25792e+04,1.54055e+08,1.21353e+00,3.47794e+00,9.36439e-03,
1.23171e+05,1.54178e+08,1.11853e+00,3.64001e+00,-6.45662e-03,
1.49235e+04,1.54193e+08,8.99925e-01,4.60272e+00,-3.20719e-03,
1.80185e+04,1.54211e+08,9.56303e-01,4.84100e+00,9.02241e-03,
1.07672e+04,1.54222e+08,4.64294e-01,1.67190e+00,-9.19923e-03,
3.39721e+04,1.54256e+08,3.62931e-01,1.08915e+00,8.27217e-03,
2.10730e+06,1.56363e+08,3.96257e-01,1.41526e+00,-8.46747e-03,
2.87477e+04,1.56392e+08,7.65634e-01,1.66632e+00,3.30987e-03,
1.24526e+04,1.56405e+08,4.64329e-01,9.54451e-01,6.46861e-03,
7.54363e+04,1.56480e+08,4.85956e-01,1.99978e-01,4.11383e-03,
1.74766e+04,1.56497e+08,1.04627e-01,4.10192e+00,1.99126e-03,
2.59952e+04,1.56523e+08,9.39533e-01,1.96958e+00,2.32991e-03,
1.86902e+04,1.56542e+08,5.10082e-01,3.08550e+00,7.06728e-03,
1.01550e+04,1.56552e+08,3.80386e-01,2.21290e-01,9.15915e-03,
1.24691e+04,1.56565e+08,3.40710e-01,2.97776e+00,8.62747e-03,
2.17370e+04,1.56586e+08,6.60775e-01,6.14815e-02,-8.82124e-03,
1.58884e+04,1.56602e+08,1.85468e-01,3.00037e+00,1.10221e-03,
1.03453e+04,1.56613e+08,1.95523e-01,5.67661e+00,-7.03060e-03,
3.33816e+05,1.56947e+08,1.87458e-01,2.68877e-01,5.02785e-03,
1.84153e+04,1.56965e+08,1.06221e-02,1.84817e+00,6.63040e-03,
1.50091e+04,1.56980e+08,8.00264e-01,5.13783e+00,-9.55048e-03,
2.76517e+04,1.57008e+08,9.60045e-01,4.56782e+00,-9.90057e-03,
4.31369e+04,1.57051e+08,1.20743e+00,1.21987e+00,4.33603e-03,
1.76016e+04,1.57068e+08,4.56133e-01,4.27973e+00,-1.57244e-03,
1.16257e+04,1.57080e+08,4.66981e-01,3.32962e+00,-3.78849e-03,
2.58206e+04,1.57106e+08,9.39260e-01,6.61524e-02,-8.10723e-03,
1.09536e+04,1.57117e+08,7.80539e-01,6.07573e-01,-2.09242e-03,
1.51667e+04,1.57132e+08,1.85417e-01,4.34408e+00,8.91109e-03,
1.08649e+06,1.58218e+08,9.44740e-01,4.21885e+00,-7.11618e-03,
1.59453e+04,1.58234e+08,5.29100e-01,1.64500e+00,2.21749e-03,
3.06893e+04,1.58265e+08,2.57772e-01,2.53795e+00,-3.04511e-03,
4.98657e+04,1.58315e+08,4.45425e-01,3.31017e+00,-8.73552e-03,
3.97273e+04,1.58355e+08,3.62745e-01,5.06012e+00,4.43286e-03,
5.48286e+04,1.58409e+08,6.40829e-01,6.13416e+00,6.99287e-04,
1.58495e+04,1.58425e+08,2.64824e-01,5.03713e+00,-4.95060e-03,
2.20732e+04,1.58447e+08,3.05650e-01,5.62591e+00,-3.03770e-03,
1.06549e+04,1.58458e+08,1.37635e+00,1.85251e+00,5.43263e-03,
4.20460e+04,1.58500e+08,1.04974e+00,5.81254e+00,-8.61386e-04,
2.24089e+05,1.58724e+08,3.25879e-01,1.65225e+00,9.57795e-03,
6.41978e+04,1.58788e+08,4.61736e-01,4.16677e+00,-5.71501e-03,
1.58704e+04,1.58804e+08,1.35665e-01,2.43294e-01,-8.05546e-04,
3.60147e+04,1.58840e+08,1.52433e-01,1.70790e+00,-5.88775e-03,
1.44329e+04,1.58855e+08,6.06805e-01,5.34136e+00,-3.55755e-04,
1.50196e+04,1.58870e+08,7.76400e-01,1.95690e+00,6.52926e-03,
1.25645e+05,1.58995e+08,1.21363e+00,3.20245e-01,1.75543e-03,
1.64450e+04,1.59012e+08,3.99325e-01,1.50375e+00,9.33376e-03,
1.31664e+04,1.59025e+08,1.19526e-01,2.05541e+00,6.25865e-03,
1.23522e+04,1.59037e+08,1.40278e-01,3.65968e+00,-4.73290e-03,
2.27294e+04,1.59060e+08,8.25630e-01,5.75038e+00,-1.82411e-03,
2.23181e+04,1.59082e+08,6.37567e-01,3.52219e+00,7.67742e-03,
1.13530e+04,1.59094e+08,2.27177e-01,2.58054e+00,-3.61067e-03,
1.13056e+04,1.59105e+08,4.47478e-01,1.18993e+00,3.11857e-03,
2.96955e+04,1.59135e+08,2.53127e-01,4.32464e+00,-4.89986e-03,
1.52416e+04,1.59150e+08,4.72964e-01,2.42366e+00,7.73976e-03,
1.51164e+04,1.59165e+08,9.44766e-01,5.21294e-01,-8.26690e-03,
2.03718e+04,1.59185e+08,1.53572e-01,1.31483e+00,9.63447e-03,
4.06130e+04,1.59226e+08,4.10392e-01,2.48037e+00,-8.96175e-03,
1.31328e+04,1.59239e+08,3.00983e-01,2.42140e+00,-9.63193e-03,
1.81583e+04,1.59257e+08,2.25683e-01,1.43866e+00,-3.10970e-03,
1.46487e+04,1.59272e+08,2.23743e-01,2.47168e+00,8.32410e-04,
1.56021e+04,1.59288e+08,5.42687e-01,4.99385e+00,-4.47387e-03,
1.94285e+04,1.59307e+08,1.02880e+00,4.21204e+00,-1.88232e-03,
1.50684e+04,1.59322e+08,7.06157e-01,5.70127e+00,-7.07771e-03,
3.83092e+04,1.59360e+08,8.22277e-01,5.37368e+00,7.48772e-03,
2.05257e+04,1.59381e+08,1.36954e-01,2.31181e+00,-2.07404e-03,
1.29664e+04,1.59394e+08,6.13007e-01,5.12176e+00,-6.39386e-03,
1.06567e+06,1.60460e+08,5.24999e-01,4.57682e+00,9.07316e-03,
1.52117e+04,1.60475e+08,2.38742e+00,2.99448e+00,-6.02924e-03,
5.65168e+04,1.60531e+08,6.82525e-01,4.80139e+00,-6.84605e-03,
6.97541e+04,1.60601e+08,1.01251e+00,3.04172e+00,2.72654e-03,
1.69297e+04,1.60618e+08,2.26768e-01,6.03054e+00,4.33593e-03,
3.50110e+04,1.60653e+08,6.39842e-01,6.04362e+00,-9.40859e-03,
1.11522e+04,1.60664e+08,7.41316e-01,8.21169e-01,-9.53247e-03,
1.31261e+04,1.60677e+08,4.85741e-01,9.68671e-01,-6.67119e-04,
1.20147e+04,1.60689e+08,4.39780e-01,3.53898e+00,6.70453e-03,
2.41608e+04,1.60713e+08,2.32132e-01,1.61991e+00,-6.95453e-03,
2.97061e+04,1.60743e+08,6.37823e-01,1.63793e+00,-4.15722e-03,
2.87722e+04,1.60772e+08,8.53947e-01,3.60877e+00,-4.14999e-03,
1.01211e+05,1.60873e+08,1.19056e+00,4.46082e+00,-4.50972e-03,
1.31627e+04,1.60886e+08,8.80843e-01,2.67265e+00,-5.50917e-03,
5.87188e+04,1.60945e+08,1.53625e+00,7.56428e-02,-5.05157e-03,
1.19907e+04,1.60957e+08,1.34604e+00,1.17676e+00,-9.75052e-03,
2.67538e+04,1.60984e+08,3.48216e-01,2.71742e+00,-7.93196e-03,
1.73358e+05,1.61157e+08,4.37919e-01,5.73131e+00,-8.63699e-03,
1.90389e+04,1.61176e+08,4.60281e-01,3.46676e+00,-4.22265e-03,
1.36778e+06,1.62544e+08,2.39910e-01,1.28474e+00,8.78835e-03,
1.07154e+04,1.62555e+08,4.44444e-01,1.73085e+00,-8.54691e-03,
2.29523e+04,1.62578e+08,1.70651e-01,1.95895e+00,-3.88495e-03,
1.11043e+05,1.62689e+08,1.02981e-01,1.26383e+00,5.97344e-03,
3.60989e+04,1.62725e+08,6.55274e-01,6.17858e+00,-4.75854e-03,
1.22979e+04,1.62737e+08,9.87391e-01,2.77820e+00,9.23364e-03,
3.27827e+04,1.62770e+08,8.16241e-01,2.64005e+00,-2.52057e-03,
3.96573e+04,1.62809e+08,7.99856e-01,4.08758e+00,-3.92601e-03,
1.10155e+04,1.62821e+08,2.86904e-01,4.32477e+00,-3.02616e-03,
1.38301e+05,1.62959e+08,4.33019e-01,1.11594e+00,-6.82860e-03,
3.37740e+04,1.62993e+08,1.07903e+00,2.57443e+00,-6.94111e-03,
1.27676e+04,1.63005e+08,3.07399e-01,1.09249e+00,3.08875e-03,
1.31672e+04,1.63019e+08,1.45810e+00,6.14535e-01,-9.44074e-03,
2.15837e+04,1.63040e+08,1.81327e+00,4.73443e+00,8.62517e-03,
1.42695e+04,1.63054e+08,3.22653e-01,7.70922e-01,6.60060e-03,
2.06890e+04,1.63075e+08,6.39229e-01,3.98696e-01,-5.82865e-04,
2.17489e+04,1.63097e+08,1.85412e-01,4.43719e+00,-6.34773e-03,
9.71004e+04,1.63194e+08,1.22287e+00,6.04529e+00,4.58914e-03,
1.56617e+04,1.63210e+08,4.21088e-01,1.10351e+00,-8.61526e-03,
5.50971e+04,1.63265e+08,1.83371e-01,2.20302e+00,8.63179e-03,
1.45067e+04,1.63279e+08,2.24827e-01,4.68214e+00,-2.42368e-03,
6.66793e+04,1.63346e+08,5.76257e-02,3.07130e+00,1.01809e-03,
1.25406e+04,1.63358e+08,4.70639e-01,2.58688e+00,5.96712e-04,
1.33306e+04,1.63372e+08,2.38751e-01,1.06967e+00,1.34302e-03,
3.95558e+04,1.63411e+08,7.81768e-01,5.41986e+00,8.79260e-03,
1.23739e+04,1.63424e+08,1.75045e+00,2.50719e+00,6.60130e-03,
8.19314e+04,1.63506e+08,1.04230e+00,6.10087e+00,-9.39568e-03,
1.41045e+04,1.63520e+08,5.71226e-01,5.42339e+00,-9.59451e-03,
1.51836e+04,1.63535e+08,1.11536e+00,9.23268e-01,4.97513e-03,
4.35122e+04,1.63578e+08,1.32012e+00,3.89530e+00,4.98103e-03,
1.10473e+04,1.63589e+08,4.55565e-01,1.51496e+00,-6.07771e-03,
3.75970e+04,1.63627e+08,7.98882e-01,5.65225e+00,5.69254e-03,
2.13896e+04,1.63648e+08,1.79753e-01,3.51053e+00,7.38416e-04,
1.04237e+04,1.63659e+08,3.73098e-01,5.67688e-01,-2.83203e-03,
1.43805e+04,1.63673e+08,5.75043e-01,4.96115e+00,-3.76311e-03,
1.11713e+04,1.63684e+08,3.15133e-01,5.01792e+00,-9.92679e-03,
2.30791e+04,1.63707e+08,2.53142e-01,2.66700e-01,9.13229e-03,
5.01123e+04,1.63758e+08,1.79425e-01,5.51388e-01,-5.79872e-03,
3.43150e+04,1.63792e+08,4.74261e-01,4.15848e+00,9.43244e-03,
1.50604e+04,1.63807e+08,1.84548e-01,4.66086e-01,-3.42446e-03,
1.01359e+04,1.63817e+08,3.40997e-01,4.05247e+00,-1.70380e-04,
5.76145e+04,1.63875e+08,3.42701e-01,2.07151e+00,-8.15028e-03,
6.35217e+04,1.63938e+08,6.01725e-01,2.30552e+00,7.39378e-03,
1.08208e+05,1.64046e+08,1.03650e+00,3.92954e+00,-1.30870e-03,
2.77381e+04,1.64074e+08,2.46777e-01,9.89429e-01,-3.35873e-03,
1.28112e+04,1.64087e+08,3.13610e-01,3.36970e+00,7.10343e-04,
4.08847e+04,1.64128e+08,1.61704e+00,2.74614e+00,2.92330e-03,
2.70385e+04,1.64155e+08,2.83356e-01,4.64745e+00,2.24685e-03,
1.35052e+04,1.64168e+08,2.86368e-01,4.34702e+00,-4.93112e-03,
1.47479e+04,1.64183e+08,5.33515e-02,2.65870e+00,-3.47668e-03,
1.13079e+04,1.64194e+08,9.95718e-01,4.45142e+00,5.46427e-04,
3.53856e+04,1.64230e+08,2.32334e-01,1.24648e+00,8.00013e-03,
1.26490e+04,1.64243e+08,4.01403e-01,2.08401e+00,8.13693e-04,
1.07546e+05,1.64350e+08,2.57577e-01,9.37382e-01,7.05961e-03,
1.32707e+04,1.64363e+08,5.72206e-01,1.74491e+00,2.03306e-03,
1.93693e+05,1.64557e+08,6.14758e-01,5.87845e+00,7.57691e-03,
4.87574e+04,1.64606e+08,1.00868e-01,2.64806e+00,4.68314e-04,
2.22303e+04,1.64628e+08,4.54047e-01,2.12397e+00,8.88334e-03,
1.89296e+04,1.64647e+08,6.28380e-01,5.70176e+00,-8.22837e-03,
2.53066e+04,1.64672e+08,8.56188e-01,4.30278e+00,2.00080e-03,
8.76098e+05,1.65548e+08,9.11408e-01,1.15491e+00,-6.64504e-03,
3.01069e+04,1.65578e+08,8.62113e-01,6.22501e+00,-6.59271e-03,
1.74681e+05,1.65753e+08,1.67342e-01,2.33720e+00,6.83193e-03,
1.76044e+04,1.65771e+08,4.00960e-01,6.14316e+00,-1.13971e-05,
1.94116e+05,1.65965e+08,5.49676e-01,2.95078e+00,1.94779e-03,
4.29911e+04,1.66008e+08,4.55572e-01,2.09841e+00,6.36147e-03,
5.16291e+04,1.66059e+08,3.95026e-01,2.63887e+00,5.76725e-03,
2.39458e+05,1.66299e+08,1.61028e-01,3.82127e+00,2.30561e-03,
1.29798e+04,1.66312e+08,6.63184e-01,3.32979e+00,-6.48121e-03,
3.17540e+04,1.66344e+08,1.01844e+00,2.72200e+00,-9.96491e-04,
2.73778e+04,1.66371e+08,8.35378e-02,2.44304e+00,-1.36968e-03,
1.87993e+04,1.66390e+08,1.84792e-01,5.13697e-01,6.22310e-03,
2.40446e+05,1.66630e+08,1.62239e+00,1.35316e+00,9.05227e-03,
1.41744e+05,1.66772e+08,1.56288e-01,5.40196e+00,1.07105e-03,
2.98681e+04,1.66802e+08,1.66467e-01,3.89575e+00,-4.05172e-03,
4.99501e+05,1.67301e+08,3.12593e-01,1.36334e+00,-9.91493e-03,
1.43162e+04,1.67316e+08,1.41919e-01,2.99266e+00,4.84183e-03,
4.41084e+04,1.67360e+08,2.41807e-01,6.14457e-01,-1.33968e-03,
1.43638e+04,1.67374e+08,6.53732e-01,2.22923e+00,-8.79750e-03,
1.07599e+04,1.67385e+08,2.22683e-01,5.21433e-01,-5.59462e-03,
1.18863e+04,1.67397e+08,5.18608e-01,5.45255e+00,-1.07037e-03,
2.72111e+04,1.67424e+08,2.91610e-01,1.14965e+00,-7.22385e-03,
1.51941e+04,1.67439e+08,9.17222e-01,2.67351e+00,9.38629e-03,
2.32649e+04,1.67463e+08,8.13498e-02,3.36316e+00,8.97695e-03,
9.59061e+05,1.68422e+08,4.60345e-01,9.63956e-01,-4.39607e-03,
1.59963e+04,1.68438e+08,6.42203e-01,2.81642e+00,-8.33234e-03,
3.15235e+05,1.68753e+08,5.77667e-01,2.47172e+00,3.41521e-03,
7.88701e+04,1.68832e+08,1.35157e+00,5.49716e+00,-6.52161e-03,
4.71403e+04,1.68879e+08,8.22094e-01,5.66694e+00,1.70947e-03,
1.77786e+04,1.68897e+08,2.08138e-01,4.79512e+00,9.53753e-03,
1.10381e+04,1.68908e+08,9.68549e-01,6.26663e+00,-8.82075e-03,
1.77904e+05,1.69086e+08,4.89854e-01,5.81260e+00,-3.64632e-03,
3.52059e+05,1.69438e+08,1.28969e+00,4.16725e+00,9.40031e-03,
3.14396e+04,1.69469e+08,4.14241e-01,2.39948e-01,7.54148e-03,
1.80970e+04,1.69487e+08,1.68748e+00,4.94272e+00,-6.65618e-04,
2.34928e+04,1.69511e+08,5.93454e-02,4.89640e+00,-6.22760e-03,
2.46205e+04,1.69535e+08,1.34787e+00,4.85537e+00,-8.23320e-03,
1.38432e+04,1.69549e+08,9.18156e-01,5.88798e+00,-9.43725e-03,
3.82980e+04,1.69587e+08,4.98260e-01,5.04247e-01,1.65860e-03,
1.44863e+05,1.69732e+08,7.97408e-01,3.01781e+00,-6.61148e-03,
1.29460e+04,1.69745e+08,3.80987e-01,6.24909e+00,3.99606e-03,
1.24317e+04,1.69758e+08,9.38370e-01,6.35190e-01,6.29205e-03,
2.02055e+04,1.69778e+08,3.27477e-01,3.61717e+00,-5.38980e-03,
1.41097e+04,1.69792e+08,8.92303e-01,4.06958e+00,2.44181e-04,
1.33359e+04,1.69805e+08,4.27588e-01,4.08797e+00,9.72686e-03,
6.27841e+04,1.69868e+08,1.27139e-01,2.30966e+00,8.60402e-03,
1.15367e+04,1.69880e+08,6.58310e-01,3.50104e+00,4.60123e-03,
2.13378e+04,1.69901e+08,2.90442e-01,2.10254e-01,2.30093e-03,
1.26969e+04,1.69914e+08,7.56218e-01,4.06569e+00,6.08919e-03,
3.21135e+04,1.69946e+08,5.96248e-01,5.87369e+00,2.34576e-03,
1.67659e+04,1.69963e+08,1.20790e+00,5.85384e+00,-6.82297e-03,
3.88688e+04,1.70001e+08,2.52005e-01,5.47582e+00,9.57770e-04,
4.58988e+04,1.70047e+08,2.36954e-01,8.95904e-01,4.53242e-03,
1.55976e+04,1.70063e+08,6.98156e-01,5.58084e+00,-4.25126e-04,
2.36912e+04,1.70087e+08,2.69566e-01,3.73119e+00,8.59632e-03,
3.36616e+04,1.70120e+08,6.18562e-01,4.99173e+00,1.36524e-03,
1.50483e+04,1.70135e+08,5.66575e-01,3.39756e-01,3.59003e-03,
4.02124e+04,1.70175e+08,6.63322e-01,6.97069e-01,4.70995e-03,
2.40738e+05,1.70416e+08,1.06524e-01,6.57061e-02,4.87476e-03,
2.78096e+04,1.70444e+08,6.24504e-01,5.78361e+00,-7.01834e-03,
2.06427e+04,1.70465e+08,2.17090e+00,4.92270e+00,8.52202e-04,
4.80821e+04,1.70513e+08,5.70857e-02,4.41633e+00,-3.04103e-03,
1.53428e+04,1.70528e+08,4.95278e-01,4.07834e+00,4.28722e-03,
1.57802e+04,1.70544e+08,2.06387e-01,4.82329e+00,9.38482e-03,
1.46586e+06,1.72010e+08,2.85662e-01,2.31135e+00,-6.37878e-03,
3.31213e+04,1.72043e+08,1.50343e+00,4.38651e+00,5.24944e-03,
1.30464e+04,1.72056e+08,4.11940e-01,5.70882e-01,9.00083e-03,
1.13954e+04,1.72067e+08,5.67173e-01,5.48737e+00,2.98498e-03,
2.51374e+04,1.72092e+08,1.08401e+00,4.20259e+00,-6.56002e-03,
1.36102e+04,1.72106e+08,1.92344e-01,5.90912e+00,7.55023e-03,
3.46539e+04,1.72141e+08,7.74631e-02,3.76645e+00,-5.98385e-03,
1.37294e+04,1.72154e+08,6.86360e-01,5.26743e-01,-4.10064e-03,
2.08360e+04,1.72175e+08,1.68933e-01,4.21778e+00,1.61982e-03,
1.14321e+04,1.72187e+08,2.50135e-01,5.13464e+00,-3.57044e-03,
2.07287e+04,1.72207e+08,3.46534e-01,5.60657e+00,-5.73386e-03,
6.32847e+05,1.72840e+08,2.38989e-02,5.93704e+00,-2.78711e-03,
7.97612e+04,1.72920e+08,7.25566e-01,5.01747e+00,1.16952e-03,
1.06517e+04,1.72931e+08,7.17665e-01,3.92912e+00,3.71341e-03,
1.60996e+04,1.72947e+08,6.10023e-01,3.53133e+00,3.89358e-03,
2.69359e+04,1.72974e+08,4.97871e-01,1.13451e+00,-9.58476e-03,
1.12616e+04,1.72985e+08,2.74165e-01,4.23377e+00,-3.89862e-03,
3.49752e+04,1.73020e+08,1.30677e+00,2.74510e+00,-4.90197e-03,
2.32182e+04,1.73043e+08,1.83940e-01,2.78523e-01,-6.84736e-03,
1.15134e+04,1.73055e+08,3.71517e-01,5.21545e+00,4.22322e-03,
1.04853e+04,1.73065e+08,5.64629e-01,1.55265e+00,-6.52276e-03,
1.69847e+04,1.73082e+08,9.67495e-01,5.65802e+00,1.70974e-03,
1.55469e+04,1.73098e+08,2.00535e-01,6.25360e+00,4.57283e-03,
1.15367e+04,1.73109e+08,6.54400e-01,5.89589e+00,7.39044e-03,
1.09841e+04,1.73120e+08,4.89905e-02,2.11352e+00,-4.17476e-03,
2.02191e+04,1.73140e+08,1.01755e+00,2.24037e+00,9.89047e-03,
9.60594e+05,1.74101e+08,6.82486e-01,2.49449e+00,-8.54267e-03,
4.15396e+05,1.74516e+08,3.48691e-01,1.93444e+00,-4.95741e-03,
1.09255e+04,1.74527e+08,6.32104e-01,2.06595e+00,-7.74003e-04,
1.16961e+04,1.74539e+08,1.93391e+00,2.57060e+00,-6.24334e-03,
1.25129e+04,1.74552e+08,7.76584e-01,5.74111e+00,-1.90245e-03,
4.03788e+04,1.74592e+08,3.95083e-01,5.55038e+00,-3.34725e-03,
1.52401e+05,1.74744e+08,4.63167e-01,6.12359e+00,-6.36735e-03,
1.04642e+04,1.74755e+08,5.44145e-01,2.32767e+00,-6.13102e-03,
1.14495e+04,1.74766e+08,1.03531e+00,4.21581e+00,-8.45693e-03,
6.59493e+04,1.74832e+08,8.16434e-01,4.88135e-01,-5.82591e-03,
3.76556e+04,1.74870e+08,2.86383e-01,7.85079e-01,9.08642e-03,
1.48959e+04,1.74885e+08,5.65800e-02,6.43745e-01,-2.52577e-03,
3.48997e+04,1.74920e+08,5.25623e-01,2.87967e+00,-6.97820e-03,
2.41548e+04,1.74944e+08,4.72887e-01,2.20550e+00,2.86846e-03,
1.07953e+04,1.74955e+08,3.97789e-01,4.59591e+00,-3.61271e-03,
2.21115e+04,1.74977e+08,7.82685e-01,4.62461e-01,9.68723e-03,
5.13609e+04,1.75028e+08,9.11361e-01,4.99156e+00,8.38098e-03,
1.21343e+04,1.75040e+08,4.45177e-01,4.38469e-01,-3.39882e-03,
1.36002e+04,1.75054e+08,2.72773e-01,2.98248e+00,8.66351e-04,
4.23949e+04,1.75096e+08,7.01741e-01,5.60266e+00,-6.59234e-03,
2.48652e+05,1.75345e+08,5.13587e-01,1.06498e+00,8.94045e-03,
1.40545e+04,1.75359e+08,1.97410e-01,2.23672e+00,-2.80355e-03,
3.11126e+04,1.75390e+08,3.34369e-01,2.63509e+00,-6.01166e-03,
1.13478e+04,1.75401e+08,5.01544e-01,2.52728e+00,-1.16157e-03,
1.16989e+04,1.75413e+08,2.47657e-01,2.47033e+00,6.61410e-04,
2.34995e+04,1.75437e+08,4.44983e-01,5.73368e+00,-8.65431e-03,
1.38172e+04,1.75450e+08,2.75024e-01,3.37211e+00,4.83184e-03,
1.20440e+04,1.75462e+08,1.42902e-01,3.45657e+00,7.35890e-03,
1.99077e+04,1.75482e+08,2.16016e-01,6.65090e-01,-6.40538e-03,
7.37423e+04,1.75556e+08,9.99931e-01,3.89192e+00,6.81200e-03,
1.38576e+04,1.75570e+08,1.24005e-01,4.04558e+00,-3.89871e-03,
4.53302e+04,1.75615e+08,4.48354e-01,3.76179e+00,1.69194e-03,
1.29938e+04,1.75628e+08,2.90715e-01,4.18173e+00,-4.40284e-03,
7.61409e+04,1.75704e+08,1.37919e-01,3.02978e+00,3.26062e-03,
3.85817e+04,1.75743e+08,5.25799e-01,1.77682e+00,5.57309e-03,
1.72173e+04,1.75760e+08,6.31904e-01,2.14466e+00,3.35288e-04,
5.21303e+04,1.75812e+08,1.22303e+00,1.51296e+00,-8.09249e-04,
7.40920e+04,1.75886e+08,1.09780e+00,4.36380e+00,-9.03253e-03,
1.50012e+04,1.75901e+08,4.84534e-01,1.31947e-01,6.74773e-03,
4.60720e+04,1.75948e+08,1.51472e-01,7.51178e-02,4.28532e-03,
1.16594e+04,1.75959e+08,6.10675e-01,1.44133e+00,-5.12150e-04,
1.39968e+05,1.76099e+08,9.58941e-01,3.31770e+00,-5.91443e-03,
8.84333e+04,1.76188e+08,2.09178e-01,1.96140e+00,1.31793e-03,
1.85480e+04,1.76206e+08,9.53042e-01,4.24164e+00,4.55597e-03,
2.71643e+04,1.76233e+08,5.57534e-01,5.92575e-01,5.21574e-04,
5.13500e+04,1.76285e+08,8.75645e-01,4.51114e+00,7.85392e-03,
6.82126e+04,1.76353e+08,2.88984e-01,5.38128e-01,7.82141e-03,
1.06525e+04,1.76364e+08,1.48661e+00,3.52735e+00,5.50671e-04,
9.32036e+04,1.76457e+08,8.81847e-01,1.10771e+00,-3.24696e-03,
1.17266e+04,1.76468e+08,6.47316e-01,2.83951e+00,2.47545e-03,
5.47785e+04,1.76523e+08,6.34558e-01,3.83999e+00,3.51334e-03,
8.37176e+05,1.77360e+08,3.12865e-01,1.87472e+00,-7.71864e-03,
1.27644e+04,1.77373e+08,7.57904e-01,6.34507e-01,-4.10529e-03,
5.12003e+04,1.77424e+08,5.81216e-01,1.84277e+00,1.01516e-03,
1.06260e+05,1.77531e+08,1.24619e-01,9.97209e-02,6.72284e-03,
5.02460e+04,1.77581e+08,6.42139e-01,5.34632e+00,8.94715e-03,
1.52529e+04,1.77596e+08,1.50842e-01,5.51422e+00,-7.17038e-03,
2.16110e+04,1.77618e+08,4.82486e-01,6.22832e+00,-2.37953e-03,
1.62135e+04,1.77634e+08,1.63209e-01,3.08545e+00,-5.92784e-03,
1.04112e+04,1.77644e+08,6.26838e-01,3.71347e+00,6.58007e-04,
1.07446e+04,1.77655e+08,3.18569e-01,4.62776e+00,2.72307e-04,
1.95611e+04,1.77675e+08,3.18055e-01,3.56315e+00,-8.70656e-03,
1.77237e+04,1.77692e+08,9.54278e-01,1.13804e+00,-3.63643e-03,
1.57386e+04,1.77708e+08,1.15973e+00,5.89184e+00,-8.24234e-03,
7.29297e+04,1.77781e+08,3.61019e-01,4.83439e+00,-9.76585e-03,
4.91798e+04,1.77830e+08,4.04111e-01,2.11919e+00,1.93815e-03,
1.13863e+04,1.77842e+08,9.80588e-01,2.00774e+00,7.41045e-04,
1.33400e+04,1.77855e+08,2.38331e-01,5.39758e+00,7.95279e-03,
1.44879e+04,1.77869e+08,4.53751e-01,4.76331e+00,-2.99471e-03,
7.06179e+04,1.77940e+08,2.47553e+00,1.45115e+00,-2.43817e-03,
1.39751e+05,1.78080e+08,1.16896e-01,3.96552e+00,-4.02211e-04,
7.08256e+04,1.78151e+08,9.18776e-01,4.25186e-02,7.44445e-03,
2.29441e+04,1.78174e+08,5.35095e-01,3.92453e+00,-8.80631e-03,
1.44980e+04,1.78188e+08,8.94632e-01,1.25990e+00,9.63495e-03,
8.49053e+04,1.78273e+08,7.14136e-01,4.03118e+00,5.82395e-03,
3.72844e+04,1.78310e+08,6.73121e-01,5.48034e+00,-2.92963e-03,
1.15326e+04,1.78322e+08,9.38645e-02,1.97004e+00,-2.78266e-03,
1.37930e+04,1.78336e+08,3.88234e-01,4.74209e+00,-5.55519e-03,
4.00651e+04,1.78376e+08,9.31480e-01,3.50877e+00,2.64918e-03,
2.42305e+04,1.78400e+08,1.06460e+00,1.77664e+00,6.21094e-04,
1.98635e+04,1.78420e+08,4.28612e-01,3.38968e+00,-7.41039e-03,
1.54807e+04,1.78435e+08,5.10878e-01,4.49267e+00,-1.52187e-03,
8.66452e+04,1.78522e+08,3.40072e-01,4.81269e+00,-7.26727e-03,
1.58588e+04,1.78538e+08,1.86826e-01,5.74493e+00,7.27051e-03,
7.43880e+04,1.78612e+08,6.34208e-01,4.31221e+00,9.90436e-04,
5.33974e+05,1.79146e+08,3.53807e-01,5.42889e+00,8.54519e-03,
3.44203e+04,1.79181e+08,2.75856e-01,2.59393e+00,9.82437e-03,
2.73643e+04,1.79208e+08,6.47341e-01,5.85252e+00,-7.39815e-04,
3.24754e+04,1.79240e+08,9.76420e-01,4.82547e+00,-8.20661e-03,
6.43994e+04,1.79305e+08,7.49796e-01,2.25642e+00,5.63658e-03,
2.16601e+04,1.79326e+08,1.69590e+00,5.86552e+00,9.24505e-03,
2.63134e+04,1.79353e+08,1.01476e-01,8.93896e-01,9.01379e-03,
4.70024e+04,1.79400e+08,2.18248e+00,6.20350e+00,-9.98623e-03,
1.72471e+04,1.79417e+08,5.02507e-01,4.69159e-01,-1.27220e-03,
1.03178e+05,1.79520e+08,8.79803e-01,6.99621e-01,2.55591e-03,
1.00780e+04,1.79530e+08,3.48928e-01,3.92982e+00,-7.02895e-03,
4.03437e+04,1.79571e+08,5.76801e-01,3.71047e+00,-9.04540e-03,
1.11329e+04,1.79582e+08,6.58972e-01,4.85113e+00,2.00214e-03,
1.78029e+04,1.79600e+08,6.40693e-01,4.57204e+00,-6.94179e-03,
1.16344e+04,1.79611e+08,1.51329e+00,1.74706e+00,6.84405e-03,
1.56864e+04,1.79627e+08,4.01655e-01,4.86396e+00,7.20160e-04,
3.10758e+05,1.79938e+08,1.04948e+00,2.13674e+00,7.37429e-03,
1.13558e+04,1.79949e+08,1.00239e+00,9.99558e-01,-3.60090e-03,
2.14247e+04,1.79970e+08,1.05426e+00,3.31381e+00,-9.78289e-03,
5.01240e+04,1.80021e+08,2.30189e-01,4.19351e+00,-4.18700e-03,
2.24045e+04,1.80043e+08,4.89394e-01,1.01570e+00,1.21996e-03,
2.58602e+04,1.80069e+08,1.57886e+00,3.69821e+00,-5.29268e-03,
1.88132e+04,1.80088e+08,1.52681e+00,3.11915e+00,-7.38865e-03,
1.20235e+04,1.80100e+08,5.47191e-01,2.00165e+00,6.54246e-03,
3.24385e+04,1.80132e+08,9.19737e-01,3.11506e+00,2.21204e-03,
2.14145e+04,1.80153e+08,3.53728e-01,3.64033e+00,9.15465e-03,
1.86326e+04,1.80172e+08,1.43483e-01,3.31757e+00,7.86219e-03,
2.56169e+04,1.80198e+08,3.97699e-01,4.68145e+00,9.07756e-03,
1.13171e+04,1.80209e+08,3.58344e-01,5.58825e+00,-7.30255e-03,
1.87686e+04,1.80228e+08,4.28546e-01,4.01060e-01,4.44353e-03,
1.63655e+05,1.80391e+08,2.77078e-01,2.31200e+00,4.79000e-03,
2.80142e+04,1.80419e+08,1.69745e-01,1.83114e+00,9.09059e-04,
3.54128e+04,1.80455e+08,2.95443e-01,5.11220e+00,4.45073e-03,
8.95277e+04,1.80544e+08,1.18608e+00,3.03717e+00,-9.53147e-03,
1.48950e+04,1.80559e+08,5.88700e-01,5.63759e+00,-5.81985e-03,
1.52951e+05,1.80712e+08,6.42320e-01,9.90100e-01,1.56770e-03,
1.11472e+04,1.80723e+08,9.30376e-01,6.23178e+00,7.87399e-03,
7.81808e+04,1.80802e+08,1.60925e-01,5.67115e+00,3.07689e-03,
2.59274e+04,1.80828e+08,2.18356e-01,5.25734e-01,2.56226e-03,
4.66019e+04,1.80874e+08,1.59162e+00,5.62652e+00,2.88001e-03,
2.35556e+04,1.80898e+08,2.97577e-01,2.06399e+00,-5.75024e-03,
1.72695e+04,1.80915e+08,8.47102e-01,4.72719e+00,8.25638e-03,
1.03660e+04,1.80925e+08,1.73399e-01,3.63145e-01,4.08361e-04,
1.08920e+04,1.80936e+08,8.58801e-01,1.73523e+00,5.74465e-03,
2.76897e+04,1.80964e+08,7.77960e-01,2.54137e+00,-3.15789e-04,
1.16898e+04,1.80976e+08,5.21098e-01,5.72924e+00,6.06010e-03,
3.70070e+05,1.81346e+08,2.41174e-01,2.69052e+00,8.77088e-03,
1.66449e+04,1.81362e+08,1.40934e+00,1.13210e+00,-9.13377e-03,
1.07903e+04,1.81373e+08,8.13598e-01,1.94379e+00,-1.15182e-04,
1.03654e+05,1.81477e+08,3.05952e-01,4.33886e+00,-9.54977e-03,
2.48040e+04,1.81502e+08,9.73375e-01,2.01394e-01,-8.52210e-03,
1.41008e+04,1.81516e+08,1.09814e+00,5.65912e+00,2.98440e-03,
1.82227e+04,1.81534e+08,1.26227e-01,5.15987e+00,-4.38763e-03,
3.60010e+04,1.81570e+08,4.29819e-01,4.24173e-01,1.68084e-03,
1.24901e+04,1.81582e+08,3.33568e-01,2.86602e+00,4.90585e-04,
2.12038e+04,1.81604e+08,5.32648e-01,5.47055e-01,6.41293e-03,
2.04161e+04,1.81624e+08,1.11739e+00,3.90168e+00,-7.84198e-03,
1.82693e+04,1.81642e+08,3.43795e-01,5.04310e+00,-4.95226e-03,
5.21014e+04,1.81694e+08,2.25469e-01,3.49907e+00,6.36885e-03,
2.91742e+04,1.81724e+08,1.07959e-01,4.67435e+00,5.43963e-03,
3.80378e+04,1.81762e+08,3.83695e-01,4.76649e+00,-7.98379e-03,
4.95994e+04,1.81811e+08,1.77302e-01,3.63012e+00,5.90037e-03,
1.27747e+04,1.81824e+08,6.19436e-01,6.14072e+00,-9.95340e-03,
7.66579e+04,1.81901e+08,6.96291e-01,1.13933e+00,4.14396e-03,
2.50366e+04,1.81926e+08,7.15984e-01,4.62952e+00,7.70373e-03,
1.90760e+04,1.81945e+08,2.51801e-01,2.98167e+00,7.59305e-03,
1.29632e+04,1.81958e+08,3.89143e-01,4.75054e+00,9.36907e-03,
1.94763e+04,1.81977e+08,8.15790e-02,3.42546e+00,-4.13319e-04,
3.02694e+05,1.82280e+08,4.19573e-01,5.90306e+00,-5.17484e-03,
1.43656e+05,1.82423e+08,4.85792e-01,1.47261e+00,-8.60686e-03,
8.35625e+05,1.83259e+08,6.13774e-01,5.65619e+00,7.14232e-04,
8.58115e+05,1.84117e+08,2.29167e-01,5.19722e+00,-7.08902e-04,
1.44931e+05,1.84262e+08,2.90367e-01,4.01039e+00,-3.30113e-03,
1.19191e+04,1.84274e+08,1.62885e+00,5.98324e+00,7.36963e-03,
1.27004e+04,1.84287e+08,6.73993e-01,9.17691e-01,1.30479e-03,
2.46793e+05,1.84534e+08,1.08744e+00,4.81424e+00,-8.63842e-03,
1.00206e+04,1.84544e+08,1.42415e-01,2.48140e+00,-4.69545e-03,
1.47407e+04,1.84558e+08,6.89673e-01,2.09864e+00,-2.27456e-03,
1.68155e+04,1.84575e+08,8.14771e-01,5.13752e+00,-5.70961e-03,
2.45422e+04,1.84600e+08,9.85654e-01,5.55715e+00,7.31121e-03,
1.84928e+04,1.84618e+08,3.41295e-01,5.18416e+00,5.71174e-03,
1.22584e+04,1.84630e+08,3.59290e-01,4.58437e+00,-9.54713e-03,
1.03882e+04,1.84641e+08,3.59340e-01,5.34660e+00,4.91117e-04,
1.76592e+04,1.84658e+08,6.26374e-01,1.27893e+00,-9.08647e-03,
1.64003e+04,1.84675e+08,4.98258e-01,2.36382e+00,-1.25639e-03,
1.84112e+04,1.84693e+08,4.00601e-01,5.04582e+00,-2.90362e-03,
8.04446e+04,1.84774e+08,6.73677e-01,2.97371e+00,-8.34928e-03,
1.77108e+04,1.84791e+08,4.95067e-01,4.76315e+00,-4.33866e-04,
3.20416e+04,1.84823e+08,5.34938e-01,9.88275e-01,4.26473e-03,
1.41555e+04,1.84838e+08,4.62731e-01,4.20728e+00,6.83884e-03,
2.79871e+04,1.84866e+08,4.15514e-01,7.78745e-02,3.89612e-03,
1.34651e+05,1.85000e+08,1.01474e+00,3.68104e+00,1.52040e-03,
2.31975e+05,1.85232e+08,1.86262e-01,2.18681e+00,-1.69782e-03,
3.08507e+04,1.85263e+08,1.13558e+00,2.03411e+00,1.18913e-03,
1.31247e+04,1.85276e+08,7.77896e-01,5.26887e+00,-3.76691e-03,
8.18718e+05,1.86095e+08,6.04652e-01,2.53201e+00,-9.25617e-03,
1.00623e+04,1.86105e+08,3.24712e-01,1.47976e+00,1.16477e-03,
2.07442e+04,1.86126e+08,2.66181e-01,4.22431e+00,7.29718e-03,
6.87495e+04,1.86195e+08,1.24095e+00,2.19527e-01,-5.47648e-03,
1.25437e+04,1.86207e+08,4.18267e-01,2.94769e+00,-3.21633e-03,
3.62679e+04,1.86243e+08,3.54977e-02,5.22976e+00,3.77684e-03,
1.78810e+04,1.86261e+08,4.06101e-01,3.61985e+00,7.30057e-03,
3.03808e+04,1.86292e+08,7.05997e-01,5.05324e+00,-6.44026e-03,
1.74086e+05,1.86466e+08,3.23338e-01,5.54777e+00,-4.07370e-03,
2.11672e+05,1.86677e+08,1.38708e+00,3.96134e+00,1.50584e-03,
3.01335e+05,1.86979e+08,6.26693e-01,5.32671e+00,-5.96405e-03,
8.79525e+04,1.87067e+08,3.83045e-01,5.62842e+00,-3.41750e-03,
1.36053e+04,1.87080e+08,2.54347e-01,2.99895e+00,9.90833e-03,
1.69986e+04,1.87097e+08,5.27328e-01,5.90359e+00,3.53503e-03,
4.47421e+05,1.87545e+08,4.15813e-01,2.79039e+00,-7.95850e-03,
6.49032e+04,1.87610e+08,1.58042e+00,4.77590e+00,2.11920e-03,
2.31889e+06,1.89928e+08,2.16020e-01,5.14315e+00,9.95396e-03,
2.20788e+04,1.89951e+08,4.43883e-01,3.27789e+00,-7.66375e-03,
1.08068e+04,1.89961e+08,3.41703e-01,1.89269e+00,-6.84502e-03,
1.94629e+04,1.89981e+08,6.15234e-01,1.04294e+00,-5.36383e-03,
5.07002e+04,1.90031e+08,7.62308e-01,2.99284e+00,-4.49631e-03,
1.04394e+04,1.90042e+08,6.83544e-01,1.13029e+00,2.17442e-03,
1.27879e+04,1.90055e+08,3.28967e-01,2.07751e+00,6.16442e-03,
6.05546e+04,1.90115e+08,8.18787e-01,3.00758e+00,5.46692e-03,
1.16306e+04,1.90127e+08,7.29067e-01,5.73038e+00,-3.78250e-03,
2.47216e+04,1.90152e+08,3.16261e-01,1.81594e+00,9.72538e-03,
1.85389e+04,1.90170e+08,3.35993e-01,3.81652e+00,-4.44456e-03,
2.98430e+04,1.90200e+08,2.38703e+00,4.47759e-01,-1.55230e-03,
6.43320e+04,1.90264e+08,9.96837e-01,1.62723e+00,8.42260e-03,
8.05910e+05,1.91070e+08,9.48534e-01,3.71722e+00,-1.26764e-03,
7.61613e+04,1.91146e+08,1.79162e-01,5.33218e+00,-1.58164e-03,
1.51560e+04,1.91162e+08,4.49274e-01,2.11246e+00,-7.57035e-03,
1.03974e+06,1.92201e+08,1.01650e+00,1.38050e+00,6.77305e-03,
1.58141e+04,1.92217e+08,6.56326e-01,2.19492e+00,-1.12392e-03,
1.36555e+04,1.92231e+08,3.18453e-01,6.08032e+00,-4.62250e-03,
1.27244e+04,1.92244e+08,8.59918e-02,1.62291e+00,-2.88528e-03,
2.22400e+04,1.92266e+08,5.62159e-01,3.77716e+00,-2.33827e-03,
1.53182e+04,1.92281e+08,5.14429e-01,4.18224e+00,3.73603e-03,
1.14092e+04,1.92292e+08,4.45965e-01,2.07924e-01,-4.27903e-03,
4.00068e+04,1.92332e+08,3.68359e-02,4.64088e+00,6.58082e-03,
8.27377e+04,1.92415e+08,5.85317e-01,5.16606e+00,-4.70190e-03,
4.28953e+04,1.92458e+08,8.75509e-01,4.03358e-01,4.02455e-03,
1.34463e+04,1.92472e+08,2.73675e-01,1.41532e+00,6.27799e-03,
1.77771e+05,1.92649e+08,7.25354e-01,2.48600e+00,9.78412e-03,
1.64610e+04,1.92666e+08,1.17492e+00,1.37474e-01,-8.35990e-03,
1.55006e+04,1.92681e+08,2.92661e-01,3.83816e-01,7.92244e-04,
1.34650e+04,1.92695e+08,1.75644e-01,9.60048e-01,2.14536e-03,
3.34979e+05,1.93030e+08,1.15579e+00,4.58798e+00,6.72516e-03,
1.53476e+04,1.93045e+08,4.43451e-01,1.81992e+00,-6.90581e-03,
2.45072e+04,1.93070e+08,4.77394e-01,3.76182e+00,-2.14068e-03,
3.99020e+04,1.93109e+08,5.34087e-01,5.44438e+00,-6.03197e-03,
2.25696e+04,1.93132e+08,5.82173e-01,2.34912e+00,-5.21405e-03,
3.39075e+04,1.93166e+08,5.37906e-01,4.49842e+00,9.25568e-03,
4.17210e+04,1.93208e+08,1.42934e-01,1.40311e+00,9.08652e-03,
5.39423e+04,1.93262e+08,7.39131e-01,5.70770e+00,6.06730e-03,
1.20883e+04,1.93274e+08,9.97730e-01,3.96277e+00,2.91010e-03,
1.65466e+04,1.93290e+08,5.72916e-01,3.64778e+00,-9.59451e-03,
1.33777e+04,1.93304e+08,6.77693e-01,4.67828e+00,6.55605e-03,
2.39732e+04,1.93328e+08,3.72424e-01,2.83931e+00,2.79941e-03,
1.64585e+04,1.93344e+08,1.69299e-01,1.36057e+00,3.11957e-03,
1.55699e+04,1.93360e+08,1.38142e+00,1.21225e+00,8.30480e-03,
1.31506e+04,1.93373e+08,2.77404e-01,2.28686e+00,-2.76511e-03,
1.36754e+04,1.93386e+08,8.06925e-01,2.32821e+00,5.77044e-04,
5.79089e+04,1.93444e+08,3.73561e-01,5.83404e+00,3.92066e-03,
5.27870e+04,1.93497e+08,4.17062e-01,2.80586e+00,7.90925e-03,
1.78390e+04,1.93515e+08,8.76297e-01,5.75348e+00,-7.33099e-03,
1.86054e+06,1.95376e+08,9.54158e-01,5.74845e+00,-8.18288e-03,
3.02461e+04,1.95406e+08,5.65266e-02,2.67582e+00,-1.98557e-03,
1.46476e+04,1.95420e+08,1.01104e+00,2.79426e+00,-3.72538e-03,
1.65127e+04,1.95437e+08,2.45604e-01,6.15963e+00,-6.71558e-03,
2.22083e+04,1.95459e+08,8.51337e-01,3.16939e+00,-6.09633e-03,
3.45949e+04,1.95494e+08,1.90989e-01,3.06116e+00,3.39526e-03,
1.17281e+04,1.95505e+08,6.19160e-01,3.26015e+00,4.15012e-03,
6.22669e+04,1.95568e+08,1.28442e-01,2.22945e+00,-8.00131e-05,
1.29858e+04,1.95581e+08,5.93409e-01,1.86110e-01,9.72761e-03,
1.30420e+04,1.95594e+08,3.66733e-01,6.03021e+00,4.63020e-03,
1.30079e+04,1.95607e+08,5.36419e-01,1.39739e+00,6.41667e-03,
3.72780e+04,1.95644e+08,1.52884e+00,6.90836e-01,5.71931e-03,
1.42003e+04,1.95658e+08,2.72636e-01,3.13519e+00,1.20047e-03,
1.99372e+04,1.95678e+08,5.33351e-02,3.22730e+00,4.76520e-04,
2.34788e+04,1.95702e+08,2.54176e-01,1.19613e+00,9.85658e-03,
1.71422e+04,1.95719e+08,5.48826e-01,3.25685e+00,-9.45382e-03,
1.00680e+04,1.95729e+08,3.69746e-02,3.93393e-01,9.06809e-03,
4.03074e+04,1.95769e+08,8.39611e-01,4.05141e+00,5.44045e-03,
1.94077e+04,1.95789e+08,3.66125e-01,4.67327e+00,-7.92082e-03,
2.66710e+05,1.96055e+08,6.17540e-01,8.76096e-01,4.04472e-03,
1.13688e+04,1.96067e+08,3.33088e-01,3.89714e+00,-4.71436e-03,
1.20367e+05,1.96187e+08,1.40410e-01,3.72262e+00,-7.18772e-03,
1.84047e+04,1.96205e+08,3.70619e-01,6.24598e+00,8.66080e-03,
1.65345e+04,1.96222e+08,1.25167e-01,6.31398e-01,-2.96790e-03,
1.07119e+04,1.96233e+08,8.98791e-01,6.33113e-01,5.69137e-03,
1.23991e+04,1.96245e+08,1.03298e-01,5.92004e+00,9.07371e-03,
1.30738e+04,1.96258e+08,9.07306e-01,2.07291e+00,-6.05187e-03,
1.76770e+04,1.96276e+08,1.35863e-01,4.21607e+00,-1.93349e-03,
2.81121e+04,1.96304e+08,8.91433e-01,4.98352e+00,8.82847e-03,
2.02973e+04,1.96324e+08,9.01439e-01,3.83807e+00,-7.99616e-03,
1.38040e+04,1.96338e+08,1.29687e+00,7.58005e-01,4.88699e-03,
5.34670e+05,1.96873e+08,5.09394e-02,1.94628e+00,-3.36379e-03,
1.08559e+04,1.96884e+08,2.02234e+00,2.14874e+00,7.50311e-03,
6.67330e+04,1.96950e+08,4.99212e-01,4.11274e+00,-5.86471e-03,
1.23001e+04,1.96963e+08,5.68770e-01,2.46807e+00,-5.22998e-03,
1.09515e+04,1.96974e+08,4.76190e-01,5.82080e+00,4.52234e-03,
2.78641e+04,1.97001e+08,2.63558e-01,2.39224e+00,6.54921e-03,
1.05039e+04,1.97012e+08,1.45579e-01,1.65641e+00,5.49807e-03,
1.16099e+04,1.97024e+08,7.76318e-01,4.69191e+00,-4.90140e-03,
3.10565e+04,1.97055e+08,4.90111e-01,1.63876e+00,5.16315e-03,
3.17749e+04,1.97086e+08,1.99567e-01,8.62425e-01,2.29566e-03,
1.42360e+04,1.97101e+08,1.21886e+00,2.25683e+00,3.66530e-03,
1.39933e+04,1.97115e+08,1.02363e+00,4.54147e-04,-9.56951e-03,
6.72795e+04,1.97182e+08,1.08335e+00,1.30716e+00,1.34376e-03,
1.12836e+04,1.97193e+08,4.53509e-01,3.10100e+00,8.62127e-03,
4.74210e+04,1.97241e+08,4.36094e-01,2.27248e+00,4.67052e-03,
9.66004e+04,1.97337e+08,1.82489e-01,2.49917e+00,-8.23516e-03,
1.81488e+04,1.97355e+08,3.51578e-01,2.84615e+00,-1.09541e-03,
5.75544e+04,1.97413e+08,9.24623e-01,4.86153e+00,-6.55470e-03,
3.48101e+04,1.97448e+08,6.34477e-01,3.61420e+00,-7.53328e-03,
4.08295e+05,1.97856e+08,3.04805e-01,4.14218e+00,7.22875e-04,
1.52630e+05,1.98009e+08,7.65512e-02,5.06167e+00,-8.12053e-03,
2.04666e+04,1.98029e+08,2.04422e-01,1.30444e+00,-1.73043e-03,
1.28175e+04,1.98042e+08,2.11576e-01,8.14565e-01,8.75604e-03,
2.30820e+04,1.98065e+08,2.96162e-01,4.41041e+00,4.60138e-03,
1.38576e+04,1.98079e+08,3.54923e-01,1.04267e+00,9.46577e-04,
1.75022e+05,1.98254e+08,3.62598e-01,4.93435e+00,3.16837e-03,
4.56354e+04,1.98300e+08,4.44730e-01,1.90490e+00,-9.18418e-03,
1.07323e+04,1.98310e+08,7.85180e-02,2.27728e-01,-7.64934e-03,
1.31822e+04,1.98323e+08,4.59826e-01,1.82043e+00,-2.22432e-03,
1.04377e+04,1.98334e+08,1.33428e+00,2.05181e+00,5.03325e-04,
6.95174e+04,1.98403e+08,6.12307e-01,2.06124e-01,-7.95479e-03,
7.74958e+04,1.98481e+08,1.51768e+00,8.09688e-01,-8.76227e-03,
1.34047e+04,1.98494e+08,6.63390e-01,3.42048e+00,5.71857e-03,
2.80325e+04,1.98522e+08,3.72996e-01,3.91028e-02,5.64890e-03,
1.15115e+04,1.98534e+08,5.45765e-01,3.95668e-01,-1.78774e-03,
1.40868e+04,1.98548e+08,5.54861e-01,1.52266e+00,-1.20209e-03,
1.79499e+04,1.98566e+08,1.27494e+00,2.27185e+00,-2.12037e-03,
4.54651e+04,1.98611e+08,1.94206e+00,3.45136e+00,-8.16296e-03,
1.37044e+04,1.98625e+08,2.96900e-01,4.03620e+00,-5.06880e-03,
7.08584e+04,1.98696e+08,8.61711e-01,6.07046e+00,-7.38662e-03,
2.27720e+04,1.98719e+08,5.50684e-02,2.86584e+00,-4.83217e-03,
1.03849e+04,1.98729e+08,3.35029e-01,6.14306e+00,8.15865e-03,
1.25764e+04,1.98742e+08,5.24517e-01,6.04914e+00,6.29146e-03,
2.01913e+04,1.98762e+08,3.67863e-01,9.27911e-01,1.75587e-03,
1.62620e+04,1.98778e+08,9.59422e-01,4.91839e+00,-9.57371e-03,
1.08193e+05,1.98886e+08,8.53236e-01,1.71125e+00,-4.52045e-04,
1.98498e+04,1.98906e+08,2.46429e-01,1.13165e+00,6.99850e-03,
1.16216e+04,1.98918e+08,2.64603e-01,3.21701e+00,-6.40753e-03,
1.11285e+04,1.98929e+08,6.86954e-01,3.55579e+00,-7.64724e-04,
1.38476e+04,1.98943e+08,6.10336e-01,4.22889e+00,9.72025e-03,
1.98089e+04,1.98963e+08,2.64205e-01,2.30208e+00,3.88829e-03,
1.22929e+04,1.98975e+08,1.23204e-01,5.98109e+00,-8.51926e-03,
1.50437e+04,1.98990e+08,1.18409e-01,2.65688e+00,-7.21411e-04,
8.38138e+04,1.99074e+08,7.68499e-01,5.46658e+00,1.58525e-03,
3.63527e+04,1.99110e+08,1.96717e+00,3.85316e+00,-3.78594e-03,
1.38841e+04,1.99124e+08,7.40238e-01,2.35006e+00,9.00862e-03,
1.63628e+04,1.99140e+08,7.72594e-01,4.51490e+00,-7.16133e-03,
1.17760e+04,1.99152e+08,6.38606e-01,4.21330e+00,9.92074e-04,
2.23878e+04,1.99174e+08,2.96701e-01,2.61844e+00,-5.24875e-03,
1.28131e+05,1.99303e+08,7.72400e-01,3.07168e+00,7.81827e-03,
1.88313e+04,1.99321e+08,4.95712e-01,1.43524e+00,-8.02784e-03,
4.48590e+04,1.99366e+08,1.28358e+00,6.20814e-01,1.43702e-03,
9.00306e+04,1.99456e+08,2.69563e-01,1.00370e+00,-9.09755e-03,
1.12046e+04,1.99468e+08,1.14669e+00,1.57074e+00,-1.00989e-03,
4.59850e+04,1.99513e+08,4.31656e-01,1.22051e+00,-9.61019e-03,
2.03162e+04,1.99534e+08,3.36358e-01,1.59018e+00,5.93851e-03,
6.46753e+05,2.00181e+08,5.94930e-01,2.36920e-01,1.92498e-04,
1.11760e+04,2.00192e+08,1.20086e+00,4.45439e+00,-4.25895e-04,
1.68886e+04,2.00209e+08,2.76116e-01,5.40086e+00,8.90265e-03,
1.26693e+04,2.00221e+08,1.64862e-01,3.54144e+00,-1.01858e-03,
1.08008e+04,2.00232e+08,9.96343e-01,3.23810e+00,3.82544e-03,
1.06910e+04,2.00243e+08,5.03705e-01,3.69440e+00,8.80858e-03,
1.18548e+04,2.00255e+08,1.09552e-01,5.84604e+00,7.87600e-03,
2.44310e+04,2.00279e+08,3.58132e-01,4.72220e+00,-4.81935e-03,
2.09110e+05,2.00488e+08,2.15465e-01,3.90774e-01,-3.67007e-03,
1.11974e+04,2.00499e+08,2.58056e-01,4.19443e+00,-6.67647e-03,
1.02139e+04,2.00510e+08,3.59959e-01,4.33676e+00,8.54885e-03,
2.25992e+04,2.00532e+08,6.00352e-01,2.27840e+00,6.84799e-03,
1.75355e+04,2.00550e+08,4.20439e-01,2.54424e-01,7.08572e-03,
3.52798e+05,2.00903e+08,9.74348e-01,9.46212e-01,9.63232e-03,
1.12187e+04,2.00914e+08,9.31998e-02,5.91136e-01,7.21541e-03,
1.58442e+04,2.00930e+08,2.79613e-01,5.41051e+00,3.56254e-03,
3.56390e+04,2.00965e+08,2.70322e-01,5.00438e+00,-9.71765e-03,
2.38826e+04,2.00989e+08,1.01662e+00,6.27179e+00,-9.14625e-05,
1.35407e+04,2.01003e+08,3.52266e-01,2.16535e+00,3.37634e-03,
1.08812e+04,2.01014e+08,2.96161e-01,3.53731e-01,2.40983e-03,
5.70456e+04,2.01071e+08,5.18151e-01,7.03267e-01,-5.66746e-03,
1.20181e+04,2.01083e+08,5.51827e-01,6.18229e+00,-2.00464e-03,
3.38609e+04,2.01116e+08,4.99350e-01,4.85237e+00,6.52408e-03,
9.33729e+04,2.01210e+08,6.90295e-01,1.41066e+00,-5.80154e-03,
2.69824e+04,2.01237e+08,4.46594e-01,1.82057e+00,9.87456e-03,
7.20852e+04,2.01309e+08,2.27023e-01,2.70961e+00,1.76634e-03,
1.00877e+04,2.01319e+08,4.97190e-01,4.57781e+00,2.68327e-03,
1.13096e+04,2.01330e+08,7.55275e-01,5.70335e+00,2.78340e-03,
1.11141e+04,2.01341e+08,9.33016e-01,4.37488e+00,5.22090e-03,
1.79124e+04,2.01359e+08,4.38298e-01,2.34237e+00,-4.92334e-03,
1.05474e+04,2.01370e+08,1.72451e+00,2.98294e+00,-8.42858e-04,
4.63705e+04,2.01416e+08,1.03475e+00,2.96539e+00,6.06829e-03,
1.95961e+05,2.01612e+08,1.02367e+00,1.33702e+00,-4.30261e-03,
7.70170e+04,2.01689e+08,8.03262e-01,2.26780e+00,-2.84675e-03,
1.94837e+04,2.01709e+08,3.18712e-01,8.76793e-01,-9.89895e-03,
2.51355e+04,2.01734e+08,4.06048e-01,5.48701e+00,2.98947e-03,
1.66548e+04,2.01750e+08,1.33311e+00,1.56134e+00,8.40500e-03,
1.40179e+04,2.01765e+08,5.15553e-01,3.13768e-01,-4.29900e-03,
1.67055e+04,2.01781e+08,1.37365e-01,2.62075e+00,-5.67722e-03,
1.62761e+04,2.01797e+08,3.07227e-01,5.63222e+00,-2.06672e-03,
3.76901e+04,2.01835e+08,2.33494e-01,4.50834e+00,-9.57412e-03,
1.23219e+04,2.01848e+08,2.55901e-01,5.49690e+00,7.77620e-03,
1.03517e+04,2.01858e+08,3.04881e-01,5.98105e+00,-4.85004e-04,
1.24185e+04,2.01870e+08,6.29013e-01,3.22968e+00,-1.98770e-03,
1.58094e+04,2.01886e+08,1.30501e-01,1.88352e+00,7.99323e-03,
1.32427e+04,2.01899e+08,1.18136e+00,5.09609e+00,-1.89810e-03,
2.52275e+04,2.01925e+08,2.58235e-01,5.83636e+00,-1.83210e-03,
9.91464e+04,2.02024e+08,1.37664e-01,4.68132e+00,-1.31440e-03,
1.90164e+04,2.02043e+08,1.67978e-01,1.19575e+00,5.00664e-03,
3.02666e+04,2.02073e+08,9.11682e-01,2.50225e+00,6.93396e-03,
7.03837e+04,2.02143e+08,9.28186e-01,1.70795e+00,3.81625e-03,
1.27809e+04,2.02156e+08,3.83043e-01,4.05513e+00,9.62276e-03,
1.62126e+04,2.02172e+08,1.35698e+00,5.93861e+00,7.02360e-03,
1.48689e+04,2.02187e+08,2.50167e-01,8.88492e-01,-5.93847e-03,
2.60816e+04,2.02213e+08,9.13644e-01,2.13518e+00,-8.92260e-03,
1.11751e+04,2.02224e+08,6.62809e-01,1.97186e+00,-6.64572e-03,
6.20561e+04,2.02287e+08,1.13694e-01,3.86429e+00,7.57291e-03,
1.51714e+05,2.02438e+08,1.78262e-01,1.19005e+00,-1.67587e-03,
1.87181e+04,2.02457e+08,7.92686e-01,3.78538e+00,-4.04664e-03,
2.39776e+04,2.02481e+08,7.04456e-01,4.39514e+00,-4.42753e-03,
1.13496e+04,2.02492e+08,5.47118e-01,1.96010e+00,5.22247e-03,
1.66867e+04,2.02509e+08,7.30954e-01,1.44734e+00,-7.13368e-03,
3.62825e+04,2.02545e+08,4.37044e-01,3.12220e+00,-4.53767e-03,
1.25741e+04,2.02558e+08,4.99373e-01,5.72514e+00,9.58760e-03,
1.44351e+04,2.02572e+08,2.49808e-01,1.30844e+00,-3.29978e-03,
6.25682e+04,2.02635e+08,1.58720e+00,3.03291e+00,-8.21628e-04,
2.35101e+04,2.02658e+08,2.46141e-01,1.56531e+00,1.91928e-04,
4.21279e+04,2.02700e+08,9.99617e-01,1.02319e+00,4.55205e-03,
2.74759e+04,2.02728e+08,8.20053e-01,1.66422e+00,8.68967e-03,
1.21364e+04,2.02740e+08,1.00435e-01,6.25902e+00,2.13456e-03,
1.09099e+04,2.02751e+08,5.50471e-02,3.29448e+00,9.32666e-04,
1.43444e+04,2.02765e+08,1.10213e+00,2.39008e+00,7.82804e-04,
1.81983e+04,2.02784e+08,1.03337e+00,3.31441e+00,7.85331e-03,
2.08091e+04,2.02804e+08,3.78032e-01,3.51476e-01,8.13215e-03,
2.58672e+04,2.02830e+08,7.83331e-01,1.12521e+00,-4.28993e-03,
2.77696e+04,2.02858e+08,4.61333e-01,4.84255e+00,6.95237e-03,
2.01273e+04,2.02878e+08,6.44556e-01,1.68089e-01,4.24336e-04,
5.36798e+04,2.02932e+08,2.01098e+00,5.51895e+00,1.52528e-03,
5.21078e+04,2.02984e+08,5.73541e-01,4.97168e+00,-6.06050e-03,
2.57385e+04,2.03010e+08,4.37866e-01,5.86066e+00,-3.76658e-04,
1.09329e+04,2.03021e+08,2.60187e-01,2.91688e+00,3.21296e-03,
1.89354e+04,2.03040e+08,1.04756e-01,4.17769e+00,-3.13566e-03,
3.45356e+04,2.03074e+08,6.07371e-01,1.38040e+00,-3.90376e-03,
3.93434e+04,2.03113e+08,9.29038e-01,3.25899e+00,7.48922e-03,
2.86116e+04,2.03142e+08,3.54659e-01,2.53475e+00,9.42939e-03,
1.15233e+04,2.03154e+08,1.93116e-01,5.11094e+00,-5.68052e-03,
1.02568e+04,2.03164e+08,4.45185e-01,2.09277e+00,8.69568e-03,
1.37037e+04,2.03177e+08,4.04380e-01,8.16296e-01,9.57441e-03,
1.66581e+04,2.03194e+08,2.15404e-01,4.26538e+00,1.21113e-03,
1.25539e+04,2.03207e+08,2.03605e-01,4.83407e+00,2.66994e-03,
4.35553e+04,2.03250e+08,6.94755e-01,2.89708e+00,-7.46360e-04,
3.72389e+04,2.03287e+08,4.65745e-01,2.81818e-01,-4.91770e-03,
1.12054e+04,2.03299e+08,1.61353e-01,4.24007e+00,6.92616e-03,
1.09443e+04,2.03310e+08,4.15139e-01,6.14249e+00,-1.18425e-03,
1.07061e+06,2.04380e+08,3.04961e-01,6.11723e-01,-7.56265e-03,
1.12352e+04,2.04391e+08,1.38801e-01,5.03498e+00,-7.65610e-03,
3.03024e+04,2.04422e+08,8.75121e-01,3.82220e+00,-9.67217e-03,
1.67310e+04,2.04439e+08,2.73066e-01,4.35672e-01,-8.06885e-03,
1.07591e+04,2.04449e+08,6.19643e-01,4.24387e+00,-3.81530e-03,
3.04133e+05,2.04753e+08,9.30475e-01,3.90361e+00,-1.09259e-03,
2.24750e+04,2.04776e+08,8.30414e-01,4.64034e+00,-8.35137e-03,
4.72513e+04,2.04823e+08,3.20272e-01,1.77955e+00,9.82661e-03,
1.38941e+04,2.04837e+08,6.55349e-01,3.30275e+00,8.84467e-03,
1.79901e+04,2.04855e+08,2.89119e-01,6.05541e-01,9.90159e-03,
1.30024e+04,2.04868e+08,3.72411e-01,1.63644e+00,-1.52821e-03,
1.72578e+04,2.04885e+08,2.24770e-01,8.60559e-01,-1.81013e-04,
4.22423e+04,2.04928e+08,3.34647e-01,5.88746e+00,3.77010e-03,
2.36176e+04,2.04951e+08,2.04365e-01,3.57595e+00,1.05091e-04,
1.89285e+04,2.04970e+08,5.60000e-01,4.97482e+00,-1.21954e-03,
1.19809e+06,2.06168e+08,2.74533e-01,4.93608e+00,-6.57237e-03,
1.09855e+04,2.06179e+08,2.36897e-01,3.02023e+00,-2.55931e-03,
1.62602e+04,2.06195e+08,6.11497e-01,3.67509e-01,-3.73656e-03,
1.45425e+04,2.06210e+08,2.84546e-01,5.55522e+00,-4.49082e-04,
3.03530e+04,2.06240e+08,4.99614e-01,2.16770e+00,2.12469e-03,
1.12384e+04,2.06252e+08,1.51457e-01,3.88683e+00,8.52053e-03,
2.58094e+05,2.06510e+08,9.17183e-02,1.92992e-01,1.95970e-03,
9.88583e+04,2.06608e+08,5.32578e-01,3.37781e+00,6.21847e-03,
1.06863e+04,2.06619e+08,3.40113e-01,8.27651e-01,6.59275e-04,
1.16716e+04,2.06631e+08,7.30358e-01,4.99931e+00,-4.53696e-03,
1.06850e+04,2.06642e+08,2.75660e-01,3.58291e+00,-6.46945e-03,
1.39835e+05,2.06781e+08,1.91935e-01,2.39678e+00,7.94476e-03,
2.15818e+04,2.06803e+08,1.88337e-02,5.86323e+00,-9.31707e-03,
7.37325e+05,2.07540e+08,2.44771e-01,5.74377e+00,-7.35383e-03,
1.14410e+04,2.07552e+08,2.76043e-01,6.25401e+00,4.62572e-03,
3.48830e+04,2.07587e+08,5.24931e-01,7.27822e-01,9.57005e-03,
1.23435e+04,2.07599e+08,2.04484e-01,1.12871e+00,1.89877e-03,
6.28467e+04,2.07662e+08,7.07201e-01,3.72627e+00,2.72341e-03,
1.09505e+04,2.07673e+08,6.96917e-01,1.10604e-01,3.09750e-03,
1.50144e+04,2.07688e+08,1.38077e-01,1.61836e+00,-6.96150e-03,
2.85821e+05,2.07974e+08,4.32730e-01,4.13704e+00,5.24376e-03,
2.03823e+04,2.07994e+08,9.54882e-01,6.42907e-01,1.73650e-03,
1.42072e+04,2.08008e+08,1.29909e+00,9.88602e-01,-9.05432e-03,
1.41371e+04,2.08022e+08,8.97199e-01,6.12818e+00,-5.42407e-04,
1.10042e+04,2.08033e+08,6.84397e-01,4.92258e-01,-5.69348e-03,
1.12186e+04,2.08045e+08,7.25550e-02,5.95501e+00,-3.07075e-03,
2.76280e+04,2.08072e+08,3.34660e-01,6.91714e-01,3.46251e-03,
2.14563e+04,2.08094e+08,3.99700e-01,7.41527e-01,-6.81930e-03,
1.07025e+05,2.08201e+08,2.23967e-01,4.84476e+00,-1.54611e-03,
1.29553e+04,2.08214e+08,5.65115e-01,5.05648e+00,6.39703e-03,
1.04994e+06,2.09264e+08,1.56316e+00,1.75987e+00,8.98845e-03,
2.19139e+04,2.09285e+08,6.46048e-01,4.87319e+00,-9.15317e-03,
1.80337e+05,2.09466e+08,9.83261e-01,5.06129e+00,-3.03663e-03,
1.17743e+04,2.09478e+08,3.30407e-01,1.67199e+00,1.44145e-03,
3.18941e+04,2.09509e+08,1.90456e-01,6.01979e+00,-3.20294e-03,
1.39464e+04,2.09523e+08,1.25785e+00,2.94462e+00,6.77376e-03,
7.99056e+04,2.09603e+08,1.22219e+00,1.12721e+00,6.63449e-03,
8.53670e+04,2.09689e+08,1.12886e-01,4.27780e+00,-7.75058e-03,
7.63737e+04,2.09765e+08,5.13688e-01,6.17020e+00,5.72457e-04,
3.20870e+04,2.09797e+08,7.10851e-01,4.97213e+00,-6.00656e-03,
1.46121e+04,2.09812e+08,3.52112e-01,4.59266e+00,-3.70091e-03,
2.21148e+05,2.10033e+08,7.07696e-01,2.28539e+00,5.67514e-03,
2.09726e+04,2.10054e+08,2.71921e-01,4.12846e+00,3.94512e-03,
1.81514e+04,2.10072e+08,2.97982e-01,3.04740e-01,-6.80299e-04,
2.10627e+04,2.10093e+08,4.06186e-01,1.63928e+00,-5.54262e-03,
1.11565e+04,2.10104e+08,4.02672e-01,3.46600e-01,-4.06327e-04,
1.63972e+04,2.10121e+08,6.27603e-01,1.03928e+00,5.47903e-03,
4.87659e+04,2.10169e+08,8.84031e-01,3.41025e+00,4.28439e-03,
2.89617e+04,2.10198e+08,6.72270e-01,1.28397e+00,-3.83903e-03,
1.62223e+04,2.10215e+08,4.62645e-01,1.79996e+00,4.63807e-03,
1.56110e+04,2.10230e+08,4.39515e-01,2.94965e+00,-4.38803e-03,
1.04185e+05,2.10334e+08,3.31356e-01,3.79460e+00,-2.80316e-03,
2.34483e+04,2.10358e+08,9.43694e-01,4.21819e+00,1.20684e-03,
2.84546e+05,2.10642e+08,8.78872e-01,4.85625e+00,-9.01814e-03,
1.46560e+04,2.10657e+08,3.67677e-01,2.92820e+00,2.53380e-03,
1.25830e+04,2.10670e+08,1.48389e+00,4.62839e+00,-8.85002e-03,
3.84356e+04,2.10708e+08,4.27993e-01,2.73713e+00,-7.17500e-03,
1.60785e+04,2.10724e+08,1.08971e-01,3.36017e+00,2.38004e-03,
1.17393e+04,2.10736e+08,3.50203e-01,9.28793e-01,-4.60834e-04,
2.80069e+04,2.10764e+08,2.36685e-01,3.58323e+00,5.23355e-03,
4.65107e+05,2.11229e+08,7.94919e-01,5.89514e-01,-7.87871e-03,
1.06972e+04,2.11240e+08,5.23293e-01,5.92299e+00,-7.39410e-03,
1.03740e+04,2.11250e+08,4.85766e-01,3.49540e+00,-2.32876e-03,
1.13189e+05,2.11363e+08,4.46942e-01,4.44755e+00,5.06337e-03,
9.95467e+04,2.11463e+08,2.35365e-01,4.32609e+00,-8.45031e-03,
1.19738e+04,2.11475e+08,2.95253e-01,1.99702e+00,3.54792e-03,
3.43083e+04,2.11509e+08,1.17094e+00,3.73361e+00,2.64607e-04,
1.31606e+04,2.11522e+08,3.27687e-01,5.28434e+00,-7.83657e-04,
1.42552e+04,2.11536e+08,7.19461e-01,1.95953e+00,-6.45498e-03,
1.83898e+04,2.11555e+08,1.56713e-01,2.51584e+00,7.67349e-03,
1.29118e+04,2.11568e+08,9.70674e-01,3.40232e+00,9.46377e-03,
9.27160e+04,2.11661e+08,2.56015e-01,3.57912e+00,5.35178e-03,
7.27498e+04,2.11733e+08,1.08098e+00,3.35801e+00,-6.77342e-03,
1.99868e+04,2.11753e+08,3.44385e-01,5.17682e+00,7.81664e-03,
1.11278e+04,2.11764e+08,8.37563e-01,3.05871e+00,3.72213e-03,
7.06880e+04,2.11835e+08,3.89141e-02,2.38723e+00,1.22075e-03,
1.69797e+04,2.11852e+08,2.58832e-01,5.41651e+00,1.18808e-03,
1.42439e+05,2.11994e+08,1.01399e+00,1.37170e+00,6.71675e-03,
2.10890e+04,2.12016e+08,5.87319e-01,3.82354e+00,-6.99969e-03,
2.33773e+04,2.12039e+08,3.66448e-01,3.49153e+00,-8.81834e-03,
1.08488e+05,2.12147e+08,1.10608e+00,2.64264e+00,4.14177e-03,
5.34117e+04,2.12201e+08,2.31577e+00,2.42586e+00,-2.26742e-03,
1.04361e+04,2.12211e+08,1.11449e+00,4.77012e+00,-8.60129e-03,
2.18372e+04,2.12233e+08,2.53192e-01,5.75877e-01,-2.19832e-03,
1.51755e+04,2.12248e+08,7.18431e-01,1.48345e+00,-3.14703e-03,
1.88029e+04,2.12267e+08,3.58089e-01,2.71323e+00,-9.48697e-03,
1.85799e+04,2.12286e+08,6.64090e-01,1.63274e+00,-5.77106e-03,
1.07630e+05,2.12393e+08,1.50644e+00,4.22810e+00,-3.07649e-03,
1.07139e+04,2.12404e+08,3.82426e-01,2.72507e+00,8.70415e-03,
2.18640e+04,2.12426e+08,1.10244e+00,3.91953e+00,-2.20641e-03,
1.68992e+04,2.12443e+08,5.55759e-01,3.74254e-01,3.04377e-03,
1.00781e+04,2.12453e+08,2.71430e-01,1.48324e+00,5.78246e-03,
3.87541e+04,2.12492e+08,4.00411e-01,5.86171e+00,2.36033e-03,
2.10938e+04,2.12513e+08,1.10279e+00,3.67492e+00,2.91040e-03,
1.64216e+04,2.12529e+08,1.57990e-01,4.94855e+00,-3.42519e-03,
5.88107e+04,2.12588e+08,5.31549e-02,3.89792e+00,5.47227e-03,
1.09571e+05,2.12698e+08,4.51248e-02,2.52227e+00,6.99186e-03,
2.52716e+04,2.12723e+08,4.72236e-01,5.69396e+00,4.32699e-03,
1.53958e+04,2.12738e+08,5.70991e-01,2.74188e+00,7.16127e-03,
2.16102e+04,2.12760e+08,4.92000e-01,6.27472e+00,5.12517e-05,
1.73083e+04,2.12777e+08,7.14761e-01,1.02544e-01,-7.36394e-03,
1.08072e+04,2.12788e+08,5.15195e-01,4.84299e+00,-2.32081e-03,
2.68215e+04,2.12815e+08,6.65024e-01,3.68668e-01,8.68364e-03,
2.42744e+04,2.12839e+08,6.68688e-01,3.52595e+00,-8.97594e-04,
2.79627e+04,2.12867e+08,2.26351e-01,4.71730e+00,4.00870e-03,
3.70648e+04,2.12904e+08,7.96258e-01,4.41447e+00,-7.98465e-03,
1.30334e+04,2.12917e+08,3.52828e-01,3.03890e+00,-7.32628e-03,
5.97439e+04,2.12977e+08,1.58711e-01,4.18997e+00,-2.74457e-04,
4.38615e+04,2.13021e+08,1.19441e-01,7.95646e-01,9.36254e-03,
1.63436e+04,2.13037e+08,1.18420e-01,3.88667e+00,-7.94068e-03,
3.37898e+04,2.13071e+08,3.96555e-01,5.06972e-01,-4.13052e-04,
1.84242e+04,2.13089e+08,2.39602e-01,1.02508e+00,8.65479e-03,
8.05472e+04,2.13170e+08,2.98456e-01,6.12379e+00,-3.75909e-04,
5.81344e+04,2.13228e+08,3.48083e-01,6.06213e+00,3.57591e-03,
1.24022e+04,2.13240e+08,1.67607e+00,4.34135e+00,-8.50656e-03,
1.07719e+04,2.13251e+08,3.66060e-01,5.99451e+00,-8.43184e-03,
1.06162e+04,2.13262e+08,7.46416e-01,1.83833e+00,-1.98570e-03,
3.65662e+04,2.13298e+08,1.18624e+00,1.07990e+00,7.26961e-03,
1.33182e+04,2.13312e+08,1.10532e+00,6.25579e+00,1.87050e-03,
1.37494e+04,2.13325e+08,5.37721e-01,4.49667e+00,-3.06140e-03,
2.09515e+04,2.13346e+08,5.56802e-01,2.97577e+00,-1.57615e-04,
1.13074e+04,2.13358e+08,1.49898e-01,1.76671e-01,4.09561e-03,
1.05860e+04,2.13368e+08,7.67957e-01,5.08204e+00,9.72740e-03,
3.72027e+04,2.13405e+08,4.22059e-01,5.58431e+00,-6.84685e-04,
7.06677e+04,2.13476e+08,1.37046e+00,3.52712e-01,-8.63466e-04,
1.37252e+04,2.13490e+08,2.34496e-01,4.66171e+00,3.56376e-03,
6.48898e+04,2.13555e+08,4.33360e-01,2.24469e+00,2.67770e-03,
2.65472e+04,2.13581e+08,3.22339e-01,3.11584e+00,3.17670e-03,
1.11994e+04,2.13592e+08,2.48214e-01,4.19555e+00,8.89961e-03,
1.15887e+04,2.13604e+08,5.01419e-01,6.45170e-01,9.57691e-04,
3.68585e+04,2.13641e+08,2.52410e-01,3.58098e+00,-4.31509e-03,
3.93248e+04,2.13680e+08,8.45663e-01,3.03988e+00,-6.35895e-03,
1.48030e+04,2.13695e+08,3.62743e-01,5.68178e-01,-3.88788e-03,
1.63962e+04,2.13711e+08,6.91991e-01,3.02499e+00,-3.63146e-03,
5.43751e+04,2.13766e+08,9.54876e-01,2.78766e+00,-2.32706e-03,
3.59952e+04,2.13802e+08,2.12158e-01,3.82485e-01,5.31801e-03,
1.48716e+04,2.13817e+08,3.19582e-01,3.74656e-01,-6.77536e-03,
3.96379e+04,2.13856e+08,1.58581e+00,5.59083e+00,2.49435e-03,
3.24722e+04,2.13889e+08,7.29175e-01,2.63749e+00,-6.46469e-03,
2.42670e+04,2.13913e+08,2.71442e-01,3.39471e+00,-4.33766e-03,
2.23384e+05,2.14136e+08,9.08800e-02,1.04277e+00,3.54500e-03,
1.18447e+04,2.14148e+08,2.42646e+00,1.20042e+00,3.33600e-03,
2.22262e+04,2.14170e+08,7.62763e-01,6.94588e-01,4.36993e-03,
1.49231e+04,2.14185e+08,2.00830e-01,4.44559e+00,-9.89664e-03,
1.06198e+04,2.14196e+08,3.01173e-01,5.65547e+00,-2.85885e-03,
3.78399e+04,2.14234e+08,1.38326e-01,3.26779e+00,-7.90250e-03,
2.37187e+04,2.14258e+08,5.25516e-01,3.97138e+00,5.58600e-03,
1.22147e+04,2.14270e+08,3.13340e-01,5.10605e+00,-3.57946e-03,
3.34612e+05,2.14604e+08,1.01488e-01,4.37071e+00,7.43667e-03,
2.87859e+04,2.14633e+08,2.44865e-01,3.03793e-01,3.12080e-04,
1.41764e+04,2.14647e+08,7.30819e-01,9.03128e-01,-7.09260e-03,
3.24935e+04,2.14680e+08,9.91555e-01,5.91738e+00,9.74682e-03,
3.54707e+04,2.14715e+08,5.25420e-01,2.04174e+00,8.00768e-03,
6.34237e+04,2.14779e+08,6.31431e-01,5.98179e+00,-1.34077e-03,
4.40606e+04,2.14823e+08,2.25282e-01,3.23000e+00,-2.17429e-03,
1.28920e+05,2.14952e+08,5.54166e-02,4.07560e+00,-9.83426e-03,
1.95192e+05,2.15147e+08,1.44801e+00,5.11902e+00,-7.47531e-03,
1.45230e+04,2.15161e+08,4.20580e-01,3.42205e+00,-1.78210e-03,
1.75386e+05,2.15337e+08,3.14326e-01,5.55367e+00,4.26764e-05,
8.33148e+04,2.15420e+08,1.75392e-01,8.91596e-01,-9.03713e-03,
1.92176e+04,2.15439e+08,3.89486e-01,2.70134e+00,-1.57799e-04,
1.27163e+04,2.15452e+08,4.49110e-01,8.05689e-01,-8.49307e-03,
1.04675e+04,2.15463e+08,1.03238e+00,5.20927e+00,-8.11717e-03,
3.31371e+04,2.15496e+08,5.68803e-01,4.94725e-01,-2.80037e-03,
2.82226e+04,2.15524e+08,4.17286e-01,5.31045e+00,-5.02359e-03,
1.21083e+04,2.15536e+08,3.51361e-01,2.44842e+00,8.48081e-03,
6.03268e+04,2.15596e+08,3.36421e-01,9.73310e-01,-9.89845e-03,
3.76372e+04,2.15634e+08,1.41241e-01,1.51112e+00,5.78898e-03,
2.43644e+04,2.15658e+08,4.92843e-01,5.51971e+00,-3.55922e-04,
2.35216e+04,2.15682e+08,7.56503e-01,3.84376e+00,-6.05991e-03,
2.20655e+04,2.15704e+08,5.72228e-01,4.62006e+00,5.05478e-03,
1.51377e+04,2.15719e+08,6.40243e-01,5.88957e-01,-3.81806e-03,
4.26967e+04,2.15762e+08,9.57590e-01,6.16729e+00,-7.93897e-03,
2.10921e+04,2.15783e+08,6.56217e-01,2.44640e+00,5.71594e-03,
3.31337e+04,2.15816e+08,5.45912e-01,9.73915e-02,2.26234e-03,
9.33673e+04,2.15909e+08,1.10978e+00,7.09751e-02,5.74374e-03,
1.79538e+04,2.15927e+08,4.89619e-02,4.52368e+00,-3.42291e-03,
3.51163e+04,2.15962e+08,1.46104e+00,1.39087e+00,-9.13632e-03,
1.56655e+04,2.15978e+08,5.50720e-01,1.23081e+00,-7.57131e-03,
1.89305e+04,2.15997e+08,4.04856e-01,3.30382e+00,-1.82605e-03,
2.07661e+04,2.16018e+08,3.15722e-01,3.52693e+00,8.84453e-03,
1.77826e+04,2.16036e+08,5.19139e-01,3.39942e+00,1.67243e-03,
1.20813e+04,2.16048e+08,4.92104e-01,2.78548e+00,-4.57887e-03,
2.64699e+04,2.16074e+08,5.96064e-01,5.46160e+00,-2.60606e-03,
2.18591e+04,2.16096e+08,5.29765e-01,3.49202e-01,1.62422e-03,
8.22368e+04,2.16178e+08,1.20288e-01,2.65453e+00,-3.18464e-03,
1.36644e+05,2.16315e+08,1.26244e+00,5.31210e+00,-4.28393e-03,
3.32994e+04,2.16348e+08,3.62667e-01,2.75991e+00,8.94480e-03,
1.40821e+04,2.16362e+08,3.07592e-01,2.66678e+00,2.89355e-03,
1.78108e+04,2.16380e+08,5.00816e-01,3.17287e+00,7.67021e-03,
7.04438e+04,2.16450e+08,6.16124e-01,2.50576e+00,2.15715e-03,
1.78913e+04,2.16468e+08,1.34179e-01,3.35351e+00,8.07142e-03,
1.05712e+04,2.16479e+08,4.42449e-01,5.02124e+00,-3.12972e-03,
3.92654e+04,2.16518e+08,1.87664e-01,4.90958e+00,-3.76320e-03,
2.31979e+05,2.16750e+08,7.95377e-02,2.16675e+00,-2.78641e-03,
1.24332e+04,2.16763e+08,1.51557e+00,4.27494e-01,2.04888e-04,
1.50393e+04,2.16778e+08,6.27873e-01,4.52513e+00,-7.65677e-03,
1.37714e+04,2.16791e+08,9.98089e-02,2.88171e+00,7.87538e-03,
1.28766e+04,2.16804e+08,2.10352e+00,8.07172e-01,-3.60235e-03,
4.89517e+04,2.16853e+08,4.75845e-01,7.28160e-01,-9.73425e-03,
4.31871e+04,2.16896e+08,8.94310e-01,6.26052e+00,9.87402e-03,
8.26317e+04,2.16979e+08,1.97901e-01,2.66962e+00,3.69528e-03,
2.69957e+04,2.17006e+08,1.30544e+00,4.68829e+00,-9.24949e-04,
3.04110e+04,2.17036e+08,5.20510e-01,1.81488e+00,-7.56507e-03,
3.82651e+04,2.17075e+08,1.21486e+00,5.19085e+00,5.85092e-03,
1.71694e+04,2.17092e+08,2.78132e-01,5.96177e+00,6.40287e-03,
1.25215e+05,2.17217e+08,3.62474e-01,4.46688e+00,7.92448e-03,
1.49107e+04,2.17232e+08,9.42821e-01,5.32398e+00,-8.70054e-03,
6.33935e+04,2.17295e+08,7.31945e-01,1.57871e+00,-8.70686e-03,
9.67901e+04,2.17392e+08,6.24234e-01,9.02304e-01,4.53566e-03,
1.44911e+04,2.17407e+08,4.08416e-01,3.69019e+00,5.57167e-04,
1.35213e+04,2.17420e+08,2.99274e-01,1.67021e+00,-6.53514e-03,
3.64075e+04,2.17457e+08,6.63444e-01,4.71703e+00,6.81034e-03,
1.01391e+04,2.17467e+08,7.82981e-01,3.58467e+00,5.03808e-03,
1.25627e+04,2.17479e+08,7.75245e-01,2.40560e-01,8.87692e-03,
1.18367e+05,2.17598e+08,1.40143e+00,4.75675e-01,-5.63454e-03,
1.29920e+04,2.17611e+08,1.84838e+00,2.16425e+00,-8.54927e-03,
4.84007e+04,2.17659e+08,1.03223e+00,1.44751e+00,-8.16171e-03,
1.39902e+04,2.17673e+08,1.14364e+00,6.93598e-01,1.23406e-03,
1.03569e+04,2.17683e+08,8.89268e-01,1.04914e+00,9.00834e-03,
5.44295e+04,2.17738e+08,4.70836e-01,5.92384e+00,-1.62458e-03,
4.61596e+04,2.17784e+08,2.46573e-01,2.63959e+00,-9.48471e-03,
1.10129e+04,2.17795e+08,1.90082e-01,3.48650e+00,8.46893e-03,
1.18726e+04,2.17807e+08,7.61159e-02,5.53325e+00,2.33131e-03,
3.87768e+04,2.17846e+08,3.74464e-01,4.76604e+00,7.76761e-03,
2.40495e+04,2.17870e+08,4.58066e-02,1.91927e+00,5.91821e-03,
1.46691e+04,2.17884e+08,1.01389e+00,1.82842e+00,6.41197e-03,
2.62035e+04,2.17911e+08,2.60367e-01,5.11763e+00,-2.34382e-04,
7.06532e+04,2.17981e+08,4.42917e-01,4.30461e+00,8.76710e-03,
1.56087e+04,2.17997e+08,6.95294e-01,5.49164e+00,-1.44050e-03,
1.28549e+05,2.18125e+08,4.30412e-01,1.17507e-01,-9.00952e-03,
1.16913e+04,2.18137e+08,9.88614e-02,2.05288e-01,-4.09494e-03,
1.00835e+05,2.18238e+08,6.67935e-02,1.17096e+00,2.84910e-03,
3.25635e+04,2.18271e+08,1.68160e-01,8.93815e-01,-1.88372e-04,
1.34111e+04,2.18284e+08,5.90216e-01,5.13878e+00,6.97703e-04,
3.37576e+04,2.18318e+08,1.57028e-01,5.89885e+00,-8.83038e-03,
1.30956e+04,2.18331e+08,4.46326e-01,5.63570e+00,-7.67519e-03,
3.04733e+04,2.18361e+08,1.15380e+00,7.22848e-01,-9.44120e-03,
1.38991e+04,2.18375e+08,4.79389e-01,9.13340e-01,-2.99014e-03,
1.61280e+04,2.18391e+08,9.08430e-01,5.12220e+00,-6.58757e-04,
1.77084e+04,2.18409e+08,6.40889e-01,1.07258e-02,-6.85952e-03,
2.36393e+04,2.18433e+08,2.70458e-01,2.44182e+00,-6.09429e-04,
3.32087e+04,2.18466e+08,8.12917e-01,4.63241e+00,-7.19930e-03,
3.19627e+04,2.18498e+08,3.19313e-01,2.11449e-01,3.21530e-04,
1.50018e+05,2.18648e+08,1.06180e+00,3.82431e+00,-1.68811e-03,
1.20502e+04,2.18660e+08,7.68363e-01,2.64322e+00,1.42382e-03,
4.41688e+05,2.19102e+08,1.02467e+00,1.62237e+00,-3.37402e-03,
1.58253e+04,2.19117e+08,3.78153e-01,7.63880e-01,-2.37104e-04,
2.58974e+04,2.19143e+08,1.63385e-01,2.47140e+00,9.50424e-03,
6.54874e+04,2.19209e+08,1.76334e-01,4.18995e-01,-3.75583e-03,
2.67382e+04,2.19236e+08,2.44059e-01,5.82452e+00,1.74278e-03,
4.60405e+04,2.19282e+08,5.05787e-01,2.94357e+00,4.32960e-03,
3.44621e+04,2.19316e+08,4.86688e-01,7.49650e-01,9.97128e-03,
1.98695e+04,2.19336e+08,1.38089e-01,3.48852e-01,-7.32349e-03,
1.45030e+04,2.19350e+08,2.71023e-01,2.42987e+00,7.93089e-03,
1.27315e+04,2.19363e+08,6.34139e-01,5.27483e+00,-9.54621e-04,
1.17440e+04,2.19375e+08,4.24745e-01,4.88330e+00,-5.15654e-03,
3.46336e+04,2.19410e+08,4.48034e-01,3.72037e+00,7.04101e-03,
6.09410e+04,2.19470e+08,3.06679e-01,2.64702e+00,8.79355e-03,
4.41596e+05,2.19912e+08,2.01771e+00,2.77591e+00,1.98008e-03,
1.73581e+04,2.19929e+08,1.00277e+00,2.41585e+00,-3.09542e-03,
2.64840e+04,2.19956e+08,7.70829e-01,4.09865e+00,-3.51895e-03,
9.25428e+04,2.20048e+08,1.18483e+00,2.07714e+00,3.34130e-03,
1.11338e+04,2.20060e+08,3.38113e-02,3.18436e+00,8.69973e-03,
2.25317e+05,2.20285e+08,5.51303e-01,8.23922e-01,5.07139e-03,
3.86300e+04,2.20324e+08,5.90398e-01,3.29806e+00,-6.96270e-04,
7.75492e+04,2.20401e+08,3.70022e-01,6.64195e-01,-6.42763e-03,
5.57211e+05,2.20958e+08,7.03709e-01,4.85264e+00,5.24373e-03,
1.04646e+05,2.21063e+08,7.07246e-01,1.74518e-01,6.61409e-03,
1.84483e+04,2.21081e+08,5.32894e-01,2.22240e+00,7.64202e-03,
4.82309e+04,2.21130e+08,7.98442e-01,2.06450e+00,-8.73718e-03,
1.06415e+04,2.21140e+08,9.13058e-01,1.12388e+00,3.73074e-03,
1.19296e+04,2.21152e+08,1.46825e+00,5.75221e+00,5.22347e-03,
1.27430e+04,2.21165e+08,6.97354e-02,3.01929e+00,-5.36600e-03,
1.13875e+04,2.21176e+08,1.63767e-01,2.29722e+00,-6.94929e-03,
4.66305e+05,2.21643e+08,1.73090e-01,3.14947e+00,4.21956e-03,
3.07280e+04,2.21673e+08,1.21900e-01,1.00805e+00,-5.57044e-03,
2.12679e+04,2.21695e+08,5.03991e-01,2.70534e+00,-7.17841e-03,
1.22977e+04,2.21707e+08,7.82016e-01,5.03476e+00,-7.10720e-03,
2.13182e+04,2.21728e+08,1.24028e-01,2.26443e+00,-9.34207e-03,
1.36176e+04,2.21742e+08,2.19740e-01,5.73569e+00,1.48331e-03,
1.02959e+04,2.21752e+08,1.66576e-01,4.41521e+00,-2.12697e-03,
1.63421e+04,2.21768e+08,1.99908e-01,3.65639e+00,6.34197e-03,
6.62611e+04,2.21835e+08,9.16288e-01,2.35936e+00,3.94288e-03,
1.06651e+04,2.21845e+08,3.46499e-01,4.63782e+00,1.41666e-03,
1.10139e+04,2.21856e+08,4.60393e-01,2.34539e+00,-6.07410e-03,
1.15102e+04,2.21868e+08,1.94261e-01,5.68404e+00,2.43439e-03,
2.16509e+04,2.21890e+08,5.88679e-01,5.61560e+00,5.38108e-03,
1.00613e+04,2.21900e+08,7.79216e-01,5.20319e+00,-1.13181e-03,
1.13588e+04,2.21911e+08,9.86811e-02,5.47912e+00,-9.01462e-03,
2.36579e+04,2.21935e+08,3.16036e-01,4.52648e+00,6.07914e-03,
2.92655e+04,2.21964e+08,7.94706e-01,6.20689e+00,-7.68194e-03,
4.13576e+04,2.22005e+08,8.25898e-01,1.39903e+00,-3.66376e-03,
2.14010e+04,2.22027e+08,7.73535e-01,3.89279e+00,3.40339e-03,
3.20265e+04,2.22059e+08,2.21249e-01,2.80824e+00,-1.19033e-03,
1.18383e+04,2.22071e+08,6.68061e-01,3.68842e+00,-9.53347e-03,
1.10755e+04,2.22082e+08,6.31193e-01,3.39993e+00,-5.19118e-03,
1.41750e+04,2.22096e+08,1.25948e+00,1.20649e+00,2.47926e-03,
1.36425e+05,2.22232e+08,1.90842e+00,1.43832e+00,7.20516e-03,
8.62754e+04,2.22318e+08,1.57897e-01,2.87614e+00,7.13014e-03,
2.57356e+04,2.22344e+08,9.11877e-01,5.98911e+00,6.11916e-03,
1.28827e+04,2.22357e+08,2.55046e-01,8.94073e-01,3.91076e-04,
1.22925e+04,2.22369e+08,1.36963e+00,5.00147e+00,7.06929e-04,
1.05110e+05,2.22475e+08,6.19576e-01,3.08199e+00,-4.18858e-03,
2.77672e+04,2.22502e+08,4.82537e-01,2.20065e+00,9.35135e-03,
3.21749e+04,2.22534e+08,8.29962e-01,4.70789e+00,-2.79100e-06,
3.03723e+04,2.22565e+08,1.24919e-01,6.09646e+00,-7.17864e-03,
1.26960e+04,2.22578e+08,6.54753e-02,1.52399e+00,-3.13276e-03,
1.56859e+04,2.22593e+08,1.49948e-01,4.39974e+00,-7.63158e-03,
1.17250e+04,2.22605e+08,5.68119e-01,5.01442e+00,1.16798e-03,
1.09377e+04,2.22616e+08,7.41835e-01,5.82886e+00,-3.50091e-03,
1.37865e+04,2.22630e+08,6.62459e-01,1.87226e+00,1.23961e-03,
2.63122e+04,2.22656e+08,9.75442e-01,8.72544e-02,3.41553e-03,
3.08340e+04,2.22687e+08,8.10938e-01,4.69805e-01,-8.07821e-03,
4.10476e+04,2.22728e+08,3.51954e-01,3.56392e+00,-3.01125e-03,
1.16682e+04,2.22740e+08,6.60106e-01,5.72724e+00,3.30500e-03,
4.00671e+04,2.22780e+08,1.96921e-01,6.13008e+00,-9.18363e-03,
2.52700e+04,2.22805e+08,1.45919e+00,1.58647e+00,-8.19216e-03,
1.44954e+04,2.22819e+08,6.81913e-01,5.41786e+00,-7.60098e-03,
1.32199e+04,2.22833e+08,9.71526e-01,6.27617e+00,-9.66164e-03,
8.00768e+04,2.22913e+08,3.54865e-01,2.00079e+00,-6.58751e-03,
1.03939e+04,2.22923e+08,2.53507e-01,4.42812e+00,-7.06545e-03,
1.59913e+04,2.22939e+08,5.44449e-01,4.79825e+00,9.59718e-04,
6.31858e+04,2.23002e+08,5.05679e-01,4.73184e+00,7.00089e-03,
1.23286e+04,2.23015e+08,2.36920e-01,2.31610e+00,-3.80823e-03,
6.58342e+04,2.23080e+08,1.04577e+00,1.68411e+00,-9.26694e-03,
2.09593e+04,2.23101e+08,1.21358e+00,4.69865e+00,-2.49595e-03,
3.95342e+04,2.23141e+08,8.21187e-01,4.99034e+00,-9.83222e-04,
6.10809e+04,2.23202e+08,6.72036e-01,2.91192e+00,1.31739e-03,
1.00493e+04,2.23212e+08,6.70876e-01,2.48096e+00,8.83415e-03,
7.14875e+04,2.23283e+08,7.13930e-01,6.27463e+00,-4.59717e-03,
4.47014e+04,2.23328e+08,5.08334e-01,3.19043e+00,-8.28181e-03,
7.92762e+04,2.23407e+08,4.10325e-01,1.47621e+00,-9.81189e-03,
4.16007e+04,2.23449e+08,1.06071e+00,5.75718e-01,-2.73453e-03,
1.78201e+05,2.23627e+08,3.11766e-01,1.02229e+00,-9.67055e-03,
4.42599e+04,2.23672e+08,1.01011e-01,5.75564e+00,-2.97618e-03,
5.53775e+04,2.23727e+08,7.43650e-01,6.00225e+00,-3.87064e-03,
1.89276e+04,2.23746e+08,7.96547e-01,2.28386e+00,5.35136e-03,
1.41370e+04,2.23760e+08,2.05698e-01,4.85638e+00,-7.34853e-03,
6.91542e+05,2.24452e+08,8.48969e-01,4.03028e+00,7.85383e-03,
1.22272e+04,2.24464e+08,3.50163e-01,1.12147e+00,2.62100e-03,
7.27449e+04,2.24536e+08,3.04007e-01,1.84471e+00,-8.31879e-03,
1.04605e+04,2.24547e+08,4.99339e-01,4.80693e-01,-1.82852e-03,
2.91612e+04,2.24576e+08,1.38859e+00,4.29256e+00,-6.91342e-03,
3.29474e+04,2.24609e+08,1.27154e-01,2.97935e+00,-4.82707e-03,
1.18447e+04,2.24621e+08,4.27303e-01,9.19529e-01,-6.91942e-04,
2.09557e+04,2.24642e+08,3.80762e-01,4.23803e+00,-9.84794e-03,
1.94776e+04,2.24661e+08,7.61777e-01,1.43183e-01,-6.66242e-03,
1.47434e+04,2.24676e+08,6.22320e-01,6.27338e+00,-8.99923e-03,
1.08143e+04,2.24687e+08,7.12250e-01,5.65642e+00,-7.96895e-05,
2.96558e+04,2.24717e+08,4.15194e-01,1.48859e+00,6.92809e-03,
5.25642e+04,2.24769e+08,1.34695e+00,3.78820e+00,-7.41206e-03,
1.02819e+04,2.24779e+08,5.52021e-01,4.38824e-01,-2.11138e-03,
1.46803e+04,2.24794e+08,1.21091e-01,2.03316e+00,-9.00905e-03,
2.12010e+04,2.24815e+08,1.01548e+00,4.00073e+00,-2.18130e-03,
1.73553e+04,2.24833e+08,1.18990e+00,4.23091e+00,-2.48992e-03,
1.12571e+04,2.24844e+08,8.80995e-02,1.30687e+00,-8.09042e-03,
1.66737e+04,2.24861e+08,1.88311e-01,4.86048e-01,9.15268e-03,
1.02399e+05,2.24963e+08,5.65578e-01,1.93294e+00,-6.54568e-04,
1.84168e+04,2.24981e+08,8.76206e-01,1.29855e+00,-5.16947e-03,
1.03605e+04,2.24992e+08,1.82062e-01,4.31106e+00,6.05789e-03,
3.17995e+04,2.25024e+08,1.44905e+00,5.42721e-01,5.89638e-03,
1.11178e+04,2.25035e+08,4.55691e-01,1.87447e+00,-9.15975e-03,
3.60974e+04,2.25071e+08,4.57251e-01,4.72492e+00,-3.06619e-03,
1.11757e+04,2.25082e+08,3.38251e-01,5.45228e+00,5.43652e-03,
3.34118e+04,2.25115e+08,9.51911e-01,2.68578e+00,5.31561e-03,
4.15361e+04,2.25157e+08,8.07147e-01,5.10068e-01,2.85188e-04,
2.07405e+04,2.25178e+08,9.52973e-01,1.65050e+00,-8.72591e-04,
1.94006e+04,2.25197e+08,8.47237e-01,5.84337e+00,-6.42609e-03,
1.01121e+04,2.25207e+08,8.11993e-02,3.68565e+00,-5.52443e-04,
1.23090e+04,2.25219e+08,1.11147e+00,1.26541e+00,7.30228e-03,
1.30422e+04,2.25232e+08,2.15546e-01,5.27381e+00,6.30975e-03,
4.04850e+04,2.25273e+08,4.37208e-01,3.35281e+00,8.67846e-03,
1.42776e+04,2.25287e+08,1.30497e+00,2.73088e+00,2.48114e-03,
4.01125e+04,2.25327e+08,6.16250e-01,5.90325e+00,-3.16439e-03,
1.53949e+04,2.25343e+08,2.39651e-01,1.93590e+00,-7.08313e-03,
1.37660e+04,2.25357e+08,3.12977e-01,5.22057e+00,6.28995e-03,
2.62976e+04,2.25383e+08,6.20510e-01,7.73862e-01,-9.13570e-03,
4.56348e+04,2.25428e+08,4.49866e-01,2.34199e-01,2.94993e-03,
1.42622e+04,2.25443e+08,1.04838e+00,1.98718e+00,-4.63132e-03,
1.51613e+04,2.25458e+08,1.57279e-01,4.87137e+00,8.53369e-03,
1.61609e+04,2.25474e+08,3.76220e-01,2.29789e+00,-2.98277e-03,
1.10983e+04,2.25485e+08,7.30205e-01,4.95213e+00,-9.26661e-03,
1.20827e+04,2.25497e+08,4.92754e-01,4.68971e+00,-7.02305e-03,
1.19676e+04,2.25509e+08,5.09657e-01,1.38568e+00,2.35541e-03,
1.37556e+04,2.25523e+08,1.32497e-01,7.93048e-01,-6.67883e-03,
2.97243e+04,2.25553e+08,1.25967e+00,5.58616e+00,-5.41133e-03,
4.15556e+04,2.25594e+08,9.42998e-01,6.20283e-01,-4.88797e-03,
1.44857e+04,2.25609e+08,3.34253e-01,6.21307e+00,8.60097e-03,
1.60732e+04,2.25625e+08,1.68024e-01,2.79600e+00,3.12316e-03,
1.75669e+04,2.25642e+08,3.52457e-01,5.77972e+00,7.71858e-03,
1.47524e+04,2.25657e+08,1.91829e-01,3.15250e+00,-2.11929e-03,
1.35975e+04,2.25671e+08,1.77689e+00,4.90010e+00,-6.28868e-03,
1.58858e+04,2.25687e+08,4.89550e-01,2.39381e+00,-4.66142e-03,
2.36425e+04,2.25710e+08,2.93968e-01,2.52335e+00,-4.56746e-03,
1.51044e+04,2.25725e+08,4.17237e-01,7.85085e-01,-7.27651e-03,
2.18741e+06,2.27913e+08,8.16596e-01,4.98151e+00,2.24389e-03,
2.25711e+04,2.27935e+08,5.95587e-01,6.02146e+00,-1.07183e-03,
1.14151e+04,2.27947e+08,1.17176e+00,4.67907e+00,-8.36741e-03,
8.79457e+04,2.28035e+08,1.61144e+00,1.11446e+00,-1.76429e-03,
1.70145e+04,2.28052e+08,1.48238e+00,5.13205e+00,2.48260e-03,
1.15255e+04,2.28063e+08,2.17616e-01,4.86162e+00,5.89244e-03,
4.09580e+04,2.28104e+08,1.49984e-01,2.28795e+00,3.91999e-03,
1.05976e+04,2.28115e+08,1.05062e+00,4.05626e+00,2.09689e-04,
1.06306e+04,2.28125e+08,1.10930e+00,5.05025e+00,-7.94933e-03,
2.99229e+04,2.28155e+08,1.20979e+00,4.44897e+00,-9.47299e-03,
1.15858e+04,2.28167e+08,1.45957e-01,4.05932e-01,-9.40515e-03,
1.89472e+05,2.28356e+08,5.85877e-01,6.81575e-01,-8.76223e-03,
2.42091e+04,2.28381e+08,9.06000e-01,1.37866e+00,6.76971e-03,
1.88977e+04,2.28399e+08,3.81813e-01,4.12326e+00,-5.85756e-03,
1.12315e+04,2.28411e+08,4.91389e-01,2.38079e+00,5.55292e-03,
1.40404e+04,2.28425e+08,3.78090e-01,5.09732e+00,-4.48780e-03,
1.29540e+05,2.28554e+08,5.63204e-01,4.72002e+00,-6.97013e-03,
5.47608e+04,2.28609e+08,1.30219e-01,5.37540e+00,5.95721e-03,
2.24194e+04,2.28631e+08,6.44450e-01,4.82149e-01,8.66704e-03,
2.09437e+04,2.28652e+08,7.02738e-01,4.93591e+00,8.32478e-03,
2.19855e+04,2.28674e+08,9.79898e-01,2.47725e+00,-3.26663e-03,
1.07757e+04,2.28685e+08,3.49975e-01,1.32111e+00,-8.57045e-03,
1.37576e+04,2.28699e+08,7.96233e-01,5.76418e+00,-8.48415e-03,
1.07803e+04,2.28710e+08,8.97127e-01,3.33936e+00,3.49386e-03,
1.11265e+04,2.28721e+08,4.05617e-01,3.17356e-01,8.06936e-03,
1.01860e+04,2.28731e+08,3.05587e-01,1.01533e+00,-4.90698e-03,
2.27364e+04,2.28754e+08,7.25268e-01,3.76663e+00,-5.04238e-03,
5.98431e+04,2.28814e+08,6.33392e-01,2.71972e+00,-4.01422e-03,
1.10364e+04,2.28825e+08,7.54359e-01,6.41467e-01,-8.08985e-04,
5.35217e+04,2.28878e+08,1.70292e-01,3.31149e+00,7.35037e-03,
1.14275e+04,2.28890e+08,4.14256e-01,4.09247e+00,3.92666e-03,
1.08877e+06,2.29978e+08,1.95342e+00,1.16622e+00,-2.69252e-03,
4.13118e+04,2.30020e+08,6.14974e-01,5.68330e+00,4.08433e-03,
1.05291e+04,2.30030e+08,2.50957e-01,1.65295e+00,-4.34048e-04,
1.05471e+04,2.30041e+08,7.83667e-01,4.18990e+00,8.39420e-03,
2.92666e+04,2.30070e+08,8.66034e-01,4.85663e+00,9.39430e-03,
5.04641e+04,2.30120e+08,8.38267e-01,1.18080e+00,7.08796e-03,
1.36785e+04,2.30134e+08,3.05678e-01,4.05925e+00,6.39688e-03,
1.61296e+04,2.30150e+08,2.89527e-01,3.94785e+00,3.89420e-03,
1.60569e+04,2.30166e+08,5.09514e-01,3.79638e+00,-6.64386e-03,
2.15518e+04,2.30188e+08,3.07715e-01,5.21707e+00,2.72579e-03,
5.28521e+04,2.30241e+08,1.59596e-01,4.67947e+00,8.38767e-03,
1.17896e+04,2.30253e+08,1.66036e-01,1.89659e+00,1.62310e-03,
1.12135e+04,2.30264e+08,5.11417e-01,3.81676e+00,1.75109e-03,
1.03419e+04,2.30274e+08,7.30547e-01,1.50517e+00,7.76901e-03,
1.34091e+04,2.30288e+08,1.79464e-01,1.92109e+00,-9.90267e-03,
1.85175e+04,2.30306e+08,7.70590e-01,2.65609e+00,-9.53495e-03,
1.01432e+04,2.30316e+08,5.41437e-02,2.29290e+00,-3.77131e-04,
5.60605e+04,2.30372e+08,1.26320e+00,3.84015e+00,3.79102e-03,
2.04821e+04,2.30393e+08,9.14407e-01,1.43358e+00,-7.82295e-03,
1.78074e+04,2.30411e+08,7.45938e-02,3.95243e+00,-5.11788e-03,
2.17804e+04,2.30432e+08,2.52770e-01,1.96907e+00,1.41702e-03,
1.10887e+04,2.30443e+08,2.20538e-01,5.35165e+00,9.51509e-04,
5.89996e+04,2.30502e+08,1.40772e+00,5.47221e+00,2.21344e-03,
1.59743e+04,2.30518e+08,2.34533e+00,3.79276e-01,-6.40738e-03,
1.08183e+04,2.30529e+08,6.04314e-01,1.13320e+00,6.40659e-03,
1.49728e+04,2.30544e+08,1.40468e+00,5.02229e+00,-6.49120e-03,
2.93705e+04,2.30574e+08,5.74157e-01,3.73670e+00,-5.41688e-03,
8.11910e+04,2.30655e+08,2.36638e-01,5.50172e+00,6.84044e-03,
1.36748e+05,2.30791e+08,7.01656e-01,9.33319e-01,-6.20033e-03,
1.20469e+04,2.30804e+08,5.37088e-01,4.42561e+00,8.59561e-03,
3.94834e+04,2.30843e+08,4.78102e-01,2.56871e-02,-5.06874e-04,
2.51312e+04,2.30868e+08,2.60779e-01,2.31155e+00,3.11625e-03,
1.06415e+04,2.30879e+08,3.48959e-01,6.23307e+00,-2.73800e-03,
9.73276e+04,2.30976e+08,5.97122e-01,8.05096e-01,-5.59191e-03,
4.47448e+04,2.31021e+08,9.80059e-01,3.05720e-01,6.23430e-03,
1.65324e+04,2.31037e+08,7.26548e-01,3.82982e+00,-8.08157e-04,
8.63570e+04,2.31124e+08,3.21829e-01,8.88213e-01,-6.81359e-03,
6.35395e+04,2.31187e+08,1.09724e+00,2.45981e+00,-3.73071e-03,
4.43657e+04,2.31232e+08,3.30493e-01,3.21509e+00,-6.49565e-03,
2.36856e+04,2.31255e+08,1.05013e+00,3.98386e+00,-3.33297e-03,
2.66621e+04,2.31282e+08,5.42544e-01,3.08413e+00,-5.24457e-03,
1.56974e+04,2.31298e+08,2.81126e+00,2.52651e+00,6.11430e-03,
1.41397e+06,2.32712e+08,1.75144e+00,7.70382e-01,9.34879e-03,
1.85887e+04,2.32730e+08,4.18342e-01,1.32701e+00,3.12779e-03,
1.57604e+05,2.32888e+08,2.02678e-01,5.56261e+00,-2.94689e-04,
4.26619e+04,2.32930e+08,7.61599e-01,2.30292e+00,6.01564e-03,
1.12551e+04,2.32942e+08,3.35759e-01,5.23952e+00,-5.42115e-03,
9.22863e+04,2.33034e+08,3.27593e-01,1.58935e-01,3.67303e-03,
3.21153e+04,2.33066e+08,2.28379e-01,2.20006e+00,5.88065e-03,
1.48367e+04,2.33081e+08,1.39950e-01,2.96454e+00,7.78696e-03,
2.58114e+05,2.33339e+08,3.86477e-01,4.22641e+00,8.38580e-04,
2.71775e+04,2.33366e+08,2.89929e-01,4.34119e+00,-8.84754e-05,
2.28954e+04,2.33389e+08,2.97847e-01,6.25933e+00,-8.09687e-03,
1.87666e+06,2.35266e+08,1.46280e-02,5.73599e+00,-2.98485e-03,
1.32738e+04,2.35279e+08,1.17085e+00,2.41205e+00,-9.32864e-04,
2.10065e+04,2.35300e+08,1.52682e-01,1.03600e+00,-1.61360e-03,
1.17225e+04,2.35312e+08,2.13118e+00,3.25386e+00,-8.78726e-03,
1.80886e+04,2.35330e+08,2.87190e-01,6.45758e-01,-6.74624e-03,
2.22763e+04,2.35352e+08,2.65903e-01,2.98542e+00,-4.24388e-03,
1.65609e+04,2.35369e+08,3.59924e-01,3.48735e+00,-5.73186e-03,
2.07111e+05,2.35576e+08,1.14555e+00,2.77367e+00,3.72466e-03,
3.96660e+04,2.35616e+08,3.69947e-01,4.04722e+00,1.11186e-03,
9.13183e+04,2.35707e+08,4.60493e-02,1.96026e+00,1.23611e-03,
5.22156e+04,2.35759e+08,8.83984e-01,3.54739e+00,-2.05209e-03,
3.42043e+04,2.35793e+08,3.78233e-01,5.91549e+00,-9.82382e-03,
1.49716e+04,2.35808e+08,1.66789e-01,3.22854e+00,-2.00742e-03,
5.03181e+04,2.35859e+08,3.66743e-01,3.28266e+00,1.24033e-03,
6.61064e+04,2.35925e+08,1.10354e+00,2.79335e+00,-1.64635e-03,
2.58589e+04,2.35951e+08,3.43996e-01,5.03923e+00,-6.24450e-03,
3.68489e+04,2.35987e+08,9.26839e-02,1.99306e+00,-1.73736e-03,
1.54892e+04,2.36003e+08,4.03469e-01,2.03568e+00,-2.58696e-03,
2.73472e+04,2.36030e+08,1.57692e+00,1.19712e+00,1.05855e-03,
2.95718e+04,2.36060e+08,1.07717e-01,5.80988e+00,9.18646e-03,
1.00447e+04,2.36070e+08,8.14946e-01,2.87826e-02,-4.05804e-03,
1.04314e+04,2.36080e+08,6.19716e-01,5.16917e+00,-2.32941e-03,
1.41696e+04,2.36094e+08,9.21614e-01,9.52876e-01,-8.62800e-03,
1.91264e+04,2.36114e+08,2.18643e-01,7.33516e-01,-7.53499e-03,
7.91690e+04,2.36193e+08,1.04277e-01,2.48371e+00,-4.49184e-03,
1.01645e+04,2.36203e+08,5.03474e-01,6.26679e+00,-5.99650e-03,
1.11463e+04,2.36214e+08,2.62912e-01,1.48122e+00,-9.52032e-03,
1.41442e+04,2.36228e+08,6.50153e-01,4.03561e+00,-9.62313e-03,
1.18399e+05,2.36347e+08,9.84764e-01,2.90992e-01,-6.39272e-03,
7.60351e+04,2.36423e+08,5.41137e-01,2.01658e+00,-4.40737e-04,
8.71048e+04,2.36510e+08,6.85236e-01,2.43886e+00,2.79184e-03,
3.45560e+04,2.36544e+08,6.26230e-01,5.49885e-01,-5.95357e-03,
1.66195e+04,2.36561e+08,4.63211e-01,5.01718e+00,8.19229e-03,
1.14357e+04,2.36572e+08,4.58094e-01,1.13516e+00,-6.53240e-03,
1.76277e+04,2.36590e+08,3.93631e-01,3.68121e+00,1.66631e-03,
3.21355e+04,2.36622e+08,2.63098e-01,1.17228e-01,-7.01061e-03,
1.15610e+04,2.36634e+08,7.22594e-01,2.62745e+00,-6.48191e-03,
1.47455e+04,2.36648e+08,1.30408e+00,3.74928e-01,4.12183e-03,
2.56130e+04,2.36674e+08,2.98871e-01,4.64994e-01,7.40984e-04,
3.80448e+04,2.36712e+08,8.15162e-01,4.39895e+00,2.53870e-03,
1.53154e+04,2.36727e+08,1.34562e+00,2.64869e+00,2.55537e-03,
2.33588e+04,2.36751e+08,2.29993e-01,3.25889e+00,3.04125e-03,
3.21452e+04,2.36783e+08,4.38102e-01,3.25285e+00,-1.68093e-03,
1.03261e+05,2.36886e+08,1.38724e-01,5.47163e+00,-5.15233e-03,
7.94226e+04,2.36966e+08,1.56449e+00,4.02705e+00,6.79406e-04,
1.00716e+04,2.36976e+08,9.45388e-02,1.14325e+00,5.32034e-03,
2.86491e+04,2.37004e+08,1.37252e+00,5.99884e+00,4.85104e-03,
6.56797e+04,2.37070e+08,7.25001e-01,2.62160e+00,-9.01259e-03,
3.55840e+04,2.37106e+08,1.19985e+00,1.45703e+00,1.63533e-03,
2.66866e+04,2.37132e+08,1.44597e+00,3.30220e-01,-9.98373e-03,
1.28552e+04,2.37145e+08,7.19882e-01,3.95886e+00,4.84443e-03,
6.92709e+04,2.37214e+08,6.66740e-01,2.72044e+00,9.80539e-03,
1.15094e+04,2.37226e+08,7.10751e-01,5.99408e+00,-1.22851e-03,
1.01201e+04,2.37236e+08,7.29513e-01,3.37538e+00,7.33674e-03,
1.60336e+05,2.37396e+08,7.33667e-01,3.45547e+00,8.86123e-03,
3.54940e+04,2.37432e+08,1.72583e-01,6.29422e-01,8.46389e-03,
1.09695e+04,2.37443e+08,6.32020e-01,4.56270e+00,-4.39273e-03,
1.00635e+04,2.37453e+08,4.81141e-01,1.07576e+00,-8.76498e-04,
1.00656e+04,2.37463e+08,2.69809e-01,4.54292e+00,-1.63255e-03,
4.57277e+05,2.37920e+08,3.56398e-01,3.11803e+00,-3.00654e-03,
7.10886e+04,2.37991e+08,2.08958e+00,1.54102e+00,-9.69730e-03,
1.37215e+04,2.38005e+08,1.71736e+00,6.09411e-01,3.10555e-03,
1.24963e+04,2.38018e+08,3.67554e-01,4.22217e+00,-7.95455e-03,
6.46069e+05,2.38664e+08,2.11827e-01,5.27098e+00,1.25542e-03,
2.75895e+04,2.38691e+08,1.62347e+00,5.93542e+00,4.96013e-03,
3.94396e+04,2.38731e+08,7.56896e-01,4.13119e+00,8.48582e-03,
1.14001e+04,2.38742e+08,2.78441e-01,3.60247e+00,8.32971e-04,
7.60484e+04,2.38818e+08,7.62406e-02,6.15878e+00,-3.50338e-03,
1.07329e+04,2.38829e+08,4.26045e-01,2.02852e+00,-3.50706e-04,
3.72290e+04,2.38866e+08,5.59750e-01,4.46735e+00,8.11310e-03,
3.73717e+04,2.38903e+08,1.42226e+00,1.23440e+00,4.81656e-03,
1.79724e+04,2.38921e+08,2.12374e-01,3.51471e-02,-6.25017e-03,
2.30887e+05,2.39152e+08,1.34289e+00,4.34030e-01,-4.03653e-03,
1.25249e+04,2.39165e+08,7.67884e-01,1.78388e+00,-8.72104e-03,
2.88429e+04,2.39194e+08,5.05710e-01,2.11496e+00,9.59932e-03,
1.15904e+04,2.39205e+08,4.89981e-01,2.99818e+00,-3.81997e-03,
8.39008e+04,2.39289e+08,1.32787e+00,4.48730e+00,-5.11239e-03,
5.38527e+05,2.39828e+08,6.25713e-01,2.35345e+00,-9.81459e-03,
1.00853e+04,2.39838e+08,1.03926e+00,5.37726e+00,2.54772e-03,
2.56779e+04,2.39863e+08,5.59069e-01,4.43165e+00,8.61216e-03,
2.82897e+04,2.39892e+08,2.48872e-01,5.14277e+00,-9.18061e-03,
1.95414e+04,2.39911e+08,1.80177e-01,9.64991e-01,-7.94476e-03,
1.83021e+04,2.39930e+08,2.00120e-01,6.11260e+00,4.01709e-03,
3.03446e+04,2.39960e+08,1.26237e+00,3.67373e+00,5.20210e-06,
1.81635e+04,2.39978e+08,1.03909e+00,8.59399e-02,-8.96648e-04,
1.99220e+04,2.39998e+08,1.33387e+00,5.33967e+00,2.07225e-03,
1.43046e+04,2.40012e+08,4.08119e-01,2.13573e+00,-9.11247e-03,
1.30728e+04,2.40025e+08,3.65604e-01,1.45116e+00,3.13570e-03,
1.76022e+04,2.40043e+08,3.60597e-01,4.16170e+00,-8.66850e-03,
1.36844e+04,2.40057e+08,1.52610e+00,1.00945e+00,-8.71390e-03,
1.69551e+04,2.40074e+08,3.83186e-01,1.53206e+00,8.33218e-03,
3.59553e+04,2.40110e+08,5.99343e-01,2.27096e+00,5.62391e-03,
2.72655e+04,2.40137e+08,1.76680e+00,3.93902e+00,6.49380e-03,
1.00202e+05,2.40237e+08,2.03125e-01,4.22270e+00,-5.72252e-03,
3.64976e+04,2.40273e+08,4.73300e-01,5.10263e+00,7.76215e-03,
2.25200e+04,2.40296e+08,4.00568e-01,3.30750e+00,-8.54630e-03,
2.33828e+04,2.40319e+08,2.79675e-01,2.89653e+00,2.57835e-03,
4.41454e+04,2.40364e+08,5.58810e-01,5.74125e+00,4.24627e-03,
3.18920e+04,2.40395e+08,4.47252e-01,2.73035e+00,2.93724e-05,
1.37060e+04,2.40409e+08,9.51881e-01,1.06523e+00,-9.73071e-05,
1.09502e+04,2.40420e+08,1.00371e+00,5.91474e+00,-6.89995e-03,
2.36555e+04,2.40444e+08,1.04358e-01,3.94447e+00,3.02750e-03,
4.66330e+05,2.40910e+08,8.76597e-01,5.84637e+00,-1.50256e-03,
2.47441e+04,2.40935e+08,2.52750e-01,3.99586e+00,5.80627e-03,
3.84362e+04,2.40973e+08,6.30290e-01,3.33715e+00,-2.75099e-03,
1.96809e+04,2.40993e+08,1.28710e+00,6.15597e+00,4.81608e-03,
1.21800e+04,2.41005e+08,5.31040e-01,2.01895e+00,-4.06655e-03,
2.92319e+04,2.41034e+08,1.00736e+00,5.49699e+00,4.00848e-03,
2.59335e+04,2.41060e+08,1.30303e+00,2.32602e+00,9.39095e-03,
1.21701e+04,2.41072e+08,8.67577e-01,5.39458e+00,-4.22368e-04,
2.22071e+04,2.41095e+08,2.89824e-01,2.00820e+00,3.85268e-03,
1.14889e+04,2.41106e+08,6.37173e-01,2.47571e+00,-5.32546e-03,
9.90505e+04,2.41205e+08,1.88688e-01,3.21700e+00,-2.03999e-04,
1.51348e+04,2.41220e+08,1.24101e+00,5.86945e+00,4.23001e-03,
3.60060e+04,2.41256e+08,2.98192e-01,4.35536e+00,4.99945e-03,
1.59855e+04,2.41272e+08,3.53232e-01,2.59927e+00,6.72344e-03,
6.64161e+04,2.41339e+08,6.57546e-01,6.18789e+00,-6.02851e-03,
2.93919e+04,2.41368e+08,4.39016e-01,5.88539e+00,-8.67383e-03,
9.50638e+05,2.42319e+08,8.86419e-01,1.82862e+00,9.38097e-03,
1.04816e+04,2.42329e+08,2.70343e-01,1.46025e+00,-7.45514e-03,
3.46979e+05,2.42676e+08,3.53395e-01,5.14462e+00,8.85828e-03,
1.60509e+04,2.42692e+08,6.06583e-01,1.12909e+00,-4.99577e-03,
1.14203e+04,2.42704e+08,2.75499e-01,4.38529e+00,-7.94007e-03,
9.39632e+05,2.43643e+08,2.69444e-01,5.50099e+00,6.81992e-03,
1.14651e+04,2.43655e+08,1.55757e+00,4.09323e-01,1.79254e-03,
5.45393e+04,2.43709e+08,7.46567e-01,1.59941e+00,-5.05929e-03,
1.66263e+04,2.43726e+08,2.46715e-01,1.44558e+00,1.00806e-04,
3.13434e+04,2.43757e+08,4.58984e-01,1.60648e-01,-7.02068e-03,
1.21538e+04,2.43769e+08,1.01432e+00,3.62817e-03,1.53783e-03,
2.53968e+04,2.43795e+08,1.38861e-01,3.91552e+00,-6.92757e-03,
3.81681e+04,2.43833e+08,4.52473e-01,4.30164e+00,-6.30141e-03,
4.99278e+04,2.43883e+08,1.26024e+00,2.66477e+00,4.78585e-03,
1.94855e+04,2.43902e+08,9.97623e-01,5.57453e+00,-4.97788e-03,
1.05937e+04,2.43913e+08,1.00700e+00,1.71025e+00,-1.16768e-03,
1.82273e+04,2.43931e+08,8.54864e-01,1.15511e+00,-9.88025e-03,
1.84130e+05,2.44115e+08,3.66134e-01,1.29083e+00,-3.95957e-03,
6.09482e+04,2.44176e+08,1.16139e+00,6.09369e+00,7.21372e-04,
1.24755e+04,2.44189e+08,1.77256e-01,5.95761e+00,-4.46813e-03,
1.14439e+04,2.44200e+08,3.55141e-01,4.68535e+00,9.45121e-03,
1.66175e+04,2.44217e+08,1.04970e+00,5.47670e+00,-3.12892e-03,
1.95558e+04,2.44236e+08,4.94955e-01,5.81993e+00,4.68208e-04,
1.13543e+04,2.44248e+08,2.18087e+00,5.52363e-01,8.08273e-03,
4.21927e+04,2.44290e+08,3.30867e-01,3.87699e+00,-1.67309e-03,
7.89310e+04,2.44369e+08,2.83093e-01,4.80703e+00,-5.18299e-03,
1.11041e+04,2.44380e+08,5.79883e-01,6.25580e+00,8.24484e-03,
2.30021e+04,2.44403e+08,1.50932e-01,1.05616e+00,9.81904e-03,
3.09166e+04,2.44434e+08,2.00708e-01,5.93830e+00,7.01827e-04,
1.14150e+04,2.44445e+08,1.58810e-01,2.25917e+00,-4.63602e-03,
2.10733e+04,2.44466e+08,2.26279e-01,5.19934e+00,1.36632e-04,
1.76305e+04,2.44484e+08,3.76326e-01,2.04518e+00,6.96341e-03,
6.60841e+04,2.44550e+08,1.22394e+00,7.25417e-02,8.32417e-03,
1.72436e+04,2.44567e+08,3.31049e-01,4.82129e+00,-7.36578e-03,
2.86366e+04,2.44596e+08,7.84857e-01,1.73771e+00,7.55014e-04,
1.34549e+04,2.44609e+08,6.49287e-01,1.22943e+00,1.68482e-03,
1.42690e+04,2.44624e+08,3.79204e-01,1.63862e+00,-7.04082e-03,
1.09809e+04,2.44635e+08,1.33043e+00,3.11577e+00,-2.14449e-03,
1.50671e+04,2.44650e+08,1.11814e+00,3.01044e+00,-2.53723e-03,
2.12386e+05,2.44862e+08,1.00618e+00,4.37826e+00,9.87558e-03,
3.28663e+05,2.45191e+08,8.75069e-01,2.52129e+00,8.63605e-03,
5.13548e+04,2.45242e+08,1.39420e-01,3.34137e-01,3.12275e-03,
1.86443e+04,2.45261e+08,1.49582e-01,4.80525e+00,-4.11860e-03,
1.08651e+04,2.45272e+08,5.67660e-01,5.95449e+00,-7.43822e-03,
4.64362e+05,2.45736e+08,1.70716e-01,5.14358e-01,5.16321e-03,
4.22269e+04,2.45778e+08,3.24977e-01,3.16017e+00,-6.92740e-03,
3.99489e+04,2.45818e+08,4.74834e-01,6.16398e+00,-4.28897e-04,
1.68184e+05,2.45986e+08,3.61721e-01,1.68509e+00,-3.19634e-03,
6.42577e+04,2.46051e+08,3.98493e-02,2.94155e+00,6.33546e-05,
7.28339e+04,2.46124e+08,7.59501e-01,1.09849e+00,-2.57396e-03,
9.48168e+04,2.46218e+08,3.81911e-01,9.45890e-01,2.03245e-03,
1.47528e+05,2.46366e+08,1.14026e+00,5.34291e-01,3.56786e-03,
1.51346e+04,2.46381e+08,7.92192e-01,4.21645e+00,6.10272e-03,
1.45915e+04,2.46396e+08,1.37970e-01,4.80216e+00,-9.89390e-03,
3.64396e+04,2.46432e+08,1.43791e+00,3.56761e+00,-8.33605e-03,
1.23595e+04,2.46444e+08,4.91138e-01,2.88692e+00,-6.75451e-03,
1.16273e+04,2.46456e+08,1.72256e+00,1.02884e+00,-5.40937e-03,
1.84033e+04,2.46474e+08,7.37190e-01,9.10048e-01,-5.62924e-03,
1.35893e+04,2.46488e+08,8.00617e-01,7.06644e-02,-4.25418e-03,
1.06651e+04,2.46499e+08,4.70127e-01,1.20328e+00,-7.14444e-04,
7.74685e+04,2.46576e+08,1.05004e+00,3.09470e+00,-7.07609e-03,
2.28752e+04,2.46599e+08,7.45576e-01,3.64219e+00,-8.00973e-03,
2.11021e+04,2.46620e+08,6.80694e-01,5.12736e+00,5.35801e-03,
5.29182e+04,2.46673e+08,5.13145e-01,1.13477e+00,1.55999e-03,
7.58711e+04,2.46749e+08,7.38443e-01,2.36946e+00,-5.44817e-03,
4.06204e+04,2.46790e+08,4.84335e-01,2.86190e+00,-7.35931e-03,
9.42929e+04,2.46884e+08,3.31552e-01,4.15142e+00,3.39524e-03,
4.55503e+04,2.46929e+08,4.58480e-01,3.62828e+00,4.42660e-03,
2.01450e+04,2.46950e+08,1.18258e+00,6.12530e+00,8.58855e-03,
5.68327e+04,2.47006e+08,9.14534e-01,2.84127e+00,9.55564e-03,
1.55281e+04,2.47022e+08,5.71928e-01,3.98230e+00,7.43267e-03,
1.01951e+04,2.47032e+08,4.40447e-01,6.12877e+00,4.95987e-03,
5.50386e+05,2.47582e+08,6.73219e-01,4.95575e+00,8.63562e-03,
2.89005e+04,2.47611e+08,2.73693e-01,5.69561e+00,4.49964e-03,
1.55100e+04,2.47627e+08,5.18528e-01,7.40488e-01,9.90076e-03,
3.74532e+04,2.47664e+08,1.67405e-01,5.16699e+00,7.63607e-03,
1.02938e+04,2.47675e+08,7.78876e-01,1.59561e+00,6.27194e-04,
1.03760e+04,2.47685e+08,2.08177e-01,3.73823e-01,-2.02191e-03,
1.05020e+04,2.47695e+08,6.19986e-01,1.89880e+00,-9.70293e-03,
1.21235e+04,2.47708e+08,2.45515e+00,5.23928e-01,2.93175e-03,
3.62407e+05,2.48070e+08,8.57011e-01,2.18578e+00,-5.74561e-03,
1.33027e+04,2.48083e+08,1.25847e-01,4.45059e+00,-8.58836e-03,
4.84619e+05,2.48568e+08,1.01741e+00,4.09836e-01,-2.32670e-03,
5.15739e+04,2.48620e+08,4.14800e-01,9.60229e-01,-8.45758e-03,
1.60782e+04,2.48636e+08,2.89561e-01,2.98322e-01,-7.88216e-03,
6.78052e+04,2.48703e+08,8.27796e-01,3.94331e+00,-2.07299e-03,
5.73768e+04,2.48761e+08,6.25474e-01,3.15906e+00,6.90130e-03,
3.50768e+04,2.48796e+08,2.93930e-02,4.50574e-01,-5.46719e-03,
1.05173e+05,2.48901e+08,4.40081e-01,6.87493e-01,9.30667e-03,
3.43489e+04,2.48935e+08,7.64773e-01,1.58232e+00,9.35922e-04,
2.98151e+04,2.48965e+08,9.75368e-01,2.21667e+00,-1.39686e-04,
4.94460e+04,2.49015e+08,4.08917e-01,2.71943e+00,7.27903e-03,
1.09747e+04,2.49026e+08,2.06608e-01,4.21921e+00,9.01840e-03,
8.33151e+04,2.49109e+08,5.07322e-01,2.48845e+00,-3.50818e-03,
1.31395e+04,2.49122e+08,1.47576e+00,6.43595e-02,4.06036e-03,
1.48632e+04,2.49137e+08,3.56159e-01,4.86603e+00,7.11720e-03,
5.66081e+04,2.49194e+08,8.96762e-01,1.48500e+00,3.76578e-03,
6.53095e+04,2.49259e+08,1.10162e+00,5.46269e+00,7.68677e-03,
1.53641e+04,2.49274e+08,1.97044e-01,2.56538e+00,4.99913e-03,
1.18792e+04,2.49286e+08,5.63660e-01,1.46912e-01,9.87918e-03,
1.55764e+04,2.49302e+08,6.30373e-01,2.44804e+00,9.39277e-03,
1.84658e+04,2.49320e+08,3.15556e-01,5.66548e+00,-5.69408e-03,
1.75455e+04,2.49338e+08,2.06276e-01,5.86563e+00,9.55094e-03,
1.53736e+04,2.49353e+08,1.06758e+00,6.02394e-01,-2.36706e-03,
1.08064e+04,2.49364e+08,5.05784e-01,9.28926e-01,2.32048e-03,
4.82326e+05,2.49846e+08,6.96228e-01,6.91459e-01,-4.67655e-04,
1.90896e+05,2.50037e+08,2.53042e-01,5.98084e+00,-1.28110e-03,
7.49769e+04,2.50112e+08,9.23931e-01,3.77989e+00,3.56260e-03,
1.03409e+04,2.50122e+08,4.72523e-01,5.09740e+00,6.96420e-03,
2.00640e+04,2.50142e+08,1.37335e+00,5.42721e+00,3.99071e-03,
3.87583e+04,2.50181e+08,8.19997e-01,1.73228e+00,9.88529e-03,
2.09649e+05,2.50391e+08,7.12760e-01,3.74585e+00,2.83140e-05,
1.71301e+04,2.50408e+08,7.57021e-01,5.90958e+00,2.06651e-03,
7.31619e+04,2.50481e+08,3.61135e-01,3.57186e+00,8.13692e-03,
1.75185e+05,2.50656e+08,9.83202e-01,1.14212e+00,8.64658e-03,
3.16833e+04,2.50688e+08,3.43678e-01,3.50950e+00,9.47221e-03,
4.55366e+05,2.51143e+08,2.86088e+00,4.73309e+00,-4.76218e-03,
5.32221e+04,2.51197e+08,7.38987e-01,4.92507e+00,-4.50787e-03,
2.02163e+04,2.51217e+08,7.53208e-01,1.68208e+00,-1.79919e-03,
5.49200e+04,2.51272e+08,2.80733e-01,1.60649e+00,9.59205e-03,
1.00883e+04,2.51282e+08,6.15430e-01,1.35868e-01,4.66558e-03,
1.53798e+04,2.51297e+08,7.59171e-01,4.57444e-01,6.24857e-03,
1.98498e+04,2.51317e+08,2.33662e-01,5.49713e+00,-8.60288e-03,
1.05754e+04,2.51328e+08,7.31403e-02,2.89317e+00,6.72911e-03,
1.05029e+04,2.51338e+08,4.72740e-01,3.93701e+00,7.57160e-03,
3.21577e+04,2.51370e+08,2.83670e-01,2.83602e+00,1.79774e-03,
1.81870e+04,2.51388e+08,2.29617e-01,2.96282e+00,-1.96551e-03,
1.34488e+04,2.51402e+08,1.27219e+00,2.75940e+00,9.20184e-03,
1.03562e+05,2.51506e+08,3.74089e-01,4.19867e+00,-3.28588e-03,
1.01462e+06,2.52520e+08,1.45112e+00,6.01759e+00,6.76880e-03,
1.75698e+04,2.52538e+08,7.19285e-01,2.30729e+00,5.09846e-03,
1.24268e+04,2.52550e+08,1.16994e-01,2.53560e-01,7.02755e-03,
1.97741e+05,2.52748e+08,4.88063e-01,4.07187e+00,-6.21060e-03,
4.43088e+04,2.52792e+08,2.32025e-01,2.29150e+00,-1.48961e-03,
1.58852e+04,2.52808e+08,7.78753e-01,4.71519e-01,4.87597e-03,
1.07075e+04,2.52819e+08,3.87765e-01,2.51134e+00,-2.83240e-03,
1.85431e+04,2.52837e+08,2.23463e-01,4.69169e+00,-7.98386e-03,
1.72319e+04,2.52855e+08,5.52451e-01,3.44138e+00,-8.83141e-03,
1.78227e+04,2.52872e+08,1.80320e-01,4.57157e+00,4.46048e-03,
1.42724e+04,2.52887e+08,2.20976e+00,2.74661e+00,9.00583e-03,
1.77923e+04,2.52904e+08,3.77109e-01,5.42920e+00,3.58771e-04,
1.45809e+04,2.52919e+08,3.20482e-01,3.18048e+00,-8.63059e-03,
2.57295e+04,2.52945e+08,1.03166e+00,2.83702e+00,-1.62075e-03,
4.36018e+04,2.52988e+08,4.44676e-01,6.02502e-02,7.93402e-03,
2.04484e+04,2.53009e+08,7.83382e-01,1.84329e+00,3.89926e-04,
1.44288e+04,2.53023e+08,1.26522e+00,3.53496e+00,5.83728e-03,
1.59042e+04,2.53039e+08,5.27201e-01,2.09150e+00,8.25510e-03,
1.53370e+04,2.53054e+08,4.85485e-01,9.41721e-01,8.43797e-03,
5.86549e+04,2.53113e+08,4.87353e-01,3.49606e+00,9.85491e-03,
1.63565e+04,2.53129e+08,5.72633e-01,5.05568e+00,-3.23500e-03,
1.13006e+04,2.53141e+08,2.13159e-01,2.28726e+00,6.35152e-03,
1.74844e+04,2.53158e+08,6.07780e-01,1.35303e+00,2.58729e-03,
2.36621e+04,2.53182e+08,1.03561e+00,4.06705e+00,2.73888e-03,
1.08817e+04,2.53193e+08,8.47424e-01,6.03101e+00,1.84061e-03,
1.32291e+04,2.53206e+08,1.62737e+00,5.10448e-02,9.87912e-03,
3.42720e+04,2.53240e+08,9.68691e-02,4.69349e-01,9.86407e-03,
1.20584e+04,2.53252e+08,1.42276e-01,2.23996e-01,7.46338e-04,
2.42625e+05,2.53495e+08,6.40520e-01,3.54525e+00,-5.21678e-03,
1.93096e+06,2.55426e+08,3.95050e-01,5.77264e+00,8.79850e-03,
2.10718e+06,2.57533e+08,2.59752e-01,3.38352e+00,-3.44441e-03,
2.38630e+04,2.57557e+08,8.51974e-01,1.29675e+00,3.93486e-03,
2.39316e+04,2.57581e+08,3.84719e-01,2.29059e+00,-1.48452e-03,
2.46365e+04,2.57606e+08,3.53501e-01,4.82538e-01,3.29112e-03,
2.03237e+04,2.57626e+08,3.11839e-01,2.87701e+00,1.41693e-03,
5.46830e+04,2.57681e+08,2.97149e-01,6.27469e+00,-2.86370e-03,
3.82248e+04,2.57719e+08,1.24583e+00,5.53060e-01,7.25590e-04,
6.89955e+04,2.57788e+08,1.18781e-01,2.32359e+00,-3.61219e-03,
2.74500e+04,2.57815e+08,1.91106e-01,4.33782e+00,3.23247e-03,
1.33220e+04,2.57829e+08,1.11618e+00,5.15402e+00,-4.25374e-03,
1.11960e+04,2.57840e+08,1.79298e+00,1.00820e+00,7.42470e-03,
1.09694e+04,2.57851e+08,6.87910e-01,3.23337e+00,8.51163e-04,
1.15874e+05,2.57967e+08,5.17385e-01,4.88787e+00,8.23801e-03,
3.07183e+04,2.57997e+08,1.19991e+00,3.92997e-01,-7.65289e-03,
2.67012e+04,2.58024e+08,4.92475e-01,5.67974e+00,8.05059e-04,
1.76714e+04,2.58042e+08,6.78713e-01,1.63816e+00,6.78640e-03,
1.40804e+04,2.58056e+08,3.73016e-01,3.59292e+00,-6.63900e-04,
2.10775e+04,2.58077e+08,1.04776e+00,3.92840e+00,-2.76449e-05,
1.65081e+04,2.58093e+08,8.39254e-01,4.18748e+00,8.51440e-03,
1.14675e+04,2.58105e+08,3.05643e-01,3.92432e+00,2.40869e-03,
1.30756e+04,2.58118e+08,1.24026e-01,5.99062e+00,-9.60436e-03,
1.50231e+04,2.58133e+08,2.13426e+00,3.35777e+00,-5.94306e-03,
3.96920e+04,2.58173e+08,9.24944e-01,1.40024e+00,8.97218e-03,
2.95067e+04,2.58202e+08,1.34153e+00,1.57802e+00,9.49708e-03,
1.27444e+04,2.58215e+08,1.97491e-01,4.63048e+00,4.38569e-03,
1.04572e+04,2.58225e+08,1.30569e+00,2.90289e+00,4.09953e-03,
1.87627e+04,2.58244e+08,1.74427e+00,2.54230e+00,4.84273e-03,
2.37813e+05,2.58482e+08,4.15104e-01,1.77283e+00,2.06843e-03,
5.66253e+04,2.58539e+08,3.71340e-01,5.52063e+00,1.30189e-03,
4.91884e+04,2.58588e+08,6.34264e-01,1.38233e+00,-9.61265e-03,
9.83656e+04,2.58686e+08,8.73390e-01,3.24317e+00,6.82929e-03,
2.44124e+04,2.58710e+08,1.97936e-01,3.02712e+00,-1.13377e-03,
1.42893e+04,2.58725e+08,4.72637e-01,2.25299e+00,-8.45365e-05,
2.15203e+05,2.58940e+08,4.80101e-01,5.00492e+00,8.67260e-03,
4.11910e+04,2.58981e+08,1.01838e-01,2.24799e+00,9.80926e-03,
1.01586e+05,2.59083e+08,8.41215e-01,3.50052e+00,3.65156e-03,
1.29149e+04,2.59096e+08,2.97035e-01,3.99748e-01,2.01651e-03,
1.35059e+04,2.59109e+08,4.49958e-01,3.12241e+00,9.56559e-03,
2.00313e+05,2.59309e+08,5.91158e-01,4.54734e+00,-2.56751e-03,
1.33637e+04,2.59323e+08,4.19806e-01,2.05152e+00,7.31980e-03,
1.85010e+04,2.59341e+08,5.51117e-01,7.99419e-01,-9.65087e-03,
1.64374e+04,2.59358e+08,1.24176e+00,6.26677e-01,-6.77477e-03,
8.32341e+04,2.59441e+08,9.53468e-02,5.92097e+00,-7.80499e-03,
1.14367e+04,2.59452e+08,5.13522e-01,8.05295e-01,-4.62496e-03,
1.15447e+04,2.59464e+08,2.20209e-01,5.16285e+00,7.86456e-03,
1.05328e+04,2.59475e+08,1.43573e+00,4.35118e+00,-1.41184e-03,
1.20939e+04,2.59487e+08,7.92308e-01,4.37534e+00,7.93426e-03,
1.82771e+04,2.59505e+08,1.47558e+00,3.65986e+00,8.68097e-03,
1.83530e+05,2.59688e+08,6.10758e-01,3.18583e+00,6.56616e-03,
2.20528e+04,2.59710e+08,6.97748e-01,2.24406e+00,-5.23400e-03,
2.68667e+04,2.59737e+08,1.51983e+00,4.32022e+00,6.02538e-03,
2.07756e+04,2.59758e+08,6.32334e-01,4.54832e+00,-8.92576e-03,
1.89998e+06,2.61658e+08,2.00564e+00,5.94375e+00,-9.33309e-03,
4.78858e+05,2.62137e+08,1.15049e+00,1.27492e+00,-6.57279e-03,
1.27323e+04,2.62150e+08,4.17338e-01,1.60826e+00,4.13579e-03,
1.17223e+04,2.62161e+08,2.93543e-01,2.26308e+00,8.90837e-03,
1.26628e+04,2.62174e+08,4.79751e-01,1.80710e+00,4.22504e-03,
8.26173e+04,2.62257e+08,2.29692e-01,5.71929e+00,-7.94527e-04,
1.04330e+04,2.62267e+08,2.29238e-01,3.40960e+00,4.94243e-03,
2.87101e+04,2.62296e+08,3.57895e-01,3.22013e+00,-8.12047e-03,
2.02619e+04,2.62316e+08,2.40551e-01,9.59693e-01,-5.17376e-03,
6.63122e+04,2.62382e+08,5.86332e-01,2.19838e+00,3.49213e-03,
4.39743e+04,2.62426e+08,1.07562e+00,5.87915e-01,-6.05168e-03,
1.99410e+04,2.62446e+08,2.81397e-01,2.57478e+00,-1.15369e-03,
1.26951e+04,2.62459e+08,2.11106e-01,5.52620e+00,1.84187e-03,
2.88411e+04,2.62488e+08,9.32307e-01,4.58108e+00,-6.75590e-03,
1.07023e+04,2.62499e+08,3.56286e-01,5.45558e+00,5.38999e-04,
2.10352e+04,2.62520e+08,2.30293e-01,2.66480e+00,-5.17578e-03,
1.89632e+04,2.62539e+08,7.11029e-01,5.03204e+00,-9.46538e-03,
1.15083e+04,2.62550e+08,1.22563e+00,3.05385e+00,-6.37065e-03,
3.12064e+04,2.62581e+08,2.65987e-01,3.92352e+00,3.52062e-03,
2.14404e+04,2.62603e+08,2.86114e-01,3.15721e+00,9.15062e-03,
2.31977e+04,2.62626e+08,1.63328e-01,5.18625e+00,1.40693e-04,
1.17446e+04,2.62638e+08,4.66212e-01,5.05892e+00,5.78758e-03,
5.48425e+05,2.63186e+08,1.10868e-01,7.82711e-01,-2.17987e-03,
3.17804e+04,2.63218e+08,5.26199e-01,4.17515e+00,8.16186e-03,
1.22821e+04,2.63230e+08,3.64337e-01,1.85397e+00,7.99633e-03,
2.99208e+04,2.63260e+08,7.03718e-01,4.41383e+00,-5.21770e-03,
1.55356e+05,2.63415e+08,2.07361e-01,3.49297e+00,-3.34555e-03,
3.93638e+04,2.63455e+08,9.80203e-01,4.52771e-02,2.88514e-03,
2.78315e+04,2.63483e+08,4.88795e-01,5.71426e+00,8.65678e-03,
3.44581e+04,2.63517e+08,3.39472e-01,6.17986e-01,-3.20681e-03,
1.54265e+04,2.63533e+08,5.49140e-01,7.72770e-01,-8.21671e-03,
1.32560e+04,2.63546e+08,5.27540e-01,2.57361e+00,-3.53383e-03,
6.17551e+04,2.63608e+08,1.72413e+00,1.29942e+00,-1.75711e-04,
1.59715e+04,2.63623e+08,5.75184e-01,3.27724e+00,4.30417e-03,
2.31508e+04,2.63647e+08,2.63753e-01,4.02976e+00,-8.93452e-04,
2.10373e+05,2.63857e+08,9.33283e-01,8.92539e-01,1.21717e-03,
2.88008e+04,2.63886e+08,3.83613e-01,5.63550e+00,-4.67130e-03,
2.56118e+05,2.64142e+08,1.25414e+00,3.45930e+00,-5.79038e-03,
3.13302e+04,2.64173e+08,3.20078e-01,4.22057e+00,-7.78400e-03,
1.27052e+04,2.64186e+08,8.51421e-01,1.04958e+00,-3.37187e-03,
1.36633e+04,2.64200e+08,2.65450e-01,5.30541e+00,-6.24523e-03,
4.82688e+04,2.64248e+08,2.88310e-02,4.47171e+00,-9.20634e-03,
3.74575e+04,2.64285e+08,5.72967e-01,5.92355e+00,-1.21072e-03,
4.73488e+04,2.64333e+08,4.30219e-01,5.68083e+00,-5.95126e-03,
1.57986e+04,2.64349e+08,1.83538e-01,2.85255e+00,5.57110e-04,
2.75112e+04,2.64376e+08,4.49186e-02,3.04504e+00,-3.03547e-03,
1.93355e+05,2.64569e+08,4.93774e-01,1.93397e+00,-9.66835e-03,
2.72970e+04,2.64597e+08,2.23760e-01,4.30604e+00,2.82779e-03,
1.88221e+05,2.64785e+08,2.59557e-01,2.92717e+00,3.23547e-03,
1.27124e+04,2.64798e+08,3.82929e-01,2.91365e+00,2.85237e-03,
6.86254e+04,2.64866e+08,5.60550e-01,1.40382e+00,3.48922e-03,
3.59487e+04,2.64902e+08,3.74073e-01,1.61745e+00,6.95289e-03,
5.10418e+04,2.64953e+08,8.67256e-02,2.49977e+00,4.40313e-03,
3.01511e+04,2.64983e+08,6.45722e-01,5.12188e+00,-1.62234e-03,
1.73536e+04,2.65001e+08,5.19395e-01,6.08755e+00,4.67804e-04,
1.11511e+04,2.65012e+08,5.95595e-01,4.83553e-01,-9.78255e-04,
1.20126e+05,2.65132e+08,5.68033e-01,1.72460e-01,8.31880e-03,
2.06459e+05,2.65338e+08,8.25248e-01,5.17881e+00,8.67134e-03,
1.24041e+04,2.65351e+08,5.14658e-01,3.68402e+00,3.54701e-03,
1.85517e+04,2.65369e+08,6.96762e-01,2.03131e+00,-5.94436e-03,
1.72054e+04,2.65387e+08,1.94918e-01,1.20534e+00,1.91079e-03,
1.32018e+04,2.65400e+08,3.14917e-01,3.27627e+00,-7.40695e-03,
5.05091e+04,2.65450e+08,9.24255e-01,2.74502e+00,1.85988e-04,
3.74883e+04,2.65488e+08,6.51829e-01,3.95723e+00,-1.14472e-03,
1.28377e+05,2.65616e+08,1.13506e+00,2.48017e+00,-9.13867e-03,
1.27036e+05,2.65743e+08,1.08670e+00,1.20653e+00,1.52859e-03,
1.79755e+04,2.65761e+08,1.95682e-01,5.76281e+00,-3.88058e-03,
6.51608e+04,2.65826e+08,2.65416e-01,4.90675e+00,4.16793e-03,
1.28364e+04,2.65839e+08,5.44671e-01,3.94805e+00,8.79051e-03,
1.43973e+04,2.65854e+08,4.17229e-01,7.30118e-03,8.78793e-03,
9.58462e+04,2.65949e+08,7.50795e-02,5.64155e-01,7.07981e-03,
2.72335e+04,2.65977e+08,1.94291e-01,4.84623e-01,-4.72185e-03,
1.57005e+04,2.65992e+08,1.08667e+00,1.00075e+00,-9.80383e-03,
1.14483e+04,2.66004e+08,1.51494e+00,3.43697e+00,-3.27237e-03,
1.56239e+04,2.66019e+08,1.00871e+00,5.81698e+00,3.05567e-03,
1.43999e+04,2.66034e+08,1.20002e+00,9.77437e-01,7.02373e-03,
1.08777e+04,2.66045e+08,1.04520e+00,1.97004e+00,5.15515e-03,
2.21199e+04,2.66067e+08,1.32339e-01,4.36202e+00,7.71496e-03,
1.03591e+04,2.66077e+08,3.56482e-01,6.21350e+00,-7.66968e-03,
6.56417e+04,2.66143e+08,1.03013e+00,5.10025e+00,-3.30333e-03,
1.00292e+04,2.66153e+08,1.46371e+00,2.45994e+00,-4.34544e-03,
7.05241e+04,2.66223e+08,2.62017e-01,3.25999e+00,-8.99271e-03,
2.79161e+04,2.66251e+08,6.45292e-02,5.17280e+00,-2.87905e-03,
1.21257e+04,2.66263e+08,7.24339e-01,1.82976e+00,4.11536e-03,
1.41352e+04,2.66278e+08,1.65173e+00,4.12516e+00,7.85393e-03,
1.32052e+04,2.66291e+08,6.50657e-01,2.51731e+00,-9.50058e-03,
7.13878e+04,2.66362e+08,3.90854e-01,3.76177e-01,9.88966e-04,
8.72087e+05,2.67234e+08,2.84609e-01,2.20830e+00,8.18428e-03,
1.58764e+04,2.67250e+08,9.49094e-02,3.67107e+00,-6.17586e-03,
1.36717e+04,2.67264e+08,9.00129e-01,3.07348e+00,4.31531e-03,
1.11206e+04,2.67275e+08,6.25816e-01,2.77440e+00,6.31754e-04,
1.03420e+05,2.67378e+08,4.10396e-01,1.03680e+00,-9.52163e-03,
1.22040e+04,2.67391e+08,6.52259e-01,1.46181e-01,-5.80770e-03,
3.72032e+04,2.67428e+08,3.64035e-01,2.59013e+00,6.15508e-03,
5.37915e+04,2.67482e+08,2.68565e-01,2.58437e+00,-6.66290e-03,
2.89642e+04,2.67511e+08,3.29000e-01,5.84272e+00,6.65170e-03,
2.88908e+04,2.67539e+08,2.31639e+00,3.77715e+00,1.45329e-03,
1.58614e+04,2.67555e+08,1.00991e+00,5.24501e+00,-7.49843e-03,
2.38456e+04,2.67579e+08,4.69168e-01,4.04115e+00,-4.13212e-03,
3.25464e+04,2.67612e+08,1.19276e-01,3.76762e+00,-4.54470e-05,
1.95585e+04,2.67631e+08,5.77048e-01,6.00105e+00,-2.62859e-03,
3.29249e+04,2.67664e+08,3.96287e-01,4.93611e+00,-4.77547e-03,
3.57773e+04,2.67700e+08,2.30851e-01,3.47723e+00,-7.91252e-04,
1.24892e+04,2.67712e+08,3.29307e-01,1.51035e+00,-3.07608e-03,
1.39347e+04,2.67726e+08,4.49919e-01,2.19616e+00,-8.06244e-03,
2.16364e+04,2.67748e+08,1.67437e-01,4.04658e+00,-9.46604e-03,
5.02956e+04,2.67798e+08,3.06116e-01,9.93427e-01,5.07186e-03,
5.95876e+04,2.67858e+08,6.61985e-01,4.71813e+00,7.33431e-03,
1.06707e+04,2.67869e+08,1.18481e+00,3.03796e+00,-1.41602e-03,
1.87154e+04,2.67887e+08,3.16804e-01,4.73991e+00,3.59423e-04,
1.68840e+04,2.67904e+08,1.67737e-01,4.02046e+00,9.17835e-03,
8.79142e+04,2.67992e+08,3.39685e-01,4.55042e+00,7.00729e-03,
2.96039e+04,2.68022e+08,1.38718e+00,3.54043e+00,6.66035e-03,
1.03831e+04,2.68032e+08,9.56089e-01,6.16264e+00,2.10597e-03,
1.53031e+04,2.68047e+08,5.31280e-02,4.94099e+00,-1.63288e-03,
2.06255e+04,2.68068e+08,2.42656e-01,3.66661e+00,6.00048e-03,
1.58754e+04,2.68084e+08,9.43394e-01,1.85369e+00,9.72526e-03,
1.42496e+04,2.68098e+08,1.30942e-01,3.78523e+00,-8.06952e-03,
1.88551e+04,2.68117e+08,1.01835e-01,2.54104e-01,4.77956e-03,
2.50390e+04,2.68142e+08,2.96240e-01,2.27671e+00,-1.05823e-04,
2.04667e+04,2.68162e+08,3.42525e-01,4.91678e+00,8.30663e-03,
4.91966e+04,2.68212e+08,2.55455e-01,5.79174e+00,2.28529e-03,
3.32501e+04,2.68245e+08,3.00715e-01,1.86621e+00,-6.07130e-03,
1.55443e+04,2.68260e+08,6.24972e-01,7.60442e-01,1.95097e-03,
3.20678e+04,2.68293e+08,4.57632e-01,4.78934e-01,1.33024e-03,
7.50106e+04,2.68368e+08,9.57470e-01,2.80250e+00,-8.87079e-03,
2.73704e+04,2.68395e+08,6.94513e-01,2.83119e+00,-2.22896e-03,
5.56983e+04,2.68451e+08,1.14654e-01,1.70985e+00,-4.83083e-03,
1.57719e+04,2.68466e+08,3.23720e-01,3.18150e+00,-6.46933e-03,
5.00950e+04,2.68516e+08,5.89116e-01,2.41347e+00,-4.53656e-03,
2.46117e+05,2.68763e+08,3.97772e-01,2.37807e+00,-5.65095e-03,
7.94199e+05,2.69557e+08,1.20859e+00,2.66889e+00,6.80885e-04,
3.64761e+04,2.69593e+08,3.25291e-01,3.00589e+00,-6.25517e-03,
1.29373e+04,2.69606e+08,1.10725e+00,4.66012e+00,3.12397e-04,
2.54279e+04,2.69632e+08,4.06610e-01,2.28927e+00,-6.92784e-03,
1.17876e+04,2.69643e+08,4.83817e-01,1.76003e+00,9.75817e-03,
1.01383e+04,2.69654e+08,6.38555e-01,1.68665e+00,-7.67762e-04,
1.73681e+04,2.69671e+08,1.32234e+00,5.57380e+00,5.36202e-03,
1.53873e+04,2.69686e+08,2.68633e-01,1.43241e+00,2.80706e-03,
5.88454e+04,2.69745e+08,2.48490e-01,1.14295e-01,-5.08293e-03,
1.47162e+04,2.69760e+08,4.35252e-01,4.41185e+00,4.09123e-03,
1.53629e+04,2.69775e+08,4.37620e-01,2.29538e+00,1.00353e-04,
1.53705e+04,2.69791e+08,5.68864e-01,2.29747e+00,9.83833e-03,
9.85941e+04,2.69889e+08,4.36597e-01,5.01208e+00,8.81333e-03,
2.02536e+04,2.69909e+08,2.14649e-01,1.67821e-01,-4.11285e-05,
2.18678e+04,2.69931e+08,3.31758e-01,2.84421e-01,5.82855e-04,
5.07018e+04,2.69982e+08,1.72024e+00,4.37029e+00,-4.90529e-03,
1.56044e+05,2.70138e+08,8.35110e-01,5.80055e+00,-8.23368e-03,
1.75605e+06,2.71894e+08,1.22774e+00,4.64822e+00,6.53268e-03,
1.30941e+04,2.71907e+08,6.44049e-01,4.67426e+00,-2.39973e-03,
1.60334e+04,2.71923e+08,7.86811e-01,5.13900e-01,6.04957e-03,
2.79062e+04,2.71951e+08,2.59863e-01,5.99915e+00,-3.34066e-03,
3.98684e+04,2.71991e+08,5.03506e-01,2.01019e+00,9.51981e-03,
1.93908e+05,2.72185e+08,8.37472e-01,2.98145e+00,-7.81452e-03,
1.03489e+04,2.72195e+08,7.30990e-02,3.01981e+00,8.75530e-03,
2.81426e+04,2.72223e+08,1.98807e+00,5.42031e+00,-4.88439e-03,
1.77067e+05,2.72400e+08,1.15346e+00,1.93963e+00,-3.64267e-03,
1.02042e+04,2.72411e+08,1.89806e-01,5.71460e+00,-8.62944e-03,
2.84497e+04,2.72439e+08,6.99364e-02,8.04238e-01,-5.69713e-03,
6.61891e+04,2.72505e+08,4.48993e-01,3.47937e+00,-4.58953e-03,
1.31486e+05,2.72637e+08,5.62878e-01,2.85670e+00,2.63138e-03,
1.43972e+04,2.72651e+08,5.84015e-01,4.62934e+00,-9.70309e-03,
2.37282e+04,2.72675e+08,1.56329e-01,3.85744e+00,8.85471e-03,
1.05657e+04,2.72686e+08,5.03298e-01,4.68556e+00,-9.48411e-03,
2.50329e+04,2.72711e+08,4.52387e-01,3.96739e+00,-7.06417e-03,
1.31453e+04,2.72724e+08,1.45937e+00,2.58373e+00,-4.47775e-03,
2.44581e+04,2.72748e+08,3.85598e-01,3.61327e-01,9.45946e-03,
1.18720e+04,2.72760e+08,3.80309e-01,9.55910e-01,7.99814e-03,
3.81107e+04,2.72798e+08,1.44154e-01,4.71763e+00,9.05127e-03,
7.58651e+05,2.73557e+08,1.58706e-01,9.41513e-01,8.80131e-03,
1.09529e+04,2.73568e+08,5.20903e-01,2.93067e+00,-8.02158e-03,
2.41160e+04,2.73592e+08,3.97548e-01,2.99373e-01,-8.14387e-03,
1.04164e+04,2.73602e+08,3.83395e-01,2.21662e+00,-2.34987e-03,
1.12063e+04,2.73613e+08,4.06322e-01,2.89559e-01,-1.10254e-03,
7.11896e+04,2.73685e+08,1.08694e+00,6.36116e-01,-8.12287e-03,
1.30605e+04,2.73698e+08,1.05349e+00,1.45749e+00,7.88390e-03,
2.38489e+04,2.73722e+08,6.93519e-01,2.53874e+00,8.61102e-03,
1.21607e+04,2.73734e+08,3.16938e-01,2.90870e+00,7.38534e-03,
1.02708e+04,2.73744e+08,2.54222e-02,1.51473e+00,-4.41529e-03,
4.50625e+04,2.73789e+08,8.19377e-02,7.08444e-01,-7.40399e-03,
9.58693e+04,2.73885e+08,1.16013e+00,2.55803e+00,-1.87552e-03,
1.03607e+04,2.73895e+08,1.32776e+00,2.64997e+00,-1.40516e-03,
2.39913e+04,2.73919e+08,3.73800e-01,1.37870e+00,6.52088e-03,
3.06422e+04,2.73950e+08,3.04983e-01,4.87095e+00,-9.37390e-03,
2.20733e+04,2.73972e+08,9.58927e-01,1.24925e+00,-4.41833e-03,
1.44426e+04,2.73986e+08,5.41075e-01,5.63254e+00,-4.06984e-03,
3.08569e+04,2.74017e+08,1.03735e-01,8.89509e-01,4.22889e-03,
4.76273e+04,2.74065e+08,2.34890e-01,4.21905e+00,1.49330e-03,
2.32062e+04,2.74088e+08,1.24701e-01,2.41060e+00,3.19394e-03,
1.61133e+04,2.74104e+08,3.22611e-01,3.35391e+00,-5.60133e-03,
2.18899e+04,2.74126e+08,3.63185e-01,4.44516e+00,3.44492e-03,
1.76314e+04,2.74144e+08,8.90781e-01,3.84328e+00,-9.61626e-03,
1.09383e+06,2.75238e+08,2.88337e-01,2.32754e+00,7.02026e-03,
1.01682e+04,2.75248e+08,2.48620e+00,2.12547e+00,6.29061e-03,
3.46533e+04,2.75282e+08,5.10089e-01,1.63411e+00,5.75872e-03,
3.01988e+04,2.75313e+08,8.02231e-01,8.06832e-01,-8.46050e-03,
1.44438e+04,2.75327e+08,5.96378e-01,5.03625e+00,-2.37682e-03,
4.20066e+04,2.75369e+08,8.86960e-01,1.17952e+00,8.77420e-03,
8.53465e+05,2.76223e+08,4.03638e-01,9.30276e-01,8.07404e-03,
1.59464e+04,2.76238e+08,5.58033e-01,1.16153e+00,-8.38307e-03,
1.23166e+04,2.76251e+08,1.07816e+00,5.60795e+00,6.83949e-03,
5.98750e+04,2.76311e+08,6.41677e-01,4.78492e+00,2.84411e-03,
6.30930e+04,2.76374e+08,5.92860e-01,1.59587e+00,-1.28584e-03,
1.00709e+04,2.76384e+08,4.53830e-01,5.82342e+00,7.34363e-03,
7.31018e+04,2.76457e+08,1.02394e+00,6.40907e-01,8.40233e-03,
4.92956e+04,2.76506e+08,1.45494e+00,1.04625e+00,2.91788e-04,
1.46775e+04,2.76521e+08,3.35442e-01,4.83539e+00,8.57786e-04,
2.53216e+04,2.76546e+08,5.88558e-01,6.19342e+00,-3.82203e-03,
1.14598e+04,2.76558e+08,7.34739e-01,1.36089e+00,-4.09445e-03,
4.08556e+04,2.76599e+08,1.79266e+00,2.96564e+00,-9.80096e-03,
2.47917e+04,2.76623e+08,4.29383e-01,2.72064e+00,-3.47394e-03,
5.79816e+04,2.76681e+08,1.24188e-01,3.34000e+00,-1.19158e-03,
1.46569e+04,2.76696e+08,5.53142e-01,4.40805e+00,-9.77909e-03,
2.90520e+04,2.76725e+08,7.69198e-01,5.47066e+00,-9.32051e-03,
2.95891e+04,2.76755e+08,3.54358e-01,4.84943e+00,3.84968e-04,
1.96099e+04,2.76774e+08,3.86725e-01,3.63031e+00,-5.20249e-03,
2.01458e+04,2.76794e+08,4.46101e-01,1.33529e+00,1.07415e-03,
8.11823e+04,2.76876e+08,1.02216e+00,5.89958e-01,9.51863e-03,
9.09439e+04,2.76966e+08,3.33950e-01,5.50387e-01,1.05642e-03,
2.51383e+04,2.76992e+08,9.10977e-01,1.69911e+00,-4.92277e-03,
3.67031e+04,2.77028e+08,1.64554e+00,1.60888e+00,-9.86968e-03,
2.37934e+04,2.77052e+08,2.20158e-01,2.99596e+00,-5.80299e-03,
1.66468e+04,2.77069e+08,2.18726e-01,3.69388e-01,-8.07990e-03,
5.18985e+05,2.77588e+08,4.83374e-01,3.56591e+00,-9.37965e-03,
1.43008e+04,2.77602e+08,1.33366e+00,1.47582e+00,8.36559e-03,
1.41636e+06,2.79018e+08,3.04597e-01,6.17655e+00,4.74002e-03,
1.34233e+04,2.79032e+08,3.56877e-01,6.10202e+00,4.87726e-03,
1.05353e+04,2.79042e+08,4.49558e-01,1.69095e+00,-1.10178e-03,
1.20082e+05,2.79162e+08,1.05094e+00,5.59981e+00,-7.43754e-03,
5.72800e+04,2.79220e+08,3.14199e-01,5.23506e+00,6.11235e-03,
1.65001e+04,2.79236e+08,1.13047e+00,2.96538e+00,-1.77580e-03,
2.63082e+04,2.79263e+08,9.75125e-02,1.35100e-01,-1.73030e-03,
1.02934e+04,2.79273e+08,2.48385e-01,1.99213e+00,3.55685e-03,
1.17147e+04,2.79285e+08,1.90053e-01,1.76834e-01,-3.04375e-03,
2.46874e+04,2.79309e+08,1.86625e+00,1.27912e+00,7.79606e-03,
3.49273e+04,2.79344e+08,1.98294e-01,3.67718e+00,7.39444e-03,
2.42898e+04,2.79368e+08,1.13205e+00,3.71185e+00,8.42211e-03,
2.31845e+04,2.79392e+08,7.24802e-01,5.99880e+00,9.14076e-03,
1.24494e+04,2.79404e+08,8.34097e-01,1.51929e+00,2.41492e-03,
1.80708e+04,2.79422e+08,7.90847e-01,1.69936e+00,-7.90874e-04,
1.28255e+04,2.79435e+08,6.73160e-01,4.73106e+00,6.67323e-03,
1.20279e+04,2.79447e+08,1.40878e-01,6.18211e+00,9.41541e-03,
2.75698e+04,2.79475e+08,1.30558e+00,3.13286e+00,3.63491e-03,
1.91173e+04,2.79494e+08,1.47244e+00,3.96750e+00,-7.01208e-03,
1.88392e+04,2.79513e+08,3.04245e-01,4.31726e+00,6.21813e-03,
1.44793e+04,2.79527e+08,6.75689e-01,4.29456e-01,-2.19906e-03,
1.22273e+04,2.79539e+08,3.65457e-01,1.60784e+00,-7.27370e-03,
2.29426e+04,2.79562e+08,7.44735e-01,1.56336e+00,-7.56305e-03,
1.09933e+04,2.79573e+08,9.94651e-02,4.80915e+00,-6.58436e-03,
1.43617e+04,2.79588e+08,2.05259e+00,3.75209e+00,1.74075e-03,
2.26034e+04,2.79610e+08,3.57127e-01,4.50086e+00,1.35652e-03,
2.69671e+04,2.79637e+08,1.15039e-01,5.40619e-02,2.58314e-03,
1.05683e+04,2.79648e+08,5.17391e-01,4.81065e+00,-8.21934e-03,
1.32776e+04,2.79661e+08,2.40523e-01,4.31685e-01,-7.46252e-03,
2.24276e+04,2.79683e+08,1.77248e-01,3.48338e+00,1.59111e-03,
1.53693e+04,2.79699e+08,6.94950e-01,3.54356e+00,4.14241e-03,
1.29098e+04,2.79712e+08,1.07685e+00,4.26912e+00,-8.74168e-03,
3.16212e+04,2.79743e+08,8.35061e-01,5.64817e+00,1.77497e-03,
1.06670e+05,2.79850e+08,1.39299e-01,5.46981e-01,-2.42725e-03,
1.86816e+04,2.79869e+08,1.00053e-01,4.25046e+00,5.23873e-03,
1.10341e+04,2.79880e+08,9.37179e-01,4.86099e+00,-4.85523e-03,
2.38491e+04,2.79904e+08,9.59617e-01,3.30361e-01,7.70372e-03,
7.35986e+04,2.79977e+08,6.12651e-01,4.83938e+00,4.62866e-03,
3.50583e+04,2.80012e+08,4.03525e-01,5.22267e+00,-2.19069e-03,
1.41118e+04,2.80026e+08,2.00102e-01,5.43875e+00,5.64533e-03,
1.33121e+04,2.80040e+08,4.75026e-01,2.88439e+00,-1.86499e-03,
2.66150e+05,2.80306e+08,4.22474e-01,4.01176e+00,7.51533e-03,
1.56157e+04,2.80321e+08,4.47697e-01,2.61221e+00,2.42999e-03,
1.37256e+04,2.80335e+08,1.44894e-01,2.25525e-01,-9.50104e-03,
1.10086e+04,2.80346e+08,2.85698e-01,3.82931e+00,6.99606e-03,
1.52826e+04,2.80361e+08,4.05848e-01,4.43391e+00,5.17668e-03,
1.75057e+04,2.80379e+08,9.71242e-01,3.12881e-01,4.67703e-03,
1.15675e+04,2.80390e+08,8.03501e-01,8.89107e-01,2.12947e-03,
3.65983e+04,2.80427e+08,1.20776e+00,2.72666e+00,-8.04393e-03,
2.92043e+04,2.80456e+08,6.23081e-01,1.92439e+00,4.10020e-03,
2.70487e+05,2.80727e+08,2.10461e-01,4.60994e+00,-6.68929e-03,
2.50356e+04,2.80752e+08,1.31295e+00,1.02786e+00,6.79601e-03,
2.95092e+04,2.80781e+08,2.51803e-01,7.30290e-01,-2.91738e-03,
1.19637e+04,2.80793e+08,9.34140e-01,2.79072e+00,6.92909e-03,
1.50060e+04,2.80808e+08,4.78972e-01,5.26288e+00,-9.60581e-03,
5.86025e+04,2.80867e+08,4.55294e-01,4.67910e+00,-5.89344e-03,
1.09114e+04,2.80878e+08,6.93028e-01,3.58194e+00,-7.90766e-03,
1.27550e+04,2.80891e+08,1.30047e-01,5.36361e+00,2.96476e-03,
5.29511e+04,2.80943e+08,3.97838e-01,5.40810e+00,5.34119e-03,
4.43070e+04,2.80988e+08,6.03239e-01,4.39670e+00,-3.49738e-03,
2.09528e+04,2.81009e+08,3.59679e-01,1.75950e+00,-4.18504e-03,
1.99136e+04,2.81029e+08,6.84491e-01,2.68620e-01,-1.29443e-03,
1.14107e+04,2.81040e+08,8.70695e-01,2.45798e-01,5.88176e-03,
1.54483e+04,2.81056e+08,1.20213e+00,8.48706e-02,-7.10472e-03,
3.36341e+04,2.81089e+08,1.02235e+00,4.15675e+00,3.39741e-03,
3.00655e+04,2.81119e+08,8.55487e-01,2.16483e+00,-9.64313e-03,
2.57857e+04,2.81145e+08,5.92845e-01,4.14376e+00,6.20451e-03,
3.57548e+04,2.81181e+08,3.88496e-01,8.05752e-01,8.65834e-03,
6.19402e+04,2.81243e+08,9.37178e-01,3.64600e+00,-4.00653e-03,
1.06156e+04,2.81253e+08,3.80712e-01,3.68736e+00,1.06182e-03,
2.43943e+04,2.81278e+08,2.73298e-01,1.82793e+00,8.61248e-03,
1.05023e+04,2.81288e+08,6.01336e-01,4.53268e+00,-7.96247e-03,
3.51743e+04,2.81323e+08,3.61976e-01,1.27364e+00,-4.42032e-03,
5.55983e+04,2.81379e+08,3.58206e-01,4.81459e+00,-8.80892e-03,
3.24937e+04,2.81411e+08,6.11874e-01,4.11090e+00,3.58350e-03,
5.19943e+04,2.81463e+08,3.84669e-01,2.38622e+00,-6.59381e-03,
1.79407e+04,2.81481e+08,6.89061e-01,5.26443e+00,-8.41244e-03,
1.61296e+04,2.81498e+08,1.36736e+00,8.93558e-01,-1.96130e-03,
1.95970e+04,2.81517e+08,1.79899e-01,1.01474e+00,5.33673e-03,
1.22395e+04,2.81529e+08,8.56237e-01,1.77582e+00,4.97707e-03,
2.15124e+04,2.81551e+08,3.88110e-01,6.14951e+00,-1.27586e-03,
1.05799e+04,2.81561e+08,7.60433e-01,4.46905e+00,8.42698e-03,
1.46161e+04,2.81576e+08,1.52626e+00,3.99068e+00,-1.13863e-03,
1.34548e+04,2.81590e+08,6.22468e-01,5.34251e+00,4.18279e-03,
3.06625e+04,2.81620e+08,5.74986e-01,5.82958e+00,1.88739e-03,
1.31863e+04,2.81633e+08,1.64910e-01,3.32017e-01,-6.79798e-03,
2.50294e+04,2.81658e+08,4.41058e-01,4.41703e+00,-3.19815e-03,
2.78569e+04,2.81686e+08,1.51559e+00,1.52247e+00,3.61118e-03,
1.11811e+04,2.81697e+08,9.71584e-01,2.08566e-01,4.04814e-03,
3.98537e+05,2.82096e+08,2.98407e-01,3.65383e-01,2.54158e-03,
1.36833e+04,2.82110e+08,2.04016e-01,5.53290e+00,1.37422e-03,
4.20689e+04,2.82152e+08,3.54993e-01,3.16539e+00,2.58822e-03,
1.24933e+04,2.82164e+08,1.20904e-01,4.45462e+00,4.99556e-03,
1.10192e+04,2.82175e+08,8.14605e-01,1.34438e+00,1.36181e-03,
7.30331e+04,2.82248e+08,2.91693e-01,4.82163e+00,-5.62614e-03,
1.02173e+05,2.82350e+08,1.55287e-01,1.62955e+00,-1.54180e-03,
1.47189e+04,2.82365e+08,2.97684e-01,5.68776e+00,-5.88239e-03,
2.70714e+04,2.82392e+08,6.20543e-01,1.11820e+00,2.77927e-04,
1.11158e+05,2.82503e+08,1.81905e+00,5.77959e+00,-3.13124e-03,
1.26804e+04,2.82516e+08,5.87627e-01,4.37410e-01,9.63657e-03,
1.44840e+04,2.82531e+08,9.51540e-01,2.93116e-01,7.60658e-03,
1.30325e+04,2.82544e+08,1.18387e-01,5.67174e-02,-5.36172e-03,
3.08857e+04,2.82574e+08,3.15925e-02,1.38840e+00,-7.48677e-03,
2.27065e+05,2.82802e+08,5.17604e-01,2.28588e+00,-3.34413e-03,
1.49001e+04,2.82816e+08,3.75736e-01,1.32841e+00,5.76512e-03,
3.57014e+04,2.82852e+08,2.57950e-01,2.14578e+00,3.84394e-03,
1.19160e+04,2.82864e+08,4.41952e-01,6.09596e+00,-4.49841e-03,
1.21752e+04,2.82876e+08,1.20827e+00,4.51466e+00,3.39922e-03,
4.22765e+05,2.83299e+08,9.41817e-01,3.62501e+00,1.57277e-03,
2.18012e+04,2.83321e+08,9.85267e-02,4.68195e+00,2.20013e-03,
1.33331e+04,2.83334e+08,1.76917e-01,3.58978e+00,9.07220e-03,
1.38349e+04,2.83348e+08,8.25336e-01,3.61533e+00,2.77008e-03,
1.97911e+05,2.83546e+08,1.00061e-01,6.01807e+00,3.28580e-03,
1.52136e+04,2.83561e+08,5.32640e-01,8.16346e-02,-2.28211e-03,
2.24307e+04,2.83584e+08,1.44163e-01,1.12406e+00,-1.28025e-03,
1.35679e+05,2.83719e+08,9.29529e-01,2.90233e+00,4.99917e-03,
4.65467e+05,2.84185e+08,2.15336e-01,1.00991e+00,-8.74392e-03,
1.00973e+04,2.84195e+08,1.37343e+00,5.42618e+00,9.09063e-03,
1.02025e+04,2.84205e+08,6.71455e-01,2.09408e+00,7.56189e-04,
1.16902e+04,2.84217e+08,9.63411e-02,1.83702e-01,9.30694e-03,
8.16568e+04,2.84298e+08,1.50299e-01,1.34938e+00,6.80835e-03,
2.17528e+04,2.84320e+08,5.76458e-01,3.05364e+00,9.99653e-03,
3.97847e+04,2.84360e+08,7.04255e-02,4.72314e+00,-9.12772e-03,
1.15831e+04,2.84371e+08,2.74802e-01,4.68404e+00,-4.42472e-03,
3.78904e+04,2.84409e+08,4.02558e-01,2.48441e+00,3.28587e-03,
1.82842e+04,2.84428e+08,5.45725e-01,2.13616e+00,8.29391e-03,
1.06194e+05,2.84534e+08,1.58453e-01,4.26013e+00,5.04697e-04,
2.73349e+04,2.84561e+08,9.54784e-01,1.33491e+00,-6.82147e-03,
2.27197e+04,2.84584e+08,5.97594e-01,6.17097e+00,2.86152e-04,
9.14980e+05,2.85499e+08,4.38698e-01,2.93639e+00,4.51975e-03,
6.98486e+04,2.85569e+08,4.18883e-01,1.49357e+00,-8.72714e-03,
1.63630e+05,2.85732e+08,2.29428e-01,2.97927e+00,5.38478e-03,
1.88613e+04,2.85751e+08,5.69533e-01,1.37910e+00,-6.20208e-03,
1.52141e+04,2.85766e+08,9.12174e-01,4.61492e+00,4.74084e-05,
1.29751e+04,2.85779e+08,5.23205e-01,2.75443e+00,-1.66143e-03,
8.83193e+04,2.85868e+08,1.27442e+00,3.48781e+00,9.57723e-03,
2.99716e+04,2.85898e+08,2.44652e+00,3.11197e+00,1.19601e-03,
1.95246e+04,2.85917e+08,1.25898e+00,2.70775e+00,9.46050e-04,
1.89945e+04,2.85936e+08,3.11126e-01,4.88328e+00,6.02883e-03,
1.59979e+04,2.85952e+08,3.20086e-01,2.64642e+00,9.92584e-03,
1.07624e+04,2.85963e+08,4.54981e-01,3.82445e+00,-4.96178e-03,
1.55338e+04,2.85978e+08,4.69326e-01,2.54071e+00,-8.03970e-03,
3.33417e+04,2.86012e+08,5.40019e-01,4.87764e+00,-6.20907e-03,
1.12463e+04,2.86023e+08,1.01105e+00,5.14149e+00,1.73911e-03,
3.32278e+04,2.86056e+08,2.50701e-01,2.81761e+00,1.76859e-03,
1.53000e+04,2.86072e+08,2.51458e-01,4.58151e+00,9.54439e-03,
2.93186e+04,2.86101e+08,4.66828e-01,3.02095e+00,5.02216e-03,
2.20011e+04,2.86123e+08,3.60566e-01,5.45013e+00,5.18568e-03,
1.26189e+04,2.86136e+08,2.15096e-01,6.03601e+00,5.69905e-03,
5.51173e+04,2.86191e+08,8.86341e-01,6.01521e+00,-3.75091e-03,
1.73770e+04,2.86208e+08,7.88511e-01,2.43235e+00,7.92361e-03,
8.90595e+04,2.86297e+08,1.20909e-01,1.90367e+00,-2.20871e-03,
2.26965e+04,2.86320e+08,4.10375e-01,4.73454e+00,7.76154e-03,
1.07417e+04,2.86331e+08,4.81022e-01,5.51633e+00,-9.93417e-03,
3.74829e+04,2.86368e+08,6.04855e-01,5.74179e+00,4.92047e-03,
1.40652e+04,2.86382e+08,1.17403e+00,3.89048e+00,-8.74549e-03,
4.69497e+04,2.86429e+08,5.24795e-01,5.30663e+00,4.29281e-03,
1.03633e+04,2.86439e+08,5.26637e-01,2.38829e+00,1.89727e-03,
1.03999e+04,2.86450e+08,8.30205e-01,5.32365e+00,-2.49310e-04,
1.48282e+04,2.86465e+08,8.94170e-01,6.16776e+00,5.80626e-03,
1.42015e+04,2.86479e+08,8.97669e-02,4.95212e+00,9.97534e-03,
3.19882e+04,2.86511e+08,1.12896e+00,5.09185e+00,6.10793e-03,
4.23947e+04,2.86553e+08,5.39079e-01,4.71246e+00,7.20356e-03,
1.08269e+04,2.86564e+08,6.70539e-01,4.31802e+00,9.12722e-03,
5.98599e+04,2.86624e+08,6.54371e-01,1.11908e+00,6.42607e-03,
1.83784e+04,2.86642e+08,3.52558e-01,4.37514e+00,1.07924e-04,
3.75926e+04,2.86680e+08,1.34815e+00,5.90560e-01,-2.71357e-03,
1.20039e+05,2.86800e+08,3.27857e-01,6.71155e-01,-1.25150e-04,
1.75691e+04,2.86817e+08,4.72527e-01,6.15635e+00,6.01681e-03,
3.44063e+04,2.86852e+08,2.85412e-01,8.73160e-01,8.85505e-03,
9.89591e+04,2.86951e+08,8.08196e-01,1.91851e+00,7.31475e-03,
4.23174e+04,2.86993e+08,3.01723e-01,5.77260e+00,1.55597e-03,
2.74467e+04,2.87021e+08,7.72086e-01,1.34645e-02,-4.79917e-04,
5.82165e+04,2.87079e+08,9.11500e-01,2.80312e+00,-8.93351e-03,
1.10123e+04,2.87090e+08,2.64675e-01,6.27671e+00,-7.19979e-04,
1.46683e+04,2.87105e+08,1.64605e+00,3.80582e+00,-1.17782e-03,
1.91348e+04,2.87124e+08,1.45027e+00,1.00723e+00,6.16667e-03,
1.07045e+04,2.87134e+08,4.27554e-01,1.17929e+00,-6.35786e-03,
6.72954e+04,2.87202e+08,2.75445e-01,4.30008e-01,-1.07330e-03,
3.75792e+04,2.87239e+08,6.02704e-01,5.64929e+00,-7.22109e-03,
3.58081e+04,2.87275e+08,4.79809e-01,4.32065e+00,-7.14834e-03,
1.57718e+05,2.87433e+08,6.93452e-01,3.31041e+00,6.02503e-03,
1.42680e+04,2.87447e+08,4.16248e-01,4.74373e+00,-6.95978e-04,
2.67071e+05,2.87714e+08,9.89346e-01,2.70781e-01,-2.43794e-04,
4.20466e+04,2.87756e+08,3.87663e-01,1.90527e+00,-5.51363e-03,
7.53984e+04,2.87832e+08,1.27978e+00,3.70430e+00,-1.42098e-04,
1.34237e+04,2.87845e+08,4.72722e-01,1.87525e+00,-4.10561e-03,
6.05676e+04,2.87906e+08,1.19994e-01,2.71191e+00,5.94003e-03,
2.48212e+04,2.87930e+08,6.59207e-01,1.43064e+00,6.17591e-03,
2.09914e+04,2.87951e+08,1.10057e-01,6.04414e+00,3.59006e-04,
1.93451e+05,2.88145e+08,4.40797e-01,2.75780e-01,3.07374e-03,
1.70212e+04,2.88162e+08,1.45778e+00,4.09986e+00,-3.59026e-03,
1.71962e+04,2.88179e+08,1.80829e-01,3.59446e+00,8.62310e-03,
1.22808e+04,2.88191e+08,4.83717e-01,3.73820e+00,-9.20468e-03,
6.96080e+04,2.88261e+08,2.53870e-01,4.75964e+00,8.22848e-03,
6.80147e+04,2.88329e+08,1.63128e+00,2.53782e-02,-2.46795e-03,
1.18978e+04,2.88341e+08,4.33897e-01,4.67504e+00,-3.77970e-03,
1.23921e+04,2.88353e+08,3.27493e-01,5.53861e+00,9.03046e-03,
3.55904e+04,2.88389e+08,1.95388e-01,6.16645e+00,9.36183e-03,
1.27232e+04,2.88402e+08,3.76372e-01,1.38155e+00,7.02146e-03,
1.05215e+04,2.88412e+08,9.28728e-01,2.70246e+00,7.69341e-03,
1.29781e+04,2.88425e+08,1.87614e-01,3.83873e+00,8.82100e-03,
3.09267e+05,2.88734e+08,8.79111e-01,1.01907e+00,7.40792e-03,
3.04012e+04,2.88765e+08,4.80515e-01,2.64251e+00,-6.92503e-03,
1.61768e+04,2.88781e+08,2.31848e-01,2.78242e+00,-3.82024e-03,
6.50959e+04,2.88846e+08,1.20190e+00,1.99485e+00,-5.51825e-03,
1.08943e+04,2.88857e+08,6.21961e-01,1.86717e+00,-3.84782e-04,
1.58321e+04,2.88873e+08,2.77076e-01,2.69407e+00,2.48530e-03,
1.93150e+04,2.88892e+08,9.39179e-01,5.93425e+00,-6.52374e-03,
2.93060e+04,2.88921e+08,7.33907e-01,5.83449e+00,7.31627e-03,
4.75794e+04,2.88969e+08,2.57686e-01,6.09739e+00,-3.20668e-03,
1.13578e+04,2.88980e+08,3.90138e-01,3.25135e+00,3.95621e-03,
1.41754e+04,2.88994e+08,1.19038e+00,1.09934e+00,2.62256e-03,
1.98531e+04,2.89014e+08,7.39564e-01,3.00396e+00,9.09177e-03,
1.74176e+04,2.89032e+08,3.43149e-01,5.46369e+00,8.33438e-03,
7.21470e+04,2.89104e+08,6.13732e-01,3.58715e+00,-3.27103e-03,
1.48191e+04,2.89119e+08,3.99908e-01,3.29058e+00,-8.53775e-04,
2.38373e+05,2.89357e+08,3.09579e-01,4.89504e+00,8.77923e-03,
1.02814e+04,2.89367e+08,4.96091e-01,1.45058e+00,-9.80101e-03,
1.05383e+04,2.89378e+08,7.32451e-01,2.67669e+00,1.60959e-03,
1.13715e+04,2.89389e+08,3.22662e-01,3.84455e+00,-1.48545e-03,
1.33089e+04,2.89403e+08,8.11994e-01,2.03276e+00,1.59314e-03,
7.50168e+04,2.89478e+08,1.45154e-01,6.88368e-01,3.10382e-03,
7.32017e+04,2.89551e+08,1.65706e-01,3.82542e+00,9.81099e-03,
2.02036e+04,2.89571e+08,4.92450e-01,6.12381e+00,6.76814e-03,
3.75801e+05,2.89947e+08,5.27949e-02,2.51853e+00,2.63154e-04,
1.16876e+04,2.89958e+08,2.44138e-01,1.71485e+00,-7.04644e-03,
8.37548e+04,2.90042e+08,1.12564e+00,2.46260e+00,6.20709e-03,
1.62725e+05,2.90205e+08,1.06302e-01,3.56599e+00,5.93683e-03,
1.18726e+04,2.90217e+08,2.01332e-01,2.55523e+00,9.75169e-03,
2.71256e+04,2.90244e+08,5.79994e-02,2.46195e+00,9.28136e-03,
1.16767e+04,2.90256e+08,2.44019e-01,2.45312e+00,4.29555e-03,
2.62820e+04,2.90282e+08,4.21740e-01,4.12208e+00,8.52024e-03,
1.02577e+04,2.90292e+08,1.29962e+00,3.48038e+00,-9.77306e-03,
1.46660e+04,2.90307e+08,9.67560e-01,2.34673e+00,-6.16716e-03,
1.20622e+04,2.90319e+08,1.46968e+00,4.94717e+00,-1.07733e-03,
1.95745e+04,2.90338e+08,8.77916e-01,5.88402e+00,1.99717e-03,
6.10719e+04,2.90400e+08,5.17066e-01,1.36135e+00,-2.81745e-03,
2.09186e+04,2.90420e+08,2.21015e-01,6.12018e-01,-7.41519e-03,
5.56915e+04,2.90476e+08,9.18118e-01,3.50476e+00,-2.68894e-03,
1.23618e+04,2.90488e+08,4.12764e-01,3.38625e+00,2.87983e-03,
1.84619e+04,2.90507e+08,5.64233e-01,4.51922e+00,-8.05656e-03,
1.55234e+04,2.90522e+08,3.81430e-01,3.12656e+00,8.40763e-03,
1.51057e+04,2.90538e+08,4.08019e-01,3.87516e+00,-2.56131e-03,
2.85817e+04,2.90566e+08,9.99327e-02,1.00293e+00,-6.54098e-03,
1.35349e+06,2.91920e+08,1.67266e+00,3.97626e+00,3.38354e-03,
1.28057e+05,2.92048e+08,3.19038e-01,8.65354e-01,1.77313e-03,
1.51060e+04,2.92063e+08,8.41945e-01,2.32109e+00,8.53457e-03,
7.18358e+04,2.92135e+08,1.65210e+00,2.85681e-01,7.11073e-03,
1.01544e+04,2.92145e+08,6.25351e-01,6.08457e+00,-8.44486e-03,
1.36083e+04,2.92158e+08,5.97219e-01,4.12133e+00,-5.08253e-03,
5.80836e+04,2.92216e+08,1.38573e+00,2.69302e+00,-6.79990e-03,
4.27201e+04,2.92259e+08,5.98747e-01,2.82765e+00,4.62502e-03,
2.56419e+04,2.92285e+08,5.27125e-01,1.38640e+00,-8.99733e-03,
1.20736e+05,2.92406e+08,2.49733e-01,4.41097e+00,5.16163e-03,
1.60777e+04,2.92422e+08,1.32978e+00,8.05802e-01,6.48049e-04,
1.05990e+04,2.92432e+08,4.83507e-01,4.21466e+00,8.06186e-03,
1.59407e+05,2.92592e+08,1.12090e+00,1.43884e-01,-9.75099e-03,
3.68457e+04,2.92629e+08,1.74182e-01,1.82825e+00,-2.14681e-03,
5.13085e+05,2.93142e+08,4.42437e-01,5.92615e-01,2.38145e-03,
3.44857e+04,2.93176e+08,8.40679e-01,7.09862e-01,-6.22779e-03,
3.90564e+05,2.93567e+08,1.15968e-01,4.61763e+00,-2.44345e-03,
1.05933e+04,2.93577e+08,6.07922e-01,6.04155e+00,-2.54357e-03,
9.88375e+05,2.94566e+08,1.39220e+00,2.81576e-01,-5.51764e-03,
5.82672e+05,2.95148e+08,7.85310e-01,2.41385e+00,3.67765e-03,
4.65987e+04,2.95195e+08,1.38318e+00,2.07473e+00,7.21462e-03,
1.01536e+05,2.95296e+08,7.20059e-01,5.89294e+00,-6.19754e-03,
4.61824e+04,2.95343e+08,7.18513e-01,5.33183e+00,-6.70427e-03,
1.03139e+04,2.95353e+08,8.25086e-01,6.10941e+00,3.10896e-03,
2.58450e+04,2.95379e+08,1.60744e+00,1.38955e+00,-5.39866e-03,
1.59391e+04,2.95395e+08,1.24344e+00,5.94394e-01,-4.70431e-03,
3.76811e+04,2.95432e+08,4.49231e-01,6.20408e+00,2.23544e-03,
2.70469e+04,2.95459e+08,1.15762e+00,5.40711e+00,8.28938e-04,
1.04419e+04,2.95470e+08,7.30009e-01,1.13919e+00,-2.69204e-03,
1.40484e+04,2.95484e+08,2.42924e-02,5.39223e-01,-6.80093e-03,
1.97788e+04,2.95504e+08,3.85170e-01,5.09738e+00,6.62050e-03,
3.42249e+04,2.95538e+08,5.22448e-01,1.11786e+00,-4.83392e-03,
2.62990e+04,2.95564e+08,5.61494e-01,6.18146e+00,-7.54208e-03,
1.64084e+05,2.95728e+08,1.13240e+00,4.01525e+00,-9.47772e-03,
1.19471e+04,2.95740e+08,3.25805e-01,3.05384e+00,-7.58219e-05,
3.12657e+04,2.95772e+08,1.05600e+00,3.53380e+00,9.02695e-03,
1.32398e+06,2.97096e+08,3.08549e-01,1.27694e+00,7.22962e-03,
2.94299e+04,2.97125e+08,7.84470e-01,6.23494e+00,-8.42666e-03,
1.03345e+04,2.97135e+08,1.77858e+00,2.98119e+00,1.56502e-03,
1.15583e+05,2.97251e+08,4.76396e-01,6.02607e+00,6.06552e-04,
2.66876e+04,2.97278e+08,4.49574e-01,2.94791e+00,-1.64310e-03,
1.75171e+04,2.97295e+08,9.83534e-01,3.30283e+00,7.30298e-03,
1.19213e+04,2.97307e+08,1.58498e-01,5.80287e+00,-3.33351e-03,
6.45134e+04,2.97371e+08,4.25783e-01,1.72771e+00,-1.15475e-03,
1.25620e+04,2.97384e+08,1.41797e-01,6.05719e+00,5.08715e-03,
2.80221e+05,2.97664e+08,6.29971e-01,2.47144e-01,-1.87917e-03,
5.77826e+04,2.97722e+08,7.76145e-01,4.43815e+00,8.50662e-03,
1.66208e+04,2.97739e+08,5.15731e-01,4.11977e+00,1.84068e-03,
1.41114e+04,2.97753e+08,2.37167e-01,1.47755e+00,5.08580e-03,
3.19145e+04,2.97785e+08,2.08701e+00,3.34290e+00,5.90086e-03,
6.34514e+04,2.97848e+08,9.38085e-01,5.75514e+00,2.02252e-04,
4.66851e+04,2.97895e+08,3.37990e-01,1.77087e+00,-2.53788e-03,
2.93967e+04,2.97924e+08,2.92962e-01,5.89932e+00,2.13874e-03,
3.49721e+05,2.98274e+08,2.62917e-01,4.68174e+00,3.70861e-03,
2.23039e+04,2.98296e+08,5.12068e-01,1.71107e+00,-4.75178e-03,
2.19348e+04,2.98318e+08,6.88737e-01,3.74306e+00,-9.73379e-03,
3.74321e+05,2.98693e+08,6.68504e-01,4.17304e+00,8.89132e-03,
1.86119e+04,2.98711e+08,5.21425e-01,2.73477e-01,-1.72843e-03,
1.04536e+05,2.98816e+08,7.70124e-01,5.22695e+00,9.11321e-03,
1.10524e+04,2.98827e+08,7.26765e-01,2.21265e+00,4.83057e-03,
1.47909e+04,2.98842e+08,2.13623e-01,3.59574e+00,4.46955e-03,
1.12483e+04,2.98853e+08,7.99955e-01,1.51144e+00,5.83656e-03,
1.59941e+05,2.99013e+08,1.29787e-01,3.93751e+00,-7.81527e-03,
5.79405e+04,2.99071e+08,3.12004e-01,4.76213e+00,-8.09617e-03,
1.17003e+05,2.99188e+08,1.14956e+00,5.45321e+00,-5.58880e-03,
1.27406e+04,2.99200e+08,1.31624e-01,4.54416e+00,-8.66045e-03,
1.30236e+04,2.99213e+08,6.53903e-01,2.31132e+00,7.41668e-03,
1.10533e+04,2.99224e+08,7.69623e-01,6.17432e+00,-8.23261e-03,
3.20591e+04,2.99257e+08,3.19025e-01,1.70056e+00,-8.58624e-03,
2.89685e+04,2.99285e+08,4.50619e-01,4.42586e+00,-4.77565e-04,
1.38674e+05,2.99424e+08,3.19968e-01,3.02510e+00,-4.77183e-03,
3.17073e+04,2.99456e+08,1.43457e+00,1.96812e+00,2.29254e-04,
4.00195e+04,2.99496e+08,9.22631e-01,1.17602e+00,-5.78471e-03,
1.36533e+04,2.99510e+08,6.15657e-01,1.97858e+00,-4.31029e-03,
1.45436e+04,2.99524e+08,3.22404e-01,5.65082e+00,5.07676e-03,
9.22217e+04,2.99616e+08,1.17941e+00,2.14790e+00,3.10173e-03,
1.10638e+04,2.99627e+08,1.67290e+00,5.09855e+00,7.20881e-03,
1.57702e+04,2.99643e+08,4.95072e-01,2.45870e+00,-2.53303e-04,
1.78664e+04,2.99661e+08,6.65409e-02,6.25333e+00,-4.83121e-03,
1.36098e+04,2.99675e+08,4.69410e-01,4.05559e+00,-2.30121e-03,
9.48249e+04,2.99769e+08,2.01799e-01,5.99355e+00,1.31697e-03,
1.47743e+05,2.99917e+08,2.14329e-01,4.50723e+00,-3.64531e-03,
1.02526e+05,3.00020e+08,3.46997e-01,1.25168e+00,-7.22982e-03,
3.43886e+04,3.00054e+08,2.12542e-01,3.00035e+00,3.38265e-03,
1.62131e+04,3.00070e+08,3.57431e-01,4.34301e+00,4.54492e-04,
4.94336e+04,3.00120e+08,1.06409e+00,1.30003e+00,4.13578e-03,
5.86944e+04,3.00178e+08,3.37913e-01,5.79663e+00,1.65104e-03,
1.44329e+04,3.00193e+08,5.57237e-01,5.79445e+00,-9.13991e-03,
4.65481e+04,3.00239e+08,6.58018e-01,4.30440e+00,8.52366e-03,
1.29733e+04,3.00252e+08,4.68272e-01,2.77379e+00,4.93728e-03,
1.63874e+05,3.00416e+08,3.74092e-01,5.31748e+00,3.94180e-03,
1.07756e+04,3.00427e+08,2.81233e-01,4.13752e+00,-2.69591e-03,
5.74321e+04,3.00484e+08,5.42170e-02,3.89008e+00,7.75895e-03,
1.38687e+04,3.00498e+08,1.17160e-01,5.44857e+00,-2.42070e-03,
6.06808e+04,3.00559e+08,3.58123e-01,5.68298e+00,7.10461e-03,
2.50310e+04,3.00584e+08,3.77044e-01,1.41487e+00,9.26788e-03,
1.15897e+05,3.00700e+08,3.23385e-01,3.12175e+00,-1.23401e-04,
2.21496e+04,3.00722e+08,6.04577e-01,3.78111e+00,4.04068e-03,
3.30347e+04,3.00755e+08,2.55704e-01,1.74956e+00,3.50483e-03,
1.34512e+04,3.00769e+08,4.29754e-01,1.36930e+00,-4.50784e-03,
1.71591e+04,3.00786e+08,5.94436e-01,1.95124e+00,-4.57635e-04,
1.55518e+04,3.00801e+08,1.52018e-01,3.88987e+00,9.55816e-03,
9.50377e+04,3.00896e+08,8.35142e-01,2.36807e+00,5.35925e-03,
1.58894e+04,3.00912e+08,1.01957e+00,5.31966e+00,2.38011e-03,
4.30973e+04,3.00955e+08,6.94720e-01,2.61104e+00,-2.73650e-03,
1.25648e+04,3.00968e+08,1.03521e+00,5.96271e+00,6.79040e-03,
5.51443e+05,3.01519e+08,1.24390e+00,2.83974e+00,2.71310e-03,
2.76464e+04,3.01547e+08,2.06823e-01,4.23959e+00,-7.88760e-03,
1.54952e+04,3.01562e+08,8.72160e-01,1.80229e-01,2.12330e-03,
1.34305e+04,3.01576e+08,1.34504e+00,5.44227e+00,7.77560e-03,
1.37347e+05,3.01713e+08,3.20794e-01,2.58742e+00,-8.02499e-03,
1.74962e+04,3.01731e+08,7.88325e-01,4.10013e+00,-4.61115e-04,
8.66986e+04,3.01817e+08,2.75489e-01,3.43934e+00,3.44599e-03,
2.17670e+04,3.01839e+08,4.28340e-01,2.54002e+00,8.32771e-03,
3.91136e+04,3.01878e+08,3.89332e-01,4.06661e+00,7.91503e-03,
1.10166e+04,3.01889e+08,8.63789e-01,1.94263e+00,-6.54927e-03,
7.79214e+04,3.01967e+08,3.40044e-01,6.10197e-01,6.36635e-03,
7.01433e+04,3.02037e+08,5.68508e-01,4.85349e+00,-6.20269e-03,
2.31418e+04,3.02061e+08,2.01125e-01,3.33348e+00,5.26821e-03,
1.59386e+04,3.02076e+08,2.76214e-01,2.92092e+00,7.39835e-03,
1.74468e+04,3.02094e+08,2.01580e-01,7.05714e-01,-5.24242e-03,
2.59967e+04,3.02120e+08,4.82662e-01,1.45085e-01,8.96786e-04,
5.39047e+04,3.02174e+08,1.29126e-01,8.54529e-01,9.52786e-03,
2.02901e+04,3.02194e+08,4.21552e-01,4.06489e+00,-6.06355e-03,
1.41399e+04,3.02208e+08,1.06850e+00,2.15609e+00,-1.93924e-03,
1.10171e+04,3.02219e+08,2.32366e-01,5.77322e-02,9.36845e-03,
8.41578e+04,3.02303e+08,6.88796e-01,6.53253e-02,-2.44243e-03,
6.22203e+04,3.02366e+08,3.24226e-01,5.37830e+00,-1.55288e-03,
1.12854e+04,3.02377e+08,1.44402e-01,6.05166e+00,-1.92540e-03,
3.99738e+04,3.02417e+08,3.26140e-01,7.14485e-01,-8.38917e-03,
1.32309e+04,3.02430e+08,2.93151e-01,3.33053e+00,7.02283e-03,
3.52423e+04,3.02465e+08,4.12625e-01,3.00204e+00,5.62642e-03,
2.70759e+04,3.02492e+08,7.82067e-01,5.39679e+00,-9.32783e-04,
1.26222e+04,3.02505e+08,5.48910e-01,4.97984e+00,-3.76145e-03,
1.05354e+04,3.02516e+08,3.95620e-01,1.73654e+00,7.33427e-03,
2.86819e+04,3.02544e+08,6.32567e-01,2.88839e-01,6.95313e-03,
1.53254e+04,3.02560e+08,3.47433e-01,2.89762e+00,1.73554e-03,
1.08369e+04,3.02570e+08,2.40743e-01,4.81314e+00,2.80927e-03,
1.65351e+04,3.02587e+08,4.96777e-01,5.42451e+00,-1.54447e-03,
2.53325e+04,3.02612e+08,2.75714e-01,1.55170e+00,-4.41868e-03,
1.04142e+04,3.02623e+08,6.20114e-01,6.01320e+00,-2.13929e-03,
2.88683e+04,3.02652e+08,5.44020e-01,2.69683e+00,2.14880e-03,
4.87212e+04,3.02700e+08,2.87091e-01,1.15894e+00,4.02816e-04,
1.47356e+04,3.02715e+08,2.76889e-01,3.27974e+00,5.84572e-03,
2.35920e+04,3.02739e+08,2.01686e-01,3.16897e+00,-9.50785e-03,
2.90452e+04,3.02768e+08,5.86197e-01,1.64750e+00,-4.62137e-03,
5.60707e+04,3.02824e+08,1.03995e+00,1.58171e+00,4.14704e-03,
1.44477e+04,3.02838e+08,2.05017e-01,2.75672e+00,1.70298e-03,
1.18698e+04,3.02850e+08,1.44092e-01,4.14573e-01,7.24574e-03,
2.19675e+04,3.02872e+08,6.48734e-01,4.87562e+00,-6.90583e-03,
2.92978e+04,3.02901e+08,1.21425e+00,3.47666e+00,6.29589e-03,
5.07107e+04,3.02952e+08,7.50788e-01,3.88481e+00,-9.25525e-03,
1.62274e+04,3.02968e+08,3.76041e-01,3.16464e+00,-8.03772e-03,
3.43895e+04,3.03003e+08,9.41378e-01,2.87794e+00,6.95131e-03,
1.91364e+04,3.03022e+08,3.49862e-01,3.11598e+00,5.17487e-03,
4.23269e+04,3.03064e+08,7.46661e-01,3.26731e+00,-6.64062e-03,
1.68756e+04,3.03081e+08,2.84593e-01,5.66597e+00,9.79228e-03,
1.73912e+04,3.03098e+08,2.87973e-01,4.87307e+00,6.47674e-03,
1.32688e+04,3.03112e+08,7.19495e-01,4.92572e+00,9.99330e-03,
1.23628e+04,3.03124e+08,9.73902e-01,2.63896e+00,9.61519e-03,
1.13008e+04,3.03135e+08,1.14299e-01,5.22554e+00,7.42757e-03,
3.23227e+04,3.03168e+08,5.90505e-01,4.79927e+00,7.80016e-03,
9.81996e+04,3.03266e+08,5.86973e-01,3.16321e+00,1.92660e-03,
3.48699e+04,3.03301e+08,5.28723e-01,3.17597e+00,6.29005e-03,
2.35503e+04,3.03324e+08,9.76145e-01,3.52576e+00,2.30114e-03,
1.21704e+04,3.03336e+08,3.96624e-01,2.59154e+00,7.27046e-03,
1.18497e+04,3.03348e+08,4.35732e-01,5.54092e+00,-7.02087e-03,
1.26231e+05,3.03475e+08,9.55236e-01,5.33746e+00,5.15859e-03,
3.60589e+04,3.03511e+08,2.69104e-01,2.53160e+00,8.62537e-04,
1.33090e+04,3.03524e+08,2.09733e-01,4.16019e+00,7.23513e-04,
3.22287e+04,3.03556e+08,1.05954e+00,3.79138e+00,-4.47733e-03,
1.17035e+04,3.03568e+08,5.24942e-01,2.58471e+00,-7.80198e-03,
1.19831e+04,3.03580e+08,7.41870e-02,2.94836e+00,7.93389e-03,
1.32435e+04,3.03593e+08,5.47098e-01,4.80364e+00,-8.23052e-03,
2.37908e+04,3.03617e+08,6.59947e-01,6.19890e-01,-1.66112e-03,
5.72325e+04,3.03674e+08,1.64142e+00,4.13047e+00,6.99768e-03,
1.27112e+04,3.03687e+08,9.01178e-01,5.00290e+00,-5.11424e-03,
3.91415e+04,3.03726e+08,1.03875e+00,4.10122e+00,-4.97583e-03,
1.69950e+04,3.03743e+08,9.03496e-01,2.29822e+00,-5.44090e-04,
1.50531e+05,3.03893e+08,1.23797e-01,5.16620e+00,-2.84099e-03,
2.01475e+04,3.03914e+08,1.26883e+00,3.11199e+00,-3.23259e-03,
1.80787e+04,3.03932e+08,1.21252e+00,6.08471e+00,6.96448e-03,
4.85868e+04,3.03980e+08,6.23482e-01,5.59474e+00,-9.49845e-03,
2.72793e+04,3.04008e+08,7.05421e-01,1.44791e+00,-2.78412e-03,
2.44065e+04,3.04032e+08,4.77424e-01,5.42122e-01,-8.81863e-05,
3.80695e+04,3.04070e+08,7.99436e-01,5.05618e-01,-8.65467e-03,
8.80393e+04,3.04158e+08,9.21481e-01,2.20231e-01,-6.30102e-03,
1.35894e+04,3.04172e+08,6.53685e-01,3.20006e+00,3.76139e-03,
2.03839e+04,3.04192e+08,8.54813e-01,5.97783e+00,2.97613e-03,
1.05048e+04,3.04203e+08,6.94582e-01,5.35403e+00,9.30709e-03,
9.06462e+04,3.04293e+08,3.31452e-01,1.09107e+00,4.38611e-03,
1.77704e+04,3.04311e+08,9.35358e-01,4.62876e-01,8.18018e-03,
1.93656e+04,3.04330e+08,8.31157e-01,1.54911e-01,6.67171e-03,
4.83844e+04,3.04379e+08,5.47460e-01,6.71121e-01,9.99976e-03,
1.24156e+04,3.04391e+08,4.11912e-01,3.18720e+00,-6.15028e-03,
2.30585e+04,3.04414e+08,2.03025e-01,3.34124e+00,-6.60018e-03,
1.00354e+04,3.04424e+08,4.09867e-01,5.87325e+00,-6.43992e-03,
4.02166e+04,3.04464e+08,5.05188e-01,5.70380e+00,-1.26498e-03,
1.03982e+04,3.04475e+08,2.29902e+00,4.90495e+00,8.98157e-04,
2.51172e+04,3.04500e+08,1.90530e-01,3.61164e+00,-2.93175e-03,
2.32684e+04,3.04523e+08,5.23994e-01,4.36015e+00,5.04490e-03,
2.83123e+04,3.04552e+08,5.14388e-01,5.83540e+00,1.62809e-03,
1.07754e+04,3.04562e+08,2.99101e-01,6.70064e-01,-3.29212e-03,
1.94659e+04,3.04582e+08,2.88792e-01,6.14581e+00,3.88377e-03,
1.28015e+04,3.04595e+08,2.53870e-01,3.71400e+00,-8.89607e-03,
1.82681e+04,3.04613e+08,2.61889e-01,5.34387e+00,-2.31533e-03,
1.24668e+04,3.04625e+08,8.61375e-01,7.09642e-01,-5.09032e-03,
1.66376e+04,3.04642e+08,4.58544e-01,1.70010e+00,-4.45768e-03,
6.11197e+04,3.04703e+08,1.25103e+00,3.36401e-02,-3.11880e-03,
1.03049e+04,3.04713e+08,1.09511e+00,2.49559e+00,3.49330e-03,
2.72229e+04,3.04741e+08,1.06847e-01,1.35116e+00,-7.48115e-03,
1.31677e+04,3.04754e+08,2.49885e-01,4.34000e+00,-4.35409e-03,
8.01878e+05,3.05556e+08,1.54860e-01,3.54948e+00,-4.30407e-04,
7.19609e+04,3.05628e+08,8.34774e-01,1.12811e+00,2.23595e-03,
1.27273e+04,3.05640e+08,3.35459e-01,2.38942e+00,7.49684e-03,
1.36754e+04,3.05654e+08,3.27728e-01,2.25393e+00,-8.57014e-03,
1.43295e+04,3.05668e+08,3.11373e-01,3.08115e+00,9.88894e-03,
7.62570e+04,3.05745e+08,5.06781e-01,1.30999e+00,-1.78034e-03,
1.09436e+04,3.05756e+08,3.95275e-01,5.62625e-01,-9.96826e-04,
7.07139e+04,3.05826e+08,6.32513e-01,3.87788e-02,2.68418e-03,
2.21681e+04,3.05848e+08,5.51750e-01,5.74796e-01,-7.92477e-03,
1.13270e+04,3.05860e+08,8.40113e-01,5.61519e+00,-5.94283e-03,
1.13367e+06,3.06993e+08,5.44794e-01,1.28112e-01,-2.07215e-04,
1.56706e+04,3.07009e+08,4.02828e-02,4.31194e+00,4.84111e-03,
3.41334e+04,3.07043e+08,7.05572e-01,2.86188e+00,-7.23978e-03,
2.20925e+04,3.07065e+08,7.54747e-01,2.66730e+00,4.31153e-03,
5.93622e+04,3.07125e+08,1.08543e+00,2.69534e+00,-6.30179e-03,
1.24631e+04,3.07137e+08,3.31280e-01,5.09214e+00,4.10014e-03,
1.55970e+04,3.07153e+08,1.28399e+00,1.39475e+00,2.47270e-03,
3.51554e+04,3.07188e+08,5.50729e-01,1.74475e+00,-3.81089e-03,
2.43558e+04,3.07212e+08,1.79557e-01,4.89760e+00,7.92851e-03,
5.35594e+04,3.07266e+08,2.53439e-01,3.10443e+00,-3.99085e-03,
1.26399e+04,3.07278e+08,4.23817e-01,3.39663e+00,-3.81940e-03,
1.05080e+04,3.07289e+08,5.55316e-01,1.52120e+00,3.66737e-03,
4.71642e+04,3.07336e+08,7.30530e-01,4.14074e-01,2.44614e-03,
5.14096e+04,3.07388e+08,9.68051e-01,4.82368e+00,7.81582e-03,
1.82481e+04,3.07406e+08,5.41805e-01,5.65531e+00,-3.70737e-03,
2.63617e+04,3.07432e+08,1.05379e+00,6.24595e+00,8.90537e-03,
1.10439e+04,3.07443e+08,6.30929e-01,3.34241e+00,9.55665e-03,
1.90137e+04,3.07462e+08,1.54329e+00,5.72960e+00,6.75088e-04,
9.25500e+04,3.07555e+08,3.46520e-01,4.69969e-01,-3.98554e-03,
1.61745e+04,3.07571e+08,1.13269e+00,4.75079e+00,-1.19415e-03,
4.67595e+04,3.07618e+08,5.63592e-01,3.35531e-01,1.85775e-03,
5.54244e+04,3.07673e+08,1.50674e-01,2.04536e+00,-6.08533e-03,
2.83651e+04,3.07701e+08,3.52413e-01,1.19626e+00,7.78204e-03,
5.69779e+04,3.07758e+08,9.23832e-01,2.86522e+00,-4.60184e-03,
3.20695e+04,3.07791e+08,8.13061e-01,6.14856e+00,1.20135e-03,
4.87268e+04,3.07839e+08,1.13153e+00,2.94407e+00,6.46411e-03,
1.93165e+04,3.07859e+08,2.23989e-01,6.10941e-01,-1.34524e-04,
1.24742e+04,3.07871e+08,7.65814e-01,3.03706e+00,6.76661e-03,
2.75062e+04,3.07899e+08,2.43084e-01,4.12903e+00,-4.95213e-04,
2.10824e+04,3.07920e+08,6.79794e-01,5.15014e+00,-9.06904e-03,
1.12870e+05,3.08033e+08,4.18758e-01,1.74222e+00,-4.60446e-03,
6.39202e+04,3.08096e+08,6.92966e-01,4.84348e+00,-7.61458e-03,
1.50704e+04,3.08112e+08,1.79913e-01,3.70338e+00,8.69862e-03,
1.52311e+04,3.08127e+08,9.18344e-01,5.13009e-02,1.80637e-03,
1.22705e+04,3.08139e+08,1.19852e+00,3.03569e+00,1.01586e-03,
1.50941e+04,3.08154e+08,5.52401e-01,3.30997e+00,3.36537e-03,
1.72858e+05,3.08327e+08,1.39810e+00,7.46214e-02,4.73396e-03,
6.35922e+04,3.08391e+08,4.17810e-01,1.57064e+00,6.69925e-03,
1.93236e+04,3.08410e+08,9.14427e-01,6.24246e+00,3.27616e-03,
1.04939e+04,3.08420e+08,1.10506e+00,3.20113e+00,-6.70616e-03,
2.73980e+04,3.08448e+08,2.82532e-01,2.56106e+00,-3.28134e-03,
1.03949e+04,3.08458e+08,5.42978e-01,3.32692e+00,8.73191e-03,
2.77941e+04,3.08486e+08,7.67076e-01,3.89873e+00,1.96041e-03,
5.73646e+05,3.09060e+08,1.05581e+00,1.57545e+00,4.16959e-03,
1.41472e+04,3.09074e+08,8.81475e-01,3.43539e+00,-2.81160e-03,
2.36344e+05,3.09310e+08,1.86696e-01,4.64947e+00,-3.11438e-03,
2.49957e+04,3.09335e+08,5.43174e-01,4.01888e+00,3.79359e-03,
1.01134e+04,3.09345e+08,2.60514e-01,2.00399e+00,-6.90605e-03,
4.31334e+04,3.09388e+08,2.29481e-01,2.18423e+00,-3.58808e-03,
2.67906e+04,3.09415e+08,9.53979e-01,2.16722e+00,5.28766e-03,
1.42376e+04,3.09429e+08,5.19804e-01,6.22828e-01,-9.04070e-03,
5.74500e+04,3.09487e+08,2.14309e-01,1.95140e+00,-4.78494e-03,
1.04400e+04,3.09497e+08,1.54528e+00,7.07646e-01,1.52395e-03,
6.18671e+04,3.09559e+08,3.33038e-01,2.08114e+00,-6.83513e-03,
1.79940e+04,3.09577e+08,1.69176e+00,4.64895e+00,-4.91675e-03,
1.14437e+04,3.09589e+08,7.30364e-01,4.96947e+00,1.95455e-03,
1.00665e+04,3.09599e+08,7.34544e-01,5.94875e+00,-8.25172e-03,
1.20280e+04,3.09611e+08,9.34981e-01,4.71059e+00,-2.83149e-03,
1.20073e+04,3.09623e+08,5.78323e-01,9.15042e-01,9.56889e-03,
2.03812e+04,3.09643e+08,1.30067e+00,3.11723e+00,-4.10729e-03,
4.89358e+04,3.09692e+08,2.40514e-01,3.83474e+00,-9.37108e-03,
1.11595e+04,3.09703e+08,4.87732e-01,1.51109e+00,-6.06297e-03,
4.52528e+04,3.09748e+08,5.68656e-01,1.84283e+00,6.27080e-03,
1.50534e+04,3.09763e+08,1.39365e+00,4.37736e+00,-8.12555e-03,
1.05522e+04,3.09774e+08,7.33871e-01,1.54991e-01,4.21239e-03,
3.13583e+04,3.09805e+08,8.64390e-01,4.71664e+00,-6.33346e-03,
2.63225e+04,3.09832e+08,3.38140e-01,7.02027e-01,7.03507e-03,
1.93862e+05,3.10026e+08,1.29080e+00,5.02782e+00,6.85982e-04,
3.70736e+04,3.10063e+08,2.44545e-01,4.77375e+00,1.78743e-03,
5.33516e+04,3.10116e+08,4.70637e-01,6.45619e-01,7.94311e-03,
1.94571e+04,3.10135e+08,2.87056e-01,2.84237e+00,4.10240e-03,
3.62007e+04,3.10172e+08,4.93708e-01,4.40529e+00,-3.30119e-03,
2.43377e+04,3.10196e+08,4.01759e-01,5.00403e+00,9.04871e-03,
1.37846e+04,3.10210e+08,1.41916e-01,1.98473e+00,-3.07200e-03,
2.06032e+04,3.10230e+08,5.56515e-01,2.20643e+00,-2.86115e-03,
2.55885e+04,3.10256e+08,2.91652e-01,2.22576e+00,7.97163e-03,
1.90852e+04,3.10275e+08,5.76177e-01,2.76083e+00,-6.36437e-03,
2.37007e+04,3.10299e+08,5.26572e-01,2.54161e+00,3.60590e-03,
1.18216e+05,3.10417e+08,3.48688e-01,9.23626e-01,2.39676e-03,
1.28172e+04,3.10430e+08,7.48865e-01,3.52999e+00,2.98770e-03,
1.06900e+04,3.10440e+08,2.58414e-01,2.45161e+00,-8.50400e-03,
2.99826e+04,3.10470e+08,7.53893e-01,3.70612e+00,3.94745e-04,
1.79004e+04,3.10488e+08,1.46175e-01,1.38548e+00,-5.82191e-03,
1.62274e+04,3.10505e+08,1.12407e+00,1.33380e+00,3.24237e-03,
1.49083e+04,3.10519e+08,4.90401e-01,1.89324e-02,1.53029e-03,
1.26706e+04,3.10532e+08,2.89799e-01,7.09359e-01,-5.50469e-03,
8.20943e+04,3.10614e+08,2.27274e-01,1.95736e-01,-7.42173e-03,
7.27050e+04,3.10687e+08,1.92568e-01,1.64918e+00,-5.28243e-03,
1.02558e+04,3.10697e+08,1.09587e-01,5.91414e+00,3.88525e-03,
2.10949e+04,3.10718e+08,7.90614e-01,2.51022e+00,-7.88318e-04,
4.58848e+05,3.11177e+08,8.23964e-01,2.18079e+00,-6.50893e-03,
1.27297e+04,3.11190e+08,1.03070e+00,3.32142e+00,-5.41940e-03,
1.82108e+04,3.11208e+08,1.80213e+00,1.77046e+00,-4.12014e-03,
2.36042e+04,3.11232e+08,1.76253e-01,2.40361e-02,-2.14639e-03,
1.25522e+04,3.11244e+08,9.88942e-01,5.27526e+00,-5.07948e-03,
1.02525e+04,3.11254e+08,4.58827e-01,6.08469e+00,3.48506e-03,
2.31291e+04,3.11278e+08,5.75362e-01,2.79854e+00,-1.35000e-04,
1.35044e+04,3.11291e+08,4.93004e-01,3.50025e+00,3.48680e-03,
1.22353e+04,3.11303e+08,6.41328e-01,4.71177e+00,4.99648e-03,
2.59942e+04,3.11329e+08,1.28961e+00,1.41112e+00,-2.05536e-04,
1.18354e+04,3.11341e+08,1.20056e+00,2.97164e+00,7.56314e-03,
3.87952e+04,3.11380e+08,2.97189e-01,5.31684e-01,-8.33698e-03,
4.21277e+04,3.11422e+08,1.55022e-01,3.56744e+00,-6.26553e-03,
3.27642e+04,3.11455e+08,7.60119e-01,4.98461e+00,6.78721e-03,
3.01835e+04,3.11485e+08,3.70751e-01,2.02643e+00,-5.67384e-03,
6.13435e+05,3.12098e+08,4.37654e-01,3.98215e+00,2.82601e-03,
1.33498e+04,3.12112e+08,2.55365e-01,4.32090e+00,4.70123e-03,
9.25737e+04,3.12204e+08,6.53471e-01,5.58861e+00,5.39347e-03,
4.11067e+04,3.12246e+08,4.55135e-01,1.88800e+00,5.81063e-03,
1.18951e+04,3.12257e+08,1.31054e+00,3.14824e+00,3.13077e-03,
2.74455e+04,3.12285e+08,3.07593e-01,2.29090e+00,6.46883e-03,
1.25185e+04,3.12297e+08,5.86946e-01,4.61254e+00,-8.53196e-03,
1.70048e+04,3.12314e+08,1.06235e-01,3.80804e+00,-9.95741e-03,
2.45605e+04,3.12339e+08,1.84741e-01,3.00970e+00,8.63218e-03,
1.75611e+04,3.12356e+08,9.14728e-01,4.05675e+00,-6.77504e-03,
1.21150e+06,3.13568e+08,3.01360e-01,1.42111e+00,8.67415e-03,
2.89018e+04,3.13597e+08,4.29602e-01,4.19432e+00,2.07111e-03,
1.77586e+04,3.13615e+08,3.32942e-01,4.20368e+00,-6.59706e-03,
1.29229e+04,3.13628e+08,4.24015e-01,5.51576e-02,1.36706e-05,
1.10164e+06,3.14729e+08,2.41128e-01,1.40348e+00,6.03392e-03,
2.66018e+04,3.14756e+08,4.01275e-01,4.68759e-01,-8.21641e-03,
1.15809e+04,3.14767e+08,3.29710e-01,1.55360e+00,-7.75567e-03,
5.87133e+05,3.15355e+08,7.68583e-01,6.03905e+00,1.93754e-04,
1.17630e+04,3.15366e+08,1.01225e+00,3.67635e-01,5.59479e-04,
1.13881e+04,3.15378e+08,1.03202e+00,3.77845e+00,-3.67399e-03,
2.61490e+04,3.15404e+08,4.54141e-01,4.36358e+00,-5.56336e-03,
1.87290e+04,3.15423e+08,5.27041e-01,2.76502e+00,-2.78613e-03,
1.02376e+04,3.15433e+08,5.94933e-01,3.27337e-01,-1.92702e-03,
2.76680e+04,3.15460e+08,7.49841e-01,1.69163e+00,-4.06072e-03,
2.46873e+04,3.15485e+08,1.64860e-01,4.00835e+00,2.92297e-03,
3.02938e+04,3.15515e+08,9.48481e-01,5.80486e+00,-5.11020e-03,
1.14010e+04,3.15527e+08,5.05052e-01,4.65228e+00,9.14432e-03,
1.34614e+04,3.15540e+08,7.45860e-01,2.79144e+00,9.31511e-03,
2.09376e+04,3.15561e+08,4.74579e-01,6.00004e+00,-7.39465e-03,
8.27958e+04,3.15644e+08,7.01328e-01,5.62091e+00,-9.29764e-03,
5.49509e+04,3.15699e+08,2.09507e-01,2.29717e+00,6.03219e-03,
4.23445e+04,3.15741e+08,7.85464e-01,1.99064e+00,-7.70691e-03,
1.46625e+04,3.15756e+08,1.01839e+00,5.12174e+00,4.72675e-03,
6.41320e+04,3.15820e+08,2.18360e-01,4.31894e+00,5.84896e-03,
1.50705e+04,3.15835e+08,2.26854e-01,3.66895e+00,3.93905e-03,
1.51119e+04,3.15850e+08,5.31231e-01,3.56947e+00,-1.35716e-04,
3.19485e+04,3.15882e+08,1.93427e-01,2.78940e+00,6.55126e-03,
7.68849e+04,3.15959e+08,3.49233e-01,2.35080e-01,3.86963e-03,
1.31025e+04,3.15972e+08,5.48795e-01,5.71283e+00,6.61002e-03,
1.04053e+04,3.15983e+08,3.85245e-01,5.66541e+00,-1.33067e-03,
1.47945e+04,3.15997e+08,5.34669e-01,4.46045e+00,5.53990e-03,
1.76299e+04,3.16015e+08,1.53440e+00,2.76445e+00,-8.22998e-04,
1.00742e+04,3.16025e+08,4.47098e-01,2.50365e+00,6.81040e-03,
1.04100e+04,3.16036e+08,4.82306e-01,4.95309e+00,6.53081e-03,
2.20459e+05,3.16256e+08,1.59728e-01,3.26070e+00,1.85528e-04,
1.39390e+04,3.16270e+08,6.34463e-01,1.70241e+00,-8.54217e-03,
1.30991e+05,3.16401e+08,2.90678e-02,3.26523e+00,-9.24048e-03,
1.24217e+04,3.16413e+08,1.17492e+00,4.74025e+00,3.82545e-03,
1.80454e+04,3.16431e+08,7.94778e-01,6.10287e+00,-5.45270e-03,
3.54561e+04,3.16467e+08,8.37973e-01,9.71949e-01,-2.62075e-03,
1.20869e+04,3.16479e+08,8.51575e-01,5.22360e+00,9.23956e-03,
1.61899e+04,3.16495e+08,8.99115e-01,3.18776e+00,-5.13142e-05,
1.99364e+04,3.16515e+08,5.12204e-01,1.52371e+00,1.67084e-03,
1.74452e+04,3.16533e+08,4.44985e-01,1.43767e+00,-5.77157e-04,
1.28340e+04,3.16545e+08,4.31216e-01,5.73583e-01,8.36749e-03,
1.00458e+04,3.16555e+08,5.71577e-01,3.44456e+00,-4.47267e-03,
6.76556e+05,3.17232e+08,1.49874e+00,4.35296e+00,7.32995e-03,
1.22958e+04,3.17244e+08,7.19263e-01,2.47171e+00,-4.96255e-03,
1.30117e+04,3.17257e+08,3.70904e-01,3.83745e-01,-1.97679e-03,
1.32849e+04,3.17271e+08,9.13507e-01,3.21026e+00,3.04327e-03,
2.81769e+04,3.17299e+08,4.06839e-01,5.40220e+00,9.70377e-03,
9.66369e+04,3.17395e+08,3.25694e-01,3.78646e+00,-4.43881e-04,
2.84167e+04,3.17424e+08,4.53576e-01,1.58710e-01,-3.12654e-04,
1.02210e+04,3.17434e+08,2.11279e-01,3.72380e+00,7.23020e-03,
1.50466e+04,3.17449e+08,3.20406e-01,1.80025e+00,-9.64727e-03,
1.78003e+04,3.17467e+08,1.92772e+00,6.28037e+00,6.12061e-03,
7.48438e+04,3.17542e+08,7.45010e-02,3.28972e+00,9.86966e-03,
8.69779e+04,3.17629e+08,3.60180e-01,3.91081e+00,-1.62868e-03,
3.53153e+04,3.17664e+08,8.11539e-01,1.27144e+00,7.67640e-03,
4.49855e+04,3.17709e+08,9.33218e-01,4.22798e+00,-3.69746e-03,
1.27601e+04,3.17722e+08,8.84327e-01,4.90743e+00,-3.92875e-03,
1.39480e+04,3.17736e+08,3.77994e-01,2.67299e+00,-4.23949e-03,
1.20895e+04,3.17748e+08,9.55162e-01,3.97512e+00,-9.23924e-03,
1.34141e+04,3.17761e+08,3.57725e-01,3.16166e+00,4.93021e-03,
5.42991e+04,3.17815e+08,5.51067e-01,3.95952e+00,-2.65589e-03,
1.20192e+04,3.17828e+08,1.14866e+00,1.74316e+00,2.43091e-03,
1.26443e+04,3.17840e+08,5.73565e-01,6.20087e+00,-9.99193e-04,
2.80942e+04,3.17868e+08,1.10571e+00,4.72917e+00,-2.87861e-04,
1.65085e+04,3.17885e+08,4.54618e-01,2.40133e+00,-5.81265e-05,
1.50080e+04,3.17900e+08,5.91041e-01,1.28744e+00,-3.49363e-03,
1.84956e+04,3.17918e+08,1.25552e+00,5.81361e+00,-4.60320e-03,
2.98667e+04,3.17948e+08,2.16690e-01,5.25621e+00,-1.28451e-03,
3.60678e+04,3.17984e+08,4.96999e-01,2.89971e+00,1.98853e-03,
4.21253e+04,3.18026e+08,1.30720e+00,5.51360e+00,-1.43256e-03,
1.32350e+04,3.18040e+08,4.91515e-01,9.44890e-01,-9.38384e-03,
1.34639e+05,3.18174e+08,3.94174e-01,2.76335e+00,7.64557e-03,
2.92429e+04,3.18203e+08,2.57571e-01,2.98144e+00,2.60684e-03,
1.71312e+04,3.18221e+08,2.28899e-01,5.84119e+00,5.32838e-03,
1.32189e+04,3.18234e+08,7.74683e-01,9.44029e-01,7.05895e-03,
1.48490e+04,3.18249e+08,7.22872e-01,2.00356e+00,6.77484e-03,
1.22616e+04,3.18261e+08,6.10544e-01,5.86362e+00,5.03118e-03,
1.01366e+04,3.18271e+08,1.45887e+00,4.85976e+00,9.79412e-03,
3.17895e+04,3.18303e+08,7.48593e-01,4.43337e+00,-5.57362e-03,
1.42444e+04,3.18317e+08,8.77522e-01,3.06686e+00,-6.48702e-03,
2.07471e+04,3.18338e+08,2.42493e-01,5.46979e+00,3.78424e-03,
3.16893e+04,3.18370e+08,2.86236e-01,1.75771e+00,-3.90216e-03,
1.11788e+04,3.18381e+08,4.95990e-01,2.66684e+00,-6.37179e-03,
1.44799e+04,3.18395e+08,6.68984e-01,5.19617e+00,-5.37363e-03,
1.10975e+04,3.18406e+08,5.93086e-01,3.59088e+00,-8.35309e-03,
4.31016e+04,3.18449e+08,4.37056e-01,4.91997e+00,3.45291e-03,
1.27069e+04,3.18462e+08,8.25993e-01,1.04155e+00,-2.50497e-03,
4.21387e+04,3.18504e+08,1.38196e-01,2.67178e+00,3.63793e-04,
1.16253e+04,3.18516e+08,5.48160e-01,3.00196e+00,9.03543e-03,
1.03506e+04,3.18526e+08,2.21714e-01,5.82809e+00,5.53798e-03,
6.04263e+04,3.18587e+08,5.38045e-01,5.46632e+00,-1.98429e-03,
2.98973e+04,3.18617e+08,1.32250e-01,1.32836e+00,6.65926e-03,
2.20624e+04,3.18639e+08,4.23888e-01,6.25368e+00,-2.86503e-03,
1.15563e+05,3.18754e+08,3.59904e-01,1.92383e+00,3.17650e-03,
1.35645e+04,3.18768e+08,7.42959e-01,3.91739e+00,5.99444e-03,
4.84158e+04,3.18816e+08,7.96280e-01,5.66719e+00,-2.22765e-03,
1.15694e+05,3.18932e+08,5.76487e-01,6.08424e+00,-7.77760e-03,
2.71389e+04,3.18959e+08,1.10134e+00,4.01411e+00,-3.14319e-04,
1.09448e+05,3.19068e+08,8.69198e-02,3.57607e+00,4.03497e-03,
1.86527e+04,3.19087e+08,1.86577e-01,5.64210e+00,-9.59528e-03,
1.32630e+04,3.19100e+08,2.85543e-01,1.81549e+00,-1.77702e-03,
3.72379e+04,3.19138e+08,1.43200e+00,4.08468e+00,-1.98747e-03,
1.06347e+04,3.19148e+08,2.83617e-01,1.22404e-02,7.82944e-03,
8.18399e+04,3.19230e+08,4.20441e-01,1.82851e+00,5.50570e-03,
1.26356e+04,3.19243e+08,3.97794e-01,4.24949e+00,-4.69831e-03,
1.30692e+04,3.19256e+08,7.97323e-01,2.90951e+00,8.34913e-03,
2.00967e+04,3.19276e+08,5.84914e-01,6.91277e-01,1.60715e-03,
1.39258e+04,3.19290e+08,1.49663e-01,4.39150e+00,7.35184e-03,
3.36726e+04,3.19323e+08,1.01409e+00,4.29589e+00,-4.62537e-03,
1.23886e+04,3.19336e+08,1.13600e+00,8.58073e-01,-4.94916e-03,
1.79382e+04,3.19354e+08,5.17667e-01,1.08030e+00,5.27251e-03,
1.26251e+04,3.19366e+08,2.72789e-01,1.48226e+00,-1.86037e-03,
4.25212e+04,3.19409e+08,8.66371e-02,1.32555e+00,6.66827e-03,
3.78317e+04,3.19447e+08,2.79328e-01,3.61452e+00,2.08997e-03,
1.59210e+04,3.19463e+08,2.12862e-01,8.37767e-01,7.02637e-04,
3.51304e+04,3.19498e+08,1.04913e-01,4.06804e+00,-8.80187e-03,
8.13836e+04,3.19579e+08,1.40497e+00,1.94804e+00,-1.46886e-03,
9.18517e+04,3.19671e+08,6.68261e-01,4.82412e+00,-8.44282e-04,
1.03636e+04,3.19681e+08,8.27178e-01,3.32360e+00,-6.52547e-03,
4.54402e+04,3.19727e+08,1.15676e+00,3.11441e+00,-2.03683e-03,
1.16055e+04,3.19738e+08,8.34165e-01,3.24516e+00,1.49210e-03,
1.76262e+04,3.19756e+08,4.90688e-01,3.97637e+00,-3.24777e-03,
2.57208e+04,3.19782e+08,9.35648e-01,3.60826e+00,5.41245e-04,
2.02200e+04,3.19802e+08,6.96524e-01,4.54110e-01,-6.26143e-03,
1.86104e+04,3.19821e+08,8.36883e-01,3.88159e+00,-7.80229e-03,
2.76706e+04,3.19848e+08,3.52260e-01,2.99761e-01,-2.38323e-04,
1.13364e+04,3.19860e+08,1.23967e+00,4.66890e-01,-4.01104e-03,
1.68852e+04,3.19877e+08,1.90299e-01,2.95814e-01,1.59633e-03,
1.80282e+04,3.19895e+08,3.11073e-01,1.54434e+00,4.06674e-03,
1.07380e+05,3.20002e+08,7.88675e-01,3.13366e+00,7.20258e-03,
8.55822e+04,3.20087e+08,3.96953e-02,5.67788e+00,-4.77567e-03,
1.35509e+04,3.20101e+08,4.48550e-01,1.74920e+00,-4.34510e-03,
1.24184e+04,3.20113e+08,4.08464e-01,1.01025e+00,5.31248e-03,
2.46689e+04,3.20138e+08,2.87131e-01,3.57631e-01,9.77714e-03,
1.30326e+04,3.20151e+08,5.46616e-01,1.48733e+00,-4.14046e-03,
1.03890e+05,3.20255e+08,1.70624e-01,5.73226e+00,2.61896e-03,
3.21069e+04,3.20287e+08,1.01339e-01,9.90870e-01,-1.81091e-03,
1.12649e+04,3.20298e+08,5.53527e-01,5.18802e+00,1.73606e-03,
6.95938e+04,3.20368e+08,1.26241e-01,4.89597e+00,2.58729e-03,
1.42938e+04,3.20382e+08,8.53032e-01,4.96603e+00,9.80088e-03,
1.47916e+04,3.20397e+08,6.42900e-01,5.50662e+00,1.58871e-03,
1.09310e+04,3.20408e+08,2.68539e-01,3.52133e+00,7.48605e-03,
2.36949e+04,3.20432e+08,1.21013e+00,5.72152e+00,5.14092e-03,
1.32923e+04,3.20445e+08,1.05980e+00,4.67921e+00,-8.87939e-03,
3.22001e+04,3.20477e+08,2.76433e-01,4.01996e+00,-7.66269e-03,
1.17672e+04,3.20489e+08,1.11694e-01,4.92128e+00,6.42419e-03,
6.67969e+04,3.20556e+08,2.41088e-01,1.03378e+00,-3.54746e-03,
1.04488e+04,3.20566e+08,1.31542e-01,3.96452e+00,-3.90628e-03,
1.57081e+04,3.20582e+08,4.43712e-01,2.09804e+00,-8.96023e-03,
1.18494e+04,3.20594e+08,7.30342e-01,3.05202e-01,9.33465e-03,
1.53079e+04,3.20609e+08,4.57521e-01,8.33274e-01,-2.65032e-03,
1.43388e+04,3.20623e+08,3.84008e-01,4.42259e+00,-2.97133e-03,
1.54411e+04,3.20639e+08,8.39525e-01,6.21658e-01,-6.14166e-03,
1.97459e+04,3.20659e+08,2.81868e-01,1.43412e+00,-4.80663e-03,
1.11206e+04,3.20670e+08,4.38450e-01,5.50528e+00,8.94861e-04,
1.03728e+04,3.20680e+08,8.14176e-01,4.70829e-01,-4.30982e-03,
1.90958e+04,3.20699e+08,6.11079e-01,1.32524e+00,6.41077e-03,
1.60944e+05,3.20860e+08,2.64639e-01,5.89837e+00,-2.13798e-03,
2.02246e+04,3.20880e+08,5.26967e-01,3.89420e+00,-5.83835e-03,
1.03780e+05,3.20984e+08,5.03924e-01,5.76215e+00,-1.56720e-03,
3.29462e+04,3.21017e+08,1.15659e+00,8.75705e-02,-2.57020e-03,
4.38352e+04,3.21061e+08,4.00300e-01,4.19849e+00,-5.63211e-04,
2.15039e+04,3.21082e+08,3.49949e-01,2.10978e+00,6.62501e-03,
1.17919e+04,3.21094e+08,3.31169e-01,1.85567e-01,-8.47538e-03,
2.02670e+05,3.21297e+08,3.92774e-01,5.32354e-01,1.59464e-03,
2.52569e+05,3.21549e+08,2.83434e-01,5.62320e+00,-5.46316e-03,
4.07892e+04,3.21590e+08,1.62054e+00,3.94608e+00,2.97221e-03,
1.57298e+06,3.23163e+08,1.44101e+00,6.36439e-01,-1.49808e-03,
2.24837e+04,3.23186e+08,1.79209e+00,1.48628e+00,3.26105e-03,
3.04385e+04,3.23216e+08,1.84721e+00,3.46727e+00,-2.21716e-04,
6.76837e+04,3.23284e+08,5.98195e-01,2.90935e+00,-6.52570e-03,
4.71676e+04,3.23331e+08,8.11745e-01,5.40128e+00,-3.21373e-03,
1.43465e+04,3.23345e+08,3.02856e-01,8.94738e-01,-2.27097e-03,
1.21441e+04,3.23358e+08,4.66616e-01,4.80885e+00,-1.27066e-03,
4.33474e+04,3.23401e+08,3.76803e-01,5.29753e+00,-4.10299e-03,
3.61350e+04,3.23437e+08,2.96167e-01,5.61939e+00,9.48958e-03,
2.48850e+04,3.23462e+08,2.27881e-01,4.44292e+00,-4.76837e-03,
1.75927e+04,3.23479e+08,1.50364e-01,4.06172e+00,2.29234e-03,
3.75312e+04,3.23517e+08,5.76762e-01,3.59600e+00,1.95178e-03,
1.26634e+04,3.23530e+08,6.99971e-01,2.46358e+00,8.31788e-03,
1.02586e+04,3.23540e+08,5.11857e-01,5.83452e+00,4.61544e-03,
1.17165e+05,3.23657e+08,1.84888e+00,4.74089e+00,-7.66995e-03,
1.37261e+04,3.23671e+08,2.39383e-01,3.37957e+00,-3.73867e-03,
8.05294e+04,3.23751e+08,6.27975e-01,5.91773e+00,-8.66979e-03,
2.04896e+04,3.23772e+08,1.66759e+00,3.07162e+00,-3.03926e-03,
5.82010e+04,3.23830e+08,5.96109e-01,2.54923e+00,3.50474e-03,
1.05096e+04,3.23841e+08,2.15922e-01,5.33138e+00,2.02379e-03,
3.03621e+04,3.23871e+08,8.52373e-01,4.15124e-01,-2.00071e-03,
1.09615e+04,3.23882e+08,3.53690e-01,3.30898e-01,7.49064e-04,
2.26112e+04,3.23904e+08,1.26753e-01,6.06031e+00,-7.21299e-04,
1.75325e+04,3.23922e+08,7.80024e-02,3.10021e+00,7.90955e-03,
1.59859e+04,3.23938e+08,1.27338e-01,2.30419e+00,8.31675e-04,
1.95084e+05,3.24133e+08,8.93416e-01,1.54131e-02,4.79259e-03,
1.30417e+04,3.24146e+08,1.37670e+00,9.48146e-01,9.32926e-03,
9.95297e+04,3.24246e+08,2.32222e-01,3.56590e-01,-5.17637e-03,
2.23014e+04,3.24268e+08,1.29520e+00,2.58469e+00,2.88580e-04,
2.33246e+04,3.24291e+08,8.92788e-01,3.71502e+00,-7.29716e-03,
5.89642e+04,3.24350e+08,4.20084e-01,5.13601e+00,-5.95139e-03,
1.70951e+04,3.24367e+08,4.07002e-01,5.39690e+00,-4.11305e-03,
2.81003e+04,3.24395e+08,9.49423e-01,1.56760e+00,5.01420e-03,
1.09219e+04,3.24406e+08,2.36085e-01,2.79167e+00,-3.59053e-03,
1.61643e+04,3.24423e+08,4.88159e-01,3.45307e+00,3.43001e-03,
5.55107e+04,3.24478e+08,3.87699e-01,7.86927e-01,9.88727e-03,
1.80768e+04,3.24496e+08,2.56915e-01,2.91728e+00,-1.43447e-03,
1.03362e+04,3.24506e+08,1.14723e+00,5.92389e+00,-1.47208e-03,
2.84635e+04,3.24535e+08,5.01440e-01,5.45093e+00,-2.69515e-03,
6.43276e+04,3.24599e+08,5.39070e-01,5.55940e+00,1.16124e-03,
2.16693e+04,3.24621e+08,3.81099e-01,3.81474e+00,2.56272e-03,
2.26490e+04,3.24644e+08,1.05960e+00,2.90461e+00,5.31049e-03,
1.15629e+04,3.24655e+08,1.39700e-01,2.63337e+00,5.78047e-03,
1.80839e+04,3.24673e+08,4.65927e-01,5.49170e+00,7.24037e-03,
8.65342e+04,3.24760e+08,1.00459e+00,5.37165e+00,7.03655e-03,
1.16089e+04,3.24771e+08,7.30676e-01,6.14467e+00,9.20989e-03,
1.18947e+04,3.24783e+08,6.64512e-01,2.25283e+00,3.17668e-03,
1.10498e+04,3.24794e+08,3.02425e-01,5.54443e+00,-9.62994e-03,
3.42432e+04,3.24829e+08,2.06707e-01,2.65804e-01,9.13801e-03,
5.67877e+04,3.24885e+08,1.18213e+00,3.70989e+00,6.22518e-03,
3.60107e+04,3.24921e+08,1.87145e-01,1.33872e+00,-5.52816e-03,
3.91065e+04,3.24960e+08,4.05063e-01,4.82247e+00,-2.07835e-03,
2.44861e+05,3.25205e+08,5.28081e-01,3.77130e+00,8.00095e-03,
2.86356e+04,3.25234e+08,4.49016e-01,9.73256e-01,-8.69793e-03,
1.43299e+04,3.25248e+08,1.80562e-01,3.60914e+00,6.66742e-03,
1.43338e+04,3.25263e+08,9.98787e-01,1.84288e+00,-6.24521e-03,
3.15819e+04,3.25294e+08,7.91765e-01,4.73439e+00,4.51331e-03,
1.67724e+04,3.25311e+08,7.07347e-01,5.19024e+00,9.28554e-03,
1.57139e+05,3.25468e+08,6.49252e-01,4.45552e-02,5.19752e-03,
3.71829e+04,3.25505e+08,9.15813e-01,3.76824e+00,8.49393e-03,
4.05655e+04,3.25546e+08,8.98296e-01,5.78222e+00,3.87957e-03,
1.09799e+04,3.25557e+08,1.87176e-01,2.47216e+00,5.36171e-03,
1.35512e+04,3.25570e+08,3.79146e-01,3.31386e+00,-6.54385e-04,
7.71617e+04,3.25648e+08,3.28996e-01,1.10588e-01,-7.35021e-03,
1.61541e+05,3.25809e+08,5.09185e-01,2.89591e-01,-3.77820e-03,
2.24429e+04,3.25832e+08,4.41373e-01,5.28018e+00,-8.52640e-03,
1.08325e+04,3.25842e+08,1.17676e+00,4.93722e+00,6.91608e-03,
3.30725e+04,3.25875e+08,5.51881e-01,3.96403e+00,-6.88093e-04,
1.26932e+04,3.25888e+08,1.01582e+00,8.45756e-01,-6.86264e-03,
2.31588e+04,3.25911e+08,8.07523e-01,5.61562e+00,-7.41536e-04,
5.51038e+05,3.26462e+08,1.02486e+00,4.76968e+00,-9.26983e-03,
2.57722e+05,3.26720e+08,5.67865e-01,4.57653e+00,4.16168e-03,
2.85048e+04,3.26749e+08,5.61436e-01,1.21279e+00,4.99644e-03,
3.09720e+04,3.26780e+08,1.41298e-01,4.24783e+00,5.82028e-03,
1.14134e+04,3.26791e+08,1.13408e+00,5.77198e+00,9.00876e-03,
3.76968e+04,3.26829e+08,8.29546e-01,5.76277e-01,1.64049e-03,
5.90060e+04,3.26888e+08,6.27018e-01,6.16168e-01,-6.05414e-03,
1.17666e+04,3.26899e+08,8.72453e-01,2.37055e+00,5.16602e-03,
2.31481e+04,3.26923e+08,8.88321e-01,1.44991e+00,4.78822e-03,
1.02569e+04,3.26933e+08,1.33246e-01,4.12071e+00,-2.97148e-03,
1.53824e+04,3.26948e+08,1.58859e-01,4.47638e+00,6.81891e-03,
1.00140e+04,3.26958e+08,7.08989e-01,1.21784e-01,-4.60826e-03,
4.69366e+05,3.27428e+08,2.97089e-01,3.75064e+00,4.23168e-03,
1.04307e+04,3.27438e+08,1.23967e+00,6.00813e+00,-7.05210e-03,
1.43825e+04,3.27452e+08,2.26994e-01,6.34370e-01,5.60517e-03,
1.09210e+04,3.27463e+08,2.24101e-01,5.49824e+00,-7.40919e-03,
1.75266e+04,3.27481e+08,4.02430e-01,2.46152e-01,-2.89079e-03,
2.72517e+04,3.27508e+08,2.15935e+00,1.23892e+00,9.89192e-03,
8.07861e+04,3.27589e+08,2.26848e+00,4.33371e+00,-3.45748e-03,
2.77668e+04,3.27617e+08,2.75572e-01,2.23475e+00,-2.33266e-03,
3.13715e+04,3.27648e+08,4.41220e-01,1.38343e+00,-6.20562e-03,
1.96505e+04,3.27668e+08,3.84992e-01,3.35797e+00,5.15823e-04,
1.39050e+04,3.27682e+08,1.14057e+00,5.34065e+00,-5.87775e-03,
1.32282e+04,3.27695e+08,1.24226e-01,5.58002e+00,-6.28211e-03,
2.26330e+04,3.27717e+08,2.00595e-01,5.19901e+00,7.98107e-03,
1.96167e+04,3.27737e+08,7.23418e-01,4.04432e+00,6.13510e-03,
2.90742e+04,3.27766e+08,7.34648e-01,2.82606e+00,4.06703e-03,
1.31216e+04,3.27779e+08,6.59015e-01,2.93129e-01,5.05399e-03,
9.59159e+04,3.27875e+08,2.53456e-01,3.50597e+00,5.58443e-03,
1.90732e+04,3.27894e+08,6.66807e-01,5.16828e+00,-4.14119e-03,
2.42796e+04,3.27919e+08,6.43625e-02,4.44599e+00,-6.06266e-03,
1.14074e+04,3.27930e+08,2.55973e-01,9.67315e-01,-3.91202e-03,
1.87074e+04,3.27949e+08,2.66216e-01,6.01685e+00,4.02386e-03,
4.43790e+04,3.27993e+08,2.42157e-01,3.88191e+00,-8.19939e-03,
1.79550e+04,3.28011e+08,5.08266e-01,1.12801e+00,7.84552e-03,
5.66008e+04,3.28068e+08,5.22705e-01,4.69584e+00,6.53576e-03,
1.38356e+04,3.28081e+08,7.27761e-01,3.84565e+00,-1.09766e-03,
1.32451e+04,3.28095e+08,5.96148e-01,1.90780e+00,8.64628e-03,
3.33505e+04,3.28128e+08,1.00160e+00,3.68752e+00,2.96826e-03,
5.13439e+04,3.28179e+08,4.60155e-01,5.00605e+00,-2.99421e-03,
1.48126e+04,3.28194e+08,5.86595e-01,1.78747e-01,-6.90216e-03,
2.12894e+05,3.28407e+08,6.41606e-01,5.65299e+00,-1.22119e-03,
1.53872e+04,3.28422e+08,3.83295e-01,1.76941e+00,2.76765e-03,
2.71076e+04,3.28450e+08,6.25984e-01,4.01699e+00,5.91136e-03,
1.83037e+04,3.28468e+08,3.65272e-01,5.05130e+00,1.28540e-03,
1.41206e+04,3.28482e+08,2.55277e-01,1.69384e+00,5.41256e-03,
4.78904e+04,3.28530e+08,5.33282e-01,5.48532e+00,-2.98608e-03,
5.07206e+04,3.28581e+08,7.55986e-01,5.26213e-01,8.49281e-03,
4.75842e+04,3.28628e+08,6.20807e-01,2.34771e+00,7.64951e-03,
4.63014e+04,3.28674e+08,4.77603e-01,4.00187e+00,-9.49964e-03,
1.53748e+05,3.28828e+08,9.78625e-01,5.15716e+00,-9.00022e-04,
1.00349e+04,3.28838e+08,1.48017e-01,5.92646e+00,6.46668e-04,
1.01699e+05,3.28940e+08,3.37161e-01,2.19771e+00,2.59188e-03,
6.98183e+04,3.29010e+08,1.66471e+00,1.99746e+00,9.12792e-03,
6.49175e+04,3.29075e+08,4.24858e-01,4.09266e+00,9.88519e-03,
3.50759e+04,3.29110e+08,1.67897e+00,5.20519e+00,-9.63269e-03,
5.07612e+04,3.29161e+08,6.02782e-01,3.27313e+00,-6.16863e-03,
1.02100e+04,3.29171e+08,1.22753e+00,2.47032e+00,6.07703e-03,
1.35819e+04,3.29184e+08,3.75137e-01,4.36927e+00,-7.07733e-03,
5.45078e+04,3.29239e+08,7.29345e-01,2.00227e+00,8.42731e-03,
2.53878e+04,3.29264e+08,4.44532e-01,2.28624e+00,1.84175e-03,
1.38224e+04,3.29278e+08,1.75526e+00,3.50679e+00,-1.56716e-03,
1.81681e+04,3.29296e+08,1.04287e+00,4.45460e+00,-1.75299e-04,
1.81904e+04,3.29314e+08,8.37573e-01,5.03476e+00,-8.65216e-03,
2.98104e+04,3.29344e+08,5.89655e-01,3.69937e+00,7.30247e-03,
1.99722e+04,3.29364e+08,1.20842e+00,4.58917e+00,-4.19351e-03,
1.08898e+05,3.29473e+08,9.41602e-01,1.16332e+00,-2.06282e-03,
1.01383e+04,3.29483e+08,3.17939e-01,5.69983e+00,8.32468e-03,
2.01999e+04,3.29503e+08,9.62468e-01,8.10868e-01,-3.86991e-03,
1.05062e+04,3.29514e+08,3.07703e-01,1.56830e+00,6.16573e-03,
1.38441e+04,3.29528e+08,3.10316e-01,5.08106e+00,-3.73282e-03,
1.12723e+04,3.29539e+08,4.76068e-01,1.57803e+00,-1.32805e-03,
9.93468e+04,3.29638e+08,2.08512e-01,2.18376e+00,-4.80318e-03,
1.76137e+04,3.29656e+08,3.27020e-01,5.88705e+00,-4.01071e-04,
1.00361e+04,3.29666e+08,5.14113e-01,4.89527e+00,1.53034e-03,
1.16358e+04,3.29678e+08,7.70388e-01,5.75726e+00,-6.86614e-03,
2.60921e+04,3.29704e+08,9.60934e-01,6.21636e+00,-1.04460e-03,
2.75139e+04,3.29731e+08,1.87925e-01,5.11140e+00,-8.53377e-03,
2.33586e+04,3.29755e+08,3.75092e-01,1.46282e+00,2.03959e-03,
1.57564e+04,3.29770e+08,4.55858e-01,6.11963e+00,8.41363e-03,
1.46725e+04,3.29785e+08,4.97105e-01,5.46685e+00,-9.72363e-03,
3.37479e+05,3.30123e+08,6.71219e-01,5.05435e+00,6.12657e-03,
2.38845e+04,3.30146e+08,2.00661e-01,6.19211e+00,5.99471e-03,
1.01036e+05,3.30247e+08,7.25216e-01,1.65464e+00,6.76977e-03,
2.64501e+05,3.30512e+08,1.55260e-01,4.05223e+00,-8.18781e-03,
2.96419e+04,3.30542e+08,1.44120e+00,3.67910e+00,3.85881e-03,
2.05850e+04,3.30562e+08,4.99533e-01,3.62088e+00,-2.65558e-03,
2.11515e+04,3.30583e+08,2.22268e-01,1.21107e+00,-3.32887e-04,
2.07379e+04,3.30604e+08,3.99186e-01,3.42387e+00,-7.61763e-03,
1.28709e+04,3.30617e+08,1.47624e-01,1.64773e+00,1.56233e-04,
4.44997e+04,3.30661e+08,1.40356e-01,2.57669e+00,-3.67600e-03,
2.42426e+04,3.30686e+08,9.23483e-01,3.18775e+00,4.12228e-03,
3.98498e+04,3.30726e+08,5.14666e-01,1.62641e+00,3.61069e-03,
1.46466e+04,3.30740e+08,1.82569e+00,3.88094e+00,4.05771e-03,
1.18591e+06,3.31926e+08,5.89361e-01,4.30596e+00,4.25391e-03,
2.73427e+04,3.31953e+08,1.29555e+00,4.86657e+00,-8.70791e-03,
2.33143e+04,3.31977e+08,6.18723e-01,5.28316e+00,-8.28083e-03,
1.95459e+04,3.31996e+08,4.06178e-01,1.61370e+00,-9.05228e-03,
3.04445e+04,3.32027e+08,3.04234e-01,2.25433e+00,-3.79319e-03,
1.18059e+04,3.32039e+08,4.41128e-01,2.42899e+00,-4.03367e-03,
1.96660e+04,3.32058e+08,5.29091e-01,4.81729e+00,7.73219e-03,
1.03926e+04,3.32069e+08,5.86767e-01,6.66109e-01,-8.97865e-03,
1.16473e+04,3.32080e+08,6.99877e-01,1.94442e-01,-4.76010e-03,
3.23904e+04,3.32113e+08,5.77047e-01,3.52908e-01,-6.59136e-03,
1.49791e+05,3.32262e+08,5.17486e-01,2.53723e+00,-2.68827e-03,
7.57472e+04,3.32338e+08,7.30361e-02,9.33572e-01,-2.25361e-03,
9.87227e+04,3.32437e+08,1.75352e-01,1.59709e+00,-5.60884e-03,
1.44766e+04,3.32451e+08,6.01031e-01,4.76542e+00,-5.25405e-03,
1.89515e+04,3.32470e+08,1.30390e-01,1.66081e+00,8.35776e-03,
1.65958e+04,3.32487e+08,3.12748e-01,4.63882e+00,8.55559e-03,
6.12305e+04,3.32548e+08,3.57560e-01,3.71811e+00,-4.93986e-03,
3.37086e+04,3.32582e+08,1.65780e+00,4.46538e+00,5.04722e-03,
2.51685e+04,3.32607e+08,6.87983e-01,6.15278e+00,-5.21727e-03,
2.59771e+04,3.32633e+08,3.84460e-01,2.59567e+00,3.66616e-03,
3.88593e+04,3.32672e+08,1.11422e+00,5.00497e+00,-9.31374e-05,
1.03447e+04,3.32682e+08,2.44533e-01,4.01462e+00,3.55778e-04,
1.09082e+04,3.32693e+08,1.02464e+00,5.85230e+00,-1.31399e-03,
1.31351e+06,3.34007e+08,1.03005e+00,6.26208e+00,-6.50596e-03,
1.21965e+04,3.34019e+08,8.34875e-01,1.96230e+00,-8.54533e-04,
4.26140e+04,3.34061e+08,4.84494e-01,4.98353e+00,1.30050e-03,
1.11605e+04,3.34073e+08,1.37154e-01,6.18406e-01,3.80279e-04,
3.24454e+04,3.34105e+08,2.25843e-01,1.68773e+00,8.47657e-03,
1.18237e+04,3.34117e+08,3.08693e-01,6.24674e+00,3.72833e-03,
2.16358e+04,3.34138e+08,7.53985e-01,3.52899e+00,-8.83195e-03,
5.54160e+04,3.34194e+08,5.91566e-01,1.50003e+00,8.49328e-03,
1.17741e+04,3.34206e+08,6.32055e-01,5.46623e+00,2.82088e-03,
1.83489e+04,3.34224e+08,5.57639e-01,8.06071e-01,5.62525e-03,
7.77217e+04,3.34302e+08,9.03109e-01,5.78123e+00,2.08419e-04,
2.48767e+04,3.34327e+08,2.20252e-01,6.07970e+00,9.07626e-03,
1.01646e+04,3.34337e+08,9.80201e-01,4.00098e+00,2.96648e-03,
1.08660e+04,3.34348e+08,5.28006e-01,4.48482e-01,-6.20471e-03,
7.84987e+04,3.34426e+08,5.45487e-01,1.17620e+00,-8.11458e-03,
1.51769e+05,3.34578e+08,9.24742e-01,1.11184e+00,1.73131e-03,
2.25519e+04,3.34600e+08,1.53399e-01,4.84672e+00,-3.06536e-03,
2.04839e+04,3.34621e+08,1.10093e+00,1.20680e+00,5.55030e-03,
1.64051e+04,3.34637e+08,8.01670e-01,4.51094e+00,7.15585e-03,
4.71300e+04,3.34684e+08,3.90861e-01,8.14446e-01,9.80550e-04,
1.61755e+04,3.34701e+08,6.10896e-01,6.22905e+00,-9.93314e-04,
1.33865e+04,3.34714e+08,1.38032e+00,5.07733e+00,4.13461e-03,
2.76615e+04,3.34742e+08,4.69593e-01,5.39120e+00,-2.67876e-03,
1.09256e+04,3.34753e+08,5.30637e-01,5.67160e+00,2.16202e-03,
3.01097e+04,3.34783e+08,9.38050e-02,8.26865e-01,-8.99115e-03,
1.15387e+04,3.34794e+08,1.26298e+00,3.65032e+00,-2.68060e-03,
4.15025e+04,3.34836e+08,2.56038e+00,5.46832e-01,3.60956e-03,
4.39210e+04,3.34880e+08,1.08973e+00,3.10862e+00,-6.90813e-03,
1.05692e+04,3.34890e+08,5.25662e-01,5.11600e+00,-9.76718e-04,
1.15439e+04,3.34902e+08,8.44821e-01,1.57528e+00,8.33638e-03,
6.75022e+04,3.34969e+08,5.68742e-01,1.48322e+00,5.69773e-03,
5.46405e+04,3.35024e+08,2.96748e-01,2.68969e+00,7.59649e-03,
1.71675e+04,3.35041e+08,7.61640e-01,4.86045e+00,-1.62205e-03,
4.31946e+04,3.35084e+08,2.13048e-01,6.04823e+00,-5.01715e-03,
1.02757e+04,3.35095e+08,8.69858e-02,1.52559e+00,3.78534e-03,
6.27940e+04,3.35157e+08,5.48392e-01,6.09266e-01,6.96481e-03,
1.24131e+04,3.35170e+08,5.06747e-01,3.59605e+00,-4.02282e-03,
1.77135e+04,3.35188e+08,2.49120e-01,3.20369e+00,-6.49544e-03,
2.17762e+04,3.35209e+08,4.15379e-01,9.67251e-01,7.38831e-03,
1.54428e+04,3.35225e+08,7.70998e-01,4.67708e+00,-3.02105e-03,
1.29029e+04,3.35238e+08,8.25853e-01,2.00527e-01,4.79483e-03,
2.18052e+04,3.35259e+08,3.09749e-01,6.17932e-01,1.06360e-03,
4.88239e+04,3.35308e+08,8.39671e-01,5.17616e+00,5.80597e-03,
1.69029e+04,3.35325e+08,6.81228e-01,2.20190e+00,3.16112e-04,
6.67704e+04,3.35392e+08,2.91769e-01,4.48228e+00,-8.55841e-03,
1.12936e+04,3.35403e+08,5.53733e-01,2.07974e+00,-9.92372e-04,
1.03697e+04,3.35414e+08,9.76504e-01,7.82853e-01,-7.11277e-03,
9.46695e+04,3.35508e+08,3.73320e-01,3.21141e+00,1.09731e-03,
2.29310e+04,3.35531e+08,3.80627e-01,3.38638e+00,9.25622e-03,
1.73112e+04,3.35549e+08,4.83612e-01,3.72728e+00,-3.72704e-03,
1.10903e+04,3.35560e+08,3.39703e-01,6.44749e-01,-2.93821e-04,
9.11035e+04,3.35651e+08,5.23431e-01,7.83275e-01,-8.05169e-03,
2.50299e+04,3.35676e+08,3.43159e-01,3.95420e+00,-6.62104e-03,
2.49576e+04,3.35701e+08,1.21465e+00,3.13569e+00,-6.89875e-03,
3.14331e+04,3.35732e+08,7.75686e-01,3.29241e+00,3.00028e-03,
3.58089e+04,3.35768e+08,3.80284e-01,3.68111e+00,-1.36893e-03,
2.71045e+04,3.35795e+08,5.60670e-01,4.58897e+00,4.07779e-03,
1.63368e+05,3.35958e+08,6.51136e-01,1.19220e+00,2.28144e-04,
1.30854e+04,3.35972e+08,8.02618e-01,4.53155e+00,-4.85110e-03,
1.36714e+04,3.35985e+08,8.82332e-01,3.03842e+00,-6.28533e-03,
3.19409e+05,3.36305e+08,1.88123e-01,2.54751e+00,8.63202e-03,
1.65748e+04,3.36321e+08,1.01049e+00,5.71459e+00,1.84139e-03,
1.97670e+04,3.36341e+08,5.09645e-01,3.16559e+00,3.33949e-03,
4.74670e+04,3.36388e+08,2.77860e-01,5.27114e+00,5.08455e-03,
1.00134e+04,3.36398e+08,1.25258e+00,3.65761e+00,1.30372e-03,
1.58232e+04,3.36414e+08,2.73129e-01,5.48734e+00,1.50986e-04,
1.50799e+04,3.36429e+08,9.17651e-01,4.46037e+00,7.47198e-03,
1.07766e+04,3.36440e+08,3.43719e-01,4.91272e+00,-1.64788e-03,
5.83915e+04,3.36498e+08,7.98042e-01,2.41674e+00,-8.91568e-03,
1.22744e+04,3.36511e+08,5.23077e-01,5.40888e+00,-5.32873e-03,
1.17749e+04,3.36523e+08,5.40210e-01,5.38185e+00,-6.31056e-03,
4.12130e+04,3.36564e+08,9.54243e-02,2.43558e+00,8.80068e-03,
1.24587e+04,3.36576e+08,1.62411e+00,4.88826e+00,-4.37817e-03,
1.44350e+04,3.36591e+08,1.62142e+00,1.36974e+00,9.37808e-03,
1.34758e+05,3.36725e+08,5.49317e-02,1.48680e+00,-2.02701e-03,
8.92571e+04,3.36815e+08,5.58931e-01,4.35520e+00,-5.77135e-03,
2.68958e+04,3.36842e+08,7.04350e-02,2.51181e+00,-2.93041e-03,
1.19857e+04,3.36854e+08,7.24174e-01,4.79829e+00,-3.86024e-03,
2.01803e+04,3.36874e+08,8.62056e-01,4.28075e+00,-5.39272e-03,
3.44593e+05,3.37218e+08,5.43647e-01,3.19627e+00,6.05073e-03,
2.15110e+04,3.37240e+08,1.93881e-01,2.59709e+00,4.05521e-03,
4.25363e+05,3.37665e+08,1.11476e+00,9.68391e-01,2.43365e-04,
2.45632e+04,3.37690e+08,5.40134e-01,5.12412e-01,8.67466e-03,
3.77948e+04,3.37728e+08,4.73734e-01,3.63189e+00,-5.82443e-03,
1.22059e+04,3.37740e+08,2.10027e-01,5.63650e+00,3.07840e-03,
3.04685e+04,3.37770e+08,7.95374e-01,3.05692e+00,-7.83298e-03,
1.93137e+04,3.37790e+08,3.37157e-01,6.09538e+00,-9.45813e-03,
1.40493e+04,3.37804e+08,1.57518e-01,3.88942e-01,2.07377e-03,
1.93312e+04,3.37823e+08,5.86879e-01,1.20095e-01,6.05915e-04,
3.70324e+04,3.37860e+08,2.83464e-01,3.93421e+00,1.69472e-03,
1.48969e+05,3.38009e+08,1.02024e+00,3.16921e+00,5.83284e-03,
2.42320e+04,3.38033e+08,2.46140e-01,3.95575e+00,9.77674e-03,
2.88121e+04,3.38062e+08,1.43071e+00,1.79631e+00,-7.29427e-03,
3.29650e+04,3.38095e+08,1.14575e-01,1.87266e+00,-3.43725e-03,
1.25962e+04,3.38108e+08,3.06620e-01,3.25258e+00,2.97070e-03,
1.57979e+04,3.38123e+08,5.51458e-01,4.41377e-02,-6.42521e-03,
1.80983e+04,3.38141e+08,5.30978e-01,2.93319e+00,-7.59722e-03,
2.40144e+05,3.38382e+08,1.19768e-01,2.12282e+00,9.67183e-03,
1.14925e+04,3.38393e+08,4.96216e-01,5.48535e+00,8.28312e-03,
3.94381e+04,3.38432e+08,7.30444e-02,6.13011e-01,-7.29821e-03,
5.07192e+04,3.38483e+08,2.53779e-01,4.24427e+00,-1.85092e-03,
1.22061e+04,3.38495e+08,6.12929e-01,5.92443e+00,4.53208e-03,
1.45057e+04,3.38510e+08,3.77968e-01,4.77425e+00,8.03398e-03,
1.16887e+05,3.38627e+08,3.63947e-01,4.76177e+00,2.56372e-03,
1.42730e+04,3.38641e+08,2.71429e-01,4.58266e+00,-1.73216e-03,
1.90266e+04,3.38660e+08,4.36267e-01,3.72913e-01,6.03529e-03,
1.32510e+04,3.38673e+08,1.44614e+00,5.94417e+00,-6.46776e-03,
7.24116e+05,3.39397e+08,2.15037e-01,1.77060e+00,1.05445e-03,
1.23940e+04,3.39410e+08,1.82753e-01,3.35679e+00,1.21050e-03,
1.71183e+05,3.39581e+08,5.86692e-01,1.72047e+00,3.21667e-04,
1.20619e+04,3.39593e+08,7.62671e-01,1.01549e+00,1.62594e-03,
1.43749e+04,3.39607e+08,1.48350e-01,4.43069e+00,8.37032e-03,
2.35376e+04,3.39631e+08,1.65876e-01,2.92275e+00,-9.81644e-03,
2.22512e+04,3.39653e+08,9.99578e-01,3.55519e+00,-7.00088e-03,
1.23061e+04,3.39666e+08,2.09892e-01,1.81725e+00,-5.02848e-03,
1.57580e+04,3.39681e+08,3.61615e-01,3.90997e+00,4.95835e-03,
6.87308e+04,3.39750e+08,4.40676e-01,5.85669e+00,3.65719e-03,
1.62711e+04,3.39766e+08,6.82103e-01,4.85615e+00,-8.98225e-03,
1.28191e+04,3.39779e+08,3.04146e-01,5.81870e+00,-2.09325e-03,
2.05228e+04,3.39800e+08,8.25029e-01,3.45048e+00,7.91449e-03,
1.44260e+04,3.39814e+08,3.57175e-01,9.53902e-01,-1.73892e-03,
2.08510e+04,3.39835e+08,1.02079e+00,6.25591e+00,7.68122e-03,
1.23996e+04,3.39847e+08,2.89245e-01,1.40904e+00,-6.19223e-03,
3.38971e+04,3.39881e+08,8.53683e-01,2.27930e+00,8.22634e-04,
1.02725e+04,3.39892e+08,1.06755e+00,3.57382e+00,-8.75055e-03,
1.19695e+04,3.39904e+08,7.08424e-01,1.68698e+00,-3.10662e-03,
2.82682e+04,3.39932e+08,5.06102e-01,5.08517e+00,4.55616e-03,
1.07985e+04,3.39943e+08,7.08887e-01,3.66596e+00,-7.77105e-03,
2.18765e+04,3.39964e+08,1.48754e-01,1.55725e+00,3.18281e-03,
1.38900e+04,3.39978e+08,2.06195e-01,3.39793e-01,8.99071e-03,
1.07118e+04,3.39989e+08,5.94865e-01,4.36904e+00,-3.84968e-03,
2.23847e+04,3.40011e+08,7.13412e-01,1.40649e+00,3.57685e-03,
2.30060e+04,3.40034e+08,9.21194e-01,2.72288e+00,-5.83318e-04,
2.48949e+04,3.40059e+08,5.59710e-01,1.03833e+00,-9.32779e-04,
2.26018e+04,3.40082e+08,3.55483e-01,2.45499e+00,-3.96406e-03,
1.39361e+04,3.40096e+08,1.88848e-01,3.77124e+00,1.65157e-03,
4.63879e+04,3.40142e+08,5.38315e-01,1.43216e+00,1.98944e-03,
2.30478e+04,3.40165e+08,3.41853e-01,5.40329e+00,4.29050e-03,
1.62289e+05,3.40328e+08,6.54008e-01,1.54119e+00,5.93992e-03,
1.72871e+04,3.40345e+08,1.15523e+00,3.68902e+00,9.40264e-03,
3.09808e+04,3.40376e+08,8.68908e-02,2.79766e+00,6.08386e-03,
1.26563e+05,3.40502e+08,3.70959e-01,1.35833e+00,3.55831e-03,
1.67049e+04,3.40519e+08,3.87658e-01,5.76918e+00,5.78488e-03,
4.39616e+04,3.40563e+08,2.76492e-01,3.46977e+00,5.49246e-03,
5.59342e+04,3.40619e+08,1.38416e+00,4.31513e+00,4.90507e-03,
1.47966e+05,3.40767e+08,1.51198e+00,6.25788e+00,4.26709e-04,
3.27430e+04,3.40800e+08,6.44132e-01,4.09046e+00,-9.36672e-03,
1.70110e+04,3.40817e+08,1.41397e+00,5.02340e+00,9.09709e-03,
1.06056e+04,3.40827e+08,6.35162e-01,4.30549e+00,5.89554e-03,
1.32758e+04,3.40841e+08,6.14926e-02,2.80833e+00,9.58829e-03,
3.70921e+04,3.40878e+08,2.77942e-01,2.58371e+00,-8.06862e-03,
1.17582e+04,3.40889e+08,3.44113e-01,4.75930e+00,-7.89689e-03,
1.07137e+04,3.40900e+08,7.06405e-01,1.00967e+00,1.67580e-03,
1.04366e+04,3.40911e+08,4.28005e-01,5.72221e-01,-7.30231e-03,
3.69708e+04,3.40948e+08,4.68794e-01,4.37815e+00,2.74228e-03,
2.37008e+05,3.41185e+08,8.11194e-01,2.56724e+00,-2.20175e-03,
3.74267e+04,3.41222e+08,5.51448e-01,4.60385e+00,-9.02010e-04,
1.30135e+04,3.41235e+08,3.78048e-01,3.06704e+00,3.18143e-03,
2.57464e+04,3.41261e+08,4.87522e-01,3.90509e+00,-4.56274e-03,
1.22698e+05,3.41383e+08,1.72171e-01,3.70180e+00,7.97028e-03,
2.11279e+04,3.41405e+08,1.18429e+00,7.41767e-03,-8.69678e-04,
2.24310e+04,3.41427e+08,6.16206e-01,3.73955e-01,3.35965e-03,
1.20803e+04,3.41439e+08,7.68223e-01,6.26794e+00,6.85602e-03,
1.07384e+04,3.41450e+08,7.73566e-01,1.14514e+00,-4.84888e-03,
1.21618e+05,3.41571e+08,2.84932e-01,3.66174e+00,-3.35966e-03,
1.54538e+04,3.41587e+08,5.07765e-01,3.05974e+00,8.96189e-03,
1.25573e+04,3.41600e+08,7.85700e-01,2.64444e+00,-2.52818e-03,
3.06485e+04,3.41630e+08,5.05329e-01,5.06781e+00,6.96092e-03,
2.26987e+04,3.41653e+08,2.25895e-01,3.84375e+00,7.17122e-03,
2.16982e+04,3.41675e+08,6.22484e-01,2.72694e+00,-4.13595e-03,
1.40483e+04,3.41689e+08,1.96710e-01,2.40784e+00,-9.20599e-03,
2.49398e+05,3.41938e+08,1.10535e+00,2.41027e+00,-9.56761e-03,
5.80522e+04,3.41996e+08,8.97493e-01,6.13594e+00,1.32998e-03,
3.09557e+04,3.42027e+08,4.78841e-01,6.06529e+00,-7.19119e-03,
1.07627e+04,3.42038e+08,1.16501e+00,5.80531e+00,-6.91529e-03,
6.35135e+05,3.42673e+08,9.82534e-01,5.89344e+00,2.30790e-03,
5.77058e+04,3.42731e+08,5.89627e-01,4.27047e-01,-6.19347e-03,
2.39751e+04,3.42755e+08,8.38992e-02,4.85282e+00,-6.87722e-04,
1.21088e+04,3.42767e+08,1.19287e+00,4.52151e+00,5.98199e-03,
2.10499e+05,3.42977e+08,7.48385e-01,6.66978e-01,-3.59380e-03,
3.37773e+04,3.43011e+08,8.72628e-01,2.35233e+00,1.49333e-03,
1.32928e+04,3.43024e+08,1.96064e-01,2.47446e+00,1.65430e-03,
5.52648e+04,3.43080e+08,7.44213e-02,2.30783e+00,-6.94878e-04,
1.81139e+05,3.43261e+08,9.45315e-01,2.48992e-01,-6.08847e-03,
3.47552e+04,3.43295e+08,6.27121e-01,9.38359e-01,5.93608e-03,
4.55016e+05,3.43750e+08,9.59704e-01,3.80946e+00,5.08632e-03,
1.24898e+04,3.43763e+08,3.07713e-01,5.63356e+00,7.75939e-03,
3.80716e+04,3.43801e+08,7.79525e-01,5.72003e+00,-9.86330e-03,
1.55041e+04,3.43816e+08,1.24125e+00,5.60829e-01,-4.94284e-03,
6.15472e+04,3.43878e+08,5.21083e-01,1.23055e-02,-2.57296e-03,
2.08260e+04,3.43899e+08,5.34316e-01,5.11385e-01,-2.44740e-04,
1.11820e+04,3.43910e+08,3.04333e-01,4.92532e-01,-5.12966e-03,
5.97378e+04,3.43970e+08,7.81505e-01,1.80523e+00,-6.86795e-04,
2.07050e+04,3.43990e+08,1.18619e+00,5.72627e-01,-6.12474e-04,
5.74676e+04,3.44048e+08,3.58409e-01,3.37675e+00,-5.90103e-03,
5.96700e+04,3.44108e+08,3.92491e-01,5.36768e+00,-3.84679e-03,
4.48395e+04,3.44152e+08,1.67607e-02,2.94615e+00,-8.09309e-03,
2.28369e+04,3.44175e+08,1.54365e-01,5.32161e+00,3.94785e-03,
3.44815e+04,3.44210e+08,3.21621e-01,2.53531e+00,6.74491e-03,
8.00122e+04,3.44290e+08,7.95350e-01,1.78762e+00,-5.78630e-03,
2.26232e+04,3.44312e+08,8.08027e-01,2.50296e+00,2.71686e-03,
1.57971e+04,3.44328e+08,2.19432e-01,2.29349e+00,-1.35626e-03,
2.15046e+04,3.44350e+08,2.15273e-01,4.85993e-01,-9.20506e-03,
2.65596e+04,3.44376e+08,5.17138e-01,6.07248e+00,-9.93277e-03,
6.96198e+04,3.44446e+08,6.70485e-01,3.25462e+00,-4.79347e-03,
3.79480e+04,3.44484e+08,6.32727e-01,4.97421e-01,4.32654e-03,
2.11937e+04,3.44505e+08,3.75600e-02,1.14353e-01,-2.32599e-04,
1.77210e+04,3.44523e+08,5.46642e-01,2.94084e-01,8.50275e-03,
2.38926e+06,3.46912e+08,8.30584e-02,6.24749e-01,-9.72191e-03,
1.35277e+04,3.46926e+08,1.86789e-01,5.00439e+00,-5.94833e-03,
1.31804e+04,3.46939e+08,5.59219e-01,2.45967e-01,3.20741e-03,
1.86156e+04,3.46957e+08,1.70572e-01,5.21614e+00,8.51671e-03,
1.20482e+04,3.46969e+08,5.99223e-01,5.75359e-01,-9.33150e-03,
2.55011e+04,3.46995e+08,5.05745e-01,5.26383e+00,-6.08812e-03,
3.49277e+04,3.47030e+08,7.17325e-01,5.96876e+00,8.55082e-03,
1.95738e+04,3.47049e+08,5.06195e-01,1.24771e+00,9.53616e-03,
6.87868e+04,3.47118e+08,1.20116e+00,3.67126e+00,4.83675e-03,
4.97148e+04,3.47168e+08,1.08713e+00,1.44036e+00,-7.49702e-03,
1.16181e+04,3.47180e+08,3.08480e-01,5.07854e+00,5.72385e-03,
1.60118e+04,3.47196e+08,1.23337e+00,6.03402e+00,7.53495e-04,
2.70140e+04,3.47223e+08,2.14500e-01,2.09033e+00,6.46596e-03,
1.03379e+05,3.47326e+08,2.05843e+00,3.50871e+00,5.04437e-03,
5.98371e+04,3.47386e+08,7.37604e-01,2.57655e+00,-9.56587e-04,
2.98756e+04,3.47416e+08,2.72259e-01,4.72143e+00,3.46826e-03,
2.43135e+04,3.47440e+08,1.75242e-01,4.56818e+00,5.95777e-04,
1.60782e+04,3.47456e+08,1.72161e-01,2.38697e+00,-6.68393e-03,
2.42704e+04,3.47480e+08,7.58254e-01,4.67852e+00,-7.51820e-03,
2.63011e+04,3.47507e+08,7.52654e-01,1.04449e+00,9.97502e-03,
4.33537e+05,3.47940e+08,4.52278e-01,5.11492e+00,4.83528e-03,
1.96950e+04,3.47960e+08,3.63163e-01,4.73549e+00,-3.30079e-03,
6.70373e+04,3.48027e+08,9.10673e-01,3.38189e+00,-5.24323e-03,
1.67242e+04,3.48044e+08,3.44474e-01,1.63426e+00,-2.79665e-03,
3.07868e+04,3.48074e+08,2.74901e-02,4.49701e+00,7.84191e-03,
1.69857e+04,3.48091e+08,3.02934e-01,4.05404e+00,1.36017e-03,
2.12262e+04,3.48113e+08,8.27807e-01,6.83548e-01,4.63141e-05,
4.34479e+04,3.48156e+08,8.63539e-01,1.34587e+00,4.45658e-03,
3.54732e+05,3.48511e+08,3.74895e-01,4.42672e-01,8.40867e-03,
2.23042e+04,3.48533e+08,4.20328e-01,6.13445e+00,-9.31830e-03,
1.91019e+04,3.48552e+08,2.05449e-01,3.02697e+00,-4.21995e-03,
2.25684e+04,3.48575e+08,1.70215e-01,3.65881e+00,3.53274e-03,
1.05045e+04,3.48585e+08,8.37287e-01,1.40152e+00,3.81814e-03,
3.29840e+04,3.48618e+08,3.50505e-02,2.23875e+00,1.15387e-03,
2.77521e+04,3.48646e+08,1.30571e+00,9.64087e-01,5.46697e-03,
3.47962e+04,3.48681e+08,8.94468e-01,4.29465e+00,-5.47532e-03,
1.15963e+04,3.48692e+08,2.24810e-01,3.37556e-01,7.64563e-03,
4.47858e+05,3.49140e+08,1.33434e-01,1.34520e+00,8.98106e-03,
1.07902e+04,3.49151e+08,9.24803e-01,2.40124e+00,2.48424e-04,
1.42750e+04,3.49165e+08,7.98697e-01,1.29166e+00,-6.20536e-03,
1.10737e+04,3.49176e+08,4.90406e-01,2.65396e+00,-5.16730e-03,
1.06058e+04,3.49187e+08,1.98555e-01,4.36190e+00,-5.69073e-03,
1.68855e+05,3.49356e+08,6.38355e-01,4.36254e+00,-6.81107e-03,
1.03628e+04,3.49366e+08,7.90894e-01,2.48120e+00,-1.18543e-03,
2.68279e+04,3.49393e+08,2.49252e-01,4.77961e+00,8.48574e-03,
1.24999e+04,3.49406e+08,9.99253e-01,5.91535e+00,8.06510e-03,
2.34014e+04,3.49429e+08,8.69263e-01,1.98486e+00,8.00202e-03,
1.11487e+04,3.49440e+08,2.47945e-01,2.67610e+00,7.36282e-03,
3.13170e+05,3.49753e+08,3.58344e-01,4.42486e+00,7.45878e-03,
1.20441e+04,3.49765e+08,1.61093e+00,4.15607e+00,-2.47457e-04,
1.47876e+04,3.49780e+08,8.77208e-01,2.56379e+00,-2.25039e-03,
2.04879e+06,3.51829e+08,4.70032e-01,4.43917e+00,-6.58569e-04,
3.75342e+04,3.51866e+08,5.47369e-01,2.85274e+00,7.45870e-03,
4.41235e+04,3.51911e+08,2.28468e-01,5.94411e+00,8.98421e-03,
1.32075e+04,3.51924e+08,6.14033e-01,5.34110e+00,9.21810e-03,
5.58351e+05,3.52482e+08,1.58601e-01,4.29960e-01,9.29859e-04,
1.83407e+04,3.52500e+08,8.63071e-01,3.90479e+00,4.51803e-03,
7.22979e+04,3.52573e+08,5.46703e-01,5.92772e+00,-5.69675e-03,
1.18349e+04,3.52585e+08,1.60260e+00,2.68427e+00,-2.13727e-03,
1.13238e+05,3.52698e+08,6.19956e-01,2.31064e+00,9.97383e-03,
4.55037e+04,3.52743e+08,6.83237e-01,3.45958e+00,-3.33365e-03,
3.62582e+04,3.52780e+08,7.29130e-01,3.49182e+00,7.41502e-03,
1.27929e+04,3.52792e+08,3.63554e-01,1.59921e+00,-8.13924e-04,
6.93591e+04,3.52862e+08,2.26873e-02,5.48263e+00,-8.02748e-03,
2.40803e+04,3.52886e+08,5.70444e-01,4.67648e+00,-5.53673e-03,
3.75442e+04,3.52923e+08,2.42843e+00,1.61698e+00,9.52171e-03,
1.12610e+04,3.52935e+08,7.35705e-01,4.27157e+00,2.21282e-03,
4.50909e+04,3.52980e+08,1.23966e+00,5.60685e+00,5.99102e-04,
3.09014e+04,3.53011e+08,7.24559e-01,1.82742e+00,-6.47769e-03,
1.12374e+04,3.53022e+08,4.76546e-01,2.80168e-02,-9.17260e-03,
1.21287e+04,3.53034e+08,1.72073e+00,3.26744e+00,-1.16398e-03,
4.00647e+04,3.53074e+08,8.49153e-01,1.27759e+00,5.28763e-03,
1.91964e+04,3.53093e+08,3.12426e-01,2.10186e+00,8.17142e-03,
3.72941e+05,3.53466e+08,3.02021e-01,2.36821e+00,-2.41785e-03,
9.30334e+04,3.53559e+08,2.51736e-01,9.09337e-01,8.28714e-04,
1.52005e+04,3.53574e+08,1.21120e+00,1.88766e+00,1.33713e-03,
1.09836e+04,3.53585e+08,3.74960e-01,2.30965e+00,1.83696e-03,
1.29643e+04,3.53598e+08,4.70499e-01,4.93669e+00,6.98344e-03,
1.15620e+04,3.53610e+08,1.35548e-01,5.42646e+00,-5.31733e-03,
1.49195e+06,3.55102e+08,1.10556e+00,2.34476e+00,2.55622e-04,
1.86695e+04,3.55121e+08,3.13343e-01,1.09460e+00,-5.06705e-03,
5.54013e+04,3.55176e+08,9.54995e-01,2.47828e+00,-6.54006e-03,
4.68440e+04,3.55223e+08,3.09608e-01,1.74257e+00,-7.17713e-03,
1.35855e+04,3.55236e+08,3.52756e-01,6.21986e+00,-6.51657e-03,
3.62535e+04,3.55273e+08,7.01882e-01,7.56965e-01,3.99372e-03,
1.10192e+04,3.55284e+08,3.12868e-01,4.10259e+00,5.44716e-03,
1.68001e+04,3.55300e+08,1.14846e+00,6.41753e-01,6.81181e-05,
1.07911e+04,3.55311e+08,1.81476e+00,5.36938e+00,-1.81981e-03,
1.08527e+04,3.55322e+08,2.15122e-01,3.46250e+00,-1.72759e-03,
9.63577e+04,3.55418e+08,5.27640e-01,5.01630e+00,4.48994e-03,
4.54704e+05,3.55873e+08,2.45891e-01,1.44805e+00,-2.76175e-04,
1.35228e+04,3.55887e+08,1.53653e+00,7.47187e-01,2.30895e-04,
1.36009e+04,3.55900e+08,1.14440e-01,3.32430e+00,9.04433e-03,
1.01587e+04,3.55910e+08,3.92900e-01,6.24866e+00,-5.68379e-03,
4.61621e+05,3.56372e+08,3.88199e-01,5.58181e+00,-7.42578e-03,
1.19508e+04,3.56384e+08,5.28595e-01,2.32489e+00,-5.51450e-03,
1.30262e+04,3.56397e+08,3.28679e-01,2.18137e+00,-3.95709e-03,
1.09043e+04,3.56408e+08,1.48924e-01,1.69760e+00,-7.72628e-03,
1.60497e+04,3.56424e+08,8.80592e-01,1.53994e+00,1.57416e-03,
1.08800e+04,3.56435e+08,3.44036e-01,2.51220e+00,-9.41672e-03,
1.36993e+04,3.56449e+08,6.03756e-01,6.02105e-01,3.16468e-03,
1.79846e+04,3.56467e+08,6.97736e-01,1.44813e+00,-1.53466e-03,
1.99617e+04,3.56486e+08,6.57281e-01,2.78881e+00,6.87859e-03,
3.28539e+04,3.56519e+08,1.22870e+00,5.10620e+00,5.41434e-04,
3.72441e+04,3.56557e+08,9.57315e-01,1.72239e+00,-6.86519e-03,
1.31895e+04,3.56570e+08,5.68435e-01,3.27773e+00,-6.35554e-03,
2.52707e+04,3.56595e+08,6.37977e-01,5.61001e+00,-4.16412e-04,
1.58518e+04,3.56611e+08,1.05345e+00,4.64981e+00,8.26843e-03,
1.39408e+04,3.56625e+08,1.11069e+00,3.88237e+00,5.40713e-03,
1.69440e+04,3.56642e+08,1.27047e+00,2.51163e+00,-6.24005e-03,
2.69494e+04,3.56669e+08,1.46846e-01,5.04733e+00,-9.24151e-03,
6.73068e+04,3.56736e+08,2.82552e-01,4.00800e+00,4.90051e-03,
8.88490e+04,3.56825e+08,3.69980e-02,1.03697e+00,-1.25306e-03,
1.08488e+05,3.56933e+08,1.09522e-01,1.73052e+00,-5.09524e-03,
4.40382e+04,3.56977e+08,1.39260e-01,1.16950e+00,2.00704e-03,
2.32917e+04,3.57001e+08,6.50976e-01,4.73813e+00,8.65570e-03,
2.30312e+04,3.57024e+08,2.22046e-01,1.41519e+00,1.10803e-03,
1.07340e+05,3.57131e+08,9.69643e-01,4.10335e+00,4.18163e-03,
1.69411e+04,3.57148e+08,6.64620e-01,6.10903e+00,7.22369e-03,
1.40214e+04,3.57162e+08,1.41716e+00,3.43858e+00,4.17824e-03,
2.70401e+04,3.57189e+08,3.35476e-01,1.84776e+00,1.53407e-03,
3.83171e+04,3.57227e+08,2.69006e-01,1.65731e+00,3.94397e-03,
1.95112e+04,3.57247e+08,2.36005e-01,1.99510e-01,-4.63403e-03,
1.95771e+04,3.57266e+08,7.85423e-01,4.68154e+00,-9.34605e-03,
1.06508e+04,3.57277e+08,3.27141e-01,5.66427e+00,-7.15374e-03,
2.45663e+04,3.57302e+08,3.96107e-01,1.49981e+00,-7.88071e-03,
1.06092e+04,3.57312e+08,2.38502e-01,6.17501e+00,3.30757e-04,
5.10567e+04,3.57363e+08,2.34609e-01,4.94871e+00,4.88264e-03,
2.15924e+05,3.57579e+08,2.60480e-01,3.56971e+00,-6.55246e-03,
2.14908e+04,3.57601e+08,2.23107e+00,6.25788e+00,9.55593e-03,
6.40332e+04,3.57665e+08,4.41575e-01,3.32815e+00,3.18495e-03,
7.54494e+04,3.57740e+08,2.09548e-01,6.25812e+00,-3.44504e-03,
2.89678e+04,3.57769e+08,1.01989e-01,2.32258e+00,8.69416e-03,
2.49484e+04,3.57794e+08,5.42383e-01,4.15632e+00,8.01156e-03,
3.48120e+04,3.57829e+08,7.66197e-01,4.41603e+00,-2.75799e-03,
1.00535e+04,3.57839e+08,3.83168e-01,6.20456e+00,-2.98880e-03,
1.18465e+04,3.57851e+08,4.98045e-01,1.59100e+00,9.85873e-04,
3.54594e+04,3.57886e+08,2.86168e-01,5.68068e-01,-9.81574e-03,
1.28009e+04,3.57899e+08,7.79119e-01,1.37007e+00,-2.43252e-04,
1.31321e+04,3.57912e+08,5.53230e-01,2.09674e-01,6.24853e-03,
1.09726e+04,3.57923e+08,1.54665e+00,4.03343e+00,-8.19513e-03,
2.44277e+04,3.57948e+08,1.11450e+00,3.94272e+00,-7.10246e-03,
1.17921e+04,3.57959e+08,6.30940e-01,2.78026e+00,-4.72130e-03,
3.19127e+04,3.57991e+08,8.54217e-01,4.78605e+00,1.79159e-03,
1.44484e+04,3.58006e+08,3.36395e-01,1.72044e+00,1.38449e-03,
1.10862e+04,3.58017e+08,1.83086e-01,5.94322e+00,6.25922e-04,
1.48792e+04,3.58032e+08,5.07992e-01,4.72397e-01,8.01879e-03,
2.18676e+04,3.58054e+08,1.68368e+00,4.87291e-01,-2.70209e-03,
5.47878e+04,3.58108e+08,6.43615e-01,1.35042e-01,-5.10033e-03,
1.09538e+04,3.58119e+08,4.45488e-01,2.05777e+00,9.31814e-03,
2.22221e+05,3.58342e+08,1.61258e+00,1.22427e+00,6.83075e-03,
1.28083e+04,3.58354e+08,4.67801e-01,6.27174e+00,9.51261e-03,
1.37893e+04,3.58368e+08,1.14406e+00,5.36250e+00,8.82529e-03,
1.78067e+04,3.58386e+08,4.16683e-01,5.80752e+00,9.08871e-03,
1.18618e+04,3.58398e+08,6.07481e-01,2.63644e+00,-4.63031e-03,
2.00593e+06,3.60404e+08,5.50057e-01,7.67251e-01,-1.43168e-03,
1.19450e+04,3.60416e+08,7.65372e-01,2.01903e+00,-4.38897e-04,
1.74686e+04,3.60433e+08,5.72073e-01,3.47184e+00,-9.76990e-04,
1.54442e+04,3.60449e+08,1.15903e-01,2.65645e+00,-5.53767e-03,
2.99381e+04,3.60479e+08,7.19543e-01,4.79773e+00,-8.20345e-03,
6.59438e+05,3.61138e+08,2.08031e+00,6.21473e+00,8.64850e-03,
1.20316e+04,3.61150e+08,1.65982e+00,2.38467e+00,-9.16698e-03,
2.93658e+04,3.61179e+08,1.00017e+00,5.93611e+00,-9.15006e-03,
4.90230e+04,3.61228e+08,9.42968e-01,5.25068e+00,-1.14639e-03,
3.09023e+04,3.61259e+08,8.02605e-01,1.89963e+00,5.46644e-03,
5.48452e+04,3.61314e+08,8.82619e-01,4.76676e+00,-4.11912e-03,
1.11250e+04,3.61325e+08,5.45911e-01,2.36678e+00,-7.47268e-03,
4.66263e+04,3.61372e+08,1.37892e-01,3.28824e-01,-1.10453e-04,
1.19519e+04,3.61384e+08,3.72691e-01,2.13920e+00,5.26424e-03,
1.21155e+04,3.61396e+08,3.08438e-01,3.58915e+00,-2.27472e-03,
4.48465e+04,3.61441e+08,1.78476e+00,2.29328e+00,-6.91118e-03,
4.51658e+04,3.61486e+08,3.97406e-01,8.63815e-01,3.82548e-03,
5.55731e+04,3.61542e+08,1.41704e+00,4.81193e+00,-9.96812e-03,
1.87853e+04,3.61560e+08,3.94541e-01,1.30577e+00,-5.30109e-03,
6.26649e+04,3.61623e+08,2.68975e-01,3.56695e+00,-8.26012e-03,
1.06926e+04,3.61634e+08,2.99559e-01,3.45140e-01,6.40953e-03,
8.45027e+04,3.61718e+08,1.71632e-01,5.28027e+00,-8.02272e-03,
1.29633e+04,3.61731e+08,4.07989e-01,1.61865e+00,9.88388e-03,
1.11328e+04,3.61742e+08,2.31090e-01,5.29379e+00,-8.07914e-03,
1.69558e+04,3.61759e+08,7.72850e-01,5.90717e-01,-1.06160e-03,
3.53795e+04,3.61795e+08,3.47628e-01,2.01775e+00,9.00230e-03,
1.08319e+05,3.61903e+08,6.01162e-01,6.15505e+00,8.76498e-03,
1.35384e+04,3.61917e+08,1.99685e-01,4.56378e+00,9.66594e-03,
1.27214e+05,3.62044e+08,1.51670e+00,3.96260e+00,6.35632e-04,
1.43480e+04,3.62058e+08,1.73445e+00,5.82940e+00,3.99110e-03,
1.05624e+04,3.62069e+08,2.80770e-01,2.04476e+00,2.19334e-03,
1.82962e+04,3.62087e+08,7.21590e-01,3.43987e+00,1.24658e-03,
6.88213e+04,3.62156e+08,2.26568e-01,1.87362e-01,-7.55969e-03,
1.09319e+04,3.62167e+08,8.79699e-02,1.92583e+00,-5.53215e-03,
1.50838e+04,3.62182e+08,9.23023e-01,5.51173e+00,-9.22141e-03,
1.64304e+04,3.62198e+08,4.52290e-01,3.42144e+00,-1.54329e-03,
2.55628e+04,3.62224e+08,5.67154e-01,2.43983e+00,7.25326e-03,
1.02631e+04,3.62234e+08,4.59044e-01,2.10892e+00,2.67611e-03,
1.15554e+04,3.62246e+08,5.18076e-01,4.70995e+00,8.67859e-03,
1.35408e+04,3.62259e+08,7.32771e-01,2.67972e+00,5.84152e-03,
2.44126e+04,3.62284e+08,8.60721e-01,5.05705e+00,3.38325e-03,
8.49554e+04,3.62369e+08,4.74895e-01,3.18785e+00,-3.08331e-03,
4.17913e+04,3.62410e+08,2.98334e-01,3.64901e+00,4.51310e-03,
3.10358e+04,3.62441e+08,1.95225e-01,8.81830e-01,-6.84172e-03,
4.85917e+04,3.62490e+08,7.15485e-01,1.68427e+00,2.98311e-05,
7.93175e+04,3.62569e+08,6.72418e-01,2.68187e+00,4.65365e-03,
1.84967e+04,3.62588e+08,1.85224e-01,4.33315e+00,-1.38788e-03,
1.29533e+04,3.62601e+08,2.56666e-01,2.46612e+00,-4.55215e-03,
1.42028e+04,3.62615e+08,4.62842e-01,5.41447e+00,-8.66850e-03,
1.50576e+04,3.62630e+08,1.19699e-01,3.22739e+00,1.67595e-03,
1.14998e+04,3.62641e+08,5.48237e-02,1.72091e+00,5.09075e-03,
2.55297e+05,3.62897e+08,3.35288e-01,3.64597e+00,-9.20392e-03,
1.35131e+04,3.62910e+08,1.41410e-01,5.66817e+00,3.61907e-03,
1.59327e+04,3.62926e+08,3.32858e-01,5.91142e+00,2.00947e-03,
2.07236e+04,3.62947e+08,5.97461e-01,1.95229e+00,7.20551e-03,
1.05118e+04,3.62957e+08,1.98887e-01,3.67753e+00,-5.74870e-03,
2.04171e+04,3.62978e+08,1.67636e+00,2.03409e-01,-6.97936e-03,
1.04543e+05,3.63082e+08,4.63467e-01,1.81791e+00,-5.40960e-03,
3.02685e+04,3.63113e+08,6.16091e-01,9.49226e-01,-9.64530e-03,
1.34016e+04,3.63126e+08,1.29643e+00,3.00853e+00,5.11016e-03,
1.45821e+04,3.63141e+08,1.35587e+00,6.13611e+00,7.26285e-03,
1.06409e+05,3.63247e+08,1.24029e+00,4.88870e+00,-9.89699e-03,
1.86147e+04,3.63266e+08,6.27515e-01,4.66612e+00,1.70694e-03,
8.82056e+04,3.63354e+08,4.70259e-01,1.04436e+00,-3.54734e-03,
1.49012e+04,3.63369e+08,9.22595e-01,1.86173e+00,6.34570e-03,
1.19158e+04,3.63381e+08,5.69863e-01,5.51510e+00,-5.57819e-03,
3.42323e+04,3.63415e+08,4.71790e-01,2.81821e+00,-1.83255e-03,
1.77719e+05,3.63593e+08,4.75924e-01,3.52542e+00,2.64509e-03,
3.22613e+04,3.63625e+08,1.65502e-01,2.90041e+00,-8.49960e-03,
1.45759e+04,3.63640e+08,6.87215e-01,2.65265e+00,-3.76382e-03,
2.70083e+04,3.63667e+08,5.29863e-01,2.81229e+00,2.63588e-03,
1.36459e+04,3.63680e+08,2.72580e-01,3.33149e-01,1.04198e-04,
1.71929e+04,3.63697e+08,5.41208e-01,1.64168e+00,-6.77127e-03,
1.11861e+04,3.63709e+08,6.29707e-01,4.01327e+00,-4.51924e-04,
1.24627e+04,3.63721e+08,9.15045e-01,5.54654e+00,-4.46451e-03,
1.85984e+04,3.63740e+08,8.71377e-02,2.51949e+00,1.30941e-03,
3.32707e+04,3.63773e+08,1.21645e-01,1.73312e+00,-7.37927e-04,
1.52170e+04,3.63788e+08,3.16985e+00,6.07527e+00,-3.17868e-03,
2.41159e+04,3.63812e+08,3.43628e-01,2.72234e+00,8.82908e-03,
1.08522e+04,3.63823e+08,6.08232e-01,2.88114e+00,-8.46543e-03,
1.10635e+04,3.63834e+08,8.57455e-01,1.85910e+00,-3.40267e-03,
1.94510e+04,3.63854e+08,1.17223e+00,4.44136e+00,-4.12169e-03,
2.21203e+04,3.63876e+08,5.96835e-01,4.84953e+00,5.05387e-03,
1.06021e+04,3.63886e+08,2.06366e-01,2.60871e+00,-4.78314e-03,
1.76307e+04,3.63904e+08,5.70698e-01,3.29851e+00,-4.04529e-03,
2.41801e+04,3.63928e+08,1.18345e+00,4.16914e+00,-5.40883e-03,
4.89186e+05,3.64417e+08,3.85652e-01,4.77046e+00,-9.09911e-04,
5.26679e+04,3.64470e+08,6.69740e-01,5.89899e+00,-8.75807e-03,
1.64219e+04,3.64486e+08,3.34536e-01,3.23917e+00,4.63683e-03,
6.51146e+04,3.64552e+08,2.22695e-01,1.04137e+00,7.18547e-03,
3.04537e+04,3.64582e+08,5.43410e-01,3.69913e+00,-7.61326e-03,
7.81691e+05,3.65364e+08,4.78514e-01,2.22300e+00,-8.94375e-03,
1.23747e+04,3.65376e+08,1.48676e-01,3.54975e+00,3.92764e-03,
2.02007e+04,3.65396e+08,7.54296e-01,2.46288e+00,7.44467e-03,
2.95899e+04,3.65426e+08,4.96369e-02,6.14114e+00,-6.41083e-03,
2.08007e+04,3.65447e+08,6.66283e-01,1.85350e+00,9.58889e-03,
5.36438e+04,3.65500e+08,2.00859e+00,4.92754e+00,5.05790e-03,
1.01457e+05,3.65602e+08,4.11429e-01,4.25786e+00,-6.10071e-03,
1.02278e+04,3.65612e+08,1.93025e-01,3.87133e+00,-4.74838e-03,
2.33811e+04,3.65635e+08,1.29788e+00,5.53647e+00,7.02878e-03,
1.22896e+04,3.65648e+08,7.36171e-01,5.22851e+00,1.76294e-03,
4.66102e+04,3.65694e+08,4.55292e-01,1.04089e+00,-8.82214e-03,
1.39558e+04,3.65708e+08,3.08459e-01,3.97328e+00,-4.63226e-03,
1.01781e+04,3.65718e+08,1.29124e+00,8.19078e-01,-1.86174e-03,
1.61112e+04,3.65734e+08,3.03616e-01,1.27039e+00,6.39207e-03,
1.46363e+04,3.65749e+08,7.28999e-01,1.30563e-01,-2.31102e-03,
5.03235e+04,3.65799e+08,7.67253e-01,2.92243e+00,-8.43821e-03,
1.12487e+04,3.65811e+08,4.22484e-01,1.47382e+00,-1.04993e-03,
3.94139e+04,3.65850e+08,5.28284e-01,6.26134e+00,3.04973e-03,
1.29590e+04,3.65863e+08,8.75061e-01,2.64522e+00,2.72886e-03,
2.76122e+04,3.65891e+08,2.71508e-01,2.15598e+00,7.12429e-03,
1.35450e+04,3.65904e+08,1.17007e+00,2.06079e+00,-7.17033e-03,
6.74115e+04,3.65972e+08,7.39938e-01,2.17912e+00,-7.78935e-04,
1.27047e+06,3.67242e+08,1.87908e+00,1.49900e+00,-7.67471e-03,
1.19431e+04,3.67254e+08,2.43944e-01,4.71113e+00,8.28683e-03,
2.68865e+04,3.67281e+08,5.76408e-01,3.46635e+00,2.58296e-03,
8.84540e+04,3.67369e+08,9.58280e-01,4.83495e+00,5.82809e-03,
3.40852e+04,3.67403e+08,5.23891e-01,3.52199e+00,4.90244e-03,
2.68461e+04,3.67430e+08,3.52606e-01,4.13213e+00,-1.69224e-03,
4.06408e+04,3.67471e+08,4.27022e-01,2.59601e+00,7.55528e-03,
1.95638e+05,3.67667e+08,1.84862e-01,4.03190e+00,7.79644e-03,
2.79736e+04,3.67695e+08,5.90239e-01,4.21877e-01,-9.94751e-03,
1.57548e+04,3.67710e+08,1.05871e+00,2.65987e+00,-2.75343e-03,
2.21909e+04,3.67733e+08,4.94915e-01,5.95949e+00,8.40292e-03,
1.17578e+04,3.67744e+08,1.96106e-01,1.16256e+00,-2.36100e-03,
2.94407e+04,3.67774e+08,2.84834e-01,3.24067e+00,-8.51983e-03,
3.16660e+04,3.67805e+08,5.90061e-01,2.64267e+00,-5.05696e-03,
2.51731e+04,3.67831e+08,2.60038e-01,5.47191e+00,3.16350e-03,
1.07778e+05,3.67938e+08,6.63802e-01,3.26504e+00,-1.19613e-03,
1.79364e+04,3.67956e+08,1.11753e+00,3.25244e+00,-6.69494e-03,
1.61450e+04,3.67972e+08,2.79737e-01,2.05333e+00,6.18018e-03,
2.12173e+04,3.67994e+08,9.62855e-01,5.80452e-02,4.70340e-03,
4.21630e+04,3.68036e+08,1.28521e-01,5.48131e+00,6.00551e-03,
2.24070e+04,3.68058e+08,2.97366e-01,1.30519e+00,-5.36344e-03,
2.18318e+04,3.68080e+08,5.20249e-01,2.55359e+00,9.44176e-03,
2.60297e+04,3.68106e+08,5.32071e-01,1.66206e+00,2.60573e-03,
1.41177e+04,3.68120e+08,6.50308e-01,2.03649e+00,-7.37165e-03,
6.00282e+05,3.68720e+08,1.91326e+00,4.92610e+00,-5.50531e-03,
1.01284e+04,3.68731e+08,4.86961e-01,8.03801e-01,3.96019e-03,
1.19578e+04,3.68743e+08,2.38554e-01,1.96148e+00,-3.86523e-03,
5.07558e+04,3.68793e+08,2.11044e-01,1.28035e+00,-1.32383e-03,
1.54350e+04,3.68809e+08,1.39914e+00,1.72711e+00,-7.42618e-03,
2.07080e+04,3.68829e+08,1.36672e+00,4.10295e+00,-6.50271e-03,
6.43817e+04,3.68894e+08,7.98052e-01,5.88429e+00,-7.94112e-03,
1.12928e+04,3.68905e+08,1.36010e+00,2.21020e+00,-7.10214e-04,
1.35849e+04,3.68919e+08,4.26282e-01,3.89466e+00,-8.67869e-03,
4.54038e+04,3.68964e+08,2.97073e-01,4.31857e+00,9.83101e-03,
1.41981e+04,3.68978e+08,4.51317e-01,3.34371e+00,-5.79137e-03,
1.63548e+04,3.68995e+08,3.16867e-01,4.59926e+00,7.20199e-03,
1.53061e+04,3.69010e+08,1.14589e+00,5.96881e-01,-1.81692e-03,
8.09805e+04,3.69091e+08,1.75324e-01,2.26826e+00,5.92907e-04,
2.85152e+04,3.69119e+08,6.43168e-01,3.09735e+00,5.84433e-03,
3.17144e+04,3.69151e+08,2.18433e-01,3.60527e+00,-4.41006e-03,
1.42337e+04,3.69165e+08,5.85655e-01,2.95620e+00,6.80001e-03,
4.61216e+04,3.69212e+08,1.09542e+00,1.86228e+00,8.31236e-03,
1.34617e+04,3.69225e+08,7.71131e-01,2.31245e+00,4.37063e-03,
4.00260e+04,3.69265e+08,2.50686e-01,1.89998e+00,4.31414e-03,
1.35483e+04,3.69279e+08,4.32592e-01,7.88203e-01,-6.98754e-03,
1.00924e+05,3.69379e+08,2.47488e-01,5.00858e+00,-1.19786e-03,
2.72532e+04,3.69407e+08,9.33238e-01,3.56725e+00,-8.84988e-03,
1.14840e+04,3.69418e+08,8.84408e-01,1.69313e+00,-6.30231e-03,
3.98795e+05,3.69817e+08,3.89684e-01,1.52233e+00,5.39536e-03,
1.10900e+04,3.69828e+08,8.13083e-01,1.70730e+00,-3.17609e-03,
1.36729e+04,3.69842e+08,9.49346e-01,3.19343e+00,7.83559e-03,
6.03727e+05,3.70446e+08,8.90583e-01,4.54801e+00,-7.24249e-03,
1.49695e+04,3.70460e+08,8.92208e-01,2.92570e+00,-4.16761e-03,
1.52881e+04,3.70476e+08,8.23492e-01,1.92262e+00,-3.36192e-03,
2.27961e+04,3.70499e+08,1.67473e-01,9.50707e-01,1.48506e-03,
1.86571e+04,3.70517e+08,2.30593e-01,2.50616e+00,2.36474e-03,
3.12779e+04,3.70548e+08,3.70858e-01,2.36453e+00,9.78921e-03,
4.25483e+04,3.70591e+08,6.84060e-01,5.37817e+00,-8.57561e-03,
1.81449e+04,3.70609e+08,8.60348e-01,7.54498e-01,4.50721e-03,
4.32500e+04,3.70652e+08,2.61276e-01,3.96505e+00,8.34640e-03,
1.30426e+05,3.70783e+08,1.60821e+00,4.47647e+00,-1.50346e-03,
1.04193e+04,3.70793e+08,1.03808e+00,2.66238e+00,-9.71683e-04,
2.64452e+04,3.70820e+08,2.67987e-01,2.14176e+00,7.18590e-03,
1.67498e+05,3.70987e+08,6.76171e-01,1.90059e+00,-8.75176e-03,
1.10185e+04,3.70998e+08,6.96972e-01,2.17629e+00,-6.08276e-03,
3.10656e+04,3.71029e+08,2.83134e-01,3.62817e+00,-7.84165e-03,
3.93377e+04,3.71069e+08,2.22782e-01,5.60168e+00,2.42112e-03,
1.00510e+04,3.71079e+08,1.04561e-01,1.63330e+00,-1.05598e-03,
1.03567e+04,3.71089e+08,1.86334e-01,2.85805e+00,-8.60801e-03,
1.23725e+04,3.71101e+08,6.15363e-02,1.00498e+00,-8.66337e-03,
1.71458e+04,3.71119e+08,1.00870e+00,3.29453e+00,-1.93138e-03,
2.58201e+05,3.71377e+08,6.88757e-01,6.20529e+00,-2.45806e-04,
1.49852e+04,3.71392e+08,6.27081e-01,4.48385e+00,6.80170e-03,
1.85005e+04,3.71410e+08,4.75688e-01,3.44355e+00,5.61468e-03,
2.35352e+04,3.71434e+08,6.76229e-01,3.99673e+00,6.64181e-03,
2.08036e+04,3.71455e+08,1.39559e-01,2.75573e+00,-1.91794e-04,
6.44930e+04,3.71519e+08,4.87851e-01,4.41751e+00,8.70617e-03,
4.72164e+04,3.71566e+08,9.21508e-01,4.55158e+00,-1.48754e-03,
1.05335e+04,3.71577e+08,3.92685e-01,1.18362e-01,-9.36569e-03,
1.78695e+04,3.71595e+08,5.15849e-01,3.22797e+00,9.85642e-03,
1.99235e+05,3.71794e+08,1.00834e+00,2.90819e+00,2.96463e-05,
1.51912e+04,3.71809e+08,1.23368e-01,4.98583e-01,3.18855e-03,
5.05173e+04,3.71860e+08,4.12107e-01,3.28229e+00,2.26663e-03,
2.25778e+04,3.71882e+08,1.69780e+00,4.42223e+00,4.05148e-03,
2.06229e+04,3.71903e+08,3.57126e-01,9.96018e-01,-7.58200e-03,
2.17794e+04,3.71925e+08,2.79950e-01,2.29539e+00,3.02313e-03,
1.25626e+04,3.71937e+08,1.54604e-01,1.12147e+00,-8.80130e-04,
2.03350e+04,3.71958e+08,2.52620e-01,3.35296e+00,7.76231e-03,
3.29697e+04,3.71991e+08,2.34273e-01,3.45396e+00,-1.38788e-03,
1.11950e+04,3.72002e+08,6.41373e-01,4.47708e+00,1.31282e-04,
1.37476e+04,3.72015e+08,8.58295e-01,3.95861e+00,2.64132e-03,
4.79050e+04,3.72063e+08,6.69534e-01,6.20920e+00,6.46474e-03,
1.65499e+04,3.72080e+08,4.08370e-01,2.39010e-01,-8.85929e-03,
1.74809e+04,3.72097e+08,1.41441e+00,4.30865e+00,6.58365e-03,
1.93411e+04,3.72117e+08,9.19768e-01,3.84063e+00,9.91837e-03,
3.05832e+04,3.72147e+08,8.24876e-02,1.68033e+00,-7.26339e-03,
1.98257e+04,3.72167e+08,4.70843e-01,5.09359e+00,-2.39973e-03,
2.24078e+04,3.72190e+08,1.06506e+00,1.66842e+00,9.67290e-03,
1.16302e+04,3.72201e+08,4.53441e-01,3.17039e+00,-2.85666e-03,
1.07488e+04,3.72212e+08,3.08079e-01,2.36604e+00,2.57770e-03,
3.26425e+04,3.72245e+08,1.19995e+00,1.11642e+00,-9.89153e-03,
1.14521e+04,3.72256e+08,4.10814e-01,4.58485e+00,-2.98311e-03,
3.23626e+04,3.72288e+08,6.29319e-01,7.90620e-01,-9.29698e-03,
1.12244e+04,3.72300e+08,7.75481e-01,8.49865e-01,6.18721e-04,
1.16498e+04,3.72311e+08,2.03852e-01,4.86431e+00,7.06150e-03,
1.65917e+04,3.72328e+08,4.13715e-01,4.71665e-01,6.71912e-03,
1.04169e+04,3.72338e+08,1.10522e+00,4.41685e-01,-9.17404e-03,
1.11448e+04,3.72349e+08,2.53836e-01,6.07621e+00,3.74204e-03,
2.29989e+04,3.72372e+08,6.74256e-02,1.52421e+00,-2.98655e-03,
1.07829e+04,3.72383e+08,5.94762e-01,4.62086e+00,4.93064e-03,
2.06670e+05,3.72590e+08,5.67243e-01,3.13223e+00,8.50056e-03,
2.50301e+04,3.72615e+08,7.45696e-01,4.95650e+00,5.67337e-03,
6.27303e+04,3.72678e+08,2.25887e-01,5.54524e+00,4.90781e-03,
2.03585e+04,3.72698e+08,3.10697e-01,2.39636e+00,-8.48076e-03,
7.80314e+04,3.72776e+08,2.15915e-01,3.36602e+00,3.11911e-03,
2.23712e+04,3.72798e+08,1.25112e-01,6.14378e+00,9.06605e-03,
2.28362e+04,3.72821e+08,2.35073e-01,2.98376e+00,-1.85160e-03,
1.12008e+04,3.72832e+08,1.71738e-01,5.62179e+00,1.89563e-03,
2.00235e+05,3.73033e+08,1.40870e+00,3.67090e+00,-5.58405e-03,
3.34895e+04,3.73066e+08,2.29695e-01,3.01736e+00,-5.67954e-03,
1.80632e+04,3.73084e+08,7.72472e-01,3.39431e+00,-1.74938e-03,
1.52751e+04,3.73099e+08,1.04617e+00,2.05418e+00,-1.83405e-03,
1.67831e+04,3.73116e+08,5.34697e-01,5.61088e+00,-1.60451e-04,
1.22538e+04,3.73129e+08,3.48684e-01,4.37175e-01,1.90179e-03,
1.30932e+04,3.73142e+08,3.98137e-01,4.62961e+00,-7.49733e-03,
1.08144e+05,3.73250e+08,5.45149e-01,5.07165e+00,-9.04627e-03,
5.17612e+04,3.73302e+08,1.31878e-01,6.25747e+00,-3.87126e-03,
1.22829e+04,3.73314e+08,9.18682e-01,2.95740e+00,-3.16197e-03,
2.50598e+05,3.73564e+08,2.42701e-01,5.65231e+00,6.13701e-03,
1.80984e+04,3.73582e+08,2.76573e-01,3.01637e-01,-1.01996e-03,
1.43130e+04,3.73597e+08,8.40222e-01,1.55979e+00,-6.16638e-04,
3.41057e+04,3.73631e+08,1.44198e+00,3.81046e+00,-3.11560e-05,
2.46042e+05,3.73877e+08,3.27840e-01,1.10336e+00,-1.16220e-03,
2.97092e+04,3.73907e+08,3.13914e-01,6.07181e+00,-3.87393e-03,
7.95493e+04,3.73986e+08,1.64401e+00,3.66671e+00,9.86592e-03,
1.16225e+04,3.73998e+08,4.17740e-01,5.79986e+00,-4.04788e-04,
1.49507e+05,3.74147e+08,8.00216e-01,5.74118e+00,-5.69580e-03,
1.50166e+04,3.74162e+08,1.47503e+00,1.52881e+00,-2.88329e-03,
3.37427e+04,3.74196e+08,5.73815e-01,8.92643e-01,-1.37393e-03,
1.22971e+04,3.74208e+08,1.28526e+00,1.87352e+00,-8.76142e-03,
2.71452e+04,3.74236e+08,8.04392e-01,5.13542e+00,-9.04446e-03,
3.35731e+04,3.74269e+08,1.61481e+00,3.70690e+00,-1.37311e-03,
1.49771e+04,3.74284e+08,9.57401e-01,4.83256e+00,-7.67906e-03,
1.21479e+05,3.74406e+08,7.56467e-01,2.33295e+00,7.68286e-03,
7.60921e+04,3.74482e+08,1.03040e+00,8.79422e-01,-4.56640e-03,
1.07356e+04,3.74492e+08,1.48709e+00,6.45348e-01,2.56075e-03,
1.15720e+05,3.74608e+08,3.80725e-01,5.52358e+00,-5.99482e-03,
1.78045e+04,3.74626e+08,4.39249e-01,2.33811e+00,-8.49699e-03,
6.36406e+04,3.74690e+08,6.45258e-01,5.35874e+00,-2.11271e-03,
3.86426e+05,3.75076e+08,5.23062e-01,4.69109e+00,-9.24104e-03,
1.09245e+06,3.76168e+08,2.84763e-01,1.90347e+00,-1.91768e-04,
1.43954e+04,3.76183e+08,3.93913e-01,3.48081e+00,5.90075e-03,
2.24382e+04,3.76205e+08,3.57566e-01,5.27882e+00,7.75291e-03,
1.16150e+04,3.76217e+08,4.02729e-01,1.92593e+00,-6.69019e-03,
1.55626e+04,3.76232e+08,7.57775e-01,9.21464e-01,3.94410e-03,
3.44027e+04,3.76267e+08,1.52107e-01,2.52449e+00,-1.50448e-03,
1.44575e+05,3.76411e+08,4.64883e-01,3.03958e+00,-4.40081e-03,
2.04855e+04,3.76432e+08,1.08998e+00,7.84806e-01,7.94148e-03,
1.59388e+05,3.76591e+08,5.49766e-01,9.16185e-01,3.36873e-04,
1.82088e+04,3.76610e+08,2.49111e-01,2.62087e+00,-2.47616e-03,
4.03284e+04,3.76650e+08,9.58679e-01,2.99154e+00,-6.49441e-03,
6.02363e+04,3.76710e+08,4.74273e-01,7.51226e-01,-9.58180e-03,
1.88001e+04,3.76729e+08,1.43450e+00,1.70312e+00,-6.27561e-03,
2.52016e+04,3.76754e+08,1.44807e+00,2.02040e+00,3.45256e-03,
1.94238e+04,3.76774e+08,2.01897e-01,2.33336e+00,8.51807e-03,
7.52094e+04,3.76849e+08,5.32530e-01,7.09717e-01,5.37407e-03,
2.07191e+04,3.76869e+08,2.81416e-01,1.23164e+00,-8.98808e-03,
1.05119e+04,3.76880e+08,2.77516e-01,2.15780e+00,-9.50185e-03,
1.19830e+04,3.76892e+08,7.78830e-01,4.38971e+00,7.72679e-03,
1.33055e+05,3.77025e+08,4.61678e-01,5.00885e+00,-1.58082e-03,
5.97125e+04,3.77085e+08,7.62871e-02,4.17724e+00,4.50592e-03,
6.67828e+04,3.77151e+08,4.40099e-01,4.64857e+00,-2.04803e-03,
7.19163e+04,3.77223e+08,5.25275e-01,4.38121e+00,-9.27400e-03,
1.03419e+05,3.77327e+08,8.62036e-02,4.84283e-01,-5.03403e-03,
3.52888e+04,3.77362e+08,3.95888e-01,3.57323e-01,3.47726e-03,
1.05015e+04,3.77373e+08,6.12707e-01,4.69236e+00,-7.03661e-03,
1.03254e+04,3.77383e+08,4.22171e-01,3.53096e+00,-2.96090e-03,
3.86574e+04,3.77422e+08,1.25196e+00,5.61765e+00,-2.14393e-03,
4.30224e+04,3.77465e+08,7.22585e-01,1.63221e+00,7.04170e-03,
2.04662e+04,3.77485e+08,2.04850e-01,6.25492e+00,8.21624e-03,
6.37736e+04,3.77549e+08,6.41806e-01,5.68439e-01,-4.67206e-03,
1.26807e+05,3.77676e+08,7.99401e-02,1.86900e+00,-7.95766e-03,
3.02632e+04,3.77706e+08,4.37968e-01,2.97277e+00,-8.40997e-03,
1.18636e+04,3.77718e+08,1.16433e+00,2.38822e+00,-4.00293e-03,
3.69310e+04,3.77755e+08,5.83029e-01,5.41822e+00,-3.79601e-03,
1.04732e+04,3.77765e+08,3.76987e-01,5.71830e+00,-7.73407e-04,
2.48493e+04,3.77790e+08,2.85328e-01,2.98029e+00,-6.37658e-03,
3.68077e+04,3.77827e+08,2.75629e-01,5.32673e-01,9.78762e-03,
1.95215e+04,3.77846e+08,8.85437e-01,5.40513e+00,8.58823e-03,
4.89937e+04,3.77895e+08,2.92994e-01,4.13218e+00,-9.75936e-03,
2.93810e+04,3.77925e+08,1.09279e-01,6.13902e+00,-4.78127e-03,
1.31412e+04,3.77938e+08,6.55004e-01,1.99761e+00,2.19226e-03,
2.90391e+04,3.77967e+08,9.45331e-01,3.66137e+00,1.87551e-03,
1.40661e+04,3.77981e+08,6.25601e-01,7.94375e-01,-1.65307e-03,
2.98628e+05,3.78280e+08,5.18922e-01,4.96508e+00,3.16983e-03,
3.13578e+04,3.78311e+08,1.27184e-01,7.79595e-02,5.16339e-04,
2.10206e+04,3.78332e+08,1.05675e+00,1.89161e+00,-6.18305e-03,
1.05476e+04,3.78343e+08,1.36175e+00,3.85728e+00,-9.30707e-03,
6.68273e+04,3.78409e+08,2.26510e-01,5.84491e+00,9.51717e-03,
2.41375e+05,3.78651e+08,4.94658e-01,2.82013e+00,-6.92127e-03,
2.12558e+04,3.78672e+08,1.05965e-01,5.05621e+00,-7.17335e-03,
1.12109e+04,3.78683e+08,8.75017e-02,4.26925e+00,-3.79864e-03,
4.10896e+04,3.78724e+08,6.81118e-02,4.42586e+00,-4.93118e-03,
6.92347e+04,3.78794e+08,3.41832e-01,4.21264e+00,-7.88552e-03,
1.00864e+04,3.78804e+08,3.66082e-01,2.45536e+00,-2.39484e-03,
5.73470e+04,3.78861e+08,6.96274e-01,5.86300e+00,1.98202e-03,
3.79925e+04,3.78899e+08,5.41189e-01,4.09257e+00,2.30317e-03,
1.20517e+04,3.78911e+08,4.45544e-02,4.25059e-01,5.06237e-03,
1.09998e+04,3.78922e+08,1.16675e+00,1.78331e+00,-2.67397e-03,
2.36432e+05,3.79158e+08,1.44794e+00,5.00843e-02,-8.21737e-03,
1.69213e+05,3.79328e+08,6.49866e-01,6.00818e+00,3.35574e-03,
1.07346e+04,3.79338e+08,1.84150e-01,3.56333e+00,8.12173e-03,
4.15716e+04,3.79380e+08,6.51139e-01,3.17579e+00,3.45628e-03,
2.88231e+04,3.79409e+08,7.17409e-01,2.65804e+00,-2.49571e-03,
4.55749e+04,3.79454e+08,2.59792e-01,3.45360e+00,8.47208e-03,
3.63345e+04,3.79491e+08,7.92571e-01,5.02064e+00,-5.80745e-03,
4.38674e+04,3.79535e+08,1.09490e+00,2.19519e+00,4.31029e-03,
4.50529e+04,3.79580e+08,7.18124e-01,4.83971e+00,-8.59326e-03,
1.14467e+04,3.79591e+08,6.30563e-01,4.29218e+00,-8.31535e-04,
1.18441e+04,3.79603e+08,2.52516e-01,6.99217e-01,-5.15966e-03,
2.92678e+05,3.79896e+08,2.76241e-01,8.72692e-01,5.16471e-03,
1.07349e+04,3.79906e+08,3.76196e-01,5.27609e+00,1.03520e-04,
3.68580e+05,3.80275e+08,1.97832e-01,5.10666e+00,-7.23188e-03,
2.73063e+04,3.80302e+08,2.68954e-01,1.97972e+00,-2.66150e-03,
1.62168e+04,3.80318e+08,2.64066e-01,2.41878e+00,-5.52571e-03,
2.36574e+05,3.80555e+08,1.05896e+00,5.85255e+00,-3.04897e-03,
1.16054e+04,3.80567e+08,7.83212e-01,2.62470e+00,-2.21137e-03,
5.02836e+05,3.81069e+08,1.56411e+00,9.85226e-01,3.36018e-03,
3.25566e+04,3.81102e+08,7.31162e-01,1.72530e+00,-8.85608e-03,
1.39985e+04,3.81116e+08,3.74539e-01,4.72656e+00,5.24685e-03,
1.07527e+04,3.81127e+08,3.02323e-01,6.12047e+00,8.24547e-03,
3.43633e+04,3.81161e+08,1.16990e+00,4.03962e+00,-7.30412e-03,
4.57292e+04,3.81207e+08,1.32371e+00,2.95799e+00,-5.19117e-04,
2.24546e+05,3.81431e+08,1.12763e+00,2.96775e+00,-6.37411e-03,
1.16078e+04,3.81443e+08,1.90047e-01,9.64378e-02,8.45001e-04,
1.93045e+04,3.81462e+08,9.79081e-01,4.14521e+00,-3.18817e-03,
2.27353e+04,3.81485e+08,7.88288e-01,4.48464e+00,-5.08324e-03,
7.94783e+05,3.82280e+08,9.81721e-01,2.81483e+00,8.04137e-03,
3.50357e+04,3.82315e+08,2.36425e+00,8.64511e-01,2.50753e-03,
2.35512e+04,3.82338e+08,3.72552e-01,6.20075e+00,-8.88928e-03,
1.47961e+04,3.82353e+08,3.71318e-02,7.42926e-01,-7.41067e-03,
1.09535e+04,3.82364e+08,2.67127e-01,6.18040e+00,-5.69083e-03,
5.40912e+04,3.82418e+08,2.78237e-01,1.77412e+00,8.88925e-03,
3.71711e+04,3.82455e+08,4.15197e-01,6.05709e+00,-6.57034e-03,
4.25726e+04,3.82498e+08,5.36589e-01,6.06391e+00,4.65774e-03,
1.72896e+04,3.82515e+08,1.09025e+00,8.73319e-01,-7.59745e-03,
1.77365e+04,3.82533e+08,1.37478e-01,4.09745e+00,6.77849e-03,
1.82685e+04,3.82551e+08,4.73385e-01,3.16440e+00,4.39213e-03,
9.96417e+04,3.82651e+08,8.01060e-01,2.04515e+00,1.46819e-03,
2.11236e+04,3.82672e+08,3.10920e-01,2.38253e+00,7.37249e-03,
1.64020e+04,3.82688e+08,1.02482e+00,4.29674e+00,-7.33710e-03,
1.18326e+04,3.82700e+08,1.31313e+00,4.90184e-01,8.16976e-03,
1.64307e+05,3.82865e+08,2.24955e-01,4.36199e+00,5.85650e-03,
1.20966e+04,3.82877e+08,2.16296e-01,4.84671e+00,5.55083e-03,
5.40394e+04,3.82931e+08,2.71225e-01,5.80473e+00,2.75391e-03,
1.77681e+04,3.82948e+08,7.50669e-01,4.04727e+00,-6.94480e-03,
1.49760e+04,3.82963e+08,5.08403e-01,1.73540e+00,3.06310e-03,
2.31752e+04,3.82987e+08,1.45791e+00,1.70798e+00,-3.87486e-03,
1.04897e+04,3.82997e+08,1.11208e+00,3.65223e+00,7.32309e-03,
1.44685e+04,3.83012e+08,2.43413e-01,3.53826e+00,1.02886e-03,
1.51591e+04,3.83027e+08,1.04137e+00,6.06162e+00,3.07534e-03,
1.20038e+05,3.83147e+08,7.15769e-01,4.79692e+00,5.07976e-03,
1.08249e+04,3.83158e+08,8.93620e-01,4.82749e+00,-3.26629e-03,
1.14084e+04,3.83169e+08,5.96684e-01,2.51192e+00,8.67735e-03,
1.10727e+04,3.83180e+08,4.04052e-01,5.08608e+00,4.01248e-04,
2.73175e+05,3.83453e+08,5.54750e-01,5.98460e+00,-2.55293e-03,
1.06473e+04,3.83464e+08,1.03336e+00,3.04653e-01,4.50461e-03,
1.02689e+04,3.83474e+08,5.63168e-01,3.01199e+00,-9.06584e-03,
1.38862e+04,3.83488e+08,1.24216e+00,2.62855e+00,-6.02159e-03,
1.49672e+04,3.83503e+08,6.53067e-01,1.77161e+00,4.59755e-04,
1.15749e+04,3.83515e+08,2.81695e-01,5.26122e-01,6.07884e-03,
2.08724e+04,3.83535e+08,8.65254e-01,2.19818e+00,-9.64760e-03,
7.46228e+04,3.83610e+08,3.09041e+00,3.45607e+00,1.13766e-04,
3.00292e+04,3.83640e+08,3.12957e-01,1.04482e-01,-3.41062e-03,
3.16546e+04,3.83672e+08,5.52007e-01,5.50785e+00,-4.53136e-03,
1.51589e+04,3.83687e+08,9.72194e-01,2.48795e+00,-1.32389e-03,
2.69229e+04,3.83714e+08,1.02703e+00,5.49639e+00,3.24576e-03,
1.79147e+04,3.83732e+08,3.06152e-01,3.87488e-01,-7.45109e-03,
2.38556e+05,3.83970e+08,1.80376e-01,1.32699e+00,1.83665e-03,
4.15248e+04,3.84012e+08,4.32181e-01,5.05767e-01,6.44330e-03,
1.98744e+04,3.84032e+08,6.65201e-01,2.35926e+00,1.33183e-03,
1.45890e+04,3.84046e+08,3.77940e-01,5.55686e+00,5.69440e-03,
5.83276e+04,3.84105e+08,6.27415e-01,3.52175e+00,-7.87151e-03,
1.49341e+04,3.84120e+08,3.92446e-01,3.92505e+00,8.54591e-03,
3.33451e+04,3.84153e+08,3.85786e-01,2.44043e+00,4.30312e-03,
1.27916e+04,3.84166e+08,7.71233e-01,2.97481e+00,5.81579e-03,
1.11655e+04,3.84177e+08,6.16353e-01,2.97267e+00,-1.31897e-03,
3.07171e+04,3.84208e+08,1.00345e-01,4.36323e+00,-3.09919e-03,
1.38254e+04,3.84221e+08,6.09752e-01,5.76943e+00,3.49354e-03,
4.25452e+04,3.84264e+08,6.80694e-01,1.92477e+00,6.91286e-03,
2.27808e+04,3.84287e+08,6.75846e-01,1.16129e+00,-4.66897e-03,
1.24777e+04,3.84299e+08,2.45588e-01,4.47191e+00,2.08858e-03,
3.86805e+04,3.84338e+08,7.16166e-02,3.87336e+00,2.15282e-03,
1.01900e+04,3.84348e+08,5.35627e-01,2.76963e+00,8.09993e-04,
2.10864e+04,3.84369e+08,2.16678e-01,4.88117e+00,-5.37792e-03,
1.04547e+04,3.84380e+08,1.06437e+00,5.47733e+00,2.57283e-03,
1.46314e+05,3.84526e+08,5.28619e-01,5.21960e+00,5.91371e-03,
1.28891e+04,3.84539e+08,3.51705e-01,6.53918e-01,-9.05408e-03,
6.22013e+04,3.84601e+08,2.82410e-01,3.77819e+00,1.77354e-03,
1.68624e+04,3.84618e+08,3.34443e-01,2.89866e+00,3.01775e-03,
1.14851e+04,3.84629e+08,3.87306e-01,2.34806e+00,-7.12015e-04,
1.25080e+04,3.84642e+08,2.39377e-01,3.65435e+00,-4.47839e-03,
1.10890e+06,3.85751e+08,8.54622e-01,5.78261e+00,-4.70004e-03,
2.89563e+04,3.85780e+08,9.78952e-01,3.69827e+00,2.27704e-03,
3.40450e+04,3.85814e+08,1.26078e+00,2.40265e+00,-4.49470e-03,
3.88915e+04,3.85853e+08,3.24577e-01,3.44853e+00,7.20943e-03,
1.78919e+04,3.85871e+08,5.11134e-01,4.27428e+00,9.78567e-03,
1.83588e+04,3.85889e+08,7.60314e-01,2.92856e+00,7.37772e-03,
2.99581e+04,3.85919e+08,4.88065e-01,3.73369e+00,-9.75824e-03,
7.59633e+04,3.85995e+08,5.71586e-01,1.94621e+00,7.79352e-03,
2.12612e+04,3.86016e+08,3.37455e-01,4.54077e-01,9.89099e-03,
1.05315e+04,3.86027e+08,5.06025e-01,2.39569e+00,-2.63785e-03,
1.00032e+04,3.86037e+08,2.60405e-01,2.08548e+00,3.43929e-03,
1.73368e+04,3.86054e+08,1.10573e+00,8.99537e-02,3.05469e-03,
3.99687e+04,3.86094e+08,1.53517e+00,5.83245e+00,-8.20489e-03,
2.91513e+04,3.86123e+08,1.19498e-01,2.97953e+00,-5.84602e-03,
4.06275e+05,3.86529e+08,1.90839e-01,3.48985e-01,1.24936e-03,
1.38751e+04,3.86543e+08,3.40019e-01,1.65028e+00,7.80057e-03,
3.15954e+04,3.86575e+08,6.01165e-01,1.74792e+00,6.20602e-03,
3.53042e+04,3.86610e+08,9.83954e-01,3.30890e+00,6.67505e-03,
8.65043e+04,3.86697e+08,4.81957e-01,3.10623e-01,9.69978e-03,
1.57149e+04,3.86712e+08,6.26527e-01,2.13385e+00,-3.85590e-03,
3.51050e+04,3.86748e+08,5.67127e-01,5.53133e+00,9.66938e-03,
1.27140e+04,3.86760e+08,9.30051e-02,4.13668e+00,4.37219e-03,
1.07533e+04,3.86771e+08,2.84506e-01,5.36091e+00,-2.84880e-03,
1.53636e+04,3.86786e+08,3.11771e-01,3.93342e+00,2.86214e-03,
1.30294e+04,3.86799e+08,1.25277e+00,4.73149e+00,-8.59287e-03,
5.00370e+04,3.86849e+08,2.51883e-01,2.46267e+00,-7.46780e-03,
2.98957e+04,3.86879e+08,4.11563e-01,1.90835e+00,8.40737e-03,
1.27304e+04,3.86892e+08,5.92515e-01,2.06966e+00,-4.02068e-03,
5.92634e+04,3.86951e+08,1.75059e+00,1.05636e+00,-7.88068e-03,
3.32900e+04,3.86985e+08,3.68654e-01,3.43677e+00,2.36302e-03,
1.83139e+04,3.87003e+08,1.23154e+00,4.45598e+00,4.41099e-03,
1.56058e+04,3.87019e+08,2.19991e-01,6.70265e-02,3.18142e-03,
2.21097e+04,3.87041e+08,2.94823e-01,2.70779e+00,3.26680e-04,
1.57994e+04,3.87056e+08,8.82103e-01,2.61727e+00,-5.76592e-03,
2.42349e+04,3.87081e+08,5.47466e-01,4.76660e+00,-7.70457e-03,
1.82768e+05,3.87263e+08,1.36916e+00,2.03270e+00,8.44482e-03,
1.02890e+04,3.87274e+08,7.72443e-01,3.32267e+00,-9.64073e-03,
1.15990e+04,3.87285e+08,5.63258e-01,6.00075e+00,5.87695e-03,
1.31572e+04,3.87298e+08,5.10524e-01,2.29594e+00,-7.65208e-03,
4.93606e+04,3.87348e+08,1.25987e+00,1.29522e+00,-8.55928e-03,
1.29396e+04,3.87361e+08,2.49598e-01,4.05001e+00,-5.41031e-03,
1.03385e+04,3.87371e+08,1.88209e+00,3.22125e+00,2.55821e-04,
5.70998e+04,3.87428e+08,4.01910e-01,3.44919e+00,2.03886e-03,
2.15359e+04,3.87450e+08,1.45526e+00,6.07785e+00,2.01034e-03,
2.22821e+04,3.87472e+08,2.24869e-01,3.03001e+00,4.44436e-03,
2.71616e+04,3.87499e+08,1.18689e+00,2.84769e+00,-9.81148e-03,
2.50899e+04,3.87524e+08,7.31283e-01,3.78597e+00,-2.23377e-03,
5.05003e+04,3.87575e+08,9.86497e-01,5.63075e+00,-4.45871e-03,
1.97606e+04,3.87595e+08,6.38092e-01,1.08566e-02,-2.39626e-04,
4.26634e+04,3.87637e+08,9.20691e-01,4.46010e-01,-7.27093e-03,
7.44313e+04,3.87712e+08,2.66773e-01,3.79855e+00,1.22657e-04,
1.94669e+04,3.87731e+08,1.07708e+00,3.68737e+00,9.73151e-03,
1.52409e+05,3.87884e+08,2.21970e-01,2.07664e+00,3.14629e-03,
3.24934e+04,3.87916e+08,1.89974e-01,2.04501e+00,1.65937e-03,
1.41035e+04,3.87930e+08,8.47942e-02,5.32417e+00,-5.12052e-03,
5.40184e+04,3.87984e+08,4.48447e-01,4.16074e+00,-9.49600e-03,
1.08378e+04,3.87995e+08,5.96367e-01,3.26100e+00,-2.65853e-03,
1.42498e+04,3.88009e+08,7.43753e-01,2.09726e+00,-8.92837e-03,
4.65138e+04,3.88056e+08,6.78419e-01,3.24689e+00,6.96223e-03,
1.74434e+04,3.88073e+08,1.02897e+00,3.89728e+00,-4.80267e-04,
3.39251e+04,3.88107e+08,7.64190e-01,1.51897e+00,3.97169e-03,
1.62981e+05,3.88270e+08,2.30483e-01,5.41209e+00,-3.81148e-03,
2.03513e+04,3.88290e+08,4.93048e-01,5.16718e+00,-9.19214e-03,
2.87577e+04,3.88319e+08,2.19448e-01,4.10058e+00,7.46201e-03,
1.26541e+04,3.88332e+08,3.82229e-01,5.34228e+00,-9.01063e-03,
2.15557e+04,3.88353e+08,1.65552e+00,4.18861e+00,-9.09600e-03,
1.27240e+04,3.88366e+08,4.58406e-01,1.02371e+00,-4.37822e-03,
1.41651e+04,3.88380e+08,2.87198e-01,2.12424e+00,6.28622e-03,
1.75327e+04,3.88398e+08,1.77330e+00,3.45447e+00,-2.19313e-03,
2.25078e+04,3.88420e+08,9.62870e-01,1.07128e+00,7.57414e-03,
1.93361e+04,3.88440e+08,1.11704e+00,6.42380e-01,9.52802e-03,
1.46132e+04,3.88454e+08,7.68709e-02,3.85594e+00,8.69393e-03,
6.37541e+04,3.88518e+08,9.27712e-01,5.99671e+00,2.79874e-03,
2.34540e+05,3.88753e+08,1.13527e+00,1.23392e+00,7.92807e-03,
1.53917e+04,3.88768e+08,6.87735e-01,1.30243e+00,-9.63835e-03,
1.07373e+04,3.88779e+08,1.20860e+00,1.28742e+00,-5.21819e-03,
4.65777e+04,3.88825e+08,5.59466e-01,3.86184e+00,4.18489e-04,
1.22464e+05,3.88948e+08,6.16445e-01,4.71991e+00,3.15104e-03,
1.35888e+05,3.89084e+08,5.52956e-01,2.98743e-01,3.58280e-03,
1.29898e+04,3.89097e+08,8.18657e-01,2.36001e+00,4.52239e-03,
1.57774e+05,3.89254e+08,1.39188e+00,3.74857e+00,6.98942e-03,
1.29350e+04,3.89267e+08,1.69948e+00,1.46838e+00,-4.50984e-03,
1.86345e+04,3.89286e+08,2.38867e-01,2.61539e-02,-7.31451e-03,
1.92309e+04,3.89305e+08,9.43723e-01,1.64058e+00,6.01214e-03,
2.04393e+04,3.89326e+08,7.34181e-01,9.91044e-02,-2.99654e-03,
7.26581e+04,3.89398e+08,5.74926e-01,1.76673e+00,-7.14875e-03,
5.99809e+04,3.89458e+08,4.13899e-01,1.15794e+00,5.87064e-03,
1.09598e+04,3.89469e+08,8.02770e-01,5.08084e+00,8.37538e-03,
1.32616e+05,3.89602e+08,2.38215e-01,3.90894e+00,-9.14772e-03,
1.46979e+05,3.89749e+08,5.32250e-01,6.05018e+00,5.01721e-03,
5.06422e+04,3.89799e+08,7.50631e-01,1.20327e+00,-7.18158e-04,
1.21591e+04,3.89812e+08,8.51065e-01,3.32098e+00,5.10045e-03,
5.85074e+04,3.89870e+08,1.69405e-01,4.95655e+00,-4.25503e-03,
5.93869e+04,3.89930e+08,2.71703e-01,3.92711e+00,-1.62643e-03,
1.33799e+04,3.89943e+08,2.49813e-01,2.07445e-01,-5.76872e-03,
1.49706e+05,3.90093e+08,3.52252e-01,2.96136e+00,-4.67408e-03,
4.00926e+04,3.90133e+08,4.98486e-01,5.77184e+00,5.82911e-03,
1.93465e+04,3.90152e+08,1.88566e-01,2.61052e-01,3.32873e-03,
1.54065e+04,3.90167e+08,1.47549e+00,5.52123e+00,-3.53446e-03,
7.60719e+04,3.90244e+08,8.19197e-01,5.44932e+00,-9.34446e-03,
1.49447e+04,3.90258e+08,4.58479e-01,6.41868e-01,4.97455e-03,
1.80128e+04,3.90276e+08,6.93765e-01,5.51059e+00,1.98234e-03,
1.08289e+04,3.90287e+08,9.44811e-01,5.12150e-01,1.42496e-03,
1.97771e+04,3.90307e+08,6.46059e-01,2.70834e-01,-6.96212e-03,
3.62638e+04,3.90343e+08,4.44751e-01,2.04021e+00,-7.02179e-03,
2.39489e+04,3.90367e+08,6.83931e-01,1.47274e+00,5.72370e-03,
3.28892e+04,3.90400e+08,6.11807e-01,1.80831e+00,-4.70161e-03,
2.56548e+04,3.90426e+08,9.21549e-01,4.07821e+00,9.44094e-03,
4.02315e+04,3.90466e+08,1.96556e-01,2.17436e-01,-2.83034e-03,
1.37838e+05,3.90604e+08,4.94429e-01,3.83923e+00,5.60572e-03,
1.18060e+04,3.90616e+08,3.54052e-01,1.59682e-01,5.38069e-03,
2.08945e+04,3.90637e+08,1.12006e+00,1.36871e+00,1.12767e-03,
1.20447e+04,3.90649e+08,9.38585e-01,4.39487e+00,4.49749e-03,
1.62281e+04,3.90665e+08,6.58928e-01,1.40999e+00,5.03720e-03,
3.90156e+05,3.91055e+08,5.68680e-01,7.62796e-02,4.33314e-03,
2.88952e+04,3.91084e+08,4.23075e-01,5.80826e+00,-6.68208e-03,
2.16871e+04,3.91106e+08,2.64160e-01,7.28134e-01,4.28589e-03,
1.68911e+04,3.91123e+08,7.00529e-01,5.26378e+00,-8.83923e-03,
1.21331e+04,3.91135e+08,7.01978e-01,5.70970e+00,5.03354e-03,
1.63771e+04,3.91151e+08,2.89231e-01,2.65094e+00,-1.31910e-03,
1.07008e+04,3.91162e+08,4.99847e-01,4.78387e+00,4.17994e-03,
3.46268e+04,3.91196e+08,5.13754e-01,2.28298e+00,-1.43467e-03,
1.15521e+04,3.91208e+08,9.07705e-01,1.30968e+00,9.85383e-03,
5.75869e+05,3.91784e+08,1.28091e+00,1.39147e+00,5.42010e-03,
3.94251e+04,3.91823e+08,6.38439e-01,6.09889e+00,4.28917e-03,
2.38420e+04,3.91847e+08,2.83317e-02,1.28420e-01,-5.46060e-03,
5.68359e+04,3.91904e+08,1.36456e-01,2.71351e+00,4.98095e-03,
1.38294e+04,3.91918e+08,1.62275e+00,1.67928e+00,3.76724e-04,
1.16499e+04,3.91929e+08,3.07586e-01,2.78344e+00,7.85801e-04,
1.46785e+04,3.91944e+08,4.45665e-01,1.07402e+00,-3.65601e-03,
3.09387e+05,3.92253e+08,1.83452e-01,5.71290e+00,-8.73908e-03,
1.92809e+05,3.92446e+08,1.29740e+00,3.71837e+00,-3.17571e-03,
1.95086e+04,3.92466e+08,5.71684e-01,4.78583e+00,6.55342e-03,
1.76775e+04,3.92483e+08,1.46309e-01,5.22127e+00,-7.66501e-06,
2.02931e+04,3.92504e+08,4.49895e-01,3.64287e+00,3.56971e-03,
3.01552e+04,3.92534e+08,9.31261e-01,5.16348e+00,-9.09053e-03,
1.29150e+04,3.92547e+08,1.56789e-01,6.65337e-01,-4.28779e-03,
1.35935e+04,3.92560e+08,2.10011e-01,5.48902e+00,2.10094e-03,
2.04960e+04,3.92581e+08,2.11876e-01,3.18416e+00,-2.35110e-04,
1.27772e+05,3.92709e+08,1.11016e+00,6.18497e+00,7.04888e-03,
1.63749e+04,3.92725e+08,2.15986e-01,2.68284e+00,-4.88710e-03,
1.35789e+06,3.94083e+08,5.07081e-01,5.60241e+00,-1.54854e-03,
2.14489e+04,3.94104e+08,1.33074e-01,2.91062e-01,-3.10031e-03,
1.27229e+04,3.94117e+08,4.47352e-01,5.32574e+00,8.44799e-03,
4.27979e+04,3.94160e+08,4.89149e-01,1.52921e+00,6.34432e-03,
1.34219e+04,3.94173e+08,7.71227e-01,5.11674e+00,9.21211e-03,
1.69900e+05,3.94343e+08,4.01015e-01,4.26598e+00,-7.32873e-03,
6.61693e+04,3.94409e+08,4.37882e-01,2.54753e+00,5.75125e-03,
6.26612e+04,3.94472e+08,8.11934e-02,4.23244e+00,9.54879e-03,
2.05401e+04,3.94493e+08,5.11770e-01,1.26820e+00,7.76125e-03,
1.52229e+04,3.94508e+08,4.50948e-01,5.70677e+00,-9.22684e-03,
2.07883e+04,3.94529e+08,9.17716e-01,9.57534e-01,1.19070e-03,
2.81210e+04,3.94557e+08,1.84021e-01,4.66991e+00,1.06227e-05,
7.67822e+05,3.95325e+08,2.43262e-01,2.89809e+00,4.88045e-03,
1.32506e+04,3.95338e+08,9.72885e-01,4.34206e+00,9.73608e-03,
1.04155e+04,3.95348e+08,6.94883e-01,1.09907e+00,-9.56523e-03,
1.11893e+04,3.95359e+08,7.72630e-01,4.57762e+00,2.23637e-03,
1.54542e+04,3.95375e+08,1.55069e+00,5.30481e+00,-5.27997e-03,
2.29046e+04,3.95398e+08,5.97295e-01,5.59256e+00,-9.93549e-03,
4.02360e+04,3.95438e+08,3.84884e-01,4.94186e+00,-8.46415e-03,
1.19079e+04,3.95450e+08,9.46639e-01,4.67833e+00,8.10156e-03,
1.19558e+04,3.95462e+08,4.89564e-01,4.20774e+00,-9.42792e-03,
1.54185e+05,3.95616e+08,2.54198e-01,1.70935e+00,-4.16248e-03,
1.94468e+04,3.95635e+08,7.38145e-01,5.80893e-01,8.15773e-04,
1.26971e+04,3.95648e+08,4.32428e-01,5.66276e+00,-1.89325e-03,
1.60173e+04,3.95664e+08,1.44834e-01,5.06264e+00,6.53742e-03,
4.07015e+04,3.95705e+08,7.17302e-01,6.07445e+00,-6.87773e-03,
2.70392e+04,3.95732e+08,1.08275e+00,4.51012e+00,6.64546e-03,
9.90615e+04,3.95831e+08,7.38590e-01,1.82386e+00,5.46861e-03,
5.76710e+04,3.95889e+08,3.81531e-01,5.07355e+00,-7.63658e-03,
5.51393e+04,3.95944e+08,7.27488e-01,2.17798e+00,-2.72016e-03,
1.15937e+05,3.96060e+08,2.42173e-01,4.90085e+00,-4.96620e-03,
2.93961e+04,3.96089e+08,4.18245e-01,3.85337e+00,6.08509e-03,
2.27738e+04,3.96112e+08,1.00139e+00,3.70973e-01,5.50466e-03,
1.37719e+04,3.96126e+08,1.54532e+00,1.50758e+00,6.51951e-03,
4.51282e+04,3.96171e+08,3.16987e-01,1.21405e+00,1.19653e-04,
1.13921e+04,3.96182e+08,3.98521e-01,2.16952e+00,9.63805e-03,
1.64801e+04,3.96199e+08,1.01560e-01,4.38758e+00,-7.73970e-03,
1.99092e+04,3.96219e+08,1.13996e+00,3.35452e+00,5.46907e-03,
4.71653e+04,3.96266e+08,5.26297e-01,7.74907e-01,-6.05518e-03,
2.21890e+04,3.96288e+08,9.83078e-01,5.78068e-02,-5.67964e-03,
8.89443e+04,3.96377e+08,7.50653e-01,3.14918e+00,1.29983e-03,
2.04302e+05,3.96581e+08,8.13598e-01,2.37191e+00,8.78537e-03,
1.54619e+04,3.96597e+08,3.75618e-01,2.07967e+00,-4.65621e-03,
1.51553e+04,3.96612e+08,4.20972e-01,3.80192e+00,-6.12677e-03,
1.08623e+04,3.96623e+08,1.18312e-01,3.50650e+00,-8.73127e-03,
1.02798e+04,3.96633e+08,9.40268e-01,5.30251e+00,-8.04743e-03,
1.00694e+04,3.96643e+08,1.79346e-01,2.58419e+00,7.32739e-03,
1.74363e+04,3.96660e+08,1.01574e+00,1.73093e+00,-1.15489e-03,
1.45948e+04,3.96675e+08,4.09709e-01,5.43198e+00,9.14437e-03,
1.34883e+04,3.96689e+08,2.70515e-01,3.59653e+00,6.07601e-03,
1.25176e+05,3.96814e+08,9.73572e-01,4.56471e+00,1.19298e-03,
1.81570e+04,3.96832e+08,9.97143e-01,1.31091e+00,1.12980e-03,
4.54011e+04,3.96877e+08,1.13596e-01,3.51466e+00,3.14761e-03,
3.46683e+04,3.96912e+08,5.50398e-01,3.04172e+00,3.33636e-03,
4.23832e+04,3.96954e+08,4.26033e-02,4.14054e+00,-2.38771e-03,
1.23616e+04,3.96967e+08,4.69473e-01,5.02486e+00,8.52813e-03,
2.81482e+04,3.96995e+08,8.26421e-01,2.86228e+00,8.81235e-03,
5.97271e+04,3.97055e+08,1.95503e-01,6.33482e-01,-8.27003e-04,
2.02429e+04,3.97075e+08,1.17705e+00,6.25838e-01,-7.74270e-03,
1.87776e+04,3.97094e+08,5.95923e-01,3.24805e+00,-1.13920e-03,
1.76499e+04,3.97111e+08,3.26252e-01,1.55335e+00,-3.41808e-03,
1.58001e+04,3.97127e+08,1.11053e+00,3.55146e+00,-4.57008e-03,
2.11844e+04,3.97148e+08,4.77061e-01,2.58710e+00,5.75316e-03,
2.95738e+04,3.97178e+08,1.52745e+00,3.58945e+00,-8.96834e-03,
2.96114e+04,3.97207e+08,6.08018e-01,5.30951e+00,6.39866e-03,
1.33707e+04,3.97221e+08,4.77481e-01,3.23956e+00,7.90631e-03,
3.16244e+04,3.97252e+08,6.52807e-01,3.23252e+00,-9.51461e-03,
6.99617e+04,3.97322e+08,6.33507e-01,3.42263e-01,-8.38575e-03,
1.93878e+04,3.97342e+08,7.26125e-01,1.22387e+00,-6.51875e-05,
2.23057e+04,3.97364e+08,6.17243e-01,7.63678e-01,-2.15604e-04,
2.02394e+04,3.97384e+08,5.52083e-01,2.02151e+00,7.03380e-03,
1.23946e+04,3.97397e+08,9.69135e-02,5.96478e-01,-1.53229e-03,
4.31847e+04,3.97440e+08,4.33564e-01,3.24464e+00,2.74740e-03,
1.09939e+06,3.98539e+08,5.61528e-01,2.10873e+00,-2.18267e-03,
4.53241e+05,3.98992e+08,9.51051e-01,1.30588e+00,-9.20111e-03,
5.28412e+05,3.99521e+08,1.02079e+00,5.19800e+00,-7.89447e-03,
1.01459e+04,3.99531e+08,4.69858e-01,2.30226e+00,2.77933e-03,
1.10948e+04,3.99542e+08,4.69512e-01,4.50059e+00,1.37003e-03,
1.16959e+04,3.99554e+08,4.94734e-01,5.13010e-01,5.33567e-03,
6.99788e+04,3.99624e+08,6.02215e-01,6.98595e-02,-2.37476e-04,
1.86771e+04,3.99642e+08,4.15296e-01,1.72939e+00,7.86644e-04,
3.12897e+04,3.99674e+08,1.03523e+00,5.83967e+00,-9.54104e-03,
2.23337e+05,3.99897e+08,1.38173e+00,4.48697e+00,3.49540e-03,
1.20821e+04,3.99909e+08,6.40881e-02,1.40413e+00,9.48089e-03,
4.85957e+04,3.99958e+08,3.77279e-01,1.93321e+00,-9.77420e-03,
1.07929e+04,3.99969e+08,1.59205e-01,2.23622e-01,-4.46970e-03,
1.13966e+04,3.99980e+08,5.34375e-01,3.34320e+00,-2.58180e-03,
2.37237e+04,4.00004e+08,1.38078e-01,1.40630e+00,-6.30546e-03,
4.26033e+04,4.00046e+08,8.37171e-01,9.89299e-01,6.24200e-03,
1.08765e+04,4.00057e+08,5.13658e-01,3.91676e-01,-1.99316e-03,
1.00336e+04,4.00067e+08,3.90730e-01,3.08004e+00,5.91644e-03,
2.36502e+05,4.00304e+08,1.14945e+00,5.73714e+00,-5.89733e-04,
6.28155e+05,4.00932e+08,1.12494e+00,4.94552e+00,9.08587e-04,
1.29284e+05,4.01061e+08,6.09579e-01,3.58172e+00,-8.19222e-03,
2.81427e+04,4.01089e+08,5.29349e-02,3.29936e+00,-4.53143e-03,
1.37493e+04,4.01103e+08,8.95010e-01,2.58321e-01,5.03460e-03,
2.07152e+04,4.01124e+08,1.89373e-01,4.25054e+00,4.47167e-03,
5.66115e+04,4.01180e+08,4.10969e-01,3.01635e-01,3.93241e-03,
1.16110e+04,4.01192e+08,2.78251e-01,5.15998e+00,6.25901e-03,
1.39114e+04,4.01206e+08,2.01052e-01,3.75495e+00,6.11997e-03,
2.29024e+04,4.01229e+08,7.09724e-01,8.57092e-02,4.76859e-03,
2.52963e+04,4.01254e+08,6.11041e-01,1.13152e-01,5.87048e-03,
1.66472e+04,4.01271e+08,8.13364e-01,2.57473e+00,-7.26253e-03,
9.53558e+04,4.01366e+08,6.34065e-01,7.61834e-01,-8.57163e-03,
2.71942e+04,4.01393e+08,2.26940e+00,4.18922e+00,-5.03755e-03,
1.98853e+04,4.01413e+08,2.25880e-01,2.51831e+00,8.14209e-03,
3.33160e+04,4.01447e+08,5.08510e-01,5.78798e+00,-6.98128e-03,
1.62339e+04,4.01463e+08,9.55000e-01,8.84366e-01,-9.70599e-03,
1.02653e+04,4.01473e+08,7.82508e-01,2.63871e+00,-3.92750e-03,
1.77203e+05,4.01650e+08,6.62378e-01,3.84243e+00,-7.74142e-03,
1.70453e+04,4.01667e+08,2.77506e-01,1.54279e+00,1.98262e-03,
5.29024e+04,4.01720e+08,1.05987e+00,1.96356e-01,-1.08107e-03,
1.37901e+04,4.01734e+08,2.15636e-01,2.60819e+00,3.46052e-03,
1.10910e+04,4.01745e+08,2.65142e-01,5.81144e+00,-2.62672e-03,
4.85586e+04,4.01794e+08,1.29276e+00,4.79515e+00,-4.11136e-03,
1.14673e+04,4.01805e+08,1.78179e-01,6.14925e+00,-8.27456e-03,
1.60607e+04,4.01821e+08,3.96549e-01,1.26916e+00,-4.02227e-03,
1.76620e+04,4.01839e+08,6.63875e-01,4.21877e+00,-9.26405e-03,
4.35078e+04,4.01882e+08,4.72505e-01,6.05203e+00,1.01818e-04,
1.81024e+04,4.01900e+08,1.35456e-01,3.46318e+00,4.78132e-03,
1.09517e+04,4.01911e+08,8.56504e-01,7.67512e-01,6.40585e-03,
1.17375e+04,4.01923e+08,3.26134e-01,1.36150e+00,-3.42155e-03,
6.82637e+04,4.01991e+08,4.20802e-01,2.48800e+00,-5.03663e-03,
4.80728e+04,4.02039e+08,1.23951e+00,1.00986e-01,3.64873e-03,
1.54869e+04,4.02055e+08,8.36235e-01,8.68986e-01,-9.62623e-03,
9.10586e+04,4.02146e+08,4.89257e-01,3.17168e+00,3.10502e-03,
1.33367e+04,4.02159e+08,1.19987e+00,8.34487e-01,-3.94348e-03,
2.04992e+04,4.02180e+08,6.17397e-01,4.86789e+00,-3.07369e-03,
3.66156e+04,4.02216e+08,5.93955e-01,1.09982e+00,-4.14000e-03,
3.44017e+04,4.02251e+08,8.53700e-01,2.97182e+00,-9.31362e-04,
3.24502e+04,4.02283e+08,1.75420e-01,5.63095e+00,1.46548e-03,
5.12500e+04,4.02335e+08,1.65748e-01,2.83639e+00,-4.34934e-03,
2.77604e+04,4.02362e+08,4.80097e-01,5.56646e+00,9.55615e-03,
1.52707e+04,4.02378e+08,8.92083e-01,1.91317e+00,-5.73523e-03,
1.08904e+04,4.02388e+08,8.38654e-01,1.66208e+00,-4.48611e-03,
1.77133e+04,4.02406e+08,2.29065e-01,5.66530e+00,-2.84159e-03,
5.75498e+05,4.02982e+08,8.00602e-01,5.32154e+00,2.12845e-03,
1.15698e+05,4.03097e+08,1.93799e-01,1.96069e-01,-8.18972e-03,
3.55846e+04,4.03133e+08,7.90732e-01,1.97920e+00,-6.66023e-03,
1.33123e+05,4.03266e+08,2.03236e-01,2.82211e+00,-9.41490e-03,
8.39708e+04,4.03350e+08,1.41092e+00,4.65189e+00,3.27534e-03,
1.13333e+05,4.03463e+08,5.34804e-01,4.55606e+00,-4.34326e-03,
2.56650e+04,4.03489e+08,3.05053e-01,4.37632e+00,2.69790e-03,
2.08510e+04,4.03510e+08,1.56271e+00,6.06878e+00,4.22046e-03,
1.77510e+04,4.03528e+08,1.07252e-01,2.77717e+00,8.30055e-03,
3.59497e+05,4.03887e+08,5.62630e-01,7.15899e-01,2.62508e-04,
4.05964e+04,4.03928e+08,1.18856e+00,3.13832e+00,-9.58930e-03,
2.23558e+04,4.03950e+08,4.32541e-01,2.09462e+00,-8.29404e-03,
3.02626e+04,4.03980e+08,9.73580e-01,6.27045e+00,-2.87221e-03,
1.33922e+04,4.03994e+08,6.75020e-01,2.39291e+00,-3.81527e-03,
1.53121e+04,4.04009e+08,1.01380e-01,2.30344e+00,4.25103e-03,
1.27937e+04,4.04022e+08,4.11128e-01,4.00110e+00,-6.14345e-03,
1.66433e+04,4.04038e+08,7.36447e-01,5.37791e+00,-1.83770e-03,
1.03063e+04,4.04049e+08,1.46550e+00,1.10767e-01,9.15396e-03,
1.03014e+04,4.04059e+08,1.00090e+00,2.36502e+00,5.71697e-03,
2.30038e+04,4.04082e+08,4.29521e-01,2.66891e+00,7.29609e-03,
1.48851e+04,4.04097e+08,7.62830e-01,6.13222e+00,-5.65908e-03,
4.80414e+04,4.04145e+08,9.91704e-01,4.29104e+00,-1.33412e-03,
5.56242e+04,4.04201e+08,4.61760e-01,5.34935e+00,9.25159e-03,
1.77683e+04,4.04218e+08,4.96760e-01,5.86501e+00,-9.02490e-03,
1.04370e+04,4.04229e+08,4.87965e-01,5.07271e+00,7.10883e-03,
1.04880e+04,4.04239e+08,7.00455e-01,2.47179e+00,-3.96169e-03,
3.53083e+05,4.04592e+08,1.24074e+00,3.33247e+00,-7.02374e-03,
3.00498e+04,4.04622e+08,2.85915e-01,1.11822e+00,7.00505e-03,
3.60438e+04,4.04659e+08,2.70283e-01,4.70932e+00,6.82903e-03,
1.53218e+04,4.04674e+08,1.56028e-01,4.74465e+00,7.75715e-03,
1.62062e+04,4.04690e+08,4.59587e-02,2.98702e+00,-8.18441e-03,
1.21308e+04,4.04702e+08,6.06495e-01,6.07057e+00,2.89918e-03,
3.87433e+04,4.04741e+08,6.38988e-02,2.91375e+00,-8.01350e-03,
1.04900e+04,4.04751e+08,7.48601e-01,5.45684e+00,7.77990e-03,
1.36908e+04,4.04765e+08,4.31322e-01,5.44776e+00,9.67451e-03,
5.59493e+04,4.04821e+08,2.67940e-01,3.30450e-01,8.10752e-03,
4.58213e+04,4.04867e+08,1.85643e-01,4.89355e+00,-6.98920e-03,
1.14277e+04,4.04878e+08,4.14158e-02,3.95350e+00,-6.23957e-03,
2.10298e+04,4.04899e+08,1.06084e+00,5.44729e+00,-1.48947e-03,
6.32192e+04,4.04963e+08,7.38577e-01,1.89832e+00,7.23762e-03,
1.37987e+04,4.04976e+08,3.07005e-01,3.07723e+00,9.86157e-03,
1.20120e+04,4.04988e+08,2.02746e-01,4.57233e+00,1.46397e-03,
1.41604e+04,4.05003e+08,4.50244e-01,3.07059e+00,2.74852e-04,
1.55238e+04,4.05018e+08,6.97818e-01,5.85380e+00,2.89056e-03,
2.80669e+04,4.05046e+08,1.19822e+00,5.52741e+00,1.98342e-03,
3.11620e+04,4.05077e+08,1.17853e+00,4.00292e+00,7.57772e-03,
1.22347e+04,4.05090e+08,3.57144e-01,2.11574e+00,-1.68315e-03,
4.83789e+04,4.05138e+08,1.03095e+00,2.33816e+00,5.09345e-03,
2.25839e+05,4.05364e+08,6.18745e-01,5.30948e+00,4.61893e-03,
1.40453e+04,4.05378e+08,3.53672e-01,4.27790e+00,-9.98747e-03,
2.07332e+04,4.05399e+08,5.48756e-01,5.54096e+00,9.31960e-03,
5.31903e+04,4.05452e+08,9.47896e-01,5.23380e+00,5.79782e-03,
5.24125e+04,4.05504e+08,7.13117e-01,4.35107e+00,2.83838e-03,
1.32808e+04,4.05517e+08,6.18299e-01,3.67352e+00,-7.01047e-03,
1.22776e+04,4.05530e+08,4.49186e-01,1.63925e+00,-7.07886e-03,
1.21342e+05,4.05651e+08,3.29199e-01,9.87853e-02,-8.68878e-03,
1.19881e+04,4.05663e+08,4.48434e-01,2.93424e+00,-2.60975e-03,
1.71649e+04,4.05680e+08,1.50769e-01,1.53316e+00,3.78434e-03,
1.08736e+04,4.05691e+08,6.70480e-01,3.24072e+00,3.82030e-03,
1.38980e+04,4.05705e+08,6.45990e-01,4.60182e+00,-7.97213e-03,
1.30933e+05,4.05836e+08,2.96645e-01,3.52661e+00,9.63713e-03,
3.80805e+04,4.05874e+08,9.66222e-01,1.38190e+00,-2.98622e-03,
4.31474e+04,4.05917e+08,4.26541e-01,3.74912e+00,5.44650e-03,
1.77009e+04,4.05935e+08,3.33389e-01,2.03806e+00,-7.15301e-03,
1.58295e+04,4.05951e+08,6.70081e-01,5.08728e+00,3.10510e-03,
2.58694e+05,4.06209e+08,4.99910e-01,1.33463e+00,8.00543e-03,
1.21992e+04,4.06222e+08,4.23513e-01,2.59012e-01,8.47282e-03,
1.06772e+04,4.06232e+08,6.26313e-01,6.12136e+00,-3.38336e-03,
1.18172e+04,4.06244e+08,6.37139e-01,5.87662e+00,5.97393e-03,
2.28543e+04,4.06267e+08,9.11068e-01,3.97124e+00,-2.75802e-04,
3.37919e+04,4.06301e+08,2.57242e-01,5.87363e+00,-2.68864e-03,
1.45163e+04,4.06315e+08,2.08421e-01,2.21974e+00,2.38433e-03,
1.78266e+05,4.06493e+08,3.73160e-01,4.23815e+00,-8.45434e-03,
1.12807e+04,4.06505e+08,1.00287e+00,3.93779e+00,6.06768e-03,
1.30107e+05,4.06635e+08,1.49352e+00,1.55408e+00,-6.43064e-03,
5.55333e+04,4.06690e+08,5.09709e-01,2.34833e+00,-3.47105e-03,
2.11080e+04,4.06711e+08,1.73402e+00,3.84510e-02,-1.92241e-03,
2.34767e+04,4.06735e+08,1.48847e+00,4.87346e+00,-9.79550e-03,
1.92541e+05,4.06927e+08,3.46543e-01,3.86819e+00,2.13469e-03,
1.22615e+04,4.06940e+08,4.30548e-01,4.87935e+00,-3.20984e-03,
1.16384e+04,4.06951e+08,5.94835e-01,6.92430e-01,9.23150e-03,
1.18940e+04,4.06963e+08,2.40168e+00,2.49072e-01,3.92293e-03,
6.24701e+04,4.07026e+08,6.35453e-01,1.78529e+00,1.03251e-03,
1.25857e+04,4.07038e+08,2.05299e-01,4.15253e+00,-9.15418e-03,
1.34333e+04,4.07052e+08,3.24998e-01,5.17164e+00,8.51748e-03,
1.08753e+04,4.07063e+08,2.36715e-02,1.66465e-01,-7.16655e-03,
1.01465e+04,4.07073e+08,1.08111e+00,5.50238e-01,6.94421e-03,
1.00769e+04,4.07083e+08,3.79258e-01,3.48885e+00,8.67841e-03,
1.02612e+04,4.07093e+08,2.20515e-01,5.34572e+00,8.36520e-03,
1.47380e+04,4.07108e+08,3.74863e-01,1.34876e+00,1.24938e-03,
1.55516e+04,4.07123e+08,2.25539e-01,6.13858e+00,-1.81317e-03,
1.22250e+04,4.07136e+08,3.86349e-01,2.27230e+00,-6.41807e-04,
2.56537e+04,4.07161e+08,1.88452e-01,2.16414e-01,-1.26507e-03,
1.81432e+04,4.07179e+08,9.89183e-01,1.02132e+00,4.66946e-03,
7.32015e+04,4.07253e+08,1.21209e+00,5.96687e+00,-4.21109e-03,
1.55933e+04,4.07268e+08,5.47273e-01,5.67888e+00,3.87807e-03,
1.18673e+04,4.07280e+08,1.42680e+00,1.68624e+00,2.85908e-05,
1.28852e+05,4.07409e+08,4.27054e-01,6.21488e+00,-9.93233e-03,
2.40769e+04,4.07433e+08,8.82530e-01,4.07147e+00,8.47149e-03,
1.78025e+05,4.07611e+08,1.07882e+00,1.19467e+00,-1.99862e-03,
1.28930e+05,4.07740e+08,6.86619e-01,4.50214e+00,3.39397e-03,
1.59849e+04,4.07756e+08,2.98680e-01,2.84000e+00,1.06108e-03,
3.87563e+04,4.07795e+08,4.93876e-01,3.16504e+00,-1.34262e-04,
1.14486e+04,4.07806e+08,4.86282e-01,3.14399e+00,9.94341e-03,
2.82758e+05,4.08089e+08,3.89698e-01,1.72866e+00,8.16673e-03,
7.63208e+05,4.08852e+08,6.58003e-02,4.66237e+00,-2.12011e-03,
2.34451e+04,4.08876e+08,1.03030e+00,6.12731e+00,4.89436e-03,
1.26706e+04,4.08888e+08,3.54621e-01,4.87949e+00,1.47186e-03,
3.70884e+04,4.08925e+08,8.47620e-02,5.62657e+00,-3.06175e-03,
3.06085e+05,4.09231e+08,3.26721e-01,1.67497e+00,5.12165e-03,
3.37309e+04,4.09265e+08,1.39031e+00,2.64466e+00,3.41245e-03,
1.02483e+04,4.09275e+08,3.55735e-01,1.09964e+00,3.76218e-03,
1.25723e+04,4.09288e+08,8.71310e-01,5.07960e+00,-6.99889e-03,
4.50077e+04,4.09333e+08,2.73268e-01,4.83409e+00,-2.54222e-04,
1.09651e+04,4.09344e+08,5.88306e-01,4.69217e+00,-2.64035e-03,
1.10646e+04,4.09355e+08,1.54131e-01,3.97645e+00,8.17583e-03,
5.61431e+05,4.09916e+08,1.85228e-01,1.83985e+00,-3.09435e-03,
1.26538e+04,4.09929e+08,3.69150e-01,3.04385e+00,-4.43267e-03,
1.07869e+04,4.09940e+08,5.78446e-01,2.45169e+00,1.26859e-03,
1.22246e+05,4.10062e+08,6.92158e-01,4.36285e-01,-5.26696e-03,
2.96933e+04,4.10092e+08,1.08085e+00,6.43858e-01,-5.39143e-03,
2.95667e+04,4.10121e+08,6.18536e-01,1.38390e+00,5.12022e-03,
2.28066e+04,4.10144e+08,4.96015e-01,5.42390e+00,5.43507e-03,
2.38713e+04,4.10168e+08,2.41157e-01,5.42182e+00,-8.56514e-04,
1.26492e+04,4.10181e+08,2.46737e-01,4.28048e-01,-8.12950e-03,
5.24784e+04,4.10233e+08,4.24652e-01,1.95885e+00,-2.46860e-03,
1.64560e+04,4.10250e+08,4.87152e-01,6.02148e+00,8.41414e-03,
4.13973e+04,4.10291e+08,1.11150e+00,2.04488e+00,-1.14697e-03,
1.24762e+04,4.10304e+08,1.73031e+00,3.96667e-01,7.90458e-03,
1.28981e+04,4.10316e+08,6.04702e-01,3.01682e+00,5.62784e-03,
1.70170e+04,4.10333e+08,2.06165e-01,3.02609e-01,-3.98983e-03,
4.09592e+04,4.10374e+08,3.69166e-02,4.65516e-01,7.87407e-03,
1.44695e+04,4.10389e+08,1.80508e+00,4.25381e+00,1.40866e-03,
1.58525e+04,4.10405e+08,2.94663e+00,2.90078e+00,2.32965e-03,
2.38815e+04,4.10429e+08,8.22721e-02,2.61040e+00,6.61498e-03,
2.78866e+04,4.10456e+08,1.18947e+00,1.57403e-01,7.20904e-03,
1.49838e+04,4.10471e+08,6.67700e-01,2.56762e+00,-1.27693e-03,
5.16353e+04,4.10523e+08,4.40562e-01,5.36548e+00,2.57740e-04,
2.33293e+04,4.10546e+08,5.23904e-01,4.56536e+00,-1.81527e-03,
3.26666e+04,4.10579e+08,2.18918e-01,5.23902e+00,-7.50536e-03,
1.00666e+04,4.10589e+08,9.78379e-01,4.54338e-01,-1.14420e-03,
1.64382e+04,4.10606e+08,8.27765e-01,6.89045e-01,7.56009e-04,
3.51004e+04,4.10641e+08,4.66145e-01,1.05478e+00,2.87027e-04,
1.20193e+04,4.10653e+08,1.02724e-01,6.12301e+00,-5.60847e-03,
5.20136e+05,4.11173e+08,2.48329e-01,4.31387e+00,2.41575e-03,
1.15404e+05,4.11288e+08,3.16464e-01,4.14205e+00,-8.78932e-03,
7.04735e+04,4.11359e+08,8.97184e-01,2.71737e+00,-8.93191e-03,
1.03829e+04,4.11369e+08,5.31369e-01,1.33097e+00,-7.15033e-03,
1.04507e+04,4.11380e+08,5.28700e-01,3.64778e+00,-4.30134e-03,
1.66603e+04,4.11396e+08,6.80679e-01,5.97877e+00,-5.29595e-03,
1.26774e+04,4.11409e+08,3.47222e-01,3.01175e+00,2.63819e-03,
1.58369e+04,4.11425e+08,1.33006e+00,9.67933e-01,1.15405e-03,
2.90808e+04,4.11454e+08,1.61934e-01,6.07197e+00,1.20308e-03,
1.30219e+04,4.11467e+08,7.99081e-02,3.94104e+00,-7.44928e-03,
3.13837e+04,4.11498e+08,1.72813e-01,1.42106e+00,1.43541e-03,
3.71182e+04,4.11535e+08,7.57008e-02,4.15433e+00,4.91868e-04,
2.11348e+04,4.11556e+08,4.24690e-01,1.23641e+00,-4.80066e-03,
5.39667e+04,4.11610e+08,2.57909e-01,4.46901e+00,-9.86592e-03,
1.67364e+04,4.11627e+08,7.25110e-01,2.02887e+00,2.02070e-04,
1.77850e+04,4.11645e+08,3.80718e-01,6.06694e+00,2.46049e-03,
1.27691e+04,4.11658e+08,1.10970e+00,1.34837e+00,1.94143e-03,
2.34246e+04,4.11681e+08,4.02265e-01,1.71112e+00,7.44206e-03,
1.64574e+04,4.11698e+08,7.28117e-01,5.69381e+00,4.35008e-04,
2.58572e+04,4.11723e+08,3.74850e-01,3.51282e+00,-2.39988e-04,
3.92402e+04,4.11763e+08,8.59896e-01,3.39590e+00,-4.62902e-03,
1.09632e+04,4.11774e+08,3.00733e-01,4.02009e+00,-4.46048e-03,
1.76424e+04,4.11791e+08,2.91174e-01,4.63691e+00,1.35415e-03,
1.00755e+05,4.11892e+08,9.47618e-01,3.84059e+00,8.76138e-03,
1.12283e+04,4.11903e+08,7.98031e-01,4.21488e+00,9.44198e-03,
5.54172e+04,4.11959e+08,1.14105e+00,2.83881e-01,-5.91531e-03,
1.26361e+04,4.11971e+08,6.82725e-01,4.69327e+00,-3.97914e-04,
1.41650e+05,4.12113e+08,3.39247e-01,3.06556e-01,1.65363e-03,
2.25678e+04,4.12136e+08,5.15085e-01,4.69386e+00,-4.07921e-03,
7.91619e+04,4.12215e+08,3.25862e-01,5.48992e+00,9.63892e-05,
1.42699e+04,4.12229e+08,2.64987e-01,3.32975e+00,-4.44969e-03,
1.80437e+04,4.12247e+08,5.63383e-01,5.52375e+00,3.95367e-03,
1.14551e+05,4.12362e+08,3.40925e-01,5.15398e-01,-7.71647e-03,
1.19321e+04,4.12374e+08,2.60908e-01,1.99648e+00,5.43541e-03,
2.78727e+04,4.12401e+08,1.14681e+00,1.37235e+00,1.32570e-03,
1.55280e+05,4.12557e+08,4.69902e-01,1.92481e+00,-3.96545e-03,
2.27651e+04,4.12579e+08,6.74647e-01,4.74814e+00,-3.19348e-03,
1.00227e+04,4.12589e+08,3.06433e-01,5.91971e+00,6.34244e-03,
1.29861e+04,4.12602e+08,1.62211e+00,1.80521e+00,4.57549e-04,
1.14593e+04,4.12614e+08,4.41050e-01,1.66923e+00,4.70244e-03,
1.35552e+04,4.12627e+08,5.98259e-01,4.25833e+00,8.44360e-03,
1.02976e+05,4.12730e+08,4.09870e-01,5.11189e+00,2.76796e-03,
1.04445e+04,4.12741e+08,1.92263e+00,2.96466e+00,-7.61790e-03,
3.87754e+04,4.12780e+08,9.63205e-01,2.95435e+00,9.76525e-03,
8.77234e+04,4.12867e+08,2.15566e-01,3.57474e+00,6.57322e-04,
1.13346e+04,4.12879e+08,4.03123e-01,4.06329e+00,-7.85727e-03,
1.19648e+04,4.12891e+08,4.22094e-01,3.47583e+00,-4.34129e-03,
1.03664e+04,4.12901e+08,1.87247e+00,2.66257e+00,2.74197e-03,
2.49936e+04,4.12926e+08,9.56523e-02,2.30855e+00,-3.92842e-03,
1.18267e+04,4.12938e+08,4.92461e-01,8.14236e-01,-4.59983e-03,
1.19282e+04,4.12950e+08,1.41593e+00,3.80423e+00,7.68264e-03,
4.81380e+04,4.12998e+08,1.58624e+00,1.34251e+00,-2.71297e-03,
8.90712e+04,4.13087e+08,4.35994e-01,5.94078e+00,3.40227e-03,
1.81485e+04,4.13105e+08,1.09950e+00,5.05700e-01,-6.13514e-03,
1.68047e+04,4.13122e+08,7.63867e-01,7.76200e-01,-1.52260e-03,
6.38700e+04,4.13186e+08,3.39588e-01,5.27495e+00,5.12606e-03,
6.14283e+04,4.13247e+08,8.00891e-02,2.52487e+00,-9.78706e-03,
1.11862e+04,4.13258e+08,6.50524e-01,3.32779e+00,-4.60564e-04,
1.31744e+05,4.13390e+08,8.81480e-01,1.01543e+00,1.43181e-04,
1.45304e+05,4.13536e+08,7.53073e-01,2.57474e+00,-6.25638e-03,
1.91637e+04,4.13555e+08,4.12108e-01,1.31243e+00,-6.85620e-03,
1.23132e+04,4.13567e+08,2.95757e-01,5.04859e+00,6.28949e-03,
1.30237e+04,4.13580e+08,4.20083e-01,5.54290e+00,-9.12627e-03,
1.61128e+04,4.13596e+08,1.72760e+00,3.23188e+00,-2.08875e-03,
1.02720e+04,4.13606e+08,2.34049e-01,4.25396e+00,3.70286e-03,
2.39165e+04,4.13630e+08,8.70078e-01,3.06442e+00,-4.07349e-03,
1.25856e+05,4.13756e+08,4.29027e-01,4.61542e+00,7.51801e-03,
3.18792e+04,4.13788e+08,9.84295e-01,3.57350e+00,9.77882e-03,
1.97296e+04,4.13808e+08,1.02788e-01,2.68395e+00,-9.97932e-03,
6.37244e+04,4.13872e+08,2.96952e-01,3.55111e+00,1.62887e-03,
1.65885e+04,4.13888e+08,6.97485e-01,3.00329e+00,2.42504e-03,
4.57045e+04,4.13934e+08,5.90960e-01,1.42886e+00,9.35262e-03,
4.68498e+04,4.13981e+08,9.19098e-01,2.02008e+00,-9.22514e-03,
2.17897e+04,4.14002e+08,2.89570e-01,3.26980e+00,7.91020e-03,
1.09938e+04,4.14013e+08,2.24558e-01,8.28736e-01,-2.47209e-03,
1.60700e+04,4.14030e+08,3.85700e-01,2.37479e+00,-3.52369e-03,
1.26497e+04,4.14042e+08,2.12911e-01,5.02171e-01,-5.20486e-03,
2.73265e+04,4.14069e+08,4.07021e-01,1.24583e+00,1.44492e-03,
1.30667e+04,4.14083e+08,6.73935e-01,4.15643e+00,-1.24370e-03,
2.26681e+05,4.14309e+08,2.76297e-01,1.83048e+00,-2.08339e-03,
1.41324e+04,4.14323e+08,2.23462e-02,5.88770e+00,-1.22048e-03,
1.83384e+04,4.14342e+08,7.14735e-01,1.45456e+00,9.61714e-03,
1.60119e+04,4.14358e+08,6.43583e-02,1.03322e+00,-7.16295e-03,
1.01464e+06,4.15372e+08,1.71966e-01,5.95213e-01,-9.21706e-03,
8.93556e+04,4.15462e+08,4.09127e-01,4.26713e+00,7.01192e-04,
1.94384e+04,4.15481e+08,2.41424e+00,1.24542e+00,4.65891e-03,
4.01985e+05,4.15883e+08,6.48682e-01,5.85415e-02,-8.79183e-03,
1.17706e+05,4.16001e+08,1.94151e-01,1.56122e+00,-2.38965e-03,
3.78743e+04,4.16039e+08,6.99319e-01,2.10895e-01,9.63304e-03,
1.11359e+04,4.16050e+08,4.83832e-01,4.19152e+00,7.49119e-03,
6.72611e+04,4.16117e+08,5.55008e-01,5.98966e+00,5.32696e-03,
6.79046e+04,4.16185e+08,3.93503e-01,1.56674e+00,9.72138e-03,
7.64828e+04,4.16261e+08,9.35236e-01,6.00553e+00,-3.99602e-03,
2.56817e+04,4.16287e+08,5.51082e-01,2.91599e+00,8.70354e-03,
4.96784e+04,4.16337e+08,3.90399e-01,2.02733e+00,-4.01905e-03,
2.44487e+05,4.16581e+08,1.05571e+00,5.67881e+00,4.35392e-05,
3.43567e+04,4.16616e+08,5.68206e-01,6.07735e+00,-3.47038e-03,
1.02994e+05,4.16719e+08,4.65565e-01,3.34243e+00,3.12101e-03,
1.63209e+04,4.16735e+08,1.39359e-01,2.43343e+00,-9.06615e-03,
4.43462e+04,4.16779e+08,1.10608e+00,2.10419e+00,3.70358e-03,
1.31785e+04,4.16793e+08,1.46511e+00,4.16167e+00,-1.93973e-03,
1.38902e+04,4.16806e+08,5.89864e-01,3.37659e-01,-1.13870e-03,
2.88158e+04,4.16835e+08,7.23603e-01,5.25237e+00,4.75466e-03,
1.12125e+04,4.16846e+08,3.61196e-01,2.90956e+00,2.59752e-03,
5.09366e+04,4.16897e+08,6.09740e-01,5.55838e-01,9.66900e-05,
1.02895e+04,4.16908e+08,8.78209e-01,2.96081e+00,-4.41643e-03,
1.00321e+04,4.16918e+08,1.99613e+00,5.15516e-01,6.88138e-03,
1.75931e+04,4.16935e+08,2.68536e-01,5.65514e+00,7.75183e-03,
4.81761e+04,4.16983e+08,4.46232e-01,1.61444e+00,7.37370e-03,
2.42427e+04,4.17008e+08,3.95165e-01,5.24037e+00,-5.41754e-03,
1.11100e+04,4.17019e+08,5.53104e-01,3.83670e+00,-6.66489e-03,
3.55143e+04,4.17054e+08,7.44381e-01,5.81339e+00,-3.65779e-03,
1.10589e+04,4.17065e+08,2.14801e-01,5.92814e+00,7.94301e-03,
1.40865e+04,4.17080e+08,1.13865e+00,4.78693e+00,8.03645e-03,
1.05977e+04,4.17090e+08,1.55175e+00,4.25397e+00,-9.83329e-04,
3.47173e+04,4.17125e+08,1.69553e-01,7.43347e-02,1.61251e-03,
4.86644e+04,4.17173e+08,2.58872e-01,4.27183e+00,2.38393e-03,
1.03006e+04,4.17184e+08,6.50121e-01,3.80268e+00,2.01811e-03,
1.51561e+04,4.17199e+08,5.28442e-01,3.77134e+00,-6.96442e-03,
6.54554e+04,4.17264e+08,7.13812e-01,3.91447e+00,1.39660e-03,
3.82573e+04,4.17303e+08,2.78686e-01,1.22985e+00,-1.51874e-03,
9.79617e+04,4.17401e+08,3.64300e-01,2.46494e+00,-9.13354e-03,
1.64821e+04,4.17417e+08,7.06754e-01,4.08676e-01,1.38851e-03,
3.86639e+04,4.17456e+08,3.26966e-01,6.21572e+00,2.48421e-03,
1.40103e+04,4.17470e+08,6.60210e-01,4.54370e+00,-3.68185e-03,
8.45565e+04,4.17554e+08,1.41880e+00,4.60289e+00,-8.66025e-04,
2.61923e+04,4.17581e+08,1.08623e+00,9.97121e-01,-9.87586e-03,
5.10606e+04,4.17632e+08,3.20283e-01,4.91114e+00,5.69792e-03,
1.13955e+04,4.17643e+08,2.85226e-01,3.14516e-01,5.12851e-03,
5.29159e+04,4.17696e+08,6.74343e-01,1.23374e+00,-5.89609e-03,
4.09225e+05,4.18105e+08,6.19852e-01,5.59414e+00,-4.30430e-03,
1.27899e+04,4.18118e+08,3.65452e-01,4.02371e+00,-3.53538e-03,
6.02999e+04,4.18178e+08,5.56102e-01,3.83512e+00,7.08551e-03,
1.88451e+04,4.18197e+08,1.46070e+00,5.63529e+00,-5.05582e-03,
1.37704e+04,4.18211e+08,2.03858e-01,1.85647e+00,-8.09973e-03,
1.02124e+04,4.18221e+08,1.10793e+00,6.02462e+00,5.44424e-03,
1.60557e+04,4.18237e+08,1.02129e+00,2.50362e+00,2.64343e-03,
1.11314e+04,4.18248e+08,6.64280e-01,4.37180e-01,-7.87669e-03,
1.50008e+04,4.18263e+08,3.68807e-02,2.36971e+00,5.56989e-03,
2.06557e+04,4.18284e+08,5.29850e-01,3.33005e+00,-4.36218e-03,
1.87433e+04,4.18303e+08,1.15446e+00,5.24137e+00,-7.12023e-03,
1.30379e+04,4.18316e+08,2.30173e-02,3.42603e+00,6.63829e-03,
5.05607e+04,4.18366e+08,3.19480e-01,5.09933e+00,7.48620e-03,
2.32269e+04,4.18389e+08,4.17584e-01,2.02867e-02,-2.59933e-03,
7.28795e+04,4.18462e+08,4.43272e-01,2.14411e-02,2.23622e-03,
1.04604e+06,4.19508e+08,1.20678e+00,4.96267e+00,1.34156e-03,
2.04867e+04,4.19529e+08,1.26810e+00,4.86842e+00,-2.96444e-03,
2.30898e+04,4.19552e+08,1.59712e-01,2.84980e+00,3.45626e-03,
2.12280e+04,4.19573e+08,4.95094e-01,3.81508e+00,-7.84542e-03,
2.08001e+04,4.19594e+08,2.39251e-01,3.49468e+00,-3.53860e-03,
1.54610e+04,4.19609e+08,9.32295e-01,4.23223e-01,4.59515e-03,
3.63732e+04,4.19646e+08,3.32333e-01,2.85482e+00,4.82036e-03,
1.94856e+04,4.19665e+08,6.66959e-01,1.22828e+00,-1.17995e-03,
1.66232e+04,4.19682e+08,3.40944e-01,4.62050e+00,-6.55445e-03,
5.72314e+04,4.19739e+08,2.13337e-01,3.12609e+00,3.90259e-03,
1.01707e+04,4.19749e+08,3.03618e-01,6.18400e+00,8.99169e-03,
1.80359e+04,4.19767e+08,1.57119e-01,4.75509e+00,-1.20810e-03,
1.26099e+04,4.19780e+08,1.63934e+00,3.91482e+00,3.93069e-03,
2.06920e+04,4.19801e+08,1.68647e-01,1.47938e+00,3.87422e-03,
1.69574e+04,4.19818e+08,1.84605e-01,1.92968e+00,-6.44038e-03,
3.15605e+04,4.19849e+08,1.56977e-01,2.86655e+00,7.35596e-03,
1.95892e+04,4.19869e+08,6.19921e-01,1.49503e+00,-9.63025e-03,
1.06768e+04,4.19879e+08,5.56324e-01,1.40912e+00,-7.41254e-03,
1.03461e+05,4.19983e+08,1.31431e-01,1.22698e+00,2.59660e-03,
1.81853e+04,4.20001e+08,1.55947e-01,1.45353e+00,7.23426e-03,
};
